code,date,side,seat,seat_code,buy,sell,net,reason,category,alias
603828,20260507,买入,金融街证券股份有限公司沈阳奉天街证券营业部,10054782,3420417.0,0.0,3420417.0,ST、*ST证券连续三个交易日内收盘价格涨幅偏离值累计达到12%的证券,其他营业部,
603828,20260507,买入,国泰海通证券股份有限公司总部,10004865,3380776.0,0.0,3380776.0,ST、*ST证券连续三个交易日内收盘价格涨幅偏离值累计达到12%的证券,其他营业部,
603828,20260507,买入,国投证券股份有限公司汕头长平路证券营业部,10126508,2871699.0,0.0,2871699.0,ST、*ST证券连续三个交易日内收盘价格涨幅偏离值累计达到12%的证券,其他营业部,
603828,20260507,买入,东方证券股份有限公司厦门仙岳路证券营业部,10492163,2814500.0,0.0,2814500.0,ST、*ST证券连续三个交易日内收盘价格涨幅偏离值累计达到12%的证券,其他营业部,
603828,20260507,买入,中信证券股份有限公司上海分公司,10135341,2536458.0,0.0,2536458.0,ST、*ST证券连续三个交易日内收盘价格涨幅偏离值累计达到12%的证券,其他营业部,
603828,20260507,卖出,国泰海通证券股份有限公司总部,10004865,0.0,3381271.97,-3381271.97,ST、*ST证券连续三个交易日内收盘价格涨幅偏离值累计达到12%的证券,其他营业部,
603828,20260507,卖出,瑞银证券有限责任公司上海花园石桥路证券营业部,10110478,0.0,3212361.0,-3212361.0,ST、*ST证券连续三个交易日内收盘价格涨幅偏离值累计达到12%的证券,其他营业部,
603828,20260507,卖出,东方证券股份有限公司厦门仙岳路证券营业部,10492163,0.0,3112573.37,-3112573.37,ST、*ST证券连续三个交易日内收盘价格涨幅偏离值累计达到12%的证券,其他营业部,
603828,20260507,卖出,中信证券股份有限公司上海分公司,10135341,0.0,2720065.0,-2720065.0,ST、*ST证券连续三个交易日内收盘价格涨幅偏离值累计达到12%的证券,其他营业部,
603828,20260507,卖出,东方证券股份有限公司泉州津淮街证券营业部,10517793,0.0,2349613.0,-2349613.0,ST、*ST证券连续三个交易日内收盘价格涨幅偏离值累计达到12%的证券,其他营业部,
605179,20260803,买入,沪股通专用,10434470,37628032.0,0.0,37628032.0,有价格涨跌幅限制的日价格振幅达到15%的前五只证券,北向资金,沪股通专用
605179,20260803,买入,国泰海通证券股份有限公司总部,10004865,17363812.0,0.0,17363812.0,有价格涨跌幅限制的日价格振幅达到15%的前五只证券,其他营业部,
605179,20260803,买入,国信证券股份有限公司浙江互联网分公司,10000213448,11053942.0,0.0,11053942.0,有价格涨跌幅限制的日价格振幅达到15%的前五只证券,量化/互联网席位,
605179,20260803,买入,东方财富证券股份有限公司拉萨东环路第二证券营业部,10472087,7901445.01,0.0,7901445.01,有价格涨跌幅限制的日价格振幅达到15%的前五只证券,东财散户通道,拉萨天团/东财
605179,20260803,买入,东方财富证券股份有限公司山南香曲东路证券营业部,10281327,7878284.0,0.0,7878284.0,有价格涨跌幅限制的日价格振幅达到15%的前五只证券,东财散户通道,拉萨天团/东财
605179,20260803,卖出,沪股通专用,10434470,0.0,17528657.0,-17528657.0,有价格涨跌幅限制的日价格振幅达到15%的前五只证券,北向资金,沪股通专用
605179,20260803,卖出,华泰证券股份有限公司总部,10028451,0.0,16343712.0,-16343712.0,有价格涨跌幅限制的日价格振幅达到15%的前五只证券,其他营业部,
605179,20260803,卖出,瑞银证券有限责任公司上海花园石桥路证券营业部,10110478,0.0,11146695.0,-11146695.0,有价格涨跌幅限制的日价格振幅达到15%的前五只证券,其他营业部,
605179,20260803,卖出,国泰海通证券股份有限公司总部,10004865,0.0,11066193.0,-11066193.0,有价格涨跌幅限制的日价格振幅达到15%的前五只证券,其他营业部,
605179,20260803,卖出,中信证券股份有限公司浙江分公司,10520724,0.0,7753571.0,-7753571.0,有价格涨跌幅限制的日价格振幅达到15%的前五只证券,其他营业部,
605179,20260729,买入,国泰海通证券股份有限公司昆明人民中路证券营业部,10025200,15076827.0,0.0,15076827.0,非S证券连续三个交易日内收盘价格涨幅偏离值累计达到20%的证券,其他营业部,
605179,20260729,买入,国新证券股份有限公司北京中关村大街证券营业部,10919501,14306245.0,0.0,14306245.0,非S证券连续三个交易日内收盘价格涨幅偏离值累计达到20%的证券,其他营业部,
605179,20260729,买入,华泰证券股份有限公司总部,10028451,12368869.0,0.0,12368869.0,非S证券连续三个交易日内收盘价格涨幅偏离值累计达到20%的证券,其他营业部,
605179,20260729,买入,沪股通专用,10434470,9762623.0,0.0,9762623.0,非S证券连续三个交易日内收盘价格涨幅偏离值累计达到20%的证券,北向资金,沪股通专用
605179,20260729,买入,华鑫证券有限责任公司上海徐汇区瑞平路证券营业部,10993987,6262633.0,0.0,6262633.0,非S证券连续三个交易日内收盘价格涨幅偏离值累计达到20%的证券,其他营业部,
605179,20260729,卖出,沪股通专用,10434470,0.0,7057407.0,-7057407.0,非S证券连续三个交易日内收盘价格涨幅偏离值累计达到20%的证券,北向资金,沪股通专用
605179,20260729,卖出,光大证券股份有限公司上海宝山华和路证券营业部,10342133,0.0,3453063.0,-3453063.0,非S证券连续三个交易日内收盘价格涨幅偏离值累计达到20%的证券,其他营业部,
605179,20260729,卖出,平安证券股份有限公司深圳分公司,10048273,0.0,3427959.0,-3427959.0,非S证券连续三个交易日内收盘价格涨幅偏离值累计达到20%的证券,其他营业部,
605179,20260729,卖出,申万宏源证券有限公司杭州金华南路证券营业部,10125409,0.0,2970800.0,-2970800.0,非S证券连续三个交易日内收盘价格涨幅偏离值累计达到20%的证券,其他营业部,
605179,20260729,卖出,东方财富证券股份有限公司拉萨团结路第一证券营业部,10484371,0.0,2552132.0,-2552132.0,非S证券连续三个交易日内收盘价格涨幅偏离值累计达到20%的证券,东财散户通道,拉萨天团/东财
605179,20260731,买入,江海证券有限公司哈尔滨世茂大道证券营业部,10657371,11587553.0,0.0,11587553.0,非S证券连续三个交易日内收盘价格涨幅偏离值累计达到20%的证券,其他营业部,
605179,20260731,买入,华源证券股份有限公司江苏分公司,10484864,6099594.0,0.0,6099594.0,非S证券连续三个交易日内收盘价格涨幅偏离值累计达到20%的证券,其他营业部,
605179,20260731,买入,国泰海通证券股份有限公司济南舜华路证券营业部,10108361,6016322.0,0.0,6016322.0,非S证券连续三个交易日内收盘价格涨幅偏离值累计达到20%的证券,其他营业部,
605179,20260731,买入,东方财富证券股份有限公司拉萨金融城南环路证券营业部,10678762,5520799.0,0.0,5520799.0,非S证券连续三个交易日内收盘价格涨幅偏离值累计达到20%的证券,东财散户通道,拉萨天团/东财
605179,20260731,买入,沪股通专用,10434470,5429223.0,0.0,5429223.0,非S证券连续三个交易日内收盘价格涨幅偏离值累计达到20%的证券,北向资金,沪股通专用
605179,20260731,卖出,国新证券股份有限公司北京中关村大街证券营业部,10919501,0.0,17404426.0,-17404426.0,非S证券连续三个交易日内收盘价格涨幅偏离值累计达到20%的证券,其他营业部,
605179,20260731,卖出,国泰海通证券股份有限公司昆明人民中路证券营业部,10025200,0.0,16633813.0,-16633813.0,非S证券连续三个交易日内收盘价格涨幅偏离值累计达到20%的证券,其他营业部,
605179,20260731,卖出,江海证券有限公司哈尔滨世茂大道证券营业部,10657371,0.0,11892964.0,-11892964.0,非S证券连续三个交易日内收盘价格涨幅偏离值累计达到20%的证券,其他营业部,
605179,20260731,卖出,华源证券股份有限公司江苏分公司,10484864,0.0,6587511.0,-6587511.0,非S证券连续三个交易日内收盘价格涨幅偏离值累计达到20%的证券,其他营业部,
605179,20260731,卖出,华鑫证券有限责任公司上海徐汇区瑞平路证券营业部,10993987,0.0,6348551.0,-6348551.0,非S证券连续三个交易日内收盘价格涨幅偏离值累计达到20%的证券,其他营业部,
603789,20260706,买入,联储证券股份有限公司宁波分公司,10915756,3491505.0,0.0,3491505.0,有价格涨跌幅限制的日收盘价格涨幅偏离值达到7%的前五只证券,其他营业部,
603789,20260706,买入,中国银河证券股份有限公司威海统一路证券营业部,10436662,3477525.0,0.0,3477525.0,有价格涨跌幅限制的日收盘价格涨幅偏离值达到7%的前五只证券,其他营业部,
603789,20260706,买入,中国中金财富证券有限公司南通如东青园北路证券营业部,10426963,2096301.0,0.0,2096301.0,有价格涨跌幅限制的日收盘价格涨幅偏离值达到7%的前五只证券,其他营业部,
603789,20260706,买入,方正证券股份有限公司成都高升桥路证券营业部,10429141,1999839.0,0.0,1999839.0,有价格涨跌幅限制的日收盘价格涨幅偏离值达到7%的前五只证券,其他营业部,
603789,20260706,买入,华源证券股份有限公司广东分公司,10508996,1998441.0,0.0,1998441.0,有价格涨跌幅限制的日收盘价格涨幅偏离值达到7%的前五只证券,其他营业部,
603789,20260706,卖出,金元证券股份有限公司苏州分公司,10066424,0.0,4405797.0,-4405797.0,有价格涨跌幅限制的日收盘价格涨幅偏离值达到7%的前五只证券,知名游资,苏州帮
603789,20260706,卖出,中国银河证券股份有限公司蚌埠东海大道证券营业部,10339026,0.0,1281966.0,-1281966.0,有价格涨跌幅限制的日收盘价格涨幅偏离值达到7%的前五只证券,其他营业部,
603789,20260706,卖出,中信证券股份有限公司保定复兴中路证券营业部,10436568,0.0,759114.0,-759114.0,有价格涨跌幅限制的日收盘价格涨幅偏离值达到7%的前五只证券,其他营业部,
603789,20260706,卖出,财达证券股份有限公司保定天鹅西路证券营业部,10119032,0.0,710883.0,-710883.0,有价格涨跌幅限制的日收盘价格涨幅偏离值达到7%的前五只证券,其他营业部,
603789,20260706,卖出,中信证券股份有限公司上海金山区龙展路证券营业部,10045022,0.0,419400.0,-419400.0,有价格涨跌幅限制的日收盘价格涨幅偏离值达到7%的前五只证券,其他营业部,
603789,20260703,买入,华泰证券股份有限公司永嘉阳光大道证券营业部,10166020,3145155.0,0.0,3145155.0,ST、*ST证券连续三个交易日内收盘价格涨幅偏离值累计达到12%的证券,其他营业部,
603789,20260703,买入,兴业证券股份有限公司湖北分公司,10484737,2537049.6,0.0,2537049.6,ST、*ST证券连续三个交易日内收盘价格涨幅偏离值累计达到12%的证券,其他营业部,
603789,20260703,买入,华泰证券股份有限公司杭州学院路证券营业部,10361223,912431.5,0.0,912431.5,ST、*ST证券连续三个交易日内收盘价格涨幅偏离值累计达到12%的证券,其他营业部,
603789,20260703,买入,华金证券股份有限公司青岛分公司,10519286,442860.0,0.0,442860.0,ST、*ST证券连续三个交易日内收盘价格涨幅偏离值累计达到12%的证券,其他营业部,
603789,20260703,买入,申万宏源西部证券有限公司乌鲁木齐解放南路证券营业部,10114046,62865.0,0.0,62865.0,ST、*ST证券连续三个交易日内收盘价格涨幅偏离值累计达到12%的证券,其他营业部,
603789,20260703,卖出,华林证券股份有限公司拉萨顿珠金融城证券营业部,10663820,0.0,2834640.0,-2834640.0,ST、*ST证券连续三个交易日内收盘价格涨幅偏离值累计达到12%的证券,知名游资,拉萨天团
603789,20260703,卖出,中信证券股份有限公司黑龙江分公司,10463865,0.0,2138112.0,-2138112.0,ST、*ST证券连续三个交易日内收盘价格涨幅偏离值累计达到12%的证券,其他营业部,
603789,20260703,卖出,中航证券有限公司丰城府前路证券营业部,10199649,0.0,190500.0,-190500.0,ST、*ST证券连续三个交易日内收盘价格涨幅偏离值累计达到12%的证券,其他营业部,
603789,20260703,卖出,方正证券股份有限公司郑州金水东路证券营业部,10453577,0.0,127000.0,-127000.0,ST、*ST证券连续三个交易日内收盘价格涨幅偏离值累计达到12%的证券,其他营业部,
603789,20260703,卖出,华鑫证券有限责任公司上海陆家嘴证券营业部,10000055316,0.0,105984.0,-105984.0,ST、*ST证券连续三个交易日内收盘价格涨幅偏离值累计达到12%的证券,其他营业部,
603779,20260513,买入,东亚前海证券有限责任公司上海分公司,10924074,8197540.0,0.0,8197540.0,有价格涨跌幅限制的日收盘价格涨幅偏离值达到7%的前五只证券,其他营业部,
603779,20260513,买入,国泰海通证券股份有限公司合肥创新大道证券营业部,10000381778,8086840.0,0.0,8086840.0,有价格涨跌幅限制的日收盘价格涨幅偏离值达到7%的前五只证券,其他营业部,
603779,20260513,买入,东北证券股份有限公司上海局门路证券营业部,10091173,6345693.0,0.0,6345693.0,有价格涨跌幅限制的日收盘价格涨幅偏离值达到7%的前五只证券,其他营业部,
603779,20260513,买入,东吴证券股份有限公司宁波前河南路证券营业部,10638004,5012660.0,0.0,5012660.0,有价格涨跌幅限制的日收盘价格涨幅偏离值达到7%的前五只证券,其他营业部,
603779,20260513,买入,江海证券有限公司哈尔滨世茂大道证券营业部,10657371,4997080.0,0.0,4997080.0,有价格涨跌幅限制的日收盘价格涨幅偏离值达到7%的前五只证券,其他营业部,
603779,20260513,卖出,机构专用,0,0.0,3106160.0,-3106160.0,有价格涨跌幅限制的日收盘价格涨幅偏离值达到7%的前五只证券,机构,机构专用
603779,20260513,卖出,中国中金财富证券有限公司深圳宝安中心路证券营业部,10147263,0.0,2952000.0,-2952000.0,有价格涨跌幅限制的日收盘价格涨幅偏离值达到7%的前五只证券,其他营业部,
603779,20260513,卖出,高盛(中国)证券有限责任公司上海浦东新区世纪大道证券营业部,10000399618,0.0,1298060.0,-1298060.0,有价格涨跌幅限制的日收盘价格涨幅偏离值达到7%的前五只证券,知名游资,T王
603779,20260513,卖出,机构专用,0,0.0,1123400.0,-1123400.0,有价格涨跌幅限制的日收盘价格涨幅偏离值达到7%的前五只证券,机构,机构专用
603779,20260513,卖出,财通证券股份有限公司慈溪文华南路证券营业部,10436152,0.0,940540.0,-940540.0,有价格涨跌幅限制的日收盘价格涨幅偏离值达到7%的前五只证券,其他营业部,
603779,20260514,买入,江海证券有限公司哈尔滨世茂大道证券营业部,10657371,10331508.0,0.0,10331508.0,非ST、*ST和S证券连续三个交易日内收盘价格涨幅偏离值累计达到20%的证券,其他营业部,
603779,20260514,买入,华泰证券股份有限公司镇江黄山南路证券营业部,10408855,8908152.0,0.0,8908152.0,非ST、*ST和S证券连续三个交易日内收盘价格涨幅偏离值累计达到20%的证券,其他营业部,
603779,20260514,买入,东北证券股份有限公司上海局门路证券营业部,10091173,8420888.32,0.0,8420888.32,非ST、*ST和S证券连续三个交易日内收盘价格涨幅偏离值累计达到20%的证券,其他营业部,
603779,20260514,买入,东亚前海证券有限责任公司上海分公司,10924074,8197540.0,0.0,8197540.0,非ST、*ST和S证券连续三个交易日内收盘价格涨幅偏离值累计达到20%的证券,其他营业部,
603779,20260514,买入,国泰海通证券股份有限公司合肥创新大道证券营业部,10000381778,8086840.0,0.0,8086840.0,非ST、*ST和S证券连续三个交易日内收盘价格涨幅偏离值累计达到20%的证券,其他营业部,
603779,20260514,卖出,机构专用,0,0.0,3106160.0,-3106160.0,非ST、*ST和S证券连续三个交易日内收盘价格涨幅偏离值累计达到20%的证券,机构,机构专用
603779,20260514,卖出,中国中金财富证券有限公司深圳宝安中心路证券营业部,10147263,0.0,2952000.0,-2952000.0,非ST、*ST和S证券连续三个交易日内收盘价格涨幅偏离值累计达到20%的证券,其他营业部,
603779,20260514,卖出,机构专用,0,0.0,1317330.0,-1317330.0,非ST、*ST和S证券连续三个交易日内收盘价格涨幅偏离值累计达到20%的证券,机构,机构专用
603779,20260514,卖出,高盛(中国)证券有限责任公司上海浦东新区世纪大道证券营业部,10000399618,0.0,1298060.0,-1298060.0,非ST、*ST和S证券连续三个交易日内收盘价格涨幅偏离值累计达到20%的证券,知名游资,T王
603779,20260514,卖出,国信证券股份有限公司温州分公司,10145593,0.0,940868.0,-940868.0,非ST、*ST和S证券连续三个交易日内收盘价格涨幅偏离值累计达到20%的证券,知名游资,温州帮
603779,20260520,买入,申港证券股份有限公司浙江分公司,10948136,32016960.0,0.0,32016960.0,非ST、*ST和S证券连续三个交易日内收盘价格涨幅偏离值累计达到20%的证券,其他营业部,
603779,20260520,买入,世纪证券有限责任公司深圳罗湖分公司,10000926098,15970800.0,0.0,15970800.0,非ST、*ST和S证券连续三个交易日内收盘价格涨幅偏离值累计达到20%的证券,其他营业部,
603779,20260520,买入,申港证券股份有限公司深圳分公司,10787117,13196040.0,0.0,13196040.0,非ST、*ST和S证券连续三个交易日内收盘价格涨幅偏离值累计达到20%的证券,其他营业部,
603779,20260520,买入,东北证券股份有限公司武汉香港路证券营业部,10083742,13086480.0,0.0,13086480.0,非ST、*ST和S证券连续三个交易日内收盘价格涨幅偏离值累计达到20%的证券,其他营业部,
603779,20260520,买入,东北证券股份有限公司宁波江安路证券营业部,10131282,13027200.0,0.0,13027200.0,非ST、*ST和S证券连续三个交易日内收盘价格涨幅偏离值累计达到20%的证券,其他营业部,
603779,20260520,卖出,中银国际证券股份有限公司宁波药行街证券营业部,10456862,0.0,24960000.0,-24960000.0,非ST、*ST和S证券连续三个交易日内收盘价格涨幅偏离值累计达到20%的证券,其他营业部,
603779,20260520,卖出,中泰证券股份有限公司龙口港城大道证券营业部,10126506,0.0,10482300.0,-10482300.0,非ST、*ST和S证券连续三个交易日内收盘价格涨幅偏离值累计达到20%的证券,其他营业部,
603779,20260520,卖出,机构专用,0,0.0,9600000.0,-9600000.0,非ST、*ST和S证券连续三个交易日内收盘价格涨幅偏离值累计达到20%的证券,机构,机构专用
603779,20260520,卖出,中泰证券股份有限公司青州海岱中路证券营业部,10145142,0.0,7176000.0,-7176000.0,非ST、*ST和S证券连续三个交易日内收盘价格涨幅偏离值累计达到20%的证券,其他营业部,
603779,20260520,卖出,光大证券股份有限公司慈溪三北西大街证券营业部,10128270,0.0,5801640.0,-5801640.0,非ST、*ST和S证券连续三个交易日内收盘价格涨幅偏离值累计达到20%的证券,其他营业部,
603779,20260521,买入,浙商证券股份有限公司杭州五星路证券营业部,10949092,71835536.0,0.0,71835536.0,有价格涨跌幅限制的日换手率达到20%的前五只证券,其他营业部,
603779,20260521,买入,联储证券股份有限公司杭州环城北路证券营业部,10000866017,43530960.0,0.0,43530960.0,有价格涨跌幅限制的日换手率达到20%的前五只证券,其他营业部,
603779,20260521,买入,中国中金财富证券有限公司广州天河路证券营业部,10023646,42514283.0,0.0,42514283.0,有价格涨跌幅限制的日换手率达到20%的前五只证券,其他营业部,
603779,20260521,买入,联储证券股份有限公司宁波分公司,10915756,40396092.0,0.0,40396092.0,有价格涨跌幅限制的日换手率达到20%的前五只证券,其他营业部,
603779,20260521,买入,东吴证券股份有限公司苏州工业园区扬富路证券营业部,10097640,34034829.0,0.0,34034829.0,有价格涨跌幅限制的日换手率达到20%的前五只证券,其他营业部,
603779,20260521,卖出,江海证券有限公司哈尔滨世茂大道证券营业部,10657371,0.0,46449685.0,-46449685.0,有价格涨跌幅限制的日换手率达到20%的前五只证券,其他营业部,
603779,20260521,卖出,申港证券股份有限公司浙江分公司,10948136,0.0,36437940.0,-36437940.0,有价格涨跌幅限制的日换手率达到20%的前五只证券,其他营业部,
603779,20260521,卖出,国泰海通证券股份有限公司总部,10004865,0.0,33852639.55,-33852639.55,有价格涨跌幅限制的日换手率达到20%的前五只证券,其他营业部,
603779,20260521,卖出,中泰证券股份有限公司东营府前大街证券营业部,10143860,0.0,32026580.2,-32026580.2,有价格涨跌幅限制的日换手率达到20%的前五只证券,其他营业部,
603779,20260521,卖出,中泰证券股份有限公司东营北一路证券营业部,10104599,0.0,31509012.9,-31509012.9,有价格涨跌幅限制的日换手率达到20%的前五只证券,其他营业部,
603779,20260518,买入,江海证券有限公司哈尔滨世茂大道证券营业部,10657371,16759840.0,0.0,16759840.0,非ST、*ST和S证券连续三个交易日内收盘价格涨幅偏离值累计达到20%的证券,其他营业部,
603779,20260518,买入,东北证券股份有限公司上海局门路证券营业部,10091173,10875088.0,0.0,10875088.0,非ST、*ST和S证券连续三个交易日内收盘价格涨幅偏离值累计达到20%的证券,其他营业部,
603779,20260518,买入,甬兴证券有限公司宁波和源路证券营业部,10000147202,10742258.75,0.0,10742258.75,非ST、*ST和S证券连续三个交易日内收盘价格涨幅偏离值累计达到20%的证券,其他营业部,
603779,20260518,买入,申港证券股份有限公司上海分公司,10738126,10723439.0,0.0,10723439.0,非ST、*ST和S证券连续三个交易日内收盘价格涨幅偏离值累计达到20%的证券,其他营业部,
603779,20260518,买入,国泰海通证券股份有限公司合肥创新大道证券营业部,10000381778,9639264.0,0.0,9639264.0,非ST、*ST和S证券连续三个交易日内收盘价格涨幅偏离值累计达到20%的证券,其他营业部,
603779,20260518,卖出,机构专用,0,0.0,7446663.84,-7446663.84,非ST、*ST和S证券连续三个交易日内收盘价格涨幅偏离值累计达到20%的证券,机构,机构专用
603779,20260518,卖出,中泰证券股份有限公司龙口港城大道证券营业部,10126506,0.0,6858652.0,-6858652.0,非ST、*ST和S证券连续三个交易日内收盘价格涨幅偏离值累计达到20%的证券,其他营业部,
603779,20260518,卖出,中信证券(山东)有限责任公司淄博分公司,10492356,0.0,5188651.0,-5188651.0,非ST、*ST和S证券连续三个交易日内收盘价格涨幅偏离值累计达到20%的证券,其他营业部,
603779,20260518,卖出,国泰海通证券股份有限公司上海黄浦区黄陂南路证券营业部,10025383,0.0,1808473.0,-1808473.0,非ST、*ST和S证券连续三个交易日内收盘价格涨幅偏离值累计达到20%的证券,其他营业部,
603779,20260518,卖出,中信建投证券股份有限公司淄博政通路证券营业部,10028751,0.0,1602984.0,-1602984.0,非ST、*ST和S证券连续三个交易日内收盘价格涨幅偏离值累计达到20%的证券,其他营业部,
603758,20260810,买入,华鑫证券有限责任公司上海茅台路证券营业部,10028419,29999000.0,0.0,29999000.0,非S证券连续三个交易日内收盘价格涨幅偏离值累计达到20%的证券,其他营业部,
603758,20260810,买入,国新证券股份有限公司北京中关村大街证券营业部,10919501,16178882.0,0.0,16178882.0,非S证券连续三个交易日内收盘价格涨幅偏离值累计达到20%的证券,其他营业部,
603758,20260810,买入,沪股通专用,10434470,13897625.0,0.0,13897625.0,非S证券连续三个交易日内收盘价格涨幅偏离值累计达到20%的证券,北向资金,沪股通专用
603758,20260810,买入,国信证券股份有限公司佛山顺德大良证券营业部,10028422,12526055.66,0.0,12526055.66,非S证券连续三个交易日内收盘价格涨幅偏离值累计达到20%的证券,其他营业部,
603758,20260810,买入,东方证券股份有限公司杭州龙井路证券营业部,10086482,6500902.25,0.0,6500902.25,非S证券连续三个交易日内收盘价格涨幅偏离值累计达到20%的证券,知名游资,章盟主
603758,20260810,卖出,沪股通专用,10434470,0.0,31812910.0,-31812910.0,非S证券连续三个交易日内收盘价格涨幅偏离值累计达到20%的证券,北向资金,沪股通专用
603758,20260810,卖出,华鑫证券有限责任公司上海茅台路证券营业部,10028419,0.0,25273956.0,-25273956.0,非S证券连续三个交易日内收盘价格涨幅偏离值累计达到20%的证券,其他营业部,
603758,20260810,卖出,国泰海通证券股份有限公司总部,10004865,0.0,8461120.21,-8461120.21,非S证券连续三个交易日内收盘价格涨幅偏离值累计达到20%的证券,其他营业部,
603758,20260810,卖出,东海证券股份有限公司洛阳凯旋西路证券营业部,10095777,0.0,5784171.0,-5784171.0,非S证券连续三个交易日内收盘价格涨幅偏离值累计达到20%的证券,其他营业部,
603758,20260810,卖出,国投证券股份有限公司重庆解放碑证券营业部,10101581,0.0,5767700.0,-5767700.0,非S证券连续三个交易日内收盘价格涨幅偏离值累计达到20%的证券,其他营业部,
603758,20260812,买入,联储证券股份有限公司深圳分公司,10913335,16475759.1,0.0,16475759.1,非S证券连续三个交易日内收盘价格涨幅偏离值累计达到20%的证券,其他营业部,
603758,20260812,买入,东亚前海证券有限责任公司四川分公司,10000242108,13855026.0,0.0,13855026.0,非S证券连续三个交易日内收盘价格涨幅偏离值累计达到20%的证券,其他营业部,
603758,20260812,买入,联储证券股份有限公司宁波分公司,10915756,1951605.0,0.0,1951605.0,非S证券连续三个交易日内收盘价格涨幅偏离值累计达到20%的证券,其他营业部,
603758,20260812,买入,国泰海通证券股份有限公司贵阳中华中路证券营业部,10093401,1648890.0,0.0,1648890.0,非S证券连续三个交易日内收盘价格涨幅偏离值累计达到20%的证券,其他营业部,
603758,20260812,买入,国联民生证券股份有限公司宁波分公司,10000945087,1635720.0,0.0,1635720.0,非S证券连续三个交易日内收盘价格涨幅偏离值累计达到20%的证券,其他营业部,
603758,20260812,卖出,沪股通专用,10434470,0.0,6042680.0,-6042680.0,非S证券连续三个交易日内收盘价格涨幅偏离值累计达到20%的证券,北向资金,沪股通专用
603758,20260812,卖出,诚通证券股份有限公司上海金桥路证券营业部,10144891,0.0,3873840.0,-3873840.0,非S证券连续三个交易日内收盘价格涨幅偏离值累计达到20%的证券,其他营业部,
603758,20260812,卖出,华泰证券股份有限公司上海黄浦区黄陂南路证券营业部,10025324,0.0,2102644.0,-2102644.0,非S证券连续三个交易日内收盘价格涨幅偏离值累计达到20%的证券,其他营业部,
603758,20260812,卖出,中国银河证券股份有限公司南京浦滨路证券营业部,10768380,0.0,2071912.0,-2071912.0,非S证券连续三个交易日内收盘价格涨幅偏离值累计达到20%的证券,其他营业部,
603758,20260812,卖出,华泰证券股份有限公司上海徐汇区天钥桥路证券营业部,10028564,0.0,2032515.0,-2032515.0,非S证券连续三个交易日内收盘价格涨幅偏离值累计达到20%的证券,其他营业部,
603595,20260626,买入,国泰海通证券股份有限公司总部,10004865,7779539.0,0.0,7779539.0,ST、*ST证券连续三个交易日内收盘价格涨幅偏离值累计达到12%的证券,其他营业部,
603595,20260626,买入,平安证券股份有限公司深圳金田路证券营业部,10388201,5092146.0,0.0,5092146.0,ST、*ST证券连续三个交易日内收盘价格涨幅偏离值累计达到12%的证券,知名游资,金田路
603595,20260626,买入,财信证券股份有限公司长沙芙蓉路证券营业部,10000540309,5022980.0,0.0,5022980.0,ST、*ST证券连续三个交易日内收盘价格涨幅偏离值累计达到12%的证券,其他营业部,
603595,20260626,买入,方正证券股份有限公司长沙金星北路证券营业部,10331992,4884876.0,0.0,4884876.0,ST、*ST证券连续三个交易日内收盘价格涨幅偏离值累计达到12%的证券,其他营业部,
603595,20260626,买入,广发证券股份有限公司广州番禺广场番发大厦证券营业部,10054424,4187658.0,0.0,4187658.0,ST、*ST证券连续三个交易日内收盘价格涨幅偏离值累计达到12%的证券,其他营业部,
603595,20260626,卖出,国泰海通证券股份有限公司总部,10004865,0.0,15227512.65,-15227512.65,ST、*ST证券连续三个交易日内收盘价格涨幅偏离值累计达到12%的证券,其他营业部,
603595,20260626,卖出,联储证券股份有限公司陕西分公司,10067572,0.0,9607583.0,-9607583.0,ST、*ST证券连续三个交易日内收盘价格涨幅偏离值累计达到12%的证券,其他营业部,
603595,20260626,卖出,金融街证券股份有限公司沈阳奉天街证券营业部,10054782,0.0,4681668.0,-4681668.0,ST、*ST证券连续三个交易日内收盘价格涨幅偏离值累计达到12%的证券,其他营业部,
603595,20260626,卖出,国泰海通证券股份有限公司成都龙腾东路证券营业部,10564259,0.0,3901356.0,-3901356.0,ST、*ST证券连续三个交易日内收盘价格涨幅偏离值累计达到12%的证券,其他营业部,
603595,20260626,卖出,东方财富证券股份有限公司昌都两江大道证券营业部,10342919,0.0,3895005.0,-3895005.0,ST、*ST证券连续三个交易日内收盘价格涨幅偏离值累计达到12%的证券,东财散户通道,拉萨天团/东财
603595,20260623,买入,中信建投证券股份有限公司上海营口路证券营业部,10028716,5959785.41,0.0,5959785.41,ST、*ST证券连续三个交易日内收盘价格涨幅偏离值累计达到12%的证券,其他营业部,
603595,20260623,买入,东方财富证券股份有限公司昌都两江大道证券营业部,10342919,4225349.0,0.0,4225349.0,ST、*ST证券连续三个交易日内收盘价格涨幅偏离值累计达到12%的证券,东财散户通道,拉萨天团/东财
603595,20260623,买入,华泰证券股份有限公司郑州经三路证券营业部,10081598,3845576.0,0.0,3845576.0,ST、*ST证券连续三个交易日内收盘价格涨幅偏离值累计达到12%的证券,其他营业部,
603595,20260623,买入,中国银河证券股份有限公司北京苏州街证券营业部,10984265,3693088.0,0.0,3693088.0,ST、*ST证券连续三个交易日内收盘价格涨幅偏离值累计达到12%的证券,其他营业部,
603595,20260623,买入,国泰海通证券股份有限公司南安成功街证券营业部,10541938,3044747.0,0.0,3044747.0,ST、*ST证券连续三个交易日内收盘价格涨幅偏离值累计达到12%的证券,其他营业部,
603595,20260623,卖出,招商证券股份有限公司深圳前海大道证券营业部,10046536,0.0,24240734.41,-24240734.41,ST、*ST证券连续三个交易日内收盘价格涨幅偏离值累计达到12%的证券,其他营业部,
603595,20260623,卖出,东方证券股份有限公司山西分公司,10436788,0.0,2075036.0,-2075036.0,ST、*ST证券连续三个交易日内收盘价格涨幅偏离值累计达到12%的证券,其他营业部,
603595,20260623,卖出,五矿证券有限公司河南分公司,10953636,0.0,1806545.0,-1806545.0,ST、*ST证券连续三个交易日内收盘价格涨幅偏离值累计达到12%的证券,其他营业部,
603595,20260623,卖出,广发证券股份有限公司湖南分公司,10141818,0.0,1709252.0,-1709252.0,ST、*ST证券连续三个交易日内收盘价格涨幅偏离值累计达到12%的证券,其他营业部,
603595,20260623,卖出,东莞证券股份有限公司东莞东城分公司,10484996,0.0,1654187.0,-1654187.0,ST、*ST证券连续三个交易日内收盘价格涨幅偏离值累计达到12%的证券,其他营业部,
603378,20260514,买入,东方财富证券股份有限公司拉萨金融城南环路证券营业部,10678762,8123594.0,0.0,8123594.0,ST、*ST证券连续三个交易日内收盘价格涨幅偏离值累计达到12%的证券,东财散户通道,拉萨天团/东财
603378,20260514,买入,国泰海通证券股份有限公司总部,10004865,7068298.8,0.0,7068298.8,ST、*ST证券连续三个交易日内收盘价格涨幅偏离值累计达到12%的证券,其他营业部,
603378,20260514,买入,国泰海通证券股份有限公司深圳高新园证券营业部,10456358,6801607.84,0.0,6801607.84,ST、*ST证券连续三个交易日内收盘价格涨幅偏离值累计达到12%的证券,其他营业部,
603378,20260514,买入,东方财富证券股份有限公司拉萨东城区江苏大道证券营业部,10708576,6264074.0,0.0,6264074.0,ST、*ST证券连续三个交易日内收盘价格涨幅偏离值累计达到12%的证券,东财散户通道,拉萨天团/东财
603378,20260514,买入,甬兴证券有限公司青岛分公司,10000170393,6201134.0,0.0,6201134.0,ST、*ST证券连续三个交易日内收盘价格涨幅偏离值累计达到12%的证券,其他营业部,
603378,20260514,卖出,东方财富证券股份有限公司山南香曲东路证券营业部,10281327,0.0,6861515.0,-6861515.0,ST、*ST证券连续三个交易日内收盘价格涨幅偏离值累计达到12%的证券,东财散户通道,拉萨天团/东财
603378,20260514,卖出,国金证券股份有限公司深圳分公司,10000104821,0.0,5505270.0,-5505270.0,ST、*ST证券连续三个交易日内收盘价格涨幅偏离值累计达到12%的证券,其他营业部,
603378,20260514,卖出,浙商证券股份有限公司东阳环城北路证券营业部,10119571,0.0,5496740.1,-5496740.1,ST、*ST证券连续三个交易日内收盘价格涨幅偏离值累计达到12%的证券,其他营业部,
603378,20260514,卖出,东方财富证券股份有限公司昌都两江大道证券营业部,10342919,0.0,5109546.0,-5109546.0,ST、*ST证券连续三个交易日内收盘价格涨幅偏离值累计达到12%的证券,东财散户通道,拉萨天团/东财
603378,20260514,卖出,中国银河证券股份有限公司威海统一路证券营业部,10436662,0.0,5015233.45,-5015233.45,ST、*ST证券连续三个交易日内收盘价格涨幅偏离值累计达到12%的证券,其他营业部,
603318,20260424,买入,东亚前海证券有限责任公司苏州分公司,10000526027,36081862.0,0.0,36081862.0,非ST、*ST和S证券连续三个交易日内收盘价格涨幅偏离值累计达到20%的证券,知名游资,苏州帮
603318,20260424,买入,东莞证券股份有限公司四川分公司,10477736,31011146.0,0.0,31011146.0,非ST、*ST和S证券连续三个交易日内收盘价格涨幅偏离值累计达到20%的证券,其他营业部,
603318,20260424,买入,国泰海通证券股份有限公司重庆观音桥步行街证券营业部,10719914,27938073.0,0.0,27938073.0,非ST、*ST和S证券连续三个交易日内收盘价格涨幅偏离值累计达到20%的证券,其他营业部,
603318,20260424,买入,华福证券股份有限公司杭州五星路证券营业部,10709086,9977640.0,0.0,9977640.0,有价格涨跌幅限制的日收盘价格涨幅偏离值达到7%的前五只证券,其他营业部,
603318,20260424,买入,华福证券股份有限公司杭州五星路证券营业部,10709086,9977640.0,0.0,9977640.0,非ST、*ST和S证券连续三个交易日内收盘价格涨幅偏离值累计达到20%的证券,其他营业部,
603318,20260424,买入,东莞证券股份有限公司常熟东南大道证券营业部,10000667965,9241846.0,0.0,9241846.0,有价格涨跌幅限制的日收盘价格涨幅偏离值达到7%的前五只证券,其他营业部,
603318,20260424,买入,东莞证券股份有限公司常熟东南大道证券营业部,10000667965,9241846.0,0.0,9241846.0,非ST、*ST和S证券连续三个交易日内收盘价格涨幅偏离值累计达到20%的证券,其他营业部,
603318,20260424,买入,财达证券股份有限公司湖南分公司,10456257,8988760.2,0.0,8988760.2,有价格涨跌幅限制的日收盘价格涨幅偏离值达到7%的前五只证券,其他营业部,
603318,20260424,买入,东方证券股份有限公司汕头长平路证券营业部,10173185,8555029.0,0.0,8555029.0,有价格涨跌幅限制的日收盘价格涨幅偏离值达到7%的前五只证券,其他营业部,
603318,20260424,买入,国泰海通证券股份有限公司重庆观音桥步行街证券营业部,10719914,7326048.0,0.0,7326048.0,有价格涨跌幅限制的日收盘价格涨幅偏离值达到7%的前五只证券,其他营业部,
603318,20260424,卖出,平安证券股份有限公司浙江分公司,10038679,0.0,11073546.0,-11073546.0,非ST、*ST和S证券连续三个交易日内收盘价格涨幅偏离值累计达到20%的证券,其他营业部,
603318,20260424,卖出,平安证券股份有限公司浙江分公司,10038679,0.0,11030076.0,-11030076.0,有价格涨跌幅限制的日收盘价格涨幅偏离值达到7%的前五只证券,其他营业部,
603318,20260424,卖出,光大证券股份有限公司上海世纪大道证券营业部,10453416,0.0,9674666.0,-9674666.0,非ST、*ST和S证券连续三个交易日内收盘价格涨幅偏离值累计达到20%的证券,其他营业部,
603318,20260424,卖出,光大证券股份有限公司上海世纪大道证券营业部,10453416,0.0,9674666.0,-9674666.0,有价格涨跌幅限制的日收盘价格涨幅偏离值达到7%的前五只证券,其他营业部,
603318,20260424,卖出,平安证券股份有限公司上海巨鹿路证券营业部,10022101,0.0,9663815.0,-9663815.0,非ST、*ST和S证券连续三个交易日内收盘价格涨幅偏离值累计达到20%的证券,其他营业部,
603318,20260424,卖出,广发证券股份有限公司大连港兴路证券营业部,10159702,0.0,7579941.0,-7579941.0,非ST、*ST和S证券连续三个交易日内收盘价格涨幅偏离值累计达到20%的证券,其他营业部,
603318,20260424,卖出,广发证券股份有限公司大连港兴路证券营业部,10159702,0.0,7578906.0,-7578906.0,有价格涨跌幅限制的日收盘价格涨幅偏离值达到7%的前五只证券,其他营业部,
603318,20260424,卖出,国投证券股份有限公司山东分公司,10484940,0.0,5759775.0,-5759775.0,非ST、*ST和S证券连续三个交易日内收盘价格涨幅偏离值累计达到20%的证券,其他营业部,
603318,20260424,卖出,中泰证券股份有限公司厦门厦禾路证券营业部,10103014,0.0,5695000.0,-5695000.0,有价格涨跌幅限制的日收盘价格涨幅偏离值达到7%的前五只证券,其他营业部,
603318,20260424,卖出,国泰海通证券股份有限公司广州开创大道证券营业部,10708145,0.0,4054840.0,-4054840.0,有价格涨跌幅限制的日收盘价格涨幅偏离值达到7%的前五只证券,其他营业部,
603272,20260427,买入,浙商证券股份有限公司杭州五星路证券营业部,10949092,58747139.0,0.0,58747139.0,非ST、*ST和S证券连续三个交易日内收盘价格涨幅偏离值累计达到20%的证券,其他营业部,
603272,20260427,买入,高盛(中国)证券有限责任公司上海浦东新区世纪大道证券营业部,10000399618,16733731.0,0.0,16733731.0,非ST、*ST和S证券连续三个交易日内收盘价格涨幅偏离值累计达到20%的证券,知名游资,T王
603272,20260427,买入,国投证券股份有限公司上海四平路证券营业部,10561609,9390895.0,0.0,9390895.0,非ST、*ST和S证券连续三个交易日内收盘价格涨幅偏离值累计达到20%的证券,其他营业部,
603272,20260427,买入,东方财富证券股份有限公司昌都两江大道证券营业部,10342919,9132576.0,0.0,9132576.0,非ST、*ST和S证券连续三个交易日内收盘价格涨幅偏离值累计达到20%的证券,东财散户通道,拉萨天团/东财
603272,20260427,买入,国金证券股份有限公司上海静安区南京西路证券营业部,10342130,7831433.0,0.0,7831433.0,非ST、*ST和S证券连续三个交易日内收盘价格涨幅偏离值累计达到20%的证券,其他营业部,
603272,20260427,卖出,国投证券股份有限公司上海四平路证券营业部,10561609,0.0,9993529.0,-9993529.0,非ST、*ST和S证券连续三个交易日内收盘价格涨幅偏离值累计达到20%的证券,其他营业部,
603272,20260427,卖出,联储证券股份有限公司宁波分公司,10915756,0.0,8864379.0,-8864379.0,非ST、*ST和S证券连续三个交易日内收盘价格涨幅偏离值累计达到20%的证券,其他营业部,
603272,20260427,卖出,中国国际金融股份有限公司上海分公司,10088113,0.0,7185310.0,-7185310.0,非ST、*ST和S证券连续三个交易日内收盘价格涨幅偏离值累计达到20%的证券,其他营业部,
603272,20260427,卖出,中信证券股份有限公司上海分公司,10135341,0.0,7093201.0,-7093201.0,非ST、*ST和S证券连续三个交易日内收盘价格涨幅偏离值累计达到20%的证券,其他营业部,
603272,20260427,卖出,东方财富证券股份有限公司拉萨东环路第二证券营业部,10472087,0.0,6596676.0,-6596676.0,非ST、*ST和S证券连续三个交易日内收盘价格涨幅偏离值累计达到20%的证券,东财散户通道,拉萨天团/东财
603318,20260422,买入,高盛(中国)证券有限责任公司上海浦东新区世纪大道证券营业部,10000399618,62017150.0,0.0,62017150.0,非ST、*ST和S证券连续三个交易日内收盘价格涨幅偏离值累计达到20%的证券,知名游资,T王
603318,20260422,买入,国泰海通证券股份有限公司总部,10004865,37903690.0,0.0,37903690.0,非ST、*ST和S证券连续三个交易日内收盘价格涨幅偏离值累计达到20%的证券,其他营业部,
603318,20260422,买入,高盛(中国)证券有限责任公司上海浦东新区世纪大道证券营业部,10000399618,33861604.0,0.0,33861604.0,有价格涨跌幅限制的日收盘价格涨幅偏离值达到7%的前五只证券,知名游资,T王
603318,20260422,买入,中信证券股份有限公司上海分公司,10135341,33274370.0,0.0,33274370.0,非ST、*ST和S证券连续三个交易日内收盘价格涨幅偏离值累计达到20%的证券,其他营业部,
603318,20260422,买入,平安证券股份有限公司浙江分公司,10038679,32589762.0,0.0,32589762.0,非ST、*ST和S证券连续三个交易日内收盘价格涨幅偏离值累计达到20%的证券,其他营业部,
603318,20260422,买入,摩根大通证券(中国)有限公司上海银城中路证券营业部,10000100571,31490097.0,0.0,31490097.0,非ST、*ST和S证券连续三个交易日内收盘价格涨幅偏离值累计达到20%的证券,其他营业部,
603318,20260422,买入,平安证券股份有限公司浙江分公司,10038679,31251985.0,0.0,31251985.0,有价格涨跌幅限制的日收盘价格涨幅偏离值达到7%的前五只证券,其他营业部,
603318,20260422,买入,国金证券股份有限公司北京崇文门外大街证券营业部,10510717,27851548.04,0.0,27851548.04,有价格涨跌幅限制的日收盘价格涨幅偏离值达到7%的前五只证券,其他营业部,
603318,20260422,买入,东亚前海证券有限责任公司浙江分公司,10000011376,24780634.0,0.0,24780634.0,有价格涨跌幅限制的日收盘价格涨幅偏离值达到7%的前五只证券,其他营业部,
603318,20260422,买入,广发证券股份有限公司南京汉中路证券营业部,10046692,20432473.0,0.0,20432473.0,有价格涨跌幅限制的日收盘价格涨幅偏离值达到7%的前五只证券,其他营业部,
603318,20260422,卖出,国泰海通证券股份有限公司总部,10004865,0.0,75396127.49,-75396127.49,非ST、*ST和S证券连续三个交易日内收盘价格涨幅偏离值累计达到20%的证券,其他营业部,
603318,20260422,卖出,高盛(中国)证券有限责任公司上海浦东新区世纪大道证券营业部,10000399618,0.0,55788012.97,-55788012.97,非ST、*ST和S证券连续三个交易日内收盘价格涨幅偏离值累计达到20%的证券,知名游资,T王
603318,20260422,卖出,瑞银证券有限责任公司上海花园石桥路证券营业部,10110478,0.0,36463524.0,-36463524.0,非ST、*ST和S证券连续三个交易日内收盘价格涨幅偏离值累计达到20%的证券,其他营业部,
603318,20260422,卖出,中信证券股份有限公司上海分公司,10135341,0.0,35106904.78,-35106904.78,非ST、*ST和S证券连续三个交易日内收盘价格涨幅偏离值累计达到20%的证券,其他营业部,
603318,20260422,卖出,摩根大通证券(中国)有限公司上海银城中路证券营业部,10000100571,0.0,33117175.0,-33117175.0,非ST、*ST和S证券连续三个交易日内收盘价格涨幅偏离值累计达到20%的证券,其他营业部,
603318,20260422,卖出,高盛(中国)证券有限责任公司上海浦东新区世纪大道证券营业部,10000399618,0.0,17466573.97,-17466573.97,有价格涨跌幅限制的日收盘价格涨幅偏离值达到7%的前五只证券,知名游资,T王
603318,20260422,卖出,长江证券股份有限公司上海分公司,10484958,0.0,16809972.0,-16809972.0,有价格涨跌幅限制的日收盘价格涨幅偏离值达到7%的前五只证券,其他营业部,
603318,20260422,卖出,国泰海通证券股份有限公司总部,10004865,0.0,16696124.05,-16696124.05,有价格涨跌幅限制的日收盘价格涨幅偏离值达到7%的前五只证券,其他营业部,
603318,20260422,卖出,浙商证券股份有限公司上海浦东杨高南路证券营业部,10484374,0.0,14346486.0,-14346486.0,有价格涨跌幅限制的日收盘价格涨幅偏离值达到7%的前五只证券,其他营业部,
603318,20260422,卖出,中信证券股份有限公司上海分公司,10135341,0.0,12475992.0,-12475992.0,有价格涨跌幅限制的日收盘价格涨幅偏离值达到7%的前五只证券,其他营业部,
603318,20260428,买入,国泰海通证券股份有限公司总部,10004865,97537690.68,0.0,97537690.68,非ST、*ST和S证券连续三个交易日内收盘价格涨幅偏离值累计达到20%的证券,其他营业部,
603318,20260428,买入,高盛(中国)证券有限责任公司上海浦东新区世纪大道证券营业部,10000399618,67306742.48,0.0,67306742.48,非ST、*ST和S证券连续三个交易日内收盘价格涨幅偏离值累计达到20%的证券,知名游资,T王
603318,20260428,买入,摩根大通证券(中国)有限公司上海银城中路证券营业部,10000100571,65028456.98,0.0,65028456.98,非ST、*ST和S证券连续三个交易日内收盘价格涨幅偏离值累计达到20%的证券,其他营业部,
603318,20260428,买入,国泰海通证券股份有限公司总部,10004865,62626752.59,0.0,62626752.59,有价格涨跌幅限制的日换手率达到20%的前五只证券,其他营业部,
603318,20260428,买入,东亚前海证券有限责任公司苏州分公司,10000526027,60177777.11,0.0,60177777.11,非ST、*ST和S证券连续三个交易日内收盘价格涨幅偏离值累计达到20%的证券,知名游资,苏州帮
603318,20260428,买入,高盛(中国)证券有限责任公司上海浦东新区世纪大道证券营业部,10000399618,47563942.48,0.0,47563942.48,有价格涨跌幅限制的日换手率达到20%的前五只证券,知名游资,T王
603318,20260428,买入,国泰海通证券股份有限公司深圳海岸城海德三道证券营业部,10125886,47555558.0,0.0,47555558.0,非ST、*ST和S证券连续三个交易日内收盘价格涨幅偏离值累计达到20%的证券,其他营业部,
603318,20260428,买入,国泰海通证券股份有限公司深圳海岸城海德三道证券营业部,10125886,47420993.0,0.0,47420993.0,有价格涨跌幅限制的日换手率达到20%的前五只证券,其他营业部,
603318,20260428,买入,摩根大通证券(中国)有限公司上海银城中路证券营业部,10000100571,31086562.48,0.0,31086562.48,有价格涨跌幅限制的日换手率达到20%的前五只证券,其他营业部,
603318,20260428,买入,中国国际金融股份有限公司上海分公司,10088113,26292778.42,0.0,26292778.42,有价格涨跌幅限制的日换手率达到20%的前五只证券,其他营业部,
603318,20260428,卖出,东亚前海证券有限责任公司苏州分公司,10000526027,0.0,88679555.0,-88679555.0,非ST、*ST和S证券连续三个交易日内收盘价格涨幅偏离值累计达到20%的证券,知名游资,苏州帮
603318,20260428,卖出,东亚前海证券有限责任公司苏州分公司,10000526027,0.0,74368322.0,-74368322.0,有价格涨跌幅限制的日换手率达到20%的前五只证券,知名游资,苏州帮
603318,20260428,卖出,长江证券股份有限公司上海分公司,10484958,0.0,69812148.0,-69812148.0,非ST、*ST和S证券连续三个交易日内收盘价格涨幅偏离值累计达到20%的证券,其他营业部,
603318,20260428,卖出,高盛(中国)证券有限责任公司上海浦东新区世纪大道证券营业部,10000399618,0.0,69593913.2,-69593913.2,非ST、*ST和S证券连续三个交易日内收盘价格涨幅偏离值累计达到20%的证券,知名游资,T王
603318,20260428,卖出,国泰海通证券股份有限公司总部,10004865,0.0,66135877.55,-66135877.55,非ST、*ST和S证券连续三个交易日内收盘价格涨幅偏离值累计达到20%的证券,其他营业部,
603318,20260428,卖出,东莞证券股份有限公司四川分公司,10477736,0.0,63421291.0,-63421291.0,非ST、*ST和S证券连续三个交易日内收盘价格涨幅偏离值累计达到20%的证券,其他营业部,
603318,20260428,卖出,国泰海通证券股份有限公司总部,10004865,0.0,57535338.55,-57535338.55,有价格涨跌幅限制的日换手率达到20%的前五只证券,其他营业部,
603318,20260428,卖出,广发证券股份有限公司大连港兴路证券营业部,10159702,0.0,50808910.0,-50808910.0,有价格涨跌幅限制的日换手率达到20%的前五只证券,其他营业部,
603318,20260428,卖出,高盛(中国)证券有限责任公司上海浦东新区世纪大道证券营业部,10000399618,0.0,49943943.0,-49943943.0,有价格涨跌幅限制的日换手率达到20%的前五只证券,知名游资,T王
603318,20260428,卖出,摩根大通证券(中国)有限公司上海银城中路证券营业部,10000100571,0.0,35728037.0,-35728037.0,有价格涨跌幅限制的日换手率达到20%的前五只证券,其他营业部,
603221,20260721,买入,东亚前海证券有限责任公司上海分公司,10924074,2925612.0,0.0,2925612.0,有价格涨跌幅限制的日收盘价格涨幅偏离值达到7%的前五只证券,其他营业部,
603221,20260721,卖出,东吴证券股份有限公司上海西藏南路证券营业部,10143030,0.0,369252.0,-369252.0,有价格涨跌幅限制的日收盘价格涨幅偏离值达到7%的前五只证券,其他营业部,
603221,20260721,卖出,中信建投证券股份有限公司北京金融大街证券营业部,10435700,0.0,220920.0,-220920.0,有价格涨跌幅限制的日收盘价格涨幅偏离值达到7%的前五只证券,其他营业部,
603221,20260721,卖出,中信证券股份有限公司桐乡振兴东路证券营业部,10147191,0.0,204088.0,-204088.0,有价格涨跌幅限制的日收盘价格涨幅偏离值达到7%的前五只证券,其他营业部,
603221,20260721,卖出,太平洋证券股份有限公司常州奥体中心证券营业部,10467712,0.0,193568.0,-193568.0,有价格涨跌幅限制的日收盘价格涨幅偏离值达到7%的前五只证券,其他营业部,
603221,20260721,卖出,西部证券股份有限公司上海开鲁路证券营业部,10023434,0.0,154644.0,-154644.0,有价格涨跌幅限制的日收盘价格涨幅偏离值达到7%的前五只证券,其他营业部,
603221,20260727,买入,中国中金财富证券有限公司上海虹口区北外滩证券营业部,10000252919,7071400.0,0.0,7071400.0,非S证券连续三个交易日内收盘价格涨幅偏离值累计达到20%的证券,其他营业部,
603221,20260727,买入,世纪证券有限责任公司深圳罗湖分公司,10000926098,6241200.0,0.0,6241200.0,非S证券连续三个交易日内收盘价格涨幅偏离值累计达到20%的证券,其他营业部,
603221,20260727,买入,开源证券股份有限公司西安曲江池西路证券营业部,10484365,5003460.0,0.0,5003460.0,非S证券连续三个交易日内收盘价格涨幅偏离值累计达到20%的证券,知名游资,方新侠
603221,20260727,买入,华金证券股份有限公司上海分公司,10456811,3394545.0,0.0,3394545.0,非S证券连续三个交易日内收盘价格涨幅偏离值累计达到20%的证券,其他营业部,
603221,20260727,买入,华泰证券股份有限公司深圳后海中心路证券营业部,10448450,501200.0,0.0,501200.0,非S证券连续三个交易日内收盘价格涨幅偏离值累计达到20%的证券,其他营业部,
603221,20260727,卖出,平安证券股份有限公司深圳深南东路罗湖商务中心证券营业部,10143566,0.0,1074780.0,-1074780.0,非S证券连续三个交易日内收盘价格涨幅偏离值累计达到20%的证券,其他营业部,
603221,20260727,卖出,平安证券股份有限公司浙江分公司,10038679,0.0,777700.0,-777700.0,非S证券连续三个交易日内收盘价格涨幅偏离值累计达到20%的证券,其他营业部,
603221,20260727,卖出,华泰证券股份有限公司南京郑和中路证券营业部,10021772,0.0,644000.0,-644000.0,非S证券连续三个交易日内收盘价格涨幅偏离值累计达到20%的证券,其他营业部,
603221,20260727,卖出,广发证券股份有限公司梅州蕉岭证券营业部,10145319,0.0,597800.0,-597800.0,非S证券连续三个交易日内收盘价格涨幅偏离值累计达到20%的证券,其他营业部,
603221,20260727,卖出,中国银河证券股份有限公司大连一德街证券营业部,10023593,0.0,581000.0,-581000.0,非S证券连续三个交易日内收盘价格涨幅偏离值累计达到20%的证券,其他营业部,
603272,20260506,买入,东亚前海证券有限责任公司上海分公司,10924074,18486072.56,0.0,18486072.56,ST、*ST证券连续三个交易日内收盘价格涨幅偏离值累计达到12%的证券,其他营业部,
603272,20260506,买入,国泰海通证券股份有限公司总部,10004865,17111630.55,0.0,17111630.55,ST、*ST证券连续三个交易日内收盘价格涨幅偏离值累计达到12%的证券,其他营业部,
603272,20260506,买入,中信证券股份有限公司上海分公司,10135341,14854736.0,0.0,14854736.0,ST、*ST证券连续三个交易日内收盘价格涨幅偏离值累计达到12%的证券,其他营业部,
603272,20260506,买入,国泰海通证券股份有限公司南京胜利路证券营业部,10000883374,13602728.0,0.0,13602728.0,ST、*ST证券连续三个交易日内收盘价格涨幅偏离值累计达到12%的证券,其他营业部,
603272,20260506,买入,东方财富证券股份有限公司拉萨团结路第二证券营业部,10495103,11490315.0,0.0,11490315.0,ST、*ST证券连续三个交易日内收盘价格涨幅偏离值累计达到12%的证券,东财散户通道,拉萨天团/东财
603272,20260506,卖出,浙商证券股份有限公司杭州五星路证券营业部,10949092,0.0,24965808.0,-24965808.0,ST、*ST证券连续三个交易日内收盘价格涨幅偏离值累计达到12%的证券,其他营业部,
603272,20260506,卖出,中国国际金融股份有限公司上海分公司,10088113,0.0,16523463.88,-16523463.88,ST、*ST证券连续三个交易日内收盘价格涨幅偏离值累计达到12%的证券,其他营业部,
603272,20260506,卖出,国泰海通证券股份有限公司总部,10004865,0.0,14222342.4,-14222342.4,ST、*ST证券连续三个交易日内收盘价格涨幅偏离值累计达到12%的证券,其他营业部,
603272,20260506,卖出,国泰海通证券股份有限公司南京胜利路证券营业部,10000883374,0.0,13171103.0,-13171103.0,ST、*ST证券连续三个交易日内收盘价格涨幅偏离值累计达到12%的证券,其他营业部,
603272,20260506,卖出,高盛(中国)证券有限责任公司上海浦东新区世纪大道证券营业部,10000399618,0.0,11753180.7,-11753180.7,ST、*ST证券连续三个交易日内收盘价格涨幅偏离值累计达到12%的证券,知名游资,T王
603221,20260729,买入,申港证券股份有限公司安徽分公司,10948131,9583272.0,0.0,9583272.0,非S证券连续三个交易日内收盘价格涨幅偏离值累计达到20%的证券,其他营业部,
603221,20260729,买入,开源证券股份有限公司西安太华路证券营业部,10477800,6342336.0,0.0,6342336.0,非S证券连续三个交易日内收盘价格涨幅偏离值累计达到20%的证券,知名游资,方新侠
603221,20260729,买入,广发证券股份有限公司成都新光路证券营业部,10052218,5909473.26,0.0,5909473.26,非S证券连续三个交易日内收盘价格涨幅偏离值累计达到20%的证券,其他营业部,
603221,20260729,买入,中国中金财富证券有限公司深圳桃园路证券营业部,10028593,2900128.0,0.0,2900128.0,非S证券连续三个交易日内收盘价格涨幅偏离值累计达到20%的证券,其他营业部,
603221,20260729,买入,东方财富证券股份有限公司拉萨东环路第二证券营业部,10472087,2887650.0,0.0,2887650.0,非S证券连续三个交易日内收盘价格涨幅偏离值累计达到20%的证券,东财散户通道,拉萨天团/东财
603221,20260729,卖出,西部证券股份有限公司西安莲湖路第一证券营业部,10025220,0.0,3122388.0,-3122388.0,非S证券连续三个交易日内收盘价格涨幅偏离值累计达到20%的证券,其他营业部,
603221,20260729,卖出,中信建投证券股份有限公司西安市南大街证券营业部,10028755,0.0,1501578.0,-1501578.0,非S证券连续三个交易日内收盘价格涨幅偏离值累计达到20%的证券,其他营业部,
603221,20260729,卖出,西南证券股份有限公司陕西分公司,10544111,0.0,1486674.0,-1486674.0,非S证券连续三个交易日内收盘价格涨幅偏离值累计达到20%的证券,其他营业部,
603221,20260729,卖出,平安证券股份有限公司深圳深南东路罗湖商务中心证券营业部,10143566,0.0,1226545.0,-1226545.0,非S证券连续三个交易日内收盘价格涨幅偏离值累计达到20%的证券,其他营业部,
603221,20260729,卖出,国信证券股份有限公司杭州分公司,10429232,0.0,1214598.0,-1214598.0,非S证券连续三个交易日内收盘价格涨幅偏离值累计达到20%的证券,其他营业部,
603221,20260730,买入,自然人,10000128629,118560400.0,0.0,118560400.0,有价格涨跌幅限制的连续10个交易日内收盘价格涨幅偏离值累计达到100%的证券,其他营业部,
603221,20260730,买入,其他自然人,10000128629,109730400.0,0.0,109730400.0,有价格涨跌幅限制的连续10个交易日内收盘价格涨幅偏离值累计达到100%的证券,其他营业部,
603221,20260730,买入,机构,99999,12643800.0,0.0,12643800.0,有价格涨跌幅限制的连续10个交易日内收盘价格涨幅偏离值累计达到100%的证券,其他营业部,
603221,20260730,买入,中小投资者,10000128629,8829900.0,0.0,8829900.0,有价格涨跌幅限制的连续10个交易日内收盘价格涨幅偏离值累计达到100%的证券,其他营业部,
603221,20260730,买入,沪股通,99999,0.0,0.0,0.0,有价格涨跌幅限制的连续10个交易日内收盘价格涨幅偏离值累计达到100%的证券,北向资金,沪股通
603221,20260730,卖出,自然人,10000128629,0.0,128254300.0,-128254300.0,有价格涨跌幅限制的连续10个交易日内收盘价格涨幅偏离值累计达到100%的证券,其他营业部,
603221,20260730,卖出,中小投资者,10000128629,0.0,69067900.0,-69067900.0,有价格涨跌幅限制的连续10个交易日内收盘价格涨幅偏离值累计达到100%的证券,其他营业部,
603221,20260730,卖出,其他自然人,10000128629,0.0,59186500.0,-59186500.0,有价格涨跌幅限制的连续10个交易日内收盘价格涨幅偏离值累计达到100%的证券,其他营业部,
603221,20260730,卖出,机构,99999,0.0,2949900.0,-2949900.0,有价格涨跌幅限制的连续10个交易日内收盘价格涨幅偏离值累计达到100%的证券,其他营业部,
603221,20260730,卖出,沪股通,99999,0.0,0.0,0.0,有价格涨跌幅限制的连续10个交易日内收盘价格涨幅偏离值累计达到100%的证券,北向资金,沪股通
603221,20260731,买入,自然人,10000128629,550743600.0,0.0,550743600.0,连续10个交易日内4次出现同正向异常波动的证券,其他营业部,
603221,20260731,买入,其他自然人,10000128629,380649000.0,0.0,380649000.0,连续10个交易日内4次出现同正向异常波动的证券,其他营业部,
603221,20260731,买入,中小投资者,10000128629,170094600.0,0.0,170094600.0,连续10个交易日内4次出现同正向异常波动的证券,其他营业部,
603221,20260731,买入,机构,99999,28124300.0,0.0,28124300.0,连续10个交易日内4次出现同正向异常波动的证券,其他营业部,
603221,20260731,买入,财通证券股份有限公司温岭中华路证券营业部,10022026,17047564.0,0.0,17047564.0,非S证券连续三个交易日内收盘价格涨幅偏离值累计达到20%的证券,其他营业部,
603221,20260731,买入,中信建投证券股份有限公司苏州分公司,10134014,10143000.0,0.0,10143000.0,非S证券连续三个交易日内收盘价格涨幅偏离值累计达到20%的证券,知名游资,苏州帮
603221,20260731,买入,财通证券股份有限公司台州临海杜桥滨海西路证券营业部,10713850,10014522.0,0.0,10014522.0,非S证券连续三个交易日内收盘价格涨幅偏离值累计达到20%的证券,其他营业部,
603221,20260731,买入,国泰海通证券股份有限公司上海松江区中山东路证券营业部,10134445,9421720.0,0.0,9421720.0,非S证券连续三个交易日内收盘价格涨幅偏离值累计达到20%的证券,知名游资,上海超短帮
603221,20260731,买入,华泰证券股份有限公司上海浦东新区世纪大道证券营业部,10441054,8790323.0,0.0,8790323.0,非S证券连续三个交易日内收盘价格涨幅偏离值累计达到20%的证券,其他营业部,
603221,20260731,买入,沪股通,99999,0.0,0.0,0.0,连续10个交易日内4次出现同正向异常波动的证券,北向资金,沪股通
603221,20260731,卖出,自然人,10000128629,0.0,526973400.0,-526973400.0,连续10个交易日内4次出现同正向异常波动的证券,其他营业部,
603221,20260731,卖出,其他自然人,10000128629,0.0,317049400.0,-317049400.0,连续10个交易日内4次出现同正向异常波动的证券,其他营业部,
603221,20260731,卖出,中小投资者,10000128629,0.0,209924000.0,-209924000.0,连续10个交易日内4次出现同正向异常波动的证券,其他营业部,
603221,20260731,卖出,机构,99999,0.0,51894500.0,-51894500.0,连续10个交易日内4次出现同正向异常波动的证券,其他营业部,
603221,20260731,卖出,招商证券股份有限公司深圳招商证券大厦证券营业部,10499300,0.0,16830618.0,-16830618.0,非S证券连续三个交易日内收盘价格涨幅偏离值累计达到20%的证券,其他营业部,
603221,20260731,卖出,财通证券股份有限公司温岭中华路证券营业部,10022026,0.0,16616488.0,-16616488.0,非S证券连续三个交易日内收盘价格涨幅偏离值累计达到20%的证券,其他营业部,
603221,20260731,卖出,华金证券股份有限公司上海分公司,10456811,0.0,12242037.5,-12242037.5,非S证券连续三个交易日内收盘价格涨幅偏离值累计达到20%的证券,其他营业部,
603221,20260731,卖出,国信证券股份有限公司南京江东中路证券营业部,10051038,0.0,11828564.0,-11828564.0,非S证券连续三个交易日内收盘价格涨幅偏离值累计达到20%的证券,其他营业部,
603221,20260731,卖出,中国中金财富证券有限公司上海虹口区北外滩证券营业部,10000252919,0.0,11083961.0,-11083961.0,非S证券连续三个交易日内收盘价格涨幅偏离值累计达到20%的证券,其他营业部,
603221,20260731,卖出,沪股通,99999,0.0,0.0,0.0,连续10个交易日内4次出现同正向异常波动的证券,北向资金,沪股通
603137,20260615,买入,华鑫证券有限责任公司航空基地证券营业部,10030346,3486036.0,0.0,3486036.0,有价格涨跌幅限制的日收盘价格涨幅偏离值达到7%的前五只证券,其他营业部,
603137,20260615,买入,华鑫证券有限责任公司上海徐汇区瑞平路证券营业部,10993987,3435040.0,0.0,3435040.0,有价格涨跌幅限制的日收盘价格涨幅偏离值达到7%的前五只证券,其他营业部,
603137,20260615,买入,华鑫证券有限责任公司绍兴胜利东路证券营业部,10000170384,3341806.0,0.0,3341806.0,有价格涨跌幅限制的日收盘价格涨幅偏离值达到7%的前五只证券,其他营业部,
603137,20260615,买入,华鑫证券有限责任公司上海西藏中路证券营业部,10000246624,2544004.0,0.0,2544004.0,有价格涨跌幅限制的日收盘价格涨幅偏离值达到7%的前五只证券,其他营业部,
603137,20260615,买入,华鑫证券有限责任公司上海浦东新区人民东路证券营业部,10132586,2371902.0,0.0,2371902.0,有价格涨跌幅限制的日收盘价格涨幅偏离值达到7%的前五只证券,其他营业部,
603137,20260615,卖出,机构专用,0,0.0,8119073.6,-8119073.6,有价格涨跌幅限制的日收盘价格涨幅偏离值达到7%的前五只证券,机构,机构专用
603137,20260615,卖出,江海证券有限公司上海徐汇区瑞金南路证券营业部,10023420,0.0,4191752.0,-4191752.0,有价格涨跌幅限制的日收盘价格涨幅偏离值达到7%的前五只证券,其他营业部,
603137,20260615,卖出,中国银河证券股份有限公司南京燕山路证券营业部,10436739,0.0,1303058.0,-1303058.0,有价格涨跌幅限制的日收盘价格涨幅偏离值达到7%的前五只证券,其他营业部,
603137,20260615,卖出,中国银河证券股份有限公司江苏分公司,10484786,0.0,1159028.0,-1159028.0,有价格涨跌幅限制的日收盘价格涨幅偏离值达到7%的前五只证券,其他营业部,
603137,20260615,卖出,招商证券股份有限公司上海世纪大道证券营业部,10046548,0.0,1061080.0,-1061080.0,有价格涨跌幅限制的日收盘价格涨幅偏离值达到7%的前五只证券,其他营业部,
603221,20260723,买入,国泰海通证券股份有限公司重庆观音桥步行街证券营业部,10719914,2389421.0,0.0,2389421.0,非S证券连续三个交易日内收盘价格涨幅偏离值累计达到20%的证券,其他营业部,
603221,20260723,买入,中邮证券有限责任公司江苏分公司,10484194,1443936.0,0.0,1443936.0,非S证券连续三个交易日内收盘价格涨幅偏离值累计达到20%的证券,其他营业部,
603221,20260723,卖出,国泰海通证券股份有限公司七台河大同街证券营业部,10141408,0.0,268460.0,-268460.0,非S证券连续三个交易日内收盘价格涨幅偏离值累计达到20%的证券,其他营业部,
603221,20260723,卖出,中原证券股份有限公司濮阳中原路证券营业部,10131849,0.0,152760.0,-152760.0,非S证券连续三个交易日内收盘价格涨幅偏离值累计达到20%的证券,其他营业部,
603221,20260723,卖出,华泰证券股份有限公司南京分公司,10455383,0.0,125884.0,-125884.0,非S证券连续三个交易日内收盘价格涨幅偏离值累计达到20%的证券,其他营业部,
603221,20260723,卖出,光大证券股份有限公司佛山绿景路证券营业部,10128928,0.0,100659.0,-100659.0,非S证券连续三个交易日内收盘价格涨幅偏离值累计达到20%的证券,知名游资,佛山系
603221,20260723,卖出,华福证券股份有限公司漳州漳华中路证券营业部,10001620973,0.0,92929.0,-92929.0,非S证券连续三个交易日内收盘价格涨幅偏离值累计达到20%的证券,其他营业部,
603137,20260702,买入,江海证券有限公司哈尔滨世茂大道证券营业部,10657371,5684080.0,0.0,5684080.0,非ST、*ST和S证券连续三个交易日内收盘价格涨幅偏离值累计达到20%的证券,其他营业部,
603137,20260702,买入,德邦证券股份有限公司上海乍浦路证券营业部,10428348,4391378.0,0.0,4391378.0,非ST、*ST和S证券连续三个交易日内收盘价格涨幅偏离值累计达到20%的证券,其他营业部,
603137,20260702,买入,申港证券股份有限公司上海浦东新区东方路证券营业部,10000260708,2894382.0,0.0,2894382.0,非ST、*ST和S证券连续三个交易日内收盘价格涨幅偏离值累计达到20%的证券,其他营业部,
603137,20260702,卖出,东莞证券股份有限公司东莞长安分公司,10449176,0.0,1072942.0,-1072942.0,非ST、*ST和S证券连续三个交易日内收盘价格涨幅偏离值累计达到20%的证券,其他营业部,
603137,20260702,卖出,机构专用,0,0.0,965589.0,-965589.0,非ST、*ST和S证券连续三个交易日内收盘价格涨幅偏离值累计达到20%的证券,机构,机构专用
603137,20260702,卖出,中泰证券股份有限公司上海周家嘴路证券营业部,10113621,0.0,699555.0,-699555.0,非ST、*ST和S证券连续三个交易日内收盘价格涨幅偏离值累计达到20%的证券,其他营业部,
603137,20260702,卖出,机构专用,0,0.0,683621.0,-683621.0,非ST、*ST和S证券连续三个交易日内收盘价格涨幅偏离值累计达到20%的证券,机构,机构专用
603137,20260702,卖出,机构专用,0,0.0,510190.0,-510190.0,非ST、*ST和S证券连续三个交易日内收盘价格涨幅偏离值累计达到20%的证券,机构,机构专用
603137,20260708,买入,华泰证券股份有限公司深圳彩田路证券营业部,10021775,36846135.0,0.0,36846135.0,非S证券连续三个交易日内收盘价格涨幅偏离值累计达到20%的证券,其他营业部,
603137,20260708,买入,华泰证券股份有限公司深圳彩田路证券营业部,10021775,36846135.0,0.0,36846135.0,有价格涨跌幅限制的日换手率达到20%的前五只证券,其他营业部,
603137,20260708,买入,国泰海通证券股份有限公司武汉紫阳东路证券营业部,10026937,28577934.0,0.0,28577934.0,非S证券连续三个交易日内收盘价格涨幅偏离值累计达到20%的证券,知名游资,紫阳东路
603137,20260708,买入,国泰海通证券股份有限公司武汉紫阳东路证券营业部,10026937,28577934.0,0.0,28577934.0,有价格涨跌幅限制的日换手率达到20%的前五只证券,知名游资,紫阳东路
603137,20260708,买入,东莞证券股份有限公司四川分公司,10477736,27595095.0,0.0,27595095.0,非S证券连续三个交易日内收盘价格涨幅偏离值累计达到20%的证券,其他营业部,
603137,20260708,买入,东莞证券股份有限公司四川分公司,10477736,27595095.0,0.0,27595095.0,有价格涨跌幅限制的日换手率达到20%的前五只证券,其他营业部,
603137,20260708,买入,华泰证券股份有限公司上海黄浦区黄陂南路证券营业部,10025324,23356745.0,0.0,23356745.0,非S证券连续三个交易日内收盘价格涨幅偏离值累计达到20%的证券,其他营业部,
603137,20260708,买入,华泰证券股份有限公司上海黄浦区黄陂南路证券营业部,10025324,23356745.0,0.0,23356745.0,有价格涨跌幅限制的日换手率达到20%的前五只证券,其他营业部,
603137,20260708,买入,国泰海通证券股份有限公司广州临江大道证券营业部,10026736,18201995.0,0.0,18201995.0,非S证券连续三个交易日内收盘价格涨幅偏离值累计达到20%的证券,其他营业部,
603137,20260708,买入,国泰海通证券股份有限公司广州临江大道证券营业部,10026736,18201995.0,0.0,18201995.0,有价格涨跌幅限制的日换手率达到20%的前五只证券,其他营业部,
603137,20260708,卖出,国元证券股份有限公司上海民生路证券营业部,10026913,0.0,35055935.4,-35055935.4,非S证券连续三个交易日内收盘价格涨幅偏离值累计达到20%的证券,其他营业部,
603137,20260708,卖出,国元证券股份有限公司上海民生路证券营业部,10026913,0.0,34968449.4,-34968449.4,有价格涨跌幅限制的日换手率达到20%的前五只证券,其他营业部,
603137,20260708,卖出,江海证券有限公司上海徐汇区瑞金南路证券营业部,10023420,0.0,33248824.8,-33248824.8,有价格涨跌幅限制的日换手率达到20%的前五只证券,其他营业部,
603137,20260708,卖出,江海证券有限公司上海徐汇区瑞金南路证券营业部,10023420,0.0,33248824.8,-33248824.8,非S证券连续三个交易日内收盘价格涨幅偏离值累计达到20%的证券,其他营业部,
603137,20260708,卖出,国新证券股份有限公司岳阳大道证券营业部,10437420,0.0,29530990.0,-29530990.0,有价格涨跌幅限制的日换手率达到20%的前五只证券,其他营业部,
603137,20260708,卖出,国新证券股份有限公司岳阳大道证券营业部,10437420,0.0,29530990.0,-29530990.0,非S证券连续三个交易日内收盘价格涨幅偏离值累计达到20%的证券,其他营业部,
603137,20260708,卖出,华泰证券股份有限公司南京江宁天元东路证券营业部,10140922,0.0,27796703.0,-27796703.0,有价格涨跌幅限制的日换手率达到20%的前五只证券,其他营业部,
603137,20260708,卖出,华泰证券股份有限公司南京江宁天元东路证券营业部,10140922,0.0,27796703.0,-27796703.0,非S证券连续三个交易日内收盘价格涨幅偏离值累计达到20%的证券,其他营业部,
603137,20260708,卖出,机构专用,0,0.0,24218619.2,-24218619.2,有价格涨跌幅限制的日换手率达到20%的前五只证券,机构,机构专用
603137,20260708,卖出,机构专用,0,0.0,24218619.2,-24218619.2,非S证券连续三个交易日内收盘价格涨幅偏离值累计达到20%的证券,机构,机构专用
603137,20260706,买入,东海证券股份有限公司杭州江南大道证券营业部,10737541,13721272.4,0.0,13721272.4,非ST、*ST和S证券连续三个交易日内收盘价格涨幅偏离值累计达到20%的证券,其他营业部,
603137,20260706,买入,东海证券股份有限公司珠海吉大路证券营业部,10159689,3972654.0,0.0,3972654.0,非ST、*ST和S证券连续三个交易日内收盘价格涨幅偏离值累计达到20%的证券,其他营业部,
603137,20260706,买入,华源证券股份有限公司慈溪浒山路证券营业部,10000856641,3679569.6,0.0,3679569.6,非ST、*ST和S证券连续三个交易日内收盘价格涨幅偏离值累计达到20%的证券,其他营业部,
603137,20260706,买入,德邦证券股份有限公司宜昌沿江大道证券营业部,10000272777,2774142.0,0.0,2774142.0,非ST、*ST和S证券连续三个交易日内收盘价格涨幅偏离值累计达到20%的证券,其他营业部,
603137,20260706,卖出,中国中金财富证券有限公司鞍山南胜利路证券营业部,10028592,0.0,2662104.0,-2662104.0,非ST、*ST和S证券连续三个交易日内收盘价格涨幅偏离值累计达到20%的证券,其他营业部,
603137,20260706,卖出,中国银河证券股份有限公司郑州如意东路证券营业部,10023565,0.0,1558410.0,-1558410.0,非ST、*ST和S证券连续三个交易日内收盘价格涨幅偏离值累计达到20%的证券,其他营业部,
603137,20260706,卖出,中信证券股份有限公司北京分公司,10135340,0.0,1240524.0,-1240524.0,非ST、*ST和S证券连续三个交易日内收盘价格涨幅偏离值累计达到20%的证券,其他营业部,
603137,20260706,卖出,华泰证券股份有限公司姜堰东大街证券营业部,10143711,0.0,1149658.0,-1149658.0,非ST、*ST和S证券连续三个交易日内收盘价格涨幅偏离值累计达到20%的证券,其他营业部,
603137,20260706,卖出,国泰海通证券股份有限公司天津青年路证券营业部,10025391,0.0,973516.0,-973516.0,非ST、*ST和S证券连续三个交易日内收盘价格涨幅偏离值累计达到20%的证券,其他营业部,
603045,20260506,买入,国泰海通证券股份有限公司上海松江区中山东路证券营业部,10134445,48537962.9,0.0,48537962.9,非ST、*ST和S证券连续三个交易日内收盘价格涨幅偏离值累计达到20%的证券,知名游资,上海超短帮
603045,20260506,买入,东亚前海证券有限责任公司上海分公司,10924074,39948983.6,0.0,39948983.6,非ST、*ST和S证券连续三个交易日内收盘价格涨幅偏离值累计达到20%的证券,其他营业部,
603045,20260506,买入,兴业证券股份有限公司福州工业路证券营业部,10057576,19184399.0,0.0,19184399.0,非ST、*ST和S证券连续三个交易日内收盘价格涨幅偏离值累计达到20%的证券,其他营业部,
603045,20260506,买入,国泰海通证券股份有限公司总部,10004865,15576482.6,0.0,15576482.6,非ST、*ST和S证券连续三个交易日内收盘价格涨幅偏离值累计达到20%的证券,其他营业部,
603045,20260506,买入,高盛(中国)证券有限责任公司上海浦东新区世纪大道证券营业部,10000399618,15101568.0,0.0,15101568.0,非ST、*ST和S证券连续三个交易日内收盘价格涨幅偏离值累计达到20%的证券,知名游资,T王
603045,20260506,卖出,国泰海通证券股份有限公司总部,10004865,0.0,17255861.04,-17255861.04,非ST、*ST和S证券连续三个交易日内收盘价格涨幅偏离值累计达到20%的证券,其他营业部,
603045,20260506,卖出,华泰证券股份有限公司总部,10028451,0.0,16745201.48,-16745201.48,非ST、*ST和S证券连续三个交易日内收盘价格涨幅偏离值累计达到20%的证券,其他营业部,
603045,20260506,卖出,国金证券股份有限公司杭州利一路证券营业部,10123442,0.0,16544970.0,-16544970.0,非ST、*ST和S证券连续三个交易日内收盘价格涨幅偏离值累计达到20%的证券,其他营业部,
603045,20260506,卖出,东北证券股份有限公司上海局门路证券营业部,10091173,0.0,16326691.0,-16326691.0,非ST、*ST和S证券连续三个交易日内收盘价格涨幅偏离值累计达到20%的证券,其他营业部,
603045,20260506,卖出,中信证券股份有限公司深圳滨海大道证券营业部,10434522,0.0,13856493.72,-13856493.72,非ST、*ST和S证券连续三个交易日内收盘价格涨幅偏离值累计达到20%的证券,其他营业部,
601991,20260506,买入,国泰海通证券股份有限公司南京太平南路证券营业部,10025054,62328006.3,0.0,62328006.3,有价格涨跌幅限制的日收盘价格涨幅偏离值达到7%的前五只证券,知名游资,作手新一
601991,20260506,买入,华鑫证券有限责任公司上海莲花路证券营业部,10048435,39893174.0,0.0,39893174.0,有价格涨跌幅限制的日收盘价格涨幅偏离值达到7%的前五只证券,其他营业部,
601991,20260506,买入,中信证券股份有限公司东阳吴宁西路证券营业部,10124373,34988914.0,0.0,34988914.0,有价格涨跌幅限制的日收盘价格涨幅偏离值达到7%的前五只证券,其他营业部,
601991,20260506,买入,方正证券股份有限公司上海浦东新区成山路证券营业部,10502153,24998098.0,0.0,24998098.0,有价格涨跌幅限制的日收盘价格涨幅偏离值达到7%的前五只证券,其他营业部,
601991,20260506,买入,华泰证券股份有限公司武汉新华路证券营业部,10487615,23007854.0,0.0,23007854.0,有价格涨跌幅限制的日收盘价格涨幅偏离值达到7%的前五只证券,其他营业部,
601991,20260506,卖出,信达证券股份有限公司泉州丰泽街证券营业部,10668237,0.0,48923102.0,-48923102.0,有价格涨跌幅限制的日收盘价格涨幅偏离值达到7%的前五只证券,其他营业部,
601991,20260506,卖出,中国银河证券股份有限公司厦门嘉禾路证券营业部,10023542,0.0,41187940.0,-41187940.0,有价格涨跌幅限制的日收盘价格涨幅偏离值达到7%的前五只证券,其他营业部,
601991,20260506,卖出,中国银河证券股份有限公司厦门民族路证券营业部,10030498,0.0,38615807.0,-38615807.0,有价格涨跌幅限制的日收盘价格涨幅偏离值达到7%的前五只证券,其他营业部,
601991,20260506,卖出,华福证券股份有限公司厦门吕岭路证券营业部,10158343,0.0,27482395.34,-27482395.34,有价格涨跌幅限制的日收盘价格涨幅偏离值达到7%的前五只证券,其他营业部,
601991,20260506,卖出,中国中金财富证券有限公司北京北三环东路证券营业部,10025073,0.0,20634693.98,-20634693.98,有价格涨跌幅限制的日收盘价格涨幅偏离值达到7%的前五只证券,其他营业部,
601991,20260508,买入,沪股通专用,10434470,353431402.43,0.0,353431402.43,非ST、*ST和S证券连续三个交易日内收盘价格涨幅偏离值累计达到20%的证券,北向资金,沪股通专用
601991,20260508,买入,国泰海通证券股份有限公司总部,10004865,156868634.31,0.0,156868634.31,非ST、*ST和S证券连续三个交易日内收盘价格涨幅偏离值累计达到20%的证券,其他营业部,
601991,20260508,买入,国泰海通证券股份有限公司湛江万豪世家证券营业部,10456753,150427427.0,0.0,150427427.0,非ST、*ST和S证券连续三个交易日内收盘价格涨幅偏离值累计达到20%的证券,其他营业部,
601991,20260508,买入,中国国际金融股份有限公司北京建国门外大街证券营业部,10050414,120360747.52,0.0,120360747.52,非ST、*ST和S证券连续三个交易日内收盘价格涨幅偏离值累计达到20%的证券,其他营业部,
601991,20260508,买入,中信证券股份有限公司上海分公司,10135341,116709723.26,0.0,116709723.26,非ST、*ST和S证券连续三个交易日内收盘价格涨幅偏离值累计达到20%的证券,其他营业部,
601991,20260508,卖出,沪股通专用,10434470,0.0,280179805.91,-280179805.91,非ST、*ST和S证券连续三个交易日内收盘价格涨幅偏离值累计达到20%的证券,北向资金,沪股通专用
601991,20260508,卖出,东方财富证券股份有限公司拉萨东环路第二证券营业部,10472087,0.0,89778543.67,-89778543.67,非ST、*ST和S证券连续三个交易日内收盘价格涨幅偏离值累计达到20%的证券,东财散户通道,拉萨天团/东财
601991,20260508,卖出,兴业证券股份有限公司深圳东海国际证券营业部,10055505,0.0,85017674.0,-85017674.0,非ST、*ST和S证券连续三个交易日内收盘价格涨幅偏离值累计达到20%的证券,其他营业部,
601991,20260508,卖出,国泰海通证券股份有限公司总部,10004865,0.0,71160724.92,-71160724.92,非ST、*ST和S证券连续三个交易日内收盘价格涨幅偏离值累计达到20%的证券,其他营业部,
601991,20260508,卖出,国泰海通证券股份有限公司南京太平南路证券营业部,10025054,0.0,68869236.4,-68869236.4,非ST、*ST和S证券连续三个交易日内收盘价格涨幅偏离值累计达到20%的证券,知名游资,作手新一
603045,20260508,买入,华泰证券股份有限公司北京东三环北路证券营业部,10079640,62573973.0,0.0,62573973.0,非ST、*ST和S证券连续三个交易日内收盘价格涨幅偏离值累计达到20%的证券,其他营业部,
603045,20260508,买入,国盛证券股份有限公司萍乡分公司,10076705,18157308.0,0.0,18157308.0,非ST、*ST和S证券连续三个交易日内收盘价格涨幅偏离值累计达到20%的证券,其他营业部,
603045,20260508,买入,中国中金财富证券有限公司深圳益田路证券营业部,10030338,6089720.0,0.0,6089720.0,非ST、*ST和S证券连续三个交易日内收盘价格涨幅偏离值累计达到20%的证券,其他营业部,
603045,20260508,买入,长江证券股份有限公司邯郸东柳北大街证券营业部,10436169,4877990.0,0.0,4877990.0,非ST、*ST和S证券连续三个交易日内收盘价格涨幅偏离值累计达到20%的证券,其他营业部,
603045,20260508,买入,国信证券股份有限公司成都二环路证券营业部,10045173,4175808.0,0.0,4175808.0,非ST、*ST和S证券连续三个交易日内收盘价格涨幅偏离值累计达到20%的证券,其他营业部,
603045,20260508,卖出,机构专用,0,0.0,14738241.0,-14738241.0,非ST、*ST和S证券连续三个交易日内收盘价格涨幅偏离值累计达到20%的证券,机构,机构专用
603045,20260508,卖出,机构专用,0,0.0,13049400.0,-13049400.0,非ST、*ST和S证券连续三个交易日内收盘价格涨幅偏离值累计达到20%的证券,机构,机构专用
603045,20260508,卖出,浙商证券股份有限公司北京分公司,10048239,0.0,11918452.0,-11918452.0,非ST、*ST和S证券连续三个交易日内收盘价格涨幅偏离值累计达到20%的证券,其他营业部,
603045,20260508,卖出,申万宏源证券有限公司上海静安区洛川东路证券营业部,10025183,0.0,10774511.0,-10774511.0,非ST、*ST和S证券连续三个交易日内收盘价格涨幅偏离值累计达到20%的证券,其他营业部,
603045,20260508,卖出,万联证券股份有限公司上海分公司,10046643,0.0,6485052.0,-6485052.0,非ST、*ST和S证券连续三个交易日内收盘价格涨幅偏离值累计达到20%的证券,其他营业部,
601991,20260507,买入,中国银河证券股份有限公司三亚迎宾路证券营业部,10339032,50370857.99,0.0,50370857.99,有价格涨跌幅限制的日收盘价格涨幅偏离值达到7%的前五只证券,其他营业部,
601991,20260507,买入,国泰海通证券股份有限公司成都北一环路证券营业部,10026897,41685648.0,0.0,41685648.0,有价格涨跌幅限制的日收盘价格涨幅偏离值达到7%的前五只证券,知名游资,炒股养家
601991,20260507,买入,沪股通专用,10434470,33591153.0,0.0,33591153.0,有价格涨跌幅限制的日收盘价格涨幅偏离值达到7%的前五只证券,北向资金,沪股通专用
601991,20260507,买入,国泰海通证券股份有限公司上海松江区中山东路证券营业部,10134445,28341965.0,0.0,28341965.0,有价格涨跌幅限制的日收盘价格涨幅偏离值达到7%的前五只证券,知名游资,上海超短帮
601991,20260507,买入,中信证券股份有限公司深圳深南中路中信大厦证券营业部,10134015,22377688.0,0.0,22377688.0,有价格涨跌幅限制的日收盘价格涨幅偏离值达到7%的前五只证券,其他营业部,
601991,20260507,卖出,国泰海通证券股份有限公司南京太平南路证券营业部,10025054,0.0,67958601.4,-67958601.4,有价格涨跌幅限制的日收盘价格涨幅偏离值达到7%的前五只证券,知名游资,作手新一
601991,20260507,卖出,沪股通专用,10434470,0.0,35946351.0,-35946351.0,有价格涨跌幅限制的日收盘价格涨幅偏离值达到7%的前五只证券,北向资金,沪股通专用
601991,20260507,卖出,华鑫证券有限责任公司上海莲花路证券营业部,10048435,0.0,33283371.0,-33283371.0,有价格涨跌幅限制的日收盘价格涨幅偏离值达到7%的前五只证券,其他营业部,
601991,20260507,卖出,兴业证券股份有限公司深圳东海国际证券营业部,10055505,0.0,25512472.0,-25512472.0,有价格涨跌幅限制的日收盘价格涨幅偏离值达到7%的前五只证券,其他营业部,
601991,20260507,卖出,中泰证券股份有限公司德州湖滨中大道证券营业部,10172823,0.0,20761432.0,-20761432.0,有价格涨跌幅限制的日收盘价格涨幅偏离值达到7%的前五只证券,其他营业部,
601991,20260512,买入,沪股通专用,10434470,172889498.02,0.0,172889498.02,非ST、*ST和S证券连续三个交易日内收盘价格涨幅偏离值累计达到20%的证券,北向资金,沪股通专用
601991,20260512,买入,国泰海通证券股份有限公司北京知春路证券营业部,10025390,165371024.21,0.0,165371024.21,非ST、*ST和S证券连续三个交易日内收盘价格涨幅偏离值累计达到20%的证券,其他营业部,
601991,20260512,买入,中国银河证券股份有限公司北京学院南路证券营业部,10023559,115997890.28,0.0,115997890.28,非ST、*ST和S证券连续三个交易日内收盘价格涨幅偏离值累计达到20%的证券,其他营业部,
601991,20260512,买入,国泰海通证券股份有限公司总部,10004865,97997476.3,0.0,97997476.3,非ST、*ST和S证券连续三个交易日内收盘价格涨幅偏离值累计达到20%的证券,其他营业部,
601991,20260512,买入,摩根大通证券(中国)有限公司上海银城中路证券营业部,10000100571,74922506.54,0.0,74922506.54,非ST、*ST和S证券连续三个交易日内收盘价格涨幅偏离值累计达到20%的证券,其他营业部,
601991,20260512,卖出,沪股通专用,10434470,0.0,267999942.27,-267999942.27,非ST、*ST和S证券连续三个交易日内收盘价格涨幅偏离值累计达到20%的证券,北向资金,沪股通专用
601991,20260512,卖出,国泰海通证券股份有限公司北京知春路证券营业部,10025390,0.0,177056061.42,-177056061.42,非ST、*ST和S证券连续三个交易日内收盘价格涨幅偏离值累计达到20%的证券,其他营业部,
601991,20260512,卖出,国泰海通证券股份有限公司总部,10004865,0.0,129697348.52,-129697348.52,非ST、*ST和S证券连续三个交易日内收盘价格涨幅偏离值累计达到20%的证券,其他营业部,
601991,20260512,卖出,广发证券股份有限公司郑州农业路证券营业部,10031937,0.0,66639323.05,-66639323.05,非ST、*ST和S证券连续三个交易日内收盘价格涨幅偏离值累计达到20%的证券,其他营业部,
601991,20260512,卖出,机构专用,0,0.0,60000000.0,-60000000.0,非ST、*ST和S证券连续三个交易日内收盘价格涨幅偏离值累计达到20%的证券,机构,机构专用
600793,20260702,买入,中信证券股份有限公司上海分公司,10135341,18204493.38,0.0,18204493.38,非ST、*ST和S证券连续三个交易日内收盘价格涨幅偏离值累计达到20%的证券,其他营业部,
600793,20260702,买入,华泰证券股份有限公司总部,10028451,16873482.0,0.0,16873482.0,非ST、*ST和S证券连续三个交易日内收盘价格涨幅偏离值累计达到20%的证券,其他营业部,
600793,20260702,买入,光大证券股份有限公司上海中兴路证券营业部,10048500,8728369.0,0.0,8728369.0,非ST、*ST和S证券连续三个交易日内收盘价格涨幅偏离值累计达到20%的证券,其他营业部,
600793,20260702,买入,华鑫证券有限责任公司上海徐汇区瑞平路证券营业部,10993987,6604442.0,0.0,6604442.0,非ST、*ST和S证券连续三个交易日内收盘价格涨幅偏离值累计达到20%的证券,其他营业部,
600793,20260702,买入,天风证券股份有限公司浙江分公司,10570378,6570950.0,0.0,6570950.0,非ST、*ST和S证券连续三个交易日内收盘价格涨幅偏离值累计达到20%的证券,其他营业部,
600793,20260702,卖出,申万宏源证券有限公司上海普陀区大渡河路证券营业部,10025189,0.0,4821669.0,-4821669.0,非ST、*ST和S证券连续三个交易日内收盘价格涨幅偏离值累计达到20%的证券,其他营业部,
600793,20260702,卖出,国新证券股份有限公司长沙韶山路证券营业部,10143353,0.0,4698493.5,-4698493.5,非ST、*ST和S证券连续三个交易日内收盘价格涨幅偏离值累计达到20%的证券,其他营业部,
600793,20260702,卖出,华鑫证券有限责任公司上海徐汇区瑞平路证券营业部,10993987,0.0,4382687.0,-4382687.0,非ST、*ST和S证券连续三个交易日内收盘价格涨幅偏离值累计达到20%的证券,其他营业部,
600793,20260702,卖出,中银国际证券股份有限公司广东分公司,10122757,0.0,3984675.0,-3984675.0,非ST、*ST和S证券连续三个交易日内收盘价格涨幅偏离值累计达到20%的证券,其他营业部,
600793,20260702,卖出,国泰海通证券股份有限公司总部,10004865,0.0,3186695.3,-3186695.3,非ST、*ST和S证券连续三个交易日内收盘价格涨幅偏离值累计达到20%的证券,其他营业部,
600745,20260527,买入,中信建投证券股份有限公司上海营口路证券营业部,10028716,64489332.97,0.0,64489332.97,ST、*ST证券连续三个交易日内收盘价格涨幅偏离值累计达到12%的证券,其他营业部,
600745,20260527,买入,东方财富证券股份有限公司拉萨团结路第二证券营业部,10495103,43791980.0,0.0,43791980.0,ST、*ST证券连续三个交易日内收盘价格涨幅偏离值累计达到12%的证券,东财散户通道,拉萨天团/东财
600745,20260527,买入,东方财富证券股份有限公司山南香曲东路证券营业部,10281327,34622669.94,0.0,34622669.94,ST、*ST证券连续三个交易日内收盘价格涨幅偏离值累计达到12%的证券,东财散户通道,拉萨天团/东财
600745,20260527,买入,国泰海通证券股份有限公司总部,10004865,34510163.44,0.0,34510163.44,ST、*ST证券连续三个交易日内收盘价格涨幅偏离值累计达到12%的证券,其他营业部,
600745,20260527,买入,中国银河证券股份有限公司北京丽泽证券营业部,10737590,32577324.85,0.0,32577324.85,ST、*ST证券连续三个交易日内收盘价格涨幅偏离值累计达到12%的证券,其他营业部,
600745,20260527,卖出,沪股通专用,10434470,0.0,54180974.01,-54180974.01,ST、*ST证券连续三个交易日内收盘价格涨幅偏离值累计达到12%的证券,北向资金,沪股通专用
600745,20260527,卖出,华泰证券股份有限公司深圳益田路荣超商务中心证券营业部,10142874,0.0,45942935.33,-45942935.33,ST、*ST证券连续三个交易日内收盘价格涨幅偏离值累计达到12%的证券,知名游资,猪肉荣
600745,20260527,卖出,东方财富证券股份有限公司拉萨团结路第一证券营业部,10484371,0.0,42010068.57,-42010068.57,ST、*ST证券连续三个交易日内收盘价格涨幅偏离值累计达到12%的证券,东财散户通道,拉萨天团/东财
600745,20260527,卖出,东方财富证券股份有限公司山南香曲东路证券营业部,10281327,0.0,36687652.0,-36687652.0,ST、*ST证券连续三个交易日内收盘价格涨幅偏离值累计达到12%的证券,东财散户通道,拉萨天团/东财
600745,20260527,卖出,东方财富证券股份有限公司拉萨团结路第二证券营业部,10495103,0.0,32540780.0,-32540780.0,ST、*ST证券连续三个交易日内收盘价格涨幅偏离值累计达到12%的证券,东财散户通道,拉萨天团/东财
600793,20260706,买入,国泰海通证券股份有限公司总部,10004865,29780204.0,0.0,29780204.0,非ST、*ST和S证券连续三个交易日内收盘价格涨幅偏离值累计达到20%的证券,其他营业部,
600793,20260706,买入,国融证券股份有限公司杭州市心北路证券营业部,10400324,14905416.0,0.0,14905416.0,非ST、*ST和S证券连续三个交易日内收盘价格涨幅偏离值累计达到20%的证券,其他营业部,
600793,20260706,买入,中信证券股份有限公司深圳深南中路中信大厦证券营业部,10134015,13305135.05,0.0,13305135.05,非ST、*ST和S证券连续三个交易日内收盘价格涨幅偏离值累计达到20%的证券,其他营业部,
600793,20260706,买入,华泰证券股份有限公司上海浦东新区世纪大道证券营业部,10441054,13045049.0,0.0,13045049.0,非ST、*ST和S证券连续三个交易日内收盘价格涨幅偏离值累计达到20%的证券,其他营业部,
600793,20260706,买入,华金证券股份有限公司上海分公司,10456811,9634999.0,0.0,9634999.0,非ST、*ST和S证券连续三个交易日内收盘价格涨幅偏离值累计达到20%的证券,其他营业部,
600793,20260706,卖出,中信证券股份有限公司上海分公司,10135341,0.0,25494034.0,-25494034.0,非ST、*ST和S证券连续三个交易日内收盘价格涨幅偏离值累计达到20%的证券,其他营业部,
600793,20260706,卖出,华泰证券股份有限公司总部,10028451,0.0,8458836.0,-8458836.0,非ST、*ST和S证券连续三个交易日内收盘价格涨幅偏离值累计达到20%的证券,其他营业部,
600793,20260706,卖出,华鑫证券有限责任公司上海徐汇区瑞平路证券营业部,10993987,0.0,7103346.0,-7103346.0,非ST、*ST和S证券连续三个交易日内收盘价格涨幅偏离值累计达到20%的证券,其他营业部,
600793,20260706,卖出,国信证券股份有限公司北京分公司,10122926,0.0,6096963.0,-6096963.0,非ST、*ST和S证券连续三个交易日内收盘价格涨幅偏离值累计达到20%的证券,其他营业部,
600793,20260706,卖出,高盛(中国)证券有限责任公司上海浦东新区世纪大道证券营业部,10000399618,0.0,5909176.0,-5909176.0,非ST、*ST和S证券连续三个交易日内收盘价格涨幅偏离值累计达到20%的证券,知名游资,T王
600721,20260805,买入,国泰海通证券股份有限公司南京太平南路证券营业部,10025054,50032152.0,0.0,50032152.0,非S证券连续三个交易日内收盘价格涨幅偏离值累计达到20%的证券,知名游资,作手新一
600721,20260805,买入,中国银河证券股份有限公司庄河世纪大街证券营业部,10436611,43550871.0,0.0,43550871.0,非S证券连续三个交易日内收盘价格涨幅偏离值累计达到20%的证券,其他营业部,
600721,20260805,买入,开源证券股份有限公司西安太华路证券营业部,10477800,20369911.51,0.0,20369911.51,非S证券连续三个交易日内收盘价格涨幅偏离值累计达到20%的证券,知名游资,方新侠
600721,20260805,买入,东莞证券股份有限公司常熟东南大道证券营业部,10000667965,13301041.0,0.0,13301041.0,非S证券连续三个交易日内收盘价格涨幅偏离值累计达到20%的证券,其他营业部,
600721,20260805,买入,粤开证券股份有限公司南通分公司,10085744,11917191.0,0.0,11917191.0,非S证券连续三个交易日内收盘价格涨幅偏离值累计达到20%的证券,其他营业部,
600721,20260805,卖出,粤开证券股份有限公司南通分公司,10085744,0.0,30267915.0,-30267915.0,非S证券连续三个交易日内收盘价格涨幅偏离值累计达到20%的证券,其他营业部,
600721,20260805,卖出,光大证券股份有限公司南京中山路证券营业部,10133094,0.0,15249655.0,-15249655.0,非S证券连续三个交易日内收盘价格涨幅偏离值累计达到20%的证券,其他营业部,
600721,20260805,卖出,首创证券股份有限公司北京五道口证券营业部,10134805,0.0,8759744.8,-8759744.8,非S证券连续三个交易日内收盘价格涨幅偏离值累计达到20%的证券,其他营业部,
600721,20260805,卖出,华泰证券股份有限公司北京东三环北路证券营业部,10079640,0.0,8643766.0,-8643766.0,非S证券连续三个交易日内收盘价格涨幅偏离值累计达到20%的证券,其他营业部,
600721,20260805,卖出,国泰海通证券股份有限公司总部,10004865,0.0,6749001.24,-6749001.24,非S证券连续三个交易日内收盘价格涨幅偏离值累计达到20%的证券,其他营业部,
600721,20260807,买入,中信证券股份有限公司上海分公司,10135341,10267808.94,0.0,10267808.94,有价格涨跌幅限制的日收盘价格涨幅偏离值达到7%的前五只证券,其他营业部,
600721,20260807,买入,华安证券股份有限公司武汉百步亭花园路证券营业部,10400286,8836736.0,0.0,8836736.0,有价格涨跌幅限制的日收盘价格涨幅偏离值达到7%的前五只证券,其他营业部,
600721,20260807,买入,东方财富证券股份有限公司拉萨金融城南环路证券营业部,10678762,7714505.0,0.0,7714505.0,有价格涨跌幅限制的日收盘价格涨幅偏离值达到7%的前五只证券,东财散户通道,拉萨天团/东财
600721,20260807,买入,东方财富证券股份有限公司拉萨东环路第一证券营业部,10428246,7150416.0,0.0,7150416.0,有价格涨跌幅限制的日收盘价格涨幅偏离值达到7%的前五只证券,东财散户通道,拉萨天团/东财
600721,20260807,买入,东方证券股份有限公司杭州龙井路证券营业部,10086482,5777837.0,0.0,5777837.0,有价格涨跌幅限制的日收盘价格涨幅偏离值达到7%的前五只证券,知名游资,章盟主
600721,20260807,卖出,浙商证券股份有限公司杭州五星路证券营业部,10949092,0.0,23235617.92,-23235617.92,有价格涨跌幅限制的日收盘价格涨幅偏离值达到7%的前五只证券,其他营业部,
600721,20260807,卖出,华福证券股份有限公司富阳江滨西大道证券营业部,10913641,0.0,21751731.0,-21751731.0,有价格涨跌幅限制的日收盘价格涨幅偏离值达到7%的前五只证券,其他营业部,
600721,20260807,卖出,中国银河证券股份有限公司绍兴鲁迅中路证券营业部,10023543,0.0,20688506.0,-20688506.0,有价格涨跌幅限制的日收盘价格涨幅偏离值达到7%的前五只证券,知名游资,赵老哥
600721,20260807,卖出,华福证券股份有限公司杭州江南大道证券营业部,10787866,0.0,20072946.0,-20072946.0,有价格涨跌幅限制的日收盘价格涨幅偏离值达到7%的前五只证券,其他营业部,
600721,20260807,卖出,长江证券股份有限公司慈溪新城大道证券营业部,10085106,0.0,17888838.0,-17888838.0,有价格涨跌幅限制的日收盘价格涨幅偏离值达到7%的前五只证券,其他营业部,
600721,20260806,买入,开源证券股份有限公司西安太华路证券营业部,10477800,33812042.12,0.0,33812042.12,有价格涨跌幅限制的日换手率达到20%的前五只证券,知名游资,方新侠
600721,20260806,买入,国泰海通证券股份有限公司上海分公司,10201214,31103868.0,0.0,31103868.0,有价格涨跌幅限制的日换手率达到20%的前五只证券,其他营业部,
600721,20260806,买入,国盛证券股份有限公司宁波桑田路证券营业部,10456710,28308875.0,0.0,28308875.0,有价格涨跌幅限制的日换手率达到20%的前五只证券,知名游资,宁波桑田路
600721,20260806,买入,中信证券股份有限公司海宁海昌南路证券营业部,10124406,22982235.0,0.0,22982235.0,有价格涨跌幅限制的日换手率达到20%的前五只证券,其他营业部,
600721,20260806,买入,浙商证券股份有限公司杭州五星路证券营业部,10949092,20331252.0,0.0,20331252.0,有价格涨跌幅限制的日换手率达到20%的前五只证券,其他营业部,
600721,20260806,卖出,国泰海通证券股份有限公司南京太平南路证券营业部,10025054,0.0,57661651.0,-57661651.0,有价格涨跌幅限制的日换手率达到20%的前五只证券,知名游资,作手新一
600721,20260806,卖出,中国银河证券股份有限公司庄河世纪大街证券营业部,10436611,0.0,47659031.0,-47659031.0,有价格涨跌幅限制的日换手率达到20%的前五只证券,其他营业部,
600721,20260806,卖出,粤开证券股份有限公司南通分公司,10085744,0.0,32288940.0,-32288940.0,有价格涨跌幅限制的日换手率达到20%的前五只证券,其他营业部,
600721,20260806,卖出,开源证券股份有限公司西安太华路证券营业部,10477800,0.0,22409353.98,-22409353.98,有价格涨跌幅限制的日换手率达到20%的前五只证券,知名游资,方新侠
600721,20260806,卖出,申万宏源证券有限公司南通新世纪大道证券营业部,10145942,0.0,18320188.0,-18320188.0,有价格涨跌幅限制的日换手率达到20%的前五只证券,其他营业部,
600721,20260810,买入,开源证券股份有限公司西安太华路证券营业部,10477800,35940180.12,0.0,35940180.12,非S证券连续三个交易日内收盘价格涨幅偏离值累计达到20%的证券,知名游资,方新侠
600721,20260810,买入,国泰海通证券股份有限公司上海分公司,10201214,31103868.0,0.0,31103868.0,非S证券连续三个交易日内收盘价格涨幅偏离值累计达到20%的证券,其他营业部,
600721,20260810,买入,国盛证券股份有限公司宁波桑田路证券营业部,10456710,30834036.0,0.0,30834036.0,非S证券连续三个交易日内收盘价格涨幅偏离值累计达到20%的证券,知名游资,宁波桑田路
600721,20260810,买入,中信证券股份有限公司海宁海昌南路证券营业部,10124406,22989613.0,0.0,22989613.0,非S证券连续三个交易日内收盘价格涨幅偏离值累计达到20%的证券,其他营业部,
600721,20260810,买入,浙商证券股份有限公司杭州五星路证券营业部,10949092,20333360.0,0.0,20333360.0,非S证券连续三个交易日内收盘价格涨幅偏离值累计达到20%的证券,其他营业部,
600721,20260810,卖出,国泰海通证券股份有限公司南京太平南路证券营业部,10025054,0.0,68483369.0,-68483369.0,非S证券连续三个交易日内收盘价格涨幅偏离值累计达到20%的证券,知名游资,作手新一
600721,20260810,卖出,中国银河证券股份有限公司庄河世纪大街证券营业部,10436611,0.0,47675895.0,-47675895.0,非S证券连续三个交易日内收盘价格涨幅偏离值累计达到20%的证券,其他营业部,
600721,20260810,卖出,粤开证券股份有限公司南通分公司,10085744,0.0,35690186.0,-35690186.0,非S证券连续三个交易日内收盘价格涨幅偏离值累计达到20%的证券,其他营业部,
600721,20260810,卖出,高盛(中国)证券有限责任公司上海浦东新区世纪大道证券营业部,10000399618,0.0,24481981.0,-24481981.0,非S证券连续三个交易日内收盘价格涨幅偏离值累计达到20%的证券,知名游资,T王
600721,20260810,卖出,申万宏源证券有限公司南通新世纪大道证券营业部,10145942,0.0,23701962.0,-23701962.0,非S证券连续三个交易日内收盘价格涨幅偏离值累计达到20%的证券,其他营业部,
600726,20260528,买入,沪股通专用,10434470,194479582.36,0.0,194479582.36,非ST、*ST和S证券连续三个交易日内收盘价格涨幅偏离值累计达到20%的证券,北向资金,沪股通专用
600726,20260528,买入,国泰海通证券股份有限公司总部,10004865,96060087.08,0.0,96060087.08,非ST、*ST和S证券连续三个交易日内收盘价格涨幅偏离值累计达到20%的证券,其他营业部,
600726,20260528,买入,摩根大通证券(中国)有限公司上海银城中路证券营业部,10000100571,64541596.08,0.0,64541596.08,非ST、*ST和S证券连续三个交易日内收盘价格涨幅偏离值累计达到20%的证券,其他营业部,
600726,20260528,买入,国新证券股份有限公司北京分公司,10485107,51885432.0,0.0,51885432.0,非ST、*ST和S证券连续三个交易日内收盘价格涨幅偏离值累计达到20%的证券,其他营业部,
600726,20260528,买入,中信证券股份有限公司上海分公司,10135341,44470981.14,0.0,44470981.14,非ST、*ST和S证券连续三个交易日内收盘价格涨幅偏离值累计达到20%的证券,其他营业部,
600726,20260528,卖出,国泰海通证券股份有限公司湛江万豪世家证券营业部,10456753,0.0,39729700.0,-39729700.0,非ST、*ST和S证券连续三个交易日内收盘价格涨幅偏离值累计达到20%的证券,其他营业部,
600726,20260528,卖出,沪股通专用,10434470,0.0,38162967.0,-38162967.0,非ST、*ST和S证券连续三个交易日内收盘价格涨幅偏离值累计达到20%的证券,北向资金,沪股通专用
600726,20260528,卖出,国信证券股份有限公司浙江互联网分公司,10000213448,0.0,31953860.0,-31953860.0,非ST、*ST和S证券连续三个交易日内收盘价格涨幅偏离值累计达到20%的证券,量化/互联网席位,
600726,20260528,卖出,国投证券股份有限公司深圳红荔西路证券营业部,10106430,0.0,26761456.0,-26761456.0,非ST、*ST和S证券连续三个交易日内收盘价格涨幅偏离值累计达到20%的证券,其他营业部,
600726,20260528,卖出,国泰海通证券股份有限公司广州东风中路证券营业部,10025179,0.0,23376027.0,-23376027.0,非ST、*ST和S证券连续三个交易日内收盘价格涨幅偏离值累计达到20%的证券,其他营业部,
600745,20260601,买入,中国银河证券股份有限公司青田临江东路证券营业部,10133779,17531022.0,0.0,17531022.0,ST、*ST证券连续三个交易日内收盘价格涨幅偏离值累计达到12%的证券,其他营业部,
600745,20260601,买入,中信证券股份有限公司杭州延安路证券营业部,10046704,12385925.0,0.0,12385925.0,ST、*ST证券连续三个交易日内收盘价格涨幅偏离值累计达到12%的证券,知名游资,章盟主
600745,20260601,买入,国泰海通证券股份有限公司深圳滨海大道创投大厦证券营业部,10144325,10834810.0,0.0,10834810.0,ST、*ST证券连续三个交易日内收盘价格涨幅偏离值累计达到12%的证券,其他营业部,
600745,20260601,买入,华泰证券股份有限公司杭州学院路证券营业部,10361223,10652690.0,0.0,10652690.0,ST、*ST证券连续三个交易日内收盘价格涨幅偏离值累计达到12%的证券,其他营业部,
600745,20260601,买入,中信证券股份有限公司杭州凤起路证券营业部,10046604,10038437.0,0.0,10038437.0,ST、*ST证券连续三个交易日内收盘价格涨幅偏离值累计达到12%的证券,其他营业部,
600745,20260601,卖出,首创证券股份有限公司长沙滨江路证券营业部,10397617,0.0,73207420.0,-73207420.0,ST、*ST证券连续三个交易日内收盘价格涨幅偏离值累计达到12%的证券,其他营业部,
600745,20260601,卖出,沪股通专用,10434470,0.0,36484563.04,-36484563.04,ST、*ST证券连续三个交易日内收盘价格涨幅偏离值累计达到12%的证券,北向资金,沪股通专用
600745,20260601,卖出,瑞银证券有限责任公司上海花园石桥路证券营业部,10110478,0.0,17919720.0,-17919720.0,ST、*ST证券连续三个交易日内收盘价格涨幅偏离值累计达到12%的证券,其他营业部,
600745,20260601,卖出,广发证券股份有限公司天津西康路证券营业部,10066467,0.0,15844631.0,-15844631.0,ST、*ST证券连续三个交易日内收盘价格涨幅偏离值累计达到12%的证券,其他营业部,
600745,20260601,卖出,中信证券股份有限公司杭州环城北路证券营业部,10132924,0.0,12841348.0,-12841348.0,ST、*ST证券连续三个交易日内收盘价格涨幅偏离值累计达到12%的证券,其他营业部,
600726,20260526,买入,国泰海通证券股份有限公司总部,10004865,79872504.0,0.0,79872504.0,非ST、*ST和S证券连续三个交易日内收盘价格涨幅偏离值累计达到20%的证券,其他营业部,
600726,20260526,买入,摩根大通证券(中国)有限公司上海银城中路证券营业部,10000100571,72969547.0,0.0,72969547.0,非ST、*ST和S证券连续三个交易日内收盘价格涨幅偏离值累计达到20%的证券,其他营业部,
600726,20260526,买入,沪股通专用,10434470,67458269.0,0.0,67458269.0,非ST、*ST和S证券连续三个交易日内收盘价格涨幅偏离值累计达到20%的证券,北向资金,沪股通专用
600726,20260526,买入,国泰海通证券股份有限公司湛江万豪世家证券营业部,10456753,52032069.0,0.0,52032069.0,非ST、*ST和S证券连续三个交易日内收盘价格涨幅偏离值累计达到20%的证券,其他营业部,
600726,20260526,买入,国泰海通证券股份有限公司上海自贸试验区第二分公司,10467900,50816328.0,0.0,50816328.0,非ST、*ST和S证券连续三个交易日内收盘价格涨幅偏离值累计达到20%的证券,其他营业部,
600726,20260526,卖出,国泰海通证券股份有限公司总部,10004865,0.0,42662981.0,-42662981.0,非ST、*ST和S证券连续三个交易日内收盘价格涨幅偏离值累计达到20%的证券,其他营业部,
600726,20260526,卖出,沪股通专用,10434470,0.0,36190205.0,-36190205.0,非ST、*ST和S证券连续三个交易日内收盘价格涨幅偏离值累计达到20%的证券,北向资金,沪股通专用
600726,20260526,卖出,国信证券股份有限公司浙江互联网分公司,10000213448,0.0,28699165.0,-28699165.0,非ST、*ST和S证券连续三个交易日内收盘价格涨幅偏离值累计达到20%的证券,量化/互联网席位,
600726,20260526,卖出,中银国际证券股份有限公司三亚迎宾路证券营业部,10066086,0.0,28115575.0,-28115575.0,非ST、*ST和S证券连续三个交易日内收盘价格涨幅偏离值累计达到20%的证券,其他营业部,
600726,20260526,卖出,中信证券股份有限公司东阳吴宁西路证券营业部,10124373,0.0,23627312.0,-23627312.0,非ST、*ST和S证券连续三个交易日内收盘价格涨幅偏离值累计达到20%的证券,其他营业部,
600721,20260812,买入,自然人,10000128629,4173032800.0,0.0,4173032800.0,有价格涨跌幅限制的连续10个交易日内收盘价格涨幅偏离值累计达到100%的证券,其他营业部,
600721,20260812,买入,中小投资者,10000128629,2405652600.0,0.0,2405652600.0,有价格涨跌幅限制的连续10个交易日内收盘价格涨幅偏离值累计达到100%的证券,其他营业部,
600721,20260812,买入,其他自然人,10000128629,1767380200.0,0.0,1767380200.0,有价格涨跌幅限制的连续10个交易日内收盘价格涨幅偏离值累计达到100%的证券,其他营业部,
600721,20260812,买入,机构,99999,1032214200.0,0.0,1032214200.0,有价格涨跌幅限制的连续10个交易日内收盘价格涨幅偏离值累计达到100%的证券,其他营业部,
600721,20260812,买入,国泰海通证券股份有限公司成都龙腾东路证券营业部,10564259,91923906.63,0.0,91923906.63,非S证券连续三个交易日内收盘价格涨幅偏离值累计达到20%的证券,其他营业部,
600721,20260812,买入,国泰海通证券股份有限公司成都龙腾东路证券营业部,10564259,91797681.63,0.0,91797681.63,有价格涨跌幅限制的日收盘价格涨幅偏离值达到7%的前五只证券,其他营业部,
600721,20260812,买入,国泰海通证券股份有限公司成都龙腾东路证券营业部,10564259,91797681.63,0.0,91797681.63,有价格涨跌幅限制的日换手率达到20%的前五只证券,其他营业部,
600721,20260812,买入,国泰海通证券股份有限公司总部,10004865,82108669.95,0.0,82108669.95,非S证券连续三个交易日内收盘价格涨幅偏离值累计达到20%的证券,其他营业部,
600721,20260812,买入,国泰海通证券股份有限公司总部,10004865,79213425.95,0.0,79213425.95,有价格涨跌幅限制的日收盘价格涨幅偏离值达到7%的前五只证券,其他营业部,
600721,20260812,买入,国泰海通证券股份有限公司总部,10004865,79213425.95,0.0,79213425.95,有价格涨跌幅限制的日换手率达到20%的前五只证券,其他营业部,
600721,20260812,买入,开源证券股份有限公司西安太华路证券营业部,10477800,71749829.0,0.0,71749829.0,有价格涨跌幅限制的日收盘价格涨幅偏离值达到7%的前五只证券,知名游资,方新侠
600721,20260812,买入,开源证券股份有限公司西安太华路证券营业部,10477800,71749829.0,0.0,71749829.0,有价格涨跌幅限制的日换手率达到20%的前五只证券,知名游资,方新侠
600721,20260812,买入,开源证券股份有限公司西安太华路证券营业部,10477800,71749829.0,0.0,71749829.0,非S证券连续三个交易日内收盘价格涨幅偏离值累计达到20%的证券,知名游资,方新侠
600721,20260812,买入,瑞银证券有限责任公司上海花园石桥路证券营业部,10110478,41108666.28,0.0,41108666.28,非S证券连续三个交易日内收盘价格涨幅偏离值累计达到20%的证券,其他营业部,
600721,20260812,买入,东亚前海证券有限责任公司广东分公司,10000074447,40735588.0,0.0,40735588.0,非S证券连续三个交易日内收盘价格涨幅偏离值累计达到20%的证券,其他营业部,
600721,20260812,买入,东亚前海证券有限责任公司广东分公司,10000074447,40716463.0,0.0,40716463.0,有价格涨跌幅限制的日收盘价格涨幅偏离值达到7%的前五只证券,其他营业部,
600721,20260812,买入,东亚前海证券有限责任公司广东分公司,10000074447,40716463.0,0.0,40716463.0,有价格涨跌幅限制的日换手率达到20%的前五只证券,其他营业部,
600721,20260812,买入,高盛(中国)证券有限责任公司上海浦东新区世纪大道证券营业部,10000399618,37363824.93,0.0,37363824.93,有价格涨跌幅限制的日收盘价格涨幅偏离值达到7%的前五只证券,知名游资,T王
600721,20260812,买入,高盛(中国)证券有限责任公司上海浦东新区世纪大道证券营业部,10000399618,37363824.93,0.0,37363824.93,有价格涨跌幅限制的日换手率达到20%的前五只证券,知名游资,T王
600721,20260812,买入,沪股通,99999,0.0,0.0,0.0,有价格涨跌幅限制的连续10个交易日内收盘价格涨幅偏离值累计达到100%的证券,北向资金,沪股通
600721,20260812,卖出,自然人,10000128629,0.0,4561899500.0,-4561899500.0,有价格涨跌幅限制的连续10个交易日内收盘价格涨幅偏离值累计达到100%的证券,其他营业部,
600721,20260812,卖出,中小投资者,10000128629,0.0,2564207900.0,-2564207900.0,有价格涨跌幅限制的连续10个交易日内收盘价格涨幅偏离值累计达到100%的证券,其他营业部,
600721,20260812,卖出,其他自然人,10000128629,0.0,1997691700.0,-1997691700.0,有价格涨跌幅限制的连续10个交易日内收盘价格涨幅偏离值累计达到100%的证券,其他营业部,
600721,20260812,卖出,机构,99999,0.0,643347500.0,-643347500.0,有价格涨跌幅限制的连续10个交易日内收盘价格涨幅偏离值累计达到100%的证券,其他营业部,
600721,20260812,卖出,国盛证券股份有限公司宁波桑田路证券营业部,10456710,0.0,65262401.58,-65262401.58,非S证券连续三个交易日内收盘价格涨幅偏离值累计达到20%的证券,知名游资,宁波桑田路
600721,20260812,卖出,国盛证券股份有限公司宁波桑田路证券营业部,10456710,0.0,62622522.58,-62622522.58,有价格涨跌幅限制的日收盘价格涨幅偏离值达到7%的前五只证券,知名游资,宁波桑田路
600721,20260812,卖出,国盛证券股份有限公司宁波桑田路证券营业部,10456710,0.0,62622522.58,-62622522.58,有价格涨跌幅限制的日换手率达到20%的前五只证券,知名游资,宁波桑田路
600721,20260812,卖出,中信建投证券股份有限公司北京酒仙桥路证券营业部,10431900,0.0,49038824.0,-49038824.0,非S证券连续三个交易日内收盘价格涨幅偏离值累计达到20%的证券,其他营业部,
600721,20260812,卖出,开源证券股份有限公司西安太华路证券营业部,10477800,0.0,47348253.5,-47348253.5,非S证券连续三个交易日内收盘价格涨幅偏离值累计达到20%的证券,知名游资,方新侠
600721,20260812,卖出,上海证券有限责任公司温州月乐西街证券营业部,10456979,0.0,33318478.21,-33318478.21,非S证券连续三个交易日内收盘价格涨幅偏离值累计达到20%的证券,知名游资,温州帮
600721,20260812,卖出,上海证券有限责任公司温州月乐西街证券营业部,10456979,0.0,33291703.21,-33291703.21,有价格涨跌幅限制的日收盘价格涨幅偏离值达到7%的前五只证券,知名游资,温州帮
600721,20260812,卖出,上海证券有限责任公司温州月乐西街证券营业部,10456979,0.0,33291703.21,-33291703.21,有价格涨跌幅限制的日换手率达到20%的前五只证券,知名游资,温州帮
600721,20260812,卖出,上海证券有限责任公司北京和平里北街证券营业部,10143886,0.0,28288689.0,-28288689.0,有价格涨跌幅限制的日收盘价格涨幅偏离值达到7%的前五只证券,其他营业部,
600721,20260812,卖出,上海证券有限责任公司北京和平里北街证券营业部,10143886,0.0,28288689.0,-28288689.0,有价格涨跌幅限制的日换手率达到20%的前五只证券,其他营业部,
600721,20260812,卖出,上海证券有限责任公司北京和平里北街证券营业部,10143886,0.0,28288689.0,-28288689.0,非S证券连续三个交易日内收盘价格涨幅偏离值累计达到20%的证券,其他营业部,
600721,20260812,卖出,中信证券股份有限公司上海分公司,10135341,0.0,23590781.0,-23590781.0,有价格涨跌幅限制的日收盘价格涨幅偏离值达到7%的前五只证券,其他营业部,
600721,20260812,卖出,中信证券股份有限公司上海分公司,10135341,0.0,23590781.0,-23590781.0,有价格涨跌幅限制的日换手率达到20%的前五只证券,其他营业部,
600721,20260812,卖出,中国银河证券股份有限公司庄河世纪大街证券营业部,10436611,0.0,23404456.0,-23404456.0,有价格涨跌幅限制的日收盘价格涨幅偏离值达到7%的前五只证券,其他营业部,
600721,20260812,卖出,中国银河证券股份有限公司庄河世纪大街证券营业部,10436611,0.0,23404456.0,-23404456.0,有价格涨跌幅限制的日换手率达到20%的前五只证券,其他营业部,
600721,20260812,卖出,沪股通,99999,0.0,0.0,0.0,有价格涨跌幅限制的连续10个交易日内收盘价格涨幅偏离值累计达到100%的证券,北向资金,沪股通
600730,20260511,买入,东方财富证券股份有限公司拉萨团结路第二证券营业部,10495103,11317174.0,0.0,11317174.0,ST、*ST证券连续三个交易日内收盘价格涨幅偏离值累计达到12%的证券,东财散户通道,拉萨天团/东财
600730,20260511,买入,中信证券股份有限公司杭州延安路证券营业部,10046704,10380000.0,0.0,10380000.0,ST、*ST证券连续三个交易日内收盘价格涨幅偏离值累计达到12%的证券,知名游资,章盟主
600730,20260511,买入,联储证券股份有限公司浙江分公司,10638001,10302857.0,0.0,10302857.0,ST、*ST证券连续三个交易日内收盘价格涨幅偏离值累计达到12%的证券,其他营业部,
600730,20260511,买入,中信证券股份有限公司义乌城中中路证券营业部,10028546,8462002.0,0.0,8462002.0,ST、*ST证券连续三个交易日内收盘价格涨幅偏离值累计达到12%的证券,其他营业部,
600730,20260511,买入,平安证券股份有限公司银川凤凰北街证券营业部,10174511,6026101.0,0.0,6026101.0,ST、*ST证券连续三个交易日内收盘价格涨幅偏离值累计达到12%的证券,其他营业部,
600730,20260511,卖出,中信证券股份有限公司德阳庐山南路证券营业部,10436270,0.0,18522800.0,-18522800.0,ST、*ST证券连续三个交易日内收盘价格涨幅偏离值累计达到12%的证券,其他营业部,
600730,20260511,卖出,中国中金财富证券有限公司深圳益田路证券营业部,10030338,0.0,10231773.6,-10231773.6,ST、*ST证券连续三个交易日内收盘价格涨幅偏离值累计达到12%的证券,其他营业部,
600730,20260511,卖出,中国中金财富证券有限公司广州天河路证券营业部,10023646,0.0,6265368.0,-6265368.0,ST、*ST证券连续三个交易日内收盘价格涨幅偏离值累计达到12%的证券,其他营业部,
600730,20260511,卖出,平安证券股份有限公司海南分公司,10030169,0.0,5803882.0,-5803882.0,ST、*ST证券连续三个交易日内收盘价格涨幅偏离值累计达到12%的证券,其他营业部,
600730,20260511,卖出,中国银河证券股份有限公司杭州建国北路证券营业部,10023577,0.0,5304180.0,-5304180.0,ST、*ST证券连续三个交易日内收盘价格涨幅偏离值累计达到12%的证券,其他营业部,
600730,20260506,买入,中国中金财富证券有限公司深圳益田路证券营业部,10030338,8808540.0,0.0,8808540.0,ST、*ST证券连续三个交易日内收盘价格涨幅偏离值累计达到12%的证券,其他营业部,
600730,20260506,买入,中邮证券有限责任公司云南分公司,10000133802,8538292.0,0.0,8538292.0,ST、*ST证券连续三个交易日内收盘价格涨幅偏离值累计达到12%的证券,其他营业部,
600730,20260506,买入,中国中金财富证券有限公司广州天河路证券营业部,10023646,5405322.0,0.0,5405322.0,ST、*ST证券连续三个交易日内收盘价格涨幅偏离值累计达到12%的证券,其他营业部,
600730,20260506,买入,国泰海通证券股份有限公司总部,10004865,4885237.0,0.0,4885237.0,ST、*ST证券连续三个交易日内收盘价格涨幅偏离值累计达到12%的证券,其他营业部,
600730,20260506,买入,联储证券股份有限公司宁波分公司,10915756,4467906.0,0.0,4467906.0,ST、*ST证券连续三个交易日内收盘价格涨幅偏离值累计达到12%的证券,其他营业部,
600730,20260506,卖出,国投证券股份有限公司青岛分公司,10488980,0.0,16496718.0,-16496718.0,ST、*ST证券连续三个交易日内收盘价格涨幅偏离值累计达到12%的证券,其他营业部,
600730,20260506,卖出,中信证券股份有限公司上海分公司,10135341,0.0,6959539.03,-6959539.03,ST、*ST证券连续三个交易日内收盘价格涨幅偏离值累计达到12%的证券,其他营业部,
600730,20260506,卖出,沪股通专用,10434470,0.0,5087707.03,-5087707.03,ST、*ST证券连续三个交易日内收盘价格涨幅偏离值累计达到12%的证券,北向资金,沪股通专用
600730,20260506,卖出,国投证券股份有限公司连云港郁州北路证券营业部,10537512,0.0,3627745.1,-3627745.1,ST、*ST证券连续三个交易日内收盘价格涨幅偏离值累计达到12%的证券,其他营业部,
600730,20260506,卖出,光大证券股份有限公司南昌广场南路证券营业部,10145534,0.0,2792759.0,-2792759.0,ST、*ST证券连续三个交易日内收盘价格涨幅偏离值累计达到12%的证券,其他营业部,
600664,20260713,买入,国泰海通证券股份有限公司南京太平南路证券营业部,10025054,124143254.0,0.0,124143254.0,非S证券连续三个交易日内收盘价格涨幅偏离值累计达到20%的证券,知名游资,作手新一
600664,20260713,买入,华鑫证券有限责任公司绍兴胜利东路证券营业部,10000170384,41791432.0,0.0,41791432.0,非S证券连续三个交易日内收盘价格涨幅偏离值累计达到20%的证券,其他营业部,
600664,20260713,买入,沪股通专用,10434470,28610876.04,0.0,28610876.04,非S证券连续三个交易日内收盘价格涨幅偏离值累计达到20%的证券,北向资金,沪股通专用
600664,20260713,买入,华鑫证券有限责任公司绍兴胜利东路证券营业部,10000170384,26999154.0,0.0,26999154.0,有价格涨跌幅限制的日收盘价格涨幅偏离值达到7%的前五只证券,其他营业部,
600664,20260713,买入,沪股通专用,10434470,24479873.04,0.0,24479873.04,有价格涨跌幅限制的日收盘价格涨幅偏离值达到7%的前五只证券,北向资金,沪股通专用
600664,20260713,买入,国泰海通证券股份有限公司总部,10004865,23404827.7,0.0,23404827.7,非S证券连续三个交易日内收盘价格涨幅偏离值累计达到20%的证券,其他营业部,
600664,20260713,买入,国泰海通证券股份有限公司总部,10004865,22005927.7,0.0,22005927.7,有价格涨跌幅限制的日收盘价格涨幅偏离值达到7%的前五只证券,其他营业部,
600664,20260713,买入,国信证券股份有限公司北京朝阳门证券营业部,10456772,17214724.0,0.0,17214724.0,非S证券连续三个交易日内收盘价格涨幅偏离值累计达到20%的证券,其他营业部,
600664,20260713,买入,国信证券股份有限公司北京朝阳门证券营业部,10456772,17211061.0,0.0,17211061.0,有价格涨跌幅限制的日收盘价格涨幅偏离值达到7%的前五只证券,其他营业部,
600664,20260713,买入,华泰证券股份有限公司总部,10028451,15480951.0,0.0,15480951.0,有价格涨跌幅限制的日收盘价格涨幅偏离值达到7%的前五只证券,其他营业部,
600664,20260713,卖出,国泰海通证券股份有限公司南京太平南路证券营业部,10025054,0.0,135232806.48,-135232806.48,非S证券连续三个交易日内收盘价格涨幅偏离值累计达到20%的证券,知名游资,作手新一
600664,20260713,卖出,国泰海通证券股份有限公司南京太平南路证券营业部,10025054,0.0,135170461.48,-135170461.48,有价格涨跌幅限制的日收盘价格涨幅偏离值达到7%的前五只证券,知名游资,作手新一
600664,20260713,卖出,平安证券股份有限公司贵阳诚信北路证券营业部,10000039704,0.0,26712035.4,-26712035.4,非S证券连续三个交易日内收盘价格涨幅偏离值累计达到20%的证券,其他营业部,
600664,20260713,卖出,国联民生证券股份有限公司上海虹口区飞虹路证券营业部,10028571,0.0,11268932.0,-11268932.0,非S证券连续三个交易日内收盘价格涨幅偏离值累计达到20%的证券,其他营业部,
600664,20260713,卖出,国联民生证券股份有限公司上海虹口区飞虹路证券营业部,10028571,0.0,11218382.0,-11218382.0,有价格涨跌幅限制的日收盘价格涨幅偏离值达到7%的前五只证券,其他营业部,
600664,20260713,卖出,国泰海通证券股份有限公司成都北一环路证券营业部,10026897,0.0,9445649.0,-9445649.0,非S证券连续三个交易日内收盘价格涨幅偏离值累计达到20%的证券,知名游资,炒股养家
600664,20260713,卖出,国泰海通证券股份有限公司成都北一环路证券营业部,10026897,0.0,9295684.0,-9295684.0,有价格涨跌幅限制的日收盘价格涨幅偏离值达到7%的前五只证券,知名游资,炒股养家
600664,20260713,卖出,国新证券股份有限公司海南分公司,10511620,0.0,8408183.0,-8408183.0,非S证券连续三个交易日内收盘价格涨幅偏离值累计达到20%的证券,其他营业部,
600664,20260713,卖出,国新证券股份有限公司海南分公司,10511620,0.0,8403128.0,-8403128.0,有价格涨跌幅限制的日收盘价格涨幅偏离值达到7%的前五只证券,其他营业部,
600664,20260713,卖出,华泰证券股份有限公司扬州文昌中路证券营业部,10021787,0.0,7288456.4,-7288456.4,有价格涨跌幅限制的日收盘价格涨幅偏离值达到7%的前五只证券,其他营业部,
600664,20260715,买入,国盛证券股份有限公司杭州建设三路证券营业部,10109170,67353136.0,0.0,67353136.0,有价格涨跌幅限制的日收盘价格涨幅偏离值达到7%的前五只证券,其他营业部,
600664,20260715,买入,国新证券股份有限公司北京中关村大街证券营业部,10919501,23616053.0,0.0,23616053.0,有价格涨跌幅限制的日收盘价格涨幅偏离值达到7%的前五只证券,其他营业部,
600664,20260715,买入,东方证券股份有限公司杭州龙井路证券营业部,10086482,23325999.0,0.0,23325999.0,有价格涨跌幅限制的日收盘价格涨幅偏离值达到7%的前五只证券,知名游资,章盟主
600664,20260715,买入,国新证券股份有限公司北京分公司,10485107,17580922.77,0.0,17580922.77,有价格涨跌幅限制的日收盘价格涨幅偏离值达到7%的前五只证券,其他营业部,
600664,20260715,买入,中国银河证券股份有限公司庄河世纪大街证券营业部,10436611,15600000.0,0.0,15600000.0,有价格涨跌幅限制的日收盘价格涨幅偏离值达到7%的前五只证券,其他营业部,
600664,20260715,卖出,沪股通专用,10434470,0.0,8873023.0,-8873023.0,有价格涨跌幅限制的日收盘价格涨幅偏离值达到7%的前五只证券,北向资金,沪股通专用
600664,20260715,卖出,中信建投证券股份有限公司青岛分公司,10448425,0.0,7222961.0,-7222961.0,有价格涨跌幅限制的日收盘价格涨幅偏离值达到7%的前五只证券,其他营业部,
600664,20260715,卖出,中信证券股份有限公司上海分公司,10135341,0.0,7054060.0,-7054060.0,有价格涨跌幅限制的日收盘价格涨幅偏离值达到7%的前五只证券,其他营业部,
600664,20260715,卖出,中泰证券股份有限公司深圳分公司,10484895,0.0,6192009.0,-6192009.0,有价格涨跌幅限制的日收盘价格涨幅偏离值达到7%的前五只证券,其他营业部,
600664,20260715,卖出,招商证券股份有限公司上海世纪大道证券营业部,10046548,0.0,5880635.0,-5880635.0,有价格涨跌幅限制的日收盘价格涨幅偏离值达到7%的前五只证券,其他营业部,
600537,20260615,买入,中国银河证券股份有限公司青田临江东路证券营业部,10133779,2558844.0,0.0,2558844.0,ST、*ST证券连续三个交易日内收盘价格涨幅偏离值累计达到12%的证券,其他营业部,
600537,20260615,买入,国泰海通证券股份有限公司芜湖黄山中路证券营业部,10086015,2493876.0,0.0,2493876.0,ST、*ST证券连续三个交易日内收盘价格涨幅偏离值累计达到12%的证券,其他营业部,
600537,20260615,买入,东亚前海证券有限责任公司四川分公司,10000242108,1929821.0,0.0,1929821.0,ST、*ST证券连续三个交易日内收盘价格涨幅偏离值累计达到12%的证券,其他营业部,
600537,20260615,买入,东方证券股份有限公司厦门仙岳路证券营业部,10492163,1786659.0,0.0,1786659.0,ST、*ST证券连续三个交易日内收盘价格涨幅偏离值累计达到12%的证券,其他营业部,
600537,20260615,买入,东方财富证券股份有限公司拉萨金融城南环路证券营业部,10678762,1692502.0,0.0,1692502.0,ST、*ST证券连续三个交易日内收盘价格涨幅偏离值累计达到12%的证券,东财散户通道,拉萨天团/东财
600537,20260615,卖出,国泰海通证券股份有限公司芜湖黄山中路证券营业部,10086015,0.0,2617600.0,-2617600.0,ST、*ST证券连续三个交易日内收盘价格涨幅偏离值累计达到12%的证券,其他营业部,
600537,20260615,卖出,东方财富证券股份有限公司拉萨东环路第二证券营业部,10472087,0.0,2487337.92,-2487337.92,ST、*ST证券连续三个交易日内收盘价格涨幅偏离值累计达到12%的证券,东财散户通道,拉萨天团/东财
600537,20260615,卖出,中国银河证券股份有限公司上海杨浦区靖宇东路证券营业部,10023591,0.0,2143000.0,-2143000.0,ST、*ST证券连续三个交易日内收盘价格涨幅偏离值累计达到12%的证券,其他营业部,
600537,20260615,卖出,东方财富证券股份有限公司拉萨金融城南环路证券营业部,10678762,0.0,2059125.0,-2059125.0,ST、*ST证券连续三个交易日内收盘价格涨幅偏离值累计达到12%的证券,东财散户通道,拉萨天团/东财
600537,20260615,卖出,中国中金财富证券有限公司绵阳市证券营业部,10030328,0.0,1948761.0,-1948761.0,ST、*ST证券连续三个交易日内收盘价格涨幅偏离值累计达到12%的证券,其他营业部,
600664,20260716,买入,国盛证券股份有限公司杭州建设三路证券营业部,10109170,116798090.0,0.0,116798090.0,非S证券连续三个交易日内收盘价格涨幅偏离值累计达到20%的证券,其他营业部,
600664,20260716,买入,开源证券股份有限公司西安太华路证券营业部,10477800,32555094.0,0.0,32555094.0,非S证券连续三个交易日内收盘价格涨幅偏离值累计达到20%的证券,知名游资,方新侠
600664,20260716,买入,甬兴证券有限公司宁波和源路证券营业部,10000147202,25181195.0,0.0,25181195.0,非S证券连续三个交易日内收盘价格涨幅偏离值累计达到20%的证券,其他营业部,
600664,20260716,买入,广发证券股份有限公司西安南广济街证券营业部,10060377,24741002.0,0.0,24741002.0,非S证券连续三个交易日内收盘价格涨幅偏离值累计达到20%的证券,其他营业部,
600664,20260716,买入,东方证券股份有限公司深圳深南大道证券营业部,10078196,24696478.0,0.0,24696478.0,非S证券连续三个交易日内收盘价格涨幅偏离值累计达到20%的证券,其他营业部,
600664,20260716,卖出,国盛证券股份有限公司杭州建设三路证券营业部,10109170,0.0,39537734.0,-39537734.0,非S证券连续三个交易日内收盘价格涨幅偏离值累计达到20%的证券,其他营业部,
600664,20260716,卖出,国新证券股份有限公司北京中关村大街证券营业部,10919501,0.0,26023426.0,-26023426.0,非S证券连续三个交易日内收盘价格涨幅偏离值累计达到20%的证券,其他营业部,
600664,20260716,卖出,华泰证券股份有限公司北京东三环北路证券营业部,10079640,0.0,25905977.1,-25905977.1,非S证券连续三个交易日内收盘价格涨幅偏离值累计达到20%的证券,其他营业部,
600664,20260716,卖出,东方财富证券股份有限公司拉萨东环路第二证券营业部,10472087,0.0,19603321.9,-19603321.9,非S证券连续三个交易日内收盘价格涨幅偏离值累计达到20%的证券,东财散户通道,拉萨天团/东财
600664,20260716,卖出,国新证券股份有限公司北京分公司,10485107,0.0,19342930.62,-19342930.62,非S证券连续三个交易日内收盘价格涨幅偏离值累计达到20%的证券,其他营业部,
600491,20260702,买入,中信建投证券股份有限公司上海营口路证券营业部,10028716,1646064.0,0.0,1646064.0,ST、*ST证券连续三个交易日内收盘价格涨幅偏离值累计达到12%的证券,其他营业部,
600491,20260702,买入,东方财富证券股份有限公司拉萨金融城南环路证券营业部,10678762,1376052.0,0.0,1376052.0,ST、*ST证券连续三个交易日内收盘价格涨幅偏离值累计达到12%的证券,东财散户通道,拉萨天团/东财
600491,20260702,买入,东方财富证券股份有限公司山南香曲东路证券营业部,10281327,1320240.0,0.0,1320240.0,ST、*ST证券连续三个交易日内收盘价格涨幅偏离值累计达到12%的证券,东财散户通道,拉萨天团/东财
600491,20260702,买入,东海证券股份有限公司南京分公司,10000583799,1013609.0,0.0,1013609.0,ST、*ST证券连续三个交易日内收盘价格涨幅偏离值累计达到12%的证券,其他营业部,
600491,20260702,买入,东方财富证券股份有限公司拉萨东环路第一证券营业部,10428246,979663.0,0.0,979663.0,ST、*ST证券连续三个交易日内收盘价格涨幅偏离值累计达到12%的证券,东财散户通道,拉萨天团/东财
600491,20260702,卖出,东方财富证券股份有限公司拉萨团结路第一证券营业部,10484371,0.0,1405953.0,-1405953.0,ST、*ST证券连续三个交易日内收盘价格涨幅偏离值累计达到12%的证券,东财散户通道,拉萨天团/东财
600491,20260702,卖出,东方财富证券股份有限公司拉萨东环路第二证券营业部,10472087,0.0,1388987.0,-1388987.0,ST、*ST证券连续三个交易日内收盘价格涨幅偏离值累计达到12%的证券,东财散户通道,拉萨天团/东财
600491,20260702,卖出,东方财富证券股份有限公司山南香曲东路证券营业部,10281327,0.0,1235007.0,-1235007.0,ST、*ST证券连续三个交易日内收盘价格涨幅偏离值累计达到12%的证券,东财散户通道,拉萨天团/东财
600491,20260702,卖出,长城证券股份有限公司北京西直门外大街证券营业部,10025275,0.0,970000.0,-970000.0,ST、*ST证券连续三个交易日内收盘价格涨幅偏离值累计达到12%的证券,其他营业部,
600491,20260702,卖出,东方财富证券股份有限公司拉萨金融城南环路证券营业部,10678762,0.0,905204.0,-905204.0,ST、*ST证券连续三个交易日内收盘价格涨幅偏离值累计达到12%的证券,东财散户通道,拉萨天团/东财
600664,20260710,买入,国泰海通证券股份有限公司南京太平南路证券营业部,10025054,124048015.0,0.0,124048015.0,有价格涨跌幅限制的日收盘价格涨幅偏离值达到7%的前五只证券,知名游资,作手新一
600664,20260710,买入,华鑫证券有限责任公司绍兴胜利东路证券营业部,10000170384,14792278.0,0.0,14792278.0,有价格涨跌幅限制的日收盘价格涨幅偏离值达到7%的前五只证券,其他营业部,
600664,20260710,买入,国泰海通证券股份有限公司连云港苍梧路证券营业部,10456373,10099890.0,0.0,10099890.0,有价格涨跌幅限制的日收盘价格涨幅偏离值达到7%的前五只证券,其他营业部,
600664,20260710,买入,国泰海通证券股份有限公司成都北一环路证券营业部,10026897,8681794.0,0.0,8681794.0,有价格涨跌幅限制的日收盘价格涨幅偏离值达到7%的前五只证券,知名游资,炒股养家
600664,20260710,买入,国新证券股份有限公司海南分公司,10511620,7817052.0,0.0,7817052.0,有价格涨跌幅限制的日收盘价格涨幅偏离值达到7%的前五只证券,其他营业部,
600664,20260710,卖出,平安证券股份有限公司贵阳诚信北路证券营业部,10000039704,0.0,26712035.4,-26712035.4,有价格涨跌幅限制的日收盘价格涨幅偏离值达到7%的前五只证券,其他营业部,
600664,20260710,卖出,华泰证券股份有限公司上海静安区广中西路证券营业部,10142714,0.0,3451409.0,-3451409.0,有价格涨跌幅限制的日收盘价格涨幅偏离值达到7%的前五只证券,其他营业部,
600664,20260710,卖出,广发证券股份有限公司西安未央路证券营业部,10423016,0.0,3097030.0,-3097030.0,有价格涨跌幅限制的日收盘价格涨幅偏离值达到7%的前五只证券,其他营业部,
600664,20260710,卖出,华泰证券股份有限公司长沙湘江中路证券营业部,10001661723,0.0,2926845.0,-2926845.0,有价格涨跌幅限制的日收盘价格涨幅偏离值达到7%的前五只证券,其他营业部,
600664,20260710,卖出,沪股通专用,10434470,0.0,2770247.0,-2770247.0,有价格涨跌幅限制的日收盘价格涨幅偏离值达到7%的前五只证券,北向资金,沪股通专用
600403,20260602,买入,开源证券股份有限公司西安太华路证券营业部,10477800,31127544.0,0.0,31127544.0,有价格涨跌幅限制的日收盘价格涨幅偏离值达到7%的前五只证券,知名游资,方新侠
600403,20260602,买入,开源证券股份有限公司西安太华路证券营业部,10477800,31127544.0,0.0,31127544.0,非ST、*ST和S证券连续三个交易日内收盘价格涨幅偏离值累计达到20%的证券,知名游资,方新侠
600403,20260602,买入,沪股通专用,10434470,23857417.0,0.0,23857417.0,非ST、*ST和S证券连续三个交易日内收盘价格涨幅偏离值累计达到20%的证券,北向资金,沪股通专用
600403,20260602,买入,国新证券股份有限公司北京中关村大街证券营业部,10919501,23263448.0,0.0,23263448.0,非ST、*ST和S证券连续三个交易日内收盘价格涨幅偏离值累计达到20%的证券,其他营业部,
600403,20260602,买入,国新证券股份有限公司北京中关村大街证券营业部,10919501,22912056.0,0.0,22912056.0,有价格涨跌幅限制的日收盘价格涨幅偏离值达到7%的前五只证券,其他营业部,
600403,20260602,买入,国新证券股份有限公司北京分公司,10485107,22427964.0,0.0,22427964.0,有价格涨跌幅限制的日收盘价格涨幅偏离值达到7%的前五只证券,其他营业部,
600403,20260602,买入,国新证券股份有限公司北京分公司,10485107,22427964.0,0.0,22427964.0,非ST、*ST和S证券连续三个交易日内收盘价格涨幅偏离值累计达到20%的证券,其他营业部,
600403,20260602,买入,华泰证券股份有限公司总部,10028451,20314322.0,0.0,20314322.0,非ST、*ST和S证券连续三个交易日内收盘价格涨幅偏离值累计达到20%的证券,其他营业部,
600403,20260602,买入,国金证券股份有限公司北京崇文门外大街证券营业部,10510717,9160416.0,0.0,9160416.0,有价格涨跌幅限制的日收盘价格涨幅偏离值达到7%的前五只证券,其他营业部,
600403,20260602,买入,东亚前海证券有限责任公司浙江分公司,10000011376,8418672.0,0.0,8418672.0,有价格涨跌幅限制的日收盘价格涨幅偏离值达到7%的前五只证券,其他营业部,
600403,20260602,卖出,沪股通专用,10434470,0.0,26868081.0,-26868081.0,非ST、*ST和S证券连续三个交易日内收盘价格涨幅偏离值累计达到20%的证券,北向资金,沪股通专用
600403,20260602,卖出,中信证券股份有限公司上海分公司,10135341,0.0,7017894.0,-7017894.0,非ST、*ST和S证券连续三个交易日内收盘价格涨幅偏离值累计达到20%的证券,其他营业部,
600403,20260602,卖出,沪股通专用,10434470,0.0,5650185.0,-5650185.0,有价格涨跌幅限制的日收盘价格涨幅偏离值达到7%的前五只证券,北向资金,沪股通专用
600403,20260602,卖出,机构专用,0,0.0,4351265.0,-4351265.0,非ST、*ST和S证券连续三个交易日内收盘价格涨幅偏离值累计达到20%的证券,机构,机构专用
600403,20260602,卖出,广发证券股份有限公司广州天河北路证券营业部,10023779,0.0,4260024.0,-4260024.0,非ST、*ST和S证券连续三个交易日内收盘价格涨幅偏离值累计达到20%的证券,其他营业部,
600403,20260602,卖出,国泰海通证券股份有限公司总部,10004865,0.0,4197476.0,-4197476.0,非ST、*ST和S证券连续三个交易日内收盘价格涨幅偏离值累计达到20%的证券,其他营业部,
600403,20260602,卖出,机构专用,0,0.0,3852540.0,-3852540.0,有价格涨跌幅限制的日收盘价格涨幅偏离值达到7%的前五只证券,机构,机构专用
600403,20260602,卖出,华鑫证券有限责任公司深圳益田路证券营业部,10495078,0.0,2291861.0,-2291861.0,有价格涨跌幅限制的日收盘价格涨幅偏离值达到7%的前五只证券,其他营业部,
600403,20260602,卖出,国都证券股份有限公司襄阳长虹路证券营业部,10456564,0.0,2282148.0,-2282148.0,有价格涨跌幅限制的日收盘价格涨幅偏离值达到7%的前五只证券,其他营业部,
600403,20260602,卖出,华西证券股份有限公司深圳海天一路证券营业部,10000130397,0.0,1856196.0,-1856196.0,有价格涨跌幅限制的日收盘价格涨幅偏离值达到7%的前五只证券,其他营业部,
600491,20260713,买入,中国银河证券股份有限公司台州黄岩委羽街证券营业部,10436667,2460000.0,0.0,2460000.0,非S证券连续三个交易日内收盘价格涨幅偏离值累计达到20%的证券,其他营业部,
600491,20260713,买入,东方财富证券股份有限公司拉萨团结路第二证券营业部,10495103,1530243.0,0.0,1530243.0,非S证券连续三个交易日内收盘价格涨幅偏离值累计达到20%的证券,东财散户通道,拉萨天团/东财
600491,20260713,买入,东方财富证券股份有限公司山南香曲东路证券营业部,10281327,1375140.0,0.0,1375140.0,非S证券连续三个交易日内收盘价格涨幅偏离值累计达到20%的证券,东财散户通道,拉萨天团/东财
600491,20260713,买入,中国中金财富证券有限公司杭州江河汇证券营业部,10185896,1230000.0,0.0,1230000.0,非S证券连续三个交易日内收盘价格涨幅偏离值累计达到20%的证券,其他营业部,
600491,20260713,买入,国泰海通证券股份有限公司深圳分公司,10046659,1228401.0,0.0,1228401.0,非S证券连续三个交易日内收盘价格涨幅偏离值累计达到20%的证券,其他营业部,
600491,20260713,卖出,东方财富证券股份有限公司拉萨金融城南环路证券营业部,10678762,0.0,2590188.0,-2590188.0,非S证券连续三个交易日内收盘价格涨幅偏离值累计达到20%的证券,东财散户通道,拉萨天团/东财
600491,20260713,卖出,招商证券股份有限公司广州粤海金融中心证券营业部,10198065,0.0,2459508.0,-2459508.0,非S证券连续三个交易日内收盘价格涨幅偏离值累计达到20%的证券,其他营业部,
600491,20260713,卖出,招商证券股份有限公司东莞鸿福路证券营业部,10046551,0.0,2113140.0,-2113140.0,非S证券连续三个交易日内收盘价格涨幅偏离值累计达到20%的证券,其他营业部,
600491,20260713,卖出,招商证券股份有限公司深圳兴科一路云城证券营业部,10635359,0.0,1844631.0,-1844631.0,非S证券连续三个交易日内收盘价格涨幅偏离值累计达到20%的证券,其他营业部,
600491,20260713,卖出,申万宏源证券有限公司南通分公司,10025460,0.0,1829257.23,-1829257.23,非S证券连续三个交易日内收盘价格涨幅偏离值累计达到20%的证券,其他营业部,
600403,20260601,买入,沪股通专用,10434470,23857417.0,0.0,23857417.0,有价格涨跌幅限制的日收盘价格涨幅偏离值达到7%的前五只证券,北向资金,沪股通专用
600403,20260601,买入,华泰证券股份有限公司总部,10028451,15492374.0,0.0,15492374.0,有价格涨跌幅限制的日收盘价格涨幅偏离值达到7%的前五只证券,其他营业部,
600403,20260601,买入,华鑫证券有限责任公司绍兴胜利东路证券营业部,10000170384,8529596.0,0.0,8529596.0,有价格涨跌幅限制的日收盘价格涨幅偏离值达到7%的前五只证券,其他营业部,
600403,20260601,买入,国泰海通证券股份有限公司总部,10004865,7720502.0,0.0,7720502.0,有价格涨跌幅限制的日收盘价格涨幅偏离值达到7%的前五只证券,其他营业部,
600403,20260601,买入,华鑫证券有限责任公司佛山南海海五路证券营业部,10000302200,3369360.0,0.0,3369360.0,有价格涨跌幅限制的日收盘价格涨幅偏离值达到7%的前五只证券,其他营业部,
600403,20260601,卖出,沪股通专用,10434470,0.0,21217896.0,-21217896.0,有价格涨跌幅限制的日收盘价格涨幅偏离值达到7%的前五只证券,北向资金,沪股通专用
600403,20260601,卖出,中信证券股份有限公司上海分公司,10135341,0.0,6826990.0,-6826990.0,有价格涨跌幅限制的日收盘价格涨幅偏离值达到7%的前五只证券,其他营业部,
600403,20260601,卖出,广发证券股份有限公司广州天河北路证券营业部,10023779,0.0,4233106.0,-4233106.0,有价格涨跌幅限制的日收盘价格涨幅偏离值达到7%的前五只证券,其他营业部,
600403,20260601,卖出,高盛(中国)证券有限责任公司上海浦东新区世纪大道证券营业部,10000399618,0.0,3948934.0,-3948934.0,有价格涨跌幅限制的日收盘价格涨幅偏离值达到7%的前五只证券,知名游资,T王
600403,20260601,卖出,中信证券股份有限公司深圳滨海大道证券营业部,10434522,0.0,3625310.0,-3625310.0,有价格涨跌幅限制的日收盘价格涨幅偏离值达到7%的前五只证券,其他营业部,
600397,20260617,买入,沪股通专用,10434470,208622930.0,0.0,208622930.0,非ST、*ST和S证券连续三个交易日内收盘价格涨幅偏离值累计达到20%的证券,北向资金,沪股通专用
600397,20260617,买入,高盛(中国)证券有限责任公司上海浦东新区世纪大道证券营业部,10000399618,73486921.2,0.0,73486921.2,非ST、*ST和S证券连续三个交易日内收盘价格涨幅偏离值累计达到20%的证券,知名游资,T王
600397,20260617,买入,机构专用,0,66997433.0,0.0,66997433.0,非ST、*ST和S证券连续三个交易日内收盘价格涨幅偏离值累计达到20%的证券,机构,机构专用
600397,20260617,买入,华泰证券股份有限公司总部,10028451,60039951.0,0.0,60039951.0,非ST、*ST和S证券连续三个交易日内收盘价格涨幅偏离值累计达到20%的证券,其他营业部,
600397,20260617,买入,中信证券股份有限公司上海分公司,10135341,59116241.0,0.0,59116241.0,非ST、*ST和S证券连续三个交易日内收盘价格涨幅偏离值累计达到20%的证券,其他营业部,
600397,20260617,卖出,沪股通专用,10434470,0.0,183832898.99,-183832898.99,非ST、*ST和S证券连续三个交易日内收盘价格涨幅偏离值累计达到20%的证券,北向资金,沪股通专用
600397,20260617,卖出,机构专用,0,0.0,57975508.34,-57975508.34,非ST、*ST和S证券连续三个交易日内收盘价格涨幅偏离值累计达到20%的证券,机构,机构专用
600397,20260617,卖出,中信证券股份有限公司上海分公司,10135341,0.0,51513801.0,-51513801.0,非ST、*ST和S证券连续三个交易日内收盘价格涨幅偏离值累计达到20%的证券,其他营业部,
600397,20260617,卖出,机构专用,0,0.0,47072425.0,-47072425.0,非ST、*ST和S证券连续三个交易日内收盘价格涨幅偏离值累计达到20%的证券,机构,机构专用
600397,20260617,卖出,华安证券股份有限公司南通站前东街证券营业部,10001643705,0.0,41725000.0,-41725000.0,非ST、*ST和S证券连续三个交易日内收盘价格涨幅偏离值累计达到20%的证券,其他营业部,
600403,20260604,买入,沪股通专用,10434470,22782225.0,0.0,22782225.0,非ST、*ST和S证券连续三个交易日内收盘价格涨幅偏离值累计达到20%的证券,北向资金,沪股通专用
600403,20260604,买入,国投证券股份有限公司深圳红荔西路证券营业部,10106430,22297075.0,0.0,22297075.0,非ST、*ST和S证券连续三个交易日内收盘价格涨幅偏离值累计达到20%的证券,其他营业部,
600403,20260604,买入,国信证券股份有限公司北京朝阳门证券营业部,10456772,16889608.0,0.0,16889608.0,非ST、*ST和S证券连续三个交易日内收盘价格涨幅偏离值累计达到20%的证券,其他营业部,
600403,20260604,买入,中国银河证券股份有限公司庄河世纪大街证券营业部,10436611,16072828.28,0.0,16072828.28,非ST、*ST和S证券连续三个交易日内收盘价格涨幅偏离值累计达到20%的证券,其他营业部,
600403,20260604,买入,广发证券股份有限公司西安南广济街证券营业部,10060377,13527027.0,0.0,13527027.0,非ST、*ST和S证券连续三个交易日内收盘价格涨幅偏离值累计达到20%的证券,其他营业部,
600403,20260604,卖出,沪股通专用,10434470,0.0,37275665.0,-37275665.0,非ST、*ST和S证券连续三个交易日内收盘价格涨幅偏离值累计达到20%的证券,北向资金,沪股通专用
600403,20260604,卖出,东吴证券股份有限公司太仓上海东路证券营业部,10141398,0.0,25125589.0,-25125589.0,非ST、*ST和S证券连续三个交易日内收盘价格涨幅偏离值累计达到20%的证券,其他营业部,
600403,20260604,卖出,国新证券股份有限公司北京中关村大街证券营业部,10919501,0.0,24567935.0,-24567935.0,非ST、*ST和S证券连续三个交易日内收盘价格涨幅偏离值累计达到20%的证券,其他营业部,
600403,20260604,卖出,国投证券股份有限公司深圳红荔西路证券营业部,10106430,0.0,24484100.0,-24484100.0,非ST、*ST和S证券连续三个交易日内收盘价格涨幅偏离值累计达到20%的证券,其他营业部,
600403,20260604,卖出,方正证券股份有限公司广西分公司,10194617,0.0,14616986.0,-14616986.0,非ST、*ST和S证券连续三个交易日内收盘价格涨幅偏离值累计达到20%的证券,其他营业部,
600403,20260608,买入,沪股通专用,10434470,98563019.76,0.0,98563019.76,非ST、*ST和S证券连续三个交易日内收盘价格涨幅偏离值累计达到20%的证券,北向资金,沪股通专用
600403,20260608,买入,光大证券股份有限公司宁波北仑新碶证券营业部,10144697,48149334.22,0.0,48149334.22,非ST、*ST和S证券连续三个交易日内收盘价格涨幅偏离值累计达到20%的证券,其他营业部,
600403,20260608,买入,信达证券股份有限公司无锡金融一街证券营业部,10668295,38478803.0,0.0,38478803.0,非ST、*ST和S证券连续三个交易日内收盘价格涨幅偏离值累计达到20%的证券,其他营业部,
600403,20260608,买入,华福证券股份有限公司富阳江滨西大道证券营业部,10913641,37877134.0,0.0,37877134.0,非ST、*ST和S证券连续三个交易日内收盘价格涨幅偏离值累计达到20%的证券,其他营业部,
600403,20260608,买入,高盛(中国)证券有限责任公司上海浦东新区世纪大道证券营业部,10000399618,37384217.3,0.0,37384217.3,非ST、*ST和S证券连续三个交易日内收盘价格涨幅偏离值累计达到20%的证券,知名游资,T王
600403,20260608,卖出,沪股通专用,10434470,0.0,95312034.45,-95312034.45,非ST、*ST和S证券连续三个交易日内收盘价格涨幅偏离值累计达到20%的证券,北向资金,沪股通专用
600403,20260608,卖出,光大证券股份有限公司宁波北仑新碶证券营业部,10144697,0.0,52882116.52,-52882116.52,非ST、*ST和S证券连续三个交易日内收盘价格涨幅偏离值累计达到20%的证券,其他营业部,
600403,20260608,卖出,高盛(中国)证券有限责任公司上海浦东新区世纪大道证券营业部,10000399618,0.0,43019216.48,-43019216.48,非ST、*ST和S证券连续三个交易日内收盘价格涨幅偏离值累计达到20%的证券,知名游资,T王
600403,20260608,卖出,开源证券股份有限公司西安太华路证券营业部,10477800,0.0,41256762.0,-41256762.0,非ST、*ST和S证券连续三个交易日内收盘价格涨幅偏离值累计达到20%的证券,知名游资,方新侠
600403,20260608,卖出,华泰证券股份有限公司总部,10028451,0.0,38765245.26,-38765245.26,非ST、*ST和S证券连续三个交易日内收盘价格涨幅偏离值累计达到20%的证券,其他营业部,
600397,20260623,买入,沪股通专用,10434470,252824186.59,0.0,252824186.59,非ST、*ST和S证券连续三个交易日内收盘价格涨幅偏离值累计达到20%的证券,北向资金,沪股通专用
600397,20260623,买入,机构专用,0,204924260.0,0.0,204924260.0,非ST、*ST和S证券连续三个交易日内收盘价格涨幅偏离值累计达到20%的证券,机构,机构专用
600397,20260623,买入,五矿证券有限公司东莞汇金路证券营业部,10399956,135419386.0,0.0,135419386.0,非ST、*ST和S证券连续三个交易日内收盘价格涨幅偏离值累计达到20%的证券,其他营业部,
600397,20260623,买入,高盛(中国)证券有限责任公司上海浦东新区世纪大道证券营业部,10000399618,114455962.0,0.0,114455962.0,非ST、*ST和S证券连续三个交易日内收盘价格涨幅偏离值累计达到20%的证券,知名游资,T王
600397,20260623,买入,广发证券股份有限公司广州马场路广发证券大厦证券营业部,10135364,100173817.0,0.0,100173817.0,非ST、*ST和S证券连续三个交易日内收盘价格涨幅偏离值累计达到20%的证券,其他营业部,
600397,20260623,卖出,国投证券股份有限公司佛山乐从证券营业部,10108229,0.0,83476184.0,-83476184.0,非ST、*ST和S证券连续三个交易日内收盘价格涨幅偏离值累计达到20%的证券,其他营业部,
600397,20260623,卖出,国泰海通证券股份有限公司烟台解放路证券营业部,10023377,0.0,73384868.0,-73384868.0,非ST、*ST和S证券连续三个交易日内收盘价格涨幅偏离值累计达到20%的证券,其他营业部,
600397,20260623,卖出,沪股通专用,10434470,0.0,72113320.0,-72113320.0,非ST、*ST和S证券连续三个交易日内收盘价格涨幅偏离值累计达到20%的证券,北向资金,沪股通专用
600397,20260623,卖出,国新证券股份有限公司北京分公司,10485107,0.0,67009592.0,-67009592.0,非ST、*ST和S证券连续三个交易日内收盘价格涨幅偏离值累计达到20%的证券,其他营业部,
600397,20260623,卖出,中泰证券股份有限公司烟台环山路证券营业部,10107983,0.0,53843858.0,-53843858.0,非ST、*ST和S证券连续三个交易日内收盘价格涨幅偏离值累计达到20%的证券,其他营业部,
600381,20260430,买入,东北证券股份有限公司广东分公司,10143917,4690188.0,0.0,4690188.0,ST、*ST证券连续三个交易日内收盘价格涨幅偏离值累计达到12%的证券,其他营业部,
600381,20260430,买入,中国银河证券股份有限公司广州东风中路证券营业部,10023585,1706580.0,0.0,1706580.0,ST、*ST证券连续三个交易日内收盘价格涨幅偏离值累计达到12%的证券,其他营业部,
600381,20260430,买入,国泰海通证券股份有限公司杭州新业路第一证券营业部,10541939,1615428.0,0.0,1615428.0,ST、*ST证券连续三个交易日内收盘价格涨幅偏离值累计达到12%的证券,其他营业部,
600381,20260430,买入,国泰海通证券股份有限公司成都北一环路证券营业部,10026897,1405508.0,0.0,1405508.0,ST、*ST证券连续三个交易日内收盘价格涨幅偏离值累计达到12%的证券,知名游资,炒股养家
600381,20260430,买入,中国银河证券股份有限公司广州机场路证券营业部,10436766,1402884.0,0.0,1402884.0,ST、*ST证券连续三个交易日内收盘价格涨幅偏离值累计达到12%的证券,其他营业部,
600381,20260430,卖出,中信证券华南股份有限公司广州临江大道证券营业部,10173089,0.0,1361049.0,-1361049.0,ST、*ST证券连续三个交易日内收盘价格涨幅偏离值累计达到12%的证券,其他营业部,
600381,20260430,卖出,东北证券股份有限公司长春西安大路证券营业部,10091969,0.0,1223300.0,-1223300.0,ST、*ST证券连续三个交易日内收盘价格涨幅偏离值累计达到12%的证券,其他营业部,
600381,20260430,卖出,华泰证券股份有限公司北京西三环国际财经中心证券营业部,10048188,0.0,1106554.1,-1106554.1,ST、*ST证券连续三个交易日内收盘价格涨幅偏离值累计达到12%的证券,其他营业部,
600381,20260430,卖出,国信证券股份有限公司北京分公司,10122926,0.0,1092214.0,-1092214.0,ST、*ST证券连续三个交易日内收盘价格涨幅偏离值累计达到12%的证券,其他营业部,
600381,20260430,卖出,中国银河证券股份有限公司格尔木昆仑南路证券营业部,10169980,0.0,1042953.22,-1042953.22,ST、*ST证券连续三个交易日内收盘价格涨幅偏离值累计达到12%的证券,其他营业部,
600381,20260513,买入,金融街证券股份有限公司沈阳奉天街证券营业部,10054782,3900662.0,0.0,3900662.0,ST、*ST证券连续三个交易日内收盘价格涨幅偏离值累计达到12%的证券,其他营业部,
600381,20260513,买入,东北证券股份有限公司重庆铜梁证券营业部,10028626,2661901.0,0.0,2661901.0,ST、*ST证券连续三个交易日内收盘价格涨幅偏离值累计达到12%的证券,其他营业部,
600381,20260513,买入,财通证券股份有限公司台州分公司,10484950,2185000.0,0.0,2185000.0,ST、*ST证券连续三个交易日内收盘价格涨幅偏离值累计达到12%的证券,其他营业部,
600381,20260513,买入,中信建投证券股份有限公司上海营口路证券营业部,10028716,1499784.0,0.0,1499784.0,ST、*ST证券连续三个交易日内收盘价格涨幅偏离值累计达到12%的证券,其他营业部,
600381,20260513,买入,方正证券股份有限公司温岭安平东路证券营业部,10355420,1237842.76,0.0,1237842.76,ST、*ST证券连续三个交易日内收盘价格涨幅偏离值累计达到12%的证券,其他营业部,
600381,20260513,卖出,上海证券有限责任公司杭州学院路证券营业部,10176801,0.0,2141300.0,-2141300.0,ST、*ST证券连续三个交易日内收盘价格涨幅偏离值累计达到12%的证券,其他营业部,
600381,20260513,卖出,开源证券股份有限公司西安长安路证券营业部,10113795,0.0,1573500.0,-1573500.0,ST、*ST证券连续三个交易日内收盘价格涨幅偏离值累计达到12%的证券,知名游资,方新侠
600381,20260513,卖出,申万宏源证券有限公司天津解放南路证券营业部,10025366,0.0,928450.0,-928450.0,ST、*ST证券连续三个交易日内收盘价格涨幅偏离值累计达到12%的证券,其他营业部,
600381,20260513,卖出,国泰海通证券股份有限公司成都龙腾东路证券营业部,10564259,0.0,893662.0,-893662.0,ST、*ST证券连续三个交易日内收盘价格涨幅偏离值累计达到12%的证券,其他营业部,
600381,20260513,卖出,中国银河证券股份有限公司深圳龙华证券营业部,10429565,0.0,889251.3,-889251.3,ST、*ST证券连续三个交易日内收盘价格涨幅偏离值累计达到12%的证券,其他营业部,
600381,20260508,买入,东北证券股份有限公司重庆铜梁证券营业部,10028626,4160000.0,0.0,4160000.0,ST、*ST证券连续三个交易日内收盘价格涨幅偏离值累计达到12%的证券,其他营业部,
600381,20260508,买入,光大证券股份有限公司宁波湾头路证券营业部,10384553,3709978.0,0.0,3709978.0,ST、*ST证券连续三个交易日内收盘价格涨幅偏离值累计达到12%的证券,其他营业部,
600381,20260508,买入,中信建投证券股份有限公司上海营口路证券营业部,10028716,3024583.0,0.0,3024583.0,ST、*ST证券连续三个交易日内收盘价格涨幅偏离值累计达到12%的证券,其他营业部,
600381,20260508,买入,东方财富证券股份有限公司拉萨东环路第二证券营业部,10472087,2852787.0,0.0,2852787.0,ST、*ST证券连续三个交易日内收盘价格涨幅偏离值累计达到12%的证券,东财散户通道,拉萨天团/东财
600381,20260508,买入,申万宏源证券有限公司广州汉溪大道东证券营业部,10400494,2329655.0,0.0,2329655.0,ST、*ST证券连续三个交易日内收盘价格涨幅偏离值累计达到12%的证券,其他营业部,
600381,20260508,卖出,上海证券有限责任公司杭州学院路证券营业部,10176801,0.0,4202395.0,-4202395.0,ST、*ST证券连续三个交易日内收盘价格涨幅偏离值累计达到12%的证券,其他营业部,
600381,20260508,卖出,第一创业证券股份有限公司北京和平里证券营业部,10338927,0.0,2856256.0,-2856256.0,ST、*ST证券连续三个交易日内收盘价格涨幅偏离值累计达到12%的证券,其他营业部,
600381,20260508,卖出,华创证券有限责任公司杭州同顺街证券营业部,10000170401,0.0,2646983.04,-2646983.04,ST、*ST证券连续三个交易日内收盘价格涨幅偏离值累计达到12%的证券,其他营业部,
600381,20260508,卖出,华泰证券股份有限公司上海黄浦区来福士广场证券营业部,10021773,0.0,2376179.9,-2376179.9,ST、*ST证券连续三个交易日内收盘价格涨幅偏离值累计达到12%的证券,其他营业部,
600381,20260508,卖出,华泰证券股份有限公司天津白堤路证券营业部,10089779,0.0,2320058.0,-2320058.0,ST、*ST证券连续三个交易日内收盘价格涨幅偏离值累计达到12%的证券,其他营业部,
600353,20260617,买入,国泰海通证券股份有限公司北京知春路证券营业部,10025390,114893122.0,0.0,114893122.0,非ST、*ST和S证券连续三个交易日内收盘价格涨幅偏离值累计达到20%的证券,其他营业部,
600353,20260617,买入,开源证券股份有限公司西安太华路证券营业部,10477800,90461416.8,0.0,90461416.8,非ST、*ST和S证券连续三个交易日内收盘价格涨幅偏离值累计达到20%的证券,知名游资,方新侠
600353,20260617,买入,中信证券股份有限公司上海溧阳路证券营业部,10045025,52314875.0,0.0,52314875.0,非ST、*ST和S证券连续三个交易日内收盘价格涨幅偏离值累计达到20%的证券,知名游资,孙哥
600353,20260617,买入,国泰海通证券股份有限公司湛江万豪世家证券营业部,10456753,50013624.0,0.0,50013624.0,非ST、*ST和S证券连续三个交易日内收盘价格涨幅偏离值累计达到20%的证券,其他营业部,
600353,20260617,买入,中信证券(山东)有限责任公司青岛南京路证券营业部,10066452,47539211.0,0.0,47539211.0,非ST、*ST和S证券连续三个交易日内收盘价格涨幅偏离值累计达到20%的证券,其他营业部,
600353,20260617,卖出,中信证券股份有限公司杭州延安路证券营业部,10046704,0.0,114558543.0,-114558543.0,非ST、*ST和S证券连续三个交易日内收盘价格涨幅偏离值累计达到20%的证券,知名游资,章盟主
600353,20260617,卖出,国泰海通证券股份有限公司总部,10004865,0.0,46361598.0,-46361598.0,非ST、*ST和S证券连续三个交易日内收盘价格涨幅偏离值累计达到20%的证券,其他营业部,
600353,20260617,卖出,沪股通专用,10434470,0.0,30110904.0,-30110904.0,非ST、*ST和S证券连续三个交易日内收盘价格涨幅偏离值累计达到20%的证券,北向资金,沪股通专用
600353,20260617,卖出,东莞证券股份有限公司苏州聚茂街证券营业部,10583882,0.0,23324717.0,-23324717.0,非ST、*ST和S证券连续三个交易日内收盘价格涨幅偏离值累计达到20%的证券,其他营业部,
600353,20260617,卖出,兴业证券股份有限公司上海政立路证券营业部,10435275,0.0,16830544.0,-16830544.0,非ST、*ST和S证券连续三个交易日内收盘价格涨幅偏离值累计达到20%的证券,其他营业部,
600272,20260810,买入,广发证券股份有限公司西安南广济街证券营业部,10060377,15127627.0,0.0,15127627.0,非S证券连续三个交易日内收盘价格涨幅偏离值累计达到20%的证券,其他营业部,
600272,20260810,买入,国新证券股份有限公司海南分公司,10511620,8347910.0,0.0,8347910.0,非S证券连续三个交易日内收盘价格涨幅偏离值累计达到20%的证券,其他营业部,
600272,20260810,买入,东亚前海证券有限责任公司四川分公司,10000242108,7926985.0,0.0,7926985.0,非S证券连续三个交易日内收盘价格涨幅偏离值累计达到20%的证券,其他营业部,
600272,20260810,买入,国泰海通证券股份有限公司总部,10004865,6460510.0,0.0,6460510.0,非S证券连续三个交易日内收盘价格涨幅偏离值累计达到20%的证券,其他营业部,
600272,20260810,买入,国新证券股份有限公司长沙韶山路证券营业部,10143353,6004647.0,0.0,6004647.0,非S证券连续三个交易日内收盘价格涨幅偏离值累计达到20%的证券,其他营业部,
600272,20260810,卖出,国泰海通证券股份有限公司总部,10004865,0.0,11078661.38,-11078661.38,非S证券连续三个交易日内收盘价格涨幅偏离值累计达到20%的证券,其他营业部,
600272,20260810,卖出,国新证券股份有限公司海南分公司,10511620,0.0,8561719.0,-8561719.0,非S证券连续三个交易日内收盘价格涨幅偏离值累计达到20%的证券,其他营业部,
600272,20260810,卖出,高盛(中国)证券有限责任公司上海浦东新区世纪大道证券营业部,10000399618,0.0,8515809.7,-8515809.7,非S证券连续三个交易日内收盘价格涨幅偏离值累计达到20%的证券,知名游资,T王
600272,20260810,卖出,摩根大通证券(中国)有限公司上海银城中路证券营业部,10000100571,0.0,8431710.7,-8431710.7,非S证券连续三个交易日内收盘价格涨幅偏离值累计达到20%的证券,其他营业部,
600272,20260810,卖出,中信证券股份有限公司上海分公司,10135341,0.0,8419541.0,-8419541.0,非S证券连续三个交易日内收盘价格涨幅偏离值累计达到20%的证券,其他营业部,
600272,20260811,买入,国泰海通证券股份有限公司北京中关村南大街证券营业部,10025071,15543000.0,0.0,15543000.0,有价格涨跌幅限制的日收盘价格涨幅偏离值达到7%的前五只证券,其他营业部,
600272,20260811,买入,国泰海通证券股份有限公司北京中关村南大街证券营业部,10025071,15543000.0,0.0,15543000.0,有价格涨跌幅限制的日换手率达到20%的前五只证券,其他营业部,
600272,20260811,买入,国泰海通证券股份有限公司成都龙腾东路证券营业部,10564259,15085255.4,0.0,15085255.4,有价格涨跌幅限制的日收盘价格涨幅偏离值达到7%的前五只证券,其他营业部,
600272,20260811,买入,国泰海通证券股份有限公司成都龙腾东路证券营业部,10564259,15085255.4,0.0,15085255.4,有价格涨跌幅限制的日换手率达到20%的前五只证券,其他营业部,
600272,20260811,买入,平安证券股份有限公司杭州曙光路证券营业部,10000136805,12396102.0,0.0,12396102.0,有价格涨跌幅限制的日收盘价格涨幅偏离值达到7%的前五只证券,其他营业部,
600272,20260811,买入,平安证券股份有限公司杭州曙光路证券营业部,10000136805,12396102.0,0.0,12396102.0,有价格涨跌幅限制的日换手率达到20%的前五只证券,其他营业部,
600272,20260811,买入,中国国际金融股份有限公司北京建国门外大街证券营业部,10050414,9619676.0,0.0,9619676.0,有价格涨跌幅限制的日收盘价格涨幅偏离值达到7%的前五只证券,其他营业部,
600272,20260811,买入,中国国际金融股份有限公司北京建国门外大街证券营业部,10050414,9619676.0,0.0,9619676.0,有价格涨跌幅限制的日换手率达到20%的前五只证券,其他营业部,
600272,20260811,买入,国泰海通证券股份有限公司总部,10004865,9256345.95,0.0,9256345.95,有价格涨跌幅限制的日收盘价格涨幅偏离值达到7%的前五只证券,其他营业部,
600272,20260811,买入,国泰海通证券股份有限公司总部,10004865,9256345.95,0.0,9256345.95,有价格涨跌幅限制的日换手率达到20%的前五只证券,其他营业部,
600272,20260811,卖出,方正证券股份有限公司深圳红岭北路证券营业部,10117525,0.0,20863101.2,-20863101.2,有价格涨跌幅限制的日收盘价格涨幅偏离值达到7%的前五只证券,其他营业部,
600272,20260811,卖出,方正证券股份有限公司深圳红岭北路证券营业部,10117525,0.0,20863101.2,-20863101.2,有价格涨跌幅限制的日换手率达到20%的前五只证券,其他营业部,
600272,20260811,卖出,广发证券股份有限公司西安南广济街证券营业部,10060377,0.0,16353369.4,-16353369.4,有价格涨跌幅限制的日收盘价格涨幅偏离值达到7%的前五只证券,其他营业部,
600272,20260811,卖出,广发证券股份有限公司西安南广济街证券营业部,10060377,0.0,16353369.4,-16353369.4,有价格涨跌幅限制的日换手率达到20%的前五只证券,其他营业部,
600272,20260811,卖出,广发证券股份有限公司盐城世纪大道证券营业部,10000351791,0.0,15633227.9,-15633227.9,有价格涨跌幅限制的日收盘价格涨幅偏离值达到7%的前五只证券,其他营业部,
600272,20260811,卖出,广发证券股份有限公司盐城世纪大道证券营业部,10000351791,0.0,15633227.9,-15633227.9,有价格涨跌幅限制的日换手率达到20%的前五只证券,其他营业部,
600272,20260811,卖出,长江证券股份有限公司大连分公司,10913146,0.0,11366800.0,-11366800.0,有价格涨跌幅限制的日收盘价格涨幅偏离值达到7%的前五只证券,其他营业部,
600272,20260811,卖出,长江证券股份有限公司大连分公司,10913146,0.0,11366800.0,-11366800.0,有价格涨跌幅限制的日换手率达到20%的前五只证券,其他营业部,
600272,20260811,卖出,东亚前海证券有限责任公司四川分公司,10000242108,0.0,8276950.0,-8276950.0,有价格涨跌幅限制的日收盘价格涨幅偏离值达到7%的前五只证券,其他营业部,
600272,20260811,卖出,东亚前海证券有限责任公司四川分公司,10000242108,0.0,8276950.0,-8276950.0,有价格涨跌幅限制的日换手率达到20%的前五只证券,其他营业部,
600381,20260515,买入,自然人,10000128629,424743300.0,0.0,424743300.0,连续10个交易日内4次出现同正向异常波动的证券,其他营业部,
600381,20260515,买入,其他自然人,10000128629,216891300.0,0.0,216891300.0,连续10个交易日内4次出现同正向异常波动的证券,其他营业部,
600381,20260515,买入,中小投资者,10000128629,207852000.0,0.0,207852000.0,连续10个交易日内4次出现同正向异常波动的证券,其他营业部,
600381,20260515,买入,机构,99999,33244900.0,0.0,33244900.0,连续10个交易日内4次出现同正向异常波动的证券,其他营业部,
600381,20260515,买入,东北证券股份有限公司重庆铜梁证券营业部,10028626,6057912.0,0.0,6057912.0,ST、*ST证券连续三个交易日内收盘价格涨幅偏离值累计达到12%的证券,其他营业部,
600381,20260515,买入,广发证券股份有限公司深圳广电金融中心证券营业部,10060883,5733451.0,0.0,5733451.0,ST、*ST证券连续三个交易日内收盘价格涨幅偏离值累计达到12%的证券,其他营业部,
600381,20260515,买入,中信建投证券股份有限公司上海营口路证券营业部,10028716,3886398.55,0.0,3886398.55,ST、*ST证券连续三个交易日内收盘价格涨幅偏离值累计达到12%的证券,其他营业部,
600381,20260515,买入,东方证券股份有限公司合肥梅山路证券营业部,10702248,3752120.0,0.0,3752120.0,ST、*ST证券连续三个交易日内收盘价格涨幅偏离值累计达到12%的证券,其他营业部,
600381,20260515,买入,东方财富证券股份有限公司拉萨东环路第二证券营业部,10472087,3501701.0,0.0,3501701.0,ST、*ST证券连续三个交易日内收盘价格涨幅偏离值累计达到12%的证券,东财散户通道,拉萨天团/东财
600381,20260515,买入,沪股通,99999,0.0,0.0,0.0,连续10个交易日内4次出现同正向异常波动的证券,北向资金,沪股通
600381,20260515,卖出,自然人,10000128629,0.0,435679100.0,-435679100.0,连续10个交易日内4次出现同正向异常波动的证券,其他营业部,
600381,20260515,卖出,中小投资者,10000128629,0.0,229086200.0,-229086200.0,连续10个交易日内4次出现同正向异常波动的证券,其他营业部,
600381,20260515,卖出,其他自然人,10000128629,0.0,206592900.0,-206592900.0,连续10个交易日内4次出现同正向异常波动的证券,其他营业部,
600381,20260515,卖出,机构,99999,0.0,22309100.0,-22309100.0,连续10个交易日内4次出现同正向异常波动的证券,其他营业部,
600381,20260515,卖出,开源证券股份有限公司西安长安路证券营业部,10113795,0.0,4951874.0,-4951874.0,ST、*ST证券连续三个交易日内收盘价格涨幅偏离值累计达到12%的证券,知名游资,方新侠
600381,20260515,卖出,金融街证券股份有限公司沈阳奉天街证券营业部,10054782,0.0,4845506.0,-4845506.0,ST、*ST证券连续三个交易日内收盘价格涨幅偏离值累计达到12%的证券,其他营业部,
600381,20260515,卖出,光大证券股份有限公司宁波湾头路证券营业部,10384553,0.0,4807083.0,-4807083.0,ST、*ST证券连续三个交易日内收盘价格涨幅偏离值累计达到12%的证券,其他营业部,
600381,20260515,卖出,中信建投证券股份有限公司上海营口路证券营业部,10028716,0.0,3841055.0,-3841055.0,ST、*ST证券连续三个交易日内收盘价格涨幅偏离值累计达到12%的证券,其他营业部,
600381,20260515,卖出,招商证券股份有限公司杭州天目山路证券营业部,10108628,0.0,3716899.0,-3716899.0,ST、*ST证券连续三个交易日内收盘价格涨幅偏离值累计达到12%的证券,其他营业部,
600381,20260515,卖出,沪股通,99999,0.0,0.0,0.0,连续10个交易日内4次出现同正向异常波动的证券,北向资金,沪股通
600272,20260812,买入,国泰海通证券股份有限公司成都龙腾东路证券营业部,10564259,45801913.4,0.0,45801913.4,非S证券连续三个交易日内收盘价格涨幅偏离值累计达到20%的证券,其他营业部,
600272,20260812,买入,国泰海通证券股份有限公司总部,10004865,31806452.91,0.0,31806452.91,非S证券连续三个交易日内收盘价格涨幅偏离值累计达到20%的证券,其他营业部,
600272,20260812,买入,国泰海通证券股份有限公司成都龙腾东路证券营业部,10564259,30716658.0,0.0,30716658.0,有价格涨跌幅限制的日换手率达到20%的前五只证券,其他营业部,
600272,20260812,买入,中国国际金融股份有限公司北京建国门外大街证券营业部,10050414,27075429.0,0.0,27075429.0,非S证券连续三个交易日内收盘价格涨幅偏离值累计达到20%的证券,其他营业部,
600272,20260812,买入,国泰海通证券股份有限公司总部,10004865,22550106.96,0.0,22550106.96,有价格涨跌幅限制的日换手率达到20%的前五只证券,其他营业部,
600272,20260812,买入,招商证券股份有限公司深圳益田路免税商务大厦证券营业部,10081709,21654074.0,0.0,21654074.0,非S证券连续三个交易日内收盘价格涨幅偏离值累计达到20%的证券,其他营业部,
600272,20260812,买入,高盛(中国)证券有限责任公司上海浦东新区世纪大道证券营业部,10000399618,21423851.0,0.0,21423851.0,非S证券连续三个交易日内收盘价格涨幅偏离值累计达到20%的证券,知名游资,T王
600272,20260812,买入,中国国际金融股份有限公司北京建国门外大街证券营业部,10050414,17455753.0,0.0,17455753.0,有价格涨跌幅限制的日换手率达到20%的前五只证券,其他营业部,
600272,20260812,买入,中国银河证券股份有限公司北京中关村大街证券营业部,10115140,17447309.82,0.0,17447309.82,有价格涨跌幅限制的日换手率达到20%的前五只证券,其他营业部,
600272,20260812,买入,中国国际金融股份有限公司上海分公司,10088113,16729541.0,0.0,16729541.0,有价格涨跌幅限制的日换手率达到20%的前五只证券,其他营业部,
600272,20260812,卖出,广发证券股份有限公司西安南广济街证券营业部,10060377,0.0,23145826.4,-23145826.4,非S证券连续三个交易日内收盘价格涨幅偏离值累计达到20%的证券,其他营业部,
600272,20260812,卖出,方正证券股份有限公司深圳红岭北路证券营业部,10117525,0.0,21124840.2,-21124840.2,非S证券连续三个交易日内收盘价格涨幅偏离值累计达到20%的证券,其他营业部,
600272,20260812,卖出,平安证券股份有限公司杭州曙光路证券营业部,10000136805,0.0,18133338.0,-18133338.0,非S证券连续三个交易日内收盘价格涨幅偏离值累计达到20%的证券,其他营业部,
600272,20260812,卖出,国泰海通证券股份有限公司总部,10004865,0.0,17521317.3,-17521317.3,非S证券连续三个交易日内收盘价格涨幅偏离值累计达到20%的证券,其他营业部,
600272,20260812,卖出,国泰海通证券股份有限公司成都龙腾东路证券营业部,10564259,0.0,16095938.89,-16095938.89,非S证券连续三个交易日内收盘价格涨幅偏离值累计达到20%的证券,其他营业部,
600272,20260812,卖出,国泰海通证券股份有限公司成都龙腾东路证券营业部,10564259,0.0,15986173.89,-15986173.89,有价格涨跌幅限制的日换手率达到20%的前五只证券,其他营业部,
600272,20260812,卖出,国泰海通证券股份有限公司北京中关村南大街证券营业部,10025071,0.0,15966148.94,-15966148.94,有价格涨跌幅限制的日换手率达到20%的前五只证券,其他营业部,
600272,20260812,卖出,平安证券股份有限公司杭州曙光路证券营业部,10000136805,0.0,14602203.0,-14602203.0,有价格涨跌幅限制的日换手率达到20%的前五只证券,其他营业部,
600272,20260812,卖出,国泰海通证券股份有限公司总部,10004865,0.0,13343589.44,-13343589.44,有价格涨跌幅限制的日换手率达到20%的前五只证券,其他营业部,
600272,20260812,卖出,中国国际金融股份有限公司北京建国门外大街证券营业部,10050414,0.0,12819263.82,-12819263.82,有价格涨跌幅限制的日换手率达到20%的前五只证券,其他营业部,
600265,20260528,买入,申港证券股份有限公司安徽分公司,10948131,1977321.0,0.0,1977321.0,ST、*ST证券连续三个交易日内收盘价格涨幅偏离值累计达到12%的证券,其他营业部,
600265,20260528,买入,华源证券股份有限公司北京分公司,10484404,1596672.0,0.0,1596672.0,ST、*ST证券连续三个交易日内收盘价格涨幅偏离值累计达到12%的证券,其他营业部,
600265,20260528,买入,华源证券股份有限公司湖北分公司,10509170,831750.0,0.0,831750.0,ST、*ST证券连续三个交易日内收盘价格涨幅偏离值累计达到12%的证券,其他营业部,
600265,20260528,买入,甬兴证券有限公司宁波和源路证券营业部,10000147202,663765.0,0.0,663765.0,ST、*ST证券连续三个交易日内收盘价格涨幅偏离值累计达到12%的证券,其他营业部,
600265,20260528,买入,华金证券股份有限公司青岛分公司,10519286,102028.0,0.0,102028.0,ST、*ST证券连续三个交易日内收盘价格涨幅偏离值累计达到12%的证券,其他营业部,
600265,20260528,卖出,中银国际证券股份有限公司上海虹口区东长治路证券营业部,10047162,0.0,494240.0,-494240.0,ST、*ST证券连续三个交易日内收盘价格涨幅偏离值累计达到12%的证券,其他营业部,
600265,20260528,卖出,中信建投证券股份有限公司杭州庆春路证券营业部,10033779,0.0,288796.0,-288796.0,ST、*ST证券连续三个交易日内收盘价格涨幅偏离值累计达到12%的证券,其他营业部,
600265,20260528,卖出,国泰海通证券股份有限公司深圳雅宝路证券营业部,10537511,0.0,256190.0,-256190.0,ST、*ST证券连续三个交易日内收盘价格涨幅偏离值累计达到12%的证券,其他营业部,
600265,20260528,卖出,平安证券股份有限公司上海巨鹿路证券营业部,10022101,0.0,218926.0,-218926.0,ST、*ST证券连续三个交易日内收盘价格涨幅偏离值累计达到12%的证券,其他营业部,
600265,20260528,卖出,东方财富证券股份有限公司日喀则山东路证券营业部,10685084,0.0,211200.0,-211200.0,ST、*ST证券连续三个交易日内收盘价格涨幅偏离值累计达到12%的证券,东财散户通道,拉萨天团/东财
600180,20260630,买入,华金证券股份有限公司青岛分公司,10519286,2323536.0,0.0,2323536.0,ST、*ST证券连续三个交易日内收盘价格涨幅偏离值累计达到12%的证券,其他营业部,
600180,20260630,买入,中国中金财富证券有限公司广州番禺东兴路证券营业部,10174528,981387.0,0.0,981387.0,ST、*ST证券连续三个交易日内收盘价格涨幅偏离值累计达到12%的证券,其他营业部,
600180,20260630,买入,方正证券股份有限公司温岭安平东路证券营业部,10355420,625000.0,0.0,625000.0,ST、*ST证券连续三个交易日内收盘价格涨幅偏离值累计达到12%的证券,其他营业部,
600180,20260630,买入,东亚前海证券有限责任公司四川分公司,10000242108,623250.0,0.0,623250.0,ST、*ST证券连续三个交易日内收盘价格涨幅偏离值累计达到12%的证券,其他营业部,
600180,20260630,买入,广发证券股份有限公司广州广州大道南证券营业部,10786412,622125.0,0.0,622125.0,ST、*ST证券连续三个交易日内收盘价格涨幅偏离值累计达到12%的证券,其他营业部,
600180,20260630,卖出,中信证券股份有限公司深圳深业上城证券营业部,10583026,0.0,452452.0,-452452.0,ST、*ST证券连续三个交易日内收盘价格涨幅偏离值累计达到12%的证券,其他营业部,
600180,20260630,卖出,湘财证券股份有限公司天津大沽北路证券营业部,10088314,0.0,369972.0,-369972.0,ST、*ST证券连续三个交易日内收盘价格涨幅偏离值累计达到12%的证券,其他营业部,
600180,20260630,卖出,中国中金财富证券有限公司上海长宁区红宝石路证券营业部,10023608,0.0,338887.0,-338887.0,ST、*ST证券连续三个交易日内收盘价格涨幅偏离值累计达到12%的证券,其他营业部,
600180,20260630,卖出,国泰海通证券股份有限公司重庆金龙路证券营业部,10030184,0.0,330625.0,-330625.0,ST、*ST证券连续三个交易日内收盘价格涨幅偏离值累计达到12%的证券,其他营业部,
600180,20260630,卖出,中信证券股份有限公司桐乡振兴东路证券营业部,10147191,0.0,315625.0,-315625.0,ST、*ST证券连续三个交易日内收盘价格涨幅偏离值累计达到12%的证券,其他营业部,
600265,20260602,买入,中信建投证券股份有限公司烟台南大街证券营业部,10091880,13475000.0,0.0,13475000.0,ST、*ST证券连续三个交易日内收盘价格涨幅偏离值累计达到12%的证券,其他营业部,
600265,20260602,买入,联储证券股份有限公司宁波分公司,10915756,7337825.0,0.0,7337825.0,ST、*ST证券连续三个交易日内收盘价格涨幅偏离值累计达到12%的证券,其他营业部,
600265,20260602,买入,华泰证券股份有限公司杭州解放东路证券营业部,10092832,6980793.0,0.0,6980793.0,ST、*ST证券连续三个交易日内收盘价格涨幅偏离值累计达到12%的证券,其他营业部,
600265,20260602,买入,中国中金财富证券有限公司南通如东青园北路证券营业部,10426963,6458730.0,0.0,6458730.0,ST、*ST证券连续三个交易日内收盘价格涨幅偏离值累计达到12%的证券,其他营业部,
600265,20260602,买入,中国银河证券股份有限公司青田临江东路证券营业部,10133779,6264090.0,0.0,6264090.0,ST、*ST证券连续三个交易日内收盘价格涨幅偏离值累计达到12%的证券,其他营业部,
600265,20260602,卖出,财通证券股份有限公司杭州东湖南路证券营业部,10082587,0.0,7765140.0,-7765140.0,ST、*ST证券连续三个交易日内收盘价格涨幅偏离值累计达到12%的证券,其他营业部,
600265,20260602,卖出,山西证券股份有限公司上海浦东新区滨江大道证券营业部,10055909,0.0,7156658.0,-7156658.0,ST、*ST证券连续三个交易日内收盘价格涨幅偏离值累计达到12%的证券,其他营业部,
600265,20260602,卖出,国泰海通证券股份有限公司上海宝山区牡丹江路证券营业部,10028446,0.0,7037647.0,-7037647.0,ST、*ST证券连续三个交易日内收盘价格涨幅偏离值累计达到12%的证券,其他营业部,
600265,20260602,卖出,东方财富证券股份有限公司昌都两江大道证券营业部,10342919,0.0,6407210.0,-6407210.0,ST、*ST证券连续三个交易日内收盘价格涨幅偏离值累计达到12%的证券,东财散户通道,拉萨天团/东财
600265,20260602,卖出,平安证券股份有限公司上海巨鹿路证券营业部,10022101,0.0,5660350.0,-5660350.0,ST、*ST证券连续三个交易日内收盘价格涨幅偏离值累计达到12%的证券,其他营业部,
600180,20260702,买入,东方财富证券股份有限公司拉萨团结路第二证券营业部,10495103,2711998.0,0.0,2711998.0,ST、*ST证券连续三个交易日内收盘价格涨幅偏离值累计达到12%的证券,东财散户通道,拉萨天团/东财
600180,20260702,买入,东方财富证券股份有限公司拉萨东环路第二证券营业部,10472087,1891877.0,0.0,1891877.0,ST、*ST证券连续三个交易日内收盘价格涨幅偏离值累计达到12%的证券,东财散户通道,拉萨天团/东财
600180,20260702,买入,东方财富证券股份有限公司拉萨东城区江苏大道证券营业部,10708576,1743741.0,0.0,1743741.0,ST、*ST证券连续三个交易日内收盘价格涨幅偏离值累计达到12%的证券,东财散户通道,拉萨天团/东财
600180,20260702,买入,东方财富证券股份有限公司昌都两江大道证券营业部,10342919,1346549.0,0.0,1346549.0,ST、*ST证券连续三个交易日内收盘价格涨幅偏离值累计达到12%的证券,东财散户通道,拉萨天团/东财
600180,20260702,买入,联储证券股份有限公司宁波分公司,10915756,1309214.0,0.0,1309214.0,ST、*ST证券连续三个交易日内收盘价格涨幅偏离值累计达到12%的证券,其他营业部,
600180,20260702,卖出,华金证券股份有限公司青岛分公司,10519286,0.0,2589870.0,-2589870.0,ST、*ST证券连续三个交易日内收盘价格涨幅偏离值累计达到12%的证券,其他营业部,
600180,20260702,卖出,五矿证券有限公司杭州中山北路证券营业部,10022014,0.0,1703000.0,-1703000.0,ST、*ST证券连续三个交易日内收盘价格涨幅偏离值累计达到12%的证券,其他营业部,
600180,20260702,卖出,光大证券股份有限公司泉州田安路证券营业部,10145535,0.0,1410346.0,-1410346.0,ST、*ST证券连续三个交易日内收盘价格涨幅偏离值累计达到12%的证券,其他营业部,
600180,20260702,卖出,东方财富证券股份有限公司拉萨金融城南环路证券营业部,10678762,0.0,1231203.0,-1231203.0,ST、*ST证券连续三个交易日内收盘价格涨幅偏离值累计达到12%的证券,东财散户通道,拉萨天团/东财
600180,20260702,卖出,中国中金财富证券有限公司广州番禺东兴路证券营业部,10174528,0.0,1113369.0,-1113369.0,ST、*ST证券连续三个交易日内收盘价格涨幅偏离值累计达到12%的证券,其他营业部,
600162,20260527,买入,东亚前海证券有限责任公司上海临港新片区分公司,10000583803,31741172.0,0.0,31741172.0,非ST、*ST和S证券连续三个交易日内收盘价格涨幅偏离值累计达到20%的证券,其他营业部,
600162,20260527,买入,中信建投证券股份有限公司北京回龙观西大街证券营业部,10325417,25569390.0,0.0,25569390.0,非ST、*ST和S证券连续三个交易日内收盘价格涨幅偏离值累计达到20%的证券,其他营业部,
600162,20260527,买入,国泰海通证券股份有限公司广州东风中路证券营业部,10025179,12612122.0,0.0,12612122.0,非ST、*ST和S证券连续三个交易日内收盘价格涨幅偏离值累计达到20%的证券,其他营业部,
600162,20260527,买入,国泰海通证券股份有限公司深圳华强北路证券营业部,10025466,9520203.0,0.0,9520203.0,非ST、*ST和S证券连续三个交易日内收盘价格涨幅偏离值累计达到20%的证券,其他营业部,
600162,20260527,买入,沪股通专用,10434470,9187469.4,0.0,9187469.4,非ST、*ST和S证券连续三个交易日内收盘价格涨幅偏离值累计达到20%的证券,北向资金,沪股通专用
600162,20260527,卖出,沪股通专用,10434470,0.0,14317118.4,-14317118.4,非ST、*ST和S证券连续三个交易日内收盘价格涨幅偏离值累计达到20%的证券,北向资金,沪股通专用
600162,20260527,卖出,华鑫证券有限责任公司成都交子大道证券营业部,10456795,0.0,9472817.0,-9472817.0,非ST、*ST和S证券连续三个交易日内收盘价格涨幅偏离值累计达到20%的证券,其他营业部,
600162,20260527,卖出,中国银河证券股份有限公司荆门证券营业部,10023516,0.0,8646658.0,-8646658.0,非ST、*ST和S证券连续三个交易日内收盘价格涨幅偏离值累计达到20%的证券,其他营业部,
600162,20260527,卖出,摩根大通证券(中国)有限公司上海银城中路证券营业部,10000100571,0.0,8475932.0,-8475932.0,非ST、*ST和S证券连续三个交易日内收盘价格涨幅偏离值累计达到20%的证券,其他营业部,
600162,20260527,卖出,华鑫证券有限责任公司绍兴胜利东路证券营业部,10000170384,0.0,5697153.0,-5697153.0,非ST、*ST和S证券连续三个交易日内收盘价格涨幅偏离值累计达到20%的证券,其他营业部,
600162,20260529,买入,华泰证券股份有限公司辽宁分公司,10485129,45145348.0,0.0,45145348.0,非ST、*ST和S证券连续三个交易日内收盘价格涨幅偏离值累计达到20%的证券,其他营业部,
600162,20260529,买入,天风证券股份有限公司浙江分公司,10570378,34639012.15,0.0,34639012.15,非ST、*ST和S证券连续三个交易日内收盘价格涨幅偏离值累计达到20%的证券,其他营业部,
600162,20260529,买入,兴业证券股份有限公司山东分公司,10484738,32618784.0,0.0,32618784.0,非ST、*ST和S证券连续三个交易日内收盘价格涨幅偏离值累计达到20%的证券,其他营业部,
600162,20260529,买入,国新证券股份有限公司北京分公司,10485107,31489142.0,0.0,31489142.0,非ST、*ST和S证券连续三个交易日内收盘价格涨幅偏离值累计达到20%的证券,其他营业部,
600162,20260529,买入,联储证券股份有限公司上海松林路证券营业部,10516788,22474566.0,0.0,22474566.0,非ST、*ST和S证券连续三个交易日内收盘价格涨幅偏离值累计达到20%的证券,其他营业部,
600162,20260529,卖出,东亚前海证券有限责任公司上海临港新片区分公司,10000583803,0.0,35362712.0,-35362712.0,非ST、*ST和S证券连续三个交易日内收盘价格涨幅偏离值累计达到20%的证券,其他营业部,
600162,20260529,卖出,华泰证券股份有限公司广州海珠广场证券营业部,10164093,0.0,23246164.0,-23246164.0,非ST、*ST和S证券连续三个交易日内收盘价格涨幅偏离值累计达到20%的证券,其他营业部,
600162,20260529,卖出,国新证券股份有限公司北京中关村大街证券营业部,10919501,0.0,22516648.12,-22516648.12,非ST、*ST和S证券连续三个交易日内收盘价格涨幅偏离值累计达到20%的证券,其他营业部,
600162,20260529,卖出,沪股通专用,10434470,0.0,19192588.13,-19192588.13,非ST、*ST和S证券连续三个交易日内收盘价格涨幅偏离值累计达到20%的证券,北向资金,沪股通专用
600162,20260529,卖出,摩根大通证券(中国)有限公司上海银城中路证券营业部,10000100571,0.0,14189329.86,-14189329.86,非ST、*ST和S证券连续三个交易日内收盘价格涨幅偏离值累计达到20%的证券,其他营业部,
300862,20260811,买入,东亚前海证券有限责任公司深圳分公司,10924068,7784028.0,0.0,7784028.0,日涨幅达到15%的前5只证券,其他营业部,
300862,20260811,买入,东亚前海证券有限责任公司深圳分公司,10924068,7784028.0,0.0,7784028.0,连续三个交易日内，涨幅偏离值累计达到30%的证券,其他营业部,
300862,20260811,买入,国新证券股份有限公司广州珠江东路证券营业部,10145335,6640509.4,0.0,6640509.4,日涨幅达到15%的前5只证券,其他营业部,
300862,20260811,买入,国新证券股份有限公司广州珠江东路证券营业部,10145335,6640509.4,0.0,6640509.4,连续三个交易日内，涨幅偏离值累计达到30%的证券,其他营业部,
300862,20260811,买入,信达证券股份有限公司常州金水岸证券营业部,10021880,6560156.0,0.0,6560156.0,连续三个交易日内，涨幅偏离值累计达到30%的证券,其他营业部,
300862,20260811,买入,东方证券股份有限公司合肥梅山路证券营业部,10702248,6389081.0,0.0,6389081.0,连续三个交易日内，涨幅偏离值累计达到30%的证券,其他营业部,
300862,20260811,买入,国泰海通证券股份有限公司宁波大闸南路证券营业部,10436570,3798731.78,0.0,3798731.78,连续三个交易日内，涨幅偏离值累计达到30%的证券,其他营业部,
300862,20260811,买入,中国银河证券股份有限公司北京通州证券营业部,10747453,2660364.0,0.0,2660364.0,日涨幅达到15%的前5只证券,其他营业部,
300862,20260811,卖出,机构专用,0,0.0,6671925.0,-6671925.0,连续三个交易日内，涨幅偏离值累计达到30%的证券,机构,机构专用
300862,20260811,卖出,中泰证券股份有限公司绍兴洋江西路证券营业部,10467567,0.0,1206649.0,-1206649.0,连续三个交易日内，涨幅偏离值累计达到30%的证券,其他营业部,
300862,20260811,卖出,机构专用,0,0.0,1031012.0,-1031012.0,连续三个交易日内，涨幅偏离值累计达到30%的证券,机构,机构专用
300862,20260811,卖出,中信证券股份有限公司大连分公司,10074420,0.0,827943.0,-827943.0,连续三个交易日内，涨幅偏离值累计达到30%的证券,其他营业部,
300862,20260811,卖出,南京证券股份有限公司温州市府路证券营业部,10000302209,0.0,823837.0,-823837.0,连续三个交易日内，涨幅偏离值累计达到30%的证券,知名游资,温州帮
300862,20260811,卖出,南京证券股份有限公司温州市府路证券营业部,10000302209,0.0,823837.0,-823837.0,日涨幅达到15%的前5只证券,知名游资,温州帮
300862,20260811,卖出,中信证券股份有限公司大连分公司,10074420,0.0,821100.0,-821100.0,日涨幅达到15%的前5只证券,其他营业部,
300862,20260811,卖出,兴业证券股份有限公司宁波分公司,10663019,0.0,629510.0,-629510.0,日涨幅达到15%的前5只证券,其他营业部,
300862,20260811,卖出,天风证券股份有限公司深圳分公司,10915765,0.0,574770.0,-574770.0,日涨幅达到15%的前5只证券,其他营业部,
300862,20260811,卖出,东方财富证券股份有限公司拉萨东环路第二证券营业部,10472087,0.0,443394.0,-443394.0,日涨幅达到15%的前5只证券,东财散户通道,拉萨天团/东财
300862,20260812,买入,中信证券股份有限公司北京京城大厦证券营业部,10434778,19704000.0,0.0,19704000.0,日涨幅达到15%的前5只证券,其他营业部,
300862,20260812,买入,山西证券股份有限公司浙江分公司,10737984,9825728.0,0.0,9825728.0,日涨幅达到15%的前5只证券,其他营业部,
300862,20260812,买入,国泰海通证券股份有限公司南宁民族大道证券营业部,10163378,9822444.0,9852.0,9812592.0,日涨幅达到15%的前5只证券,其他营业部,
300862,20260812,买入,国泰海通证券股份有限公司成都龙腾东路营业部,10564259,9806024.0,0.0,9806024.0,日涨幅达到15%的前5只证券,其他营业部,
300862,20260812,买入,信达证券股份有限公司上海黄浦区南京西路证券营业部,10104992,9743628.0,0.0,9743628.0,日涨幅达到15%的前5只证券,其他营业部,
300862,20260812,卖出,平安证券股份有限公司北京市分公司,10023369,0.0,3366100.0,-3366100.0,日涨幅达到15%的前5只证券,其他营业部,
300862,20260812,卖出,长城证券股份有限公司沈阳惠工街证券营业部,10171749,0.0,3359532.0,-3359532.0,日涨幅达到15%的前5只证券,其他营业部,
300862,20260812,卖出,中信证券华南股份有限公司佛山分公司,10052120,0.0,3284000.0,-3284000.0,日涨幅达到15%的前5只证券,其他营业部,
300862,20260812,卖出,中泰证券股份有限公司绍兴洋江西路证券营业部,10467567,0.0,1697828.0,-1697828.0,日涨幅达到15%的前5只证券,其他营业部,
300862,20260812,卖出,机构专用,0,0.0,1678124.0,-1678124.0,日涨幅达到15%的前5只证券,机构,机构专用
300862,20260810,买入,信达证券股份有限公司常州金水岸证券营业部,10021880,6560156.0,0.0,6560156.0,日涨幅达到15%的前5只证券,其他营业部,
300862,20260810,买入,东方证券股份有限公司合肥梅山路证券营业部,10702248,6389081.0,0.0,6389081.0,日涨幅达到15%的前5只证券,其他营业部,
300862,20260810,买入,国泰海通证券股份有限公司宁波大闸南路证券营业部,10436570,3798731.78,0.0,3798731.78,日涨幅达到15%的前5只证券,其他营业部,
300862,20260810,买入,国投证券股份有限公司福州分公司,10116663,3337103.0,0.0,3337103.0,日涨幅达到15%的前5只证券,其他营业部,
300862,20260810,卖出,机构专用,0,0.0,6671925.0,-6671925.0,日涨幅达到15%的前5只证券,机构,机构专用
300862,20260810,卖出,中泰证券股份有限公司绍兴洋江西路证券营业部,10467567,0.0,1206649.0,-1206649.0,日涨幅达到15%的前5只证券,其他营业部,
300862,20260810,卖出,机构专用,0,0.0,1031012.0,-1031012.0,日涨幅达到15%的前5只证券,机构,机构专用
300862,20260810,卖出,国泰海通证券股份有限公司重庆中山三路证券营业部,10023615,0.0,456200.0,-456200.0,日涨幅达到15%的前5只证券,其他营业部,
300862,20260810,卖出,国泰海通证券股份有限公司上海闵行区号文路证券营业部,10000584249,0.0,410580.0,-410580.0,日涨幅达到15%的前5只证券,其他营业部,
003040,20260824,买入,深股通专用,10634757,51594225.95,8706182.46,42888043.49,连续三个交易日内，涨幅偏离值累计达到20%的证券,北向资金,深股通专用
003040,20260824,买入,深股通专用,10634757,44400404.95,5755874.26,38644530.69,日涨幅偏离值达到7%的前5只证券,北向资金,深股通专用
003040,20260824,买入,国泰海通证券股份有限公司昆明人民中路证券营业部,10025200,28182126.0,29065037.63,-882911.63,连续三个交易日内，涨幅偏离值累计达到20%的证券,其他营业部,
003040,20260824,买入,华源证券股份有限公司江苏分公司,10484864,26601038.28,27082646.8,-481608.52,连续三个交易日内，涨幅偏离值累计达到20%的证券,其他营业部,
003040,20260824,买入,机构专用,0,22067068.3,1373026.0,20694042.3,连续三个交易日内，涨幅偏离值累计达到20%的证券,机构,机构专用
003040,20260824,买入,机构专用,0,21299548.3,1134534.0,20165014.3,日涨幅偏离值达到7%的前5只证券,机构,机构专用
003040,20260824,买入,机构专用,0,17875342.0,101828.0,17773514.0,连续三个交易日内，涨幅偏离值累计达到20%的证券,机构,机构专用
003040,20260824,买入,国泰海通证券股份有限公司成都龙腾东路营业部,10564259,15030812.34,2048849.0,12981963.34,日涨幅偏离值达到7%的前5只证券,其他营业部,
003040,20260824,买入,机构专用,0,14528959.0,100567.0,14428392.0,日涨幅偏离值达到7%的前5只证券,机构,机构专用
003040,20260824,买入,联储证券股份有限公司浙江分公司,10638001,12315471.0,70350.0,12245121.0,日涨幅偏离值达到7%的前5只证券,其他营业部,
003040,20260824,卖出,国泰海通证券股份有限公司昆明人民中路证券营业部,10025200,28182126.0,29065037.63,-882911.63,连续三个交易日内，涨幅偏离值累计达到20%的证券,其他营业部,
003040,20260824,卖出,国泰海通证券股份有限公司昆明人民中路证券营业部,10025200,157171.0,28950381.63,-28793210.63,日涨幅偏离值达到7%的前5只证券,其他营业部,
003040,20260824,卖出,华源证券股份有限公司江苏分公司,10484864,26601038.28,27082646.8,-481608.52,连续三个交易日内，涨幅偏离值累计达到20%的证券,其他营业部,
003040,20260824,卖出,华源证券股份有限公司江苏分公司,10484864,71757.0,27066019.8,-26994262.8,日涨幅偏离值达到7%的前5只证券,其他营业部,
003040,20260824,卖出,开源证券股份有限公司西安西大街证券营业部,10046745,15108098.17,19711426.61,-4603328.44,连续三个交易日内，涨幅偏离值累计达到20%的证券,知名游资,方新侠
003040,20260824,卖出,开源证券股份有限公司西安西大街证券营业部,10046745,45024.0,18082376.61,-18037352.61,日涨幅偏离值达到7%的前5只证券,知名游资,方新侠
003040,20260824,卖出,东莞证券股份有限公司福州长乐中路证券营业部,10925679,278506.0,16633395.0,-16354889.0,连续三个交易日内，涨幅偏离值累计达到20%的证券,其他营业部,
003040,20260824,卖出,平安证券股份有限公司绍兴解放大道证券营业部,10000001610,9994106.0,11025123.0,-1031017.0,连续三个交易日内，涨幅偏离值累计达到20%的证券,其他营业部,
003040,20260824,卖出,平安证券股份有限公司绍兴解放大道证券营业部,10000001610,0.0,11009775.0,-11009775.0,日涨幅偏离值达到7%的前5只证券,其他营业部,
003040,20260824,卖出,国泰海通证券股份有限公司上海长宁区江苏路证券营业部,10025080,533843.0,8258606.0,-7724763.0,日涨幅偏离值达到7%的前5只证券,知名游资,章盟主
300862,20260813,买入,自然人,10000128629,477876115.33,488174978.35,-10298863.02,严重异常期间日收盘价格涨幅偏离值累计达到100%的证券,其他营业部,
300862,20260813,买入,其他自然人,10000128629,404737830.33,332577315.24,72160515.09,严重异常期间日收盘价格涨幅偏离值累计达到100%的证券,其他营业部,
300862,20260813,买入,中小投资者,10000128629,73138285.0,155597663.11,-82459378.11,严重异常期间日收盘价格涨幅偏离值累计达到100%的证券,其他营业部,
300862,20260813,买入,机构投资者,10000128629,37645233.0,27346369.98,10298863.02,严重异常期间日收盘价格涨幅偏离值累计达到100%的证券,其他营业部,
300862,20260813,买入,华泰证券股份有限公司安徽分公司,10485117,33825603.0,0.0,33825603.0,连续三个交易日内，涨幅偏离值累计达到30%的证券,其他营业部,
300862,20260813,买入,中国中金财富证券有限公司深圳桃园路证券营业部,10028593,23586885.0,105090.0,23481795.0,连续三个交易日内，涨幅偏离值累计达到30%的证券,其他营业部,
300862,20260813,买入,国泰海通证券股份有限公司重庆民生路证券营业部,10030183,22633163.0,183909.0,22449254.0,连续三个交易日内，涨幅偏离值累计达到30%的证券,其他营业部,
300862,20260813,买入,信达证券股份有限公司上海黄浦区南京西路证券营业部,10104992,21468103.0,0.0,21468103.0,连续三个交易日内，涨幅偏离值累计达到30%的证券,其他营业部,
300862,20260813,买入,华鑫证券有限责任公司上海徐汇区云锦路证券营业部,10048457,19976929.0,0.0,19976929.0,连续三个交易日内，涨幅偏离值累计达到30%的证券,其他营业部,
300862,20260813,买入,深股通投资者,10000128629,0.0,0.0,0.0,严重异常期间日收盘价格涨幅偏离值累计达到100%的证券,北向资金,深股通投资者
300862,20260813,卖出,自然人,10000128629,477876115.33,488174978.35,-10298863.02,严重异常期间日收盘价格涨幅偏离值累计达到100%的证券,其他营业部,
300862,20260813,卖出,其他自然人,10000128629,404737830.33,332577315.24,72160515.09,严重异常期间日收盘价格涨幅偏离值累计达到100%的证券,其他营业部,
300862,20260813,卖出,中小投资者,10000128629,73138285.0,155597663.11,-82459378.11,严重异常期间日收盘价格涨幅偏离值累计达到100%的证券,其他营业部,
300862,20260813,卖出,招商证券股份有限公司江阴虹桥南路证券营业部,10456476,0.0,31701404.0,-31701404.0,连续三个交易日内，涨幅偏离值累计达到30%的证券,其他营业部,
300862,20260813,卖出,机构投资者,10000128629,37645233.0,27346369.98,10298863.02,严重异常期间日收盘价格涨幅偏离值累计达到100%的证券,其他营业部,
300862,20260813,卖出,中信证券股份有限公司北京国贸证券营业部,10045038,0.0,23283428.0,-23283428.0,连续三个交易日内，涨幅偏离值累计达到30%的证券,其他营业部,
300862,20260813,卖出,国泰海通证券股份有限公司江阴朝阳路证券营业部,10456363,0.0,22246945.0,-22246945.0,连续三个交易日内，涨幅偏离值累计达到30%的证券,其他营业部,
300862,20260813,卖出,东海证券股份有限公司溧阳分公司,10028779,0.0,16627079.0,-16627079.0,连续三个交易日内，涨幅偏离值累计达到30%的证券,其他营业部,
300862,20260813,卖出,第一创业证券股份有限公司长沙分公司,10057240,0.0,14640815.0,-14640815.0,连续三个交易日内，涨幅偏离值累计达到30%的证券,其他营业部,
300862,20260813,卖出,深股通投资者,10000128629,0.0,0.0,0.0,严重异常期间日收盘价格涨幅偏离值累计达到100%的证券,北向资金,深股通投资者
300862,20260814,买入,甬兴证券有限公司安徽分公司,10000923632,334253900.75,0.0,334253900.75,日涨幅达到15%的前5只证券,其他营业部,
300862,20260814,买入,甬兴证券有限公司安徽分公司,10000923632,334253900.75,0.0,334253900.75,日换手率达到30%的前5只证券,其他营业部,
300862,20260814,买入,浙商证券股份有限公司杭州五星路证券营业部,10949092,139547230.69,1750264.0,137796966.69,日涨幅达到15%的前5只证券,其他营业部,
300862,20260814,买入,浙商证券股份有限公司杭州五星路证券营业部,10949092,139547230.69,1750264.0,137796966.69,日换手率达到30%的前5只证券,其他营业部,
300862,20260814,买入,东兴证券股份有限公司重庆万州证券营业部,10000144337,78801217.17,79848009.0,-1046791.83,日涨幅达到15%的前5只证券,其他营业部,
300862,20260814,买入,东兴证券股份有限公司重庆万州证券营业部,10000144337,78801217.17,79848009.0,-1046791.83,日换手率达到30%的前5只证券,其他营业部,
300862,20260814,买入,国泰海通证券股份有限公司上海分公司,10201214,78562499.4,0.0,78562499.4,日涨幅达到15%的前5只证券,其他营业部,
300862,20260814,买入,国泰海通证券股份有限公司上海分公司,10201214,78562499.4,0.0,78562499.4,日换手率达到30%的前5只证券,其他营业部,
300862,20260814,买入,国泰海通证券股份有限公司上海自贸试验区第二分公司,10467900,60657159.6,0.0,60657159.6,日涨幅达到15%的前5只证券,其他营业部,
300862,20260814,买入,国泰海通证券股份有限公司上海自贸试验区第二分公司,10467900,60657159.6,0.0,60657159.6,日换手率达到30%的前5只证券,其他营业部,
300862,20260814,卖出,国泰海通证券股份有限公司绍兴劳动路证券营业部,10030188,403389.0,85407007.2,-85003618.2,日涨幅达到15%的前5只证券,其他营业部,
300862,20260814,卖出,国泰海通证券股份有限公司绍兴劳动路证券营业部,10030188,403389.0,85407007.2,-85003618.2,日换手率达到30%的前5只证券,其他营业部,
300862,20260814,卖出,东兴证券股份有限公司重庆万州证券营业部,10000144337,78801217.17,79848009.0,-1046791.83,日涨幅达到15%的前5只证券,其他营业部,
300862,20260814,卖出,东兴证券股份有限公司重庆万州证券营业部,10000144337,78801217.17,79848009.0,-1046791.83,日换手率达到30%的前5只证券,其他营业部,
300862,20260814,卖出,东海证券股份有限公司溧阳分公司,10028779,60257.0,72707791.0,-72647534.0,日涨幅达到15%的前5只证券,其他营业部,
300862,20260814,卖出,东海证券股份有限公司溧阳分公司,10028779,60257.0,72707791.0,-72647534.0,日换手率达到30%的前5只证券,其他营业部,
300862,20260814,卖出,华泰证券股份有限公司安徽分公司,10485117,135090.0,41309631.0,-41174541.0,日涨幅达到15%的前5只证券,其他营业部,
300862,20260814,卖出,华泰证券股份有限公司安徽分公司,10485117,135090.0,41309631.0,-41174541.0,日换手率达到30%的前5只证券,其他营业部,
300862,20260814,卖出,国信证券股份有限公司福州五一中路证券营业部,10046440,128472.0,37703289.2,-37574817.2,日涨幅达到15%的前5只证券,其他营业部,
300862,20260814,卖出,国信证券股份有限公司福州五一中路证券营业部,10046440,128472.0,37703289.2,-37574817.2,日换手率达到30%的前5只证券,其他营业部,
003032,20260728,买入,机构专用,0,17482848.0,1649967.0,15832881.0,连续三个交易日内，涨幅偏离值累计达到20%的证券,机构,机构专用
003032,20260728,买入,机构专用,0,14837539.0,5971450.0,8866089.0,连续三个交易日内，涨幅偏离值累计达到20%的证券,机构,机构专用
003032,20260728,买入,东方证券股份有限公司常熟李闸路证券营业部,10663857,7605197.0,3110681.0,4494516.0,连续三个交易日内，涨幅偏离值累计达到20%的证券,其他营业部,
003032,20260728,买入,机构专用,0,7526752.0,4975590.0,2551162.0,连续三个交易日内，涨幅偏离值累计达到20%的证券,机构,机构专用
003032,20260728,买入,东亚前海证券有限责任公司深圳分公司,10924068,6234716.0,0.0,6234716.0,连续三个交易日内，涨幅偏离值累计达到20%的证券,其他营业部,
003032,20260728,卖出,华林证券股份有限公司浏阳世纪大道证券营业部,10663001,0.0,9303748.0,-9303748.0,连续三个交易日内，涨幅偏离值累计达到20%的证券,其他营业部,
003032,20260728,卖出,机构专用,0,3759703.0,6499189.0,-2739486.0,连续三个交易日内，涨幅偏离值累计达到20%的证券,机构,机构专用
003032,20260728,卖出,机构专用,0,6127525.0,6113869.0,13656.0,连续三个交易日内，涨幅偏离值累计达到20%的证券,机构,机构专用
003032,20260728,卖出,机构专用,0,14837539.0,5971450.0,8866089.0,连续三个交易日内，涨幅偏离值累计达到20%的证券,机构,机构专用
003032,20260728,卖出,机构专用,0,7526752.0,4975590.0,2551162.0,连续三个交易日内，涨幅偏离值累计达到20%的证券,机构,机构专用
003040,20260826,买入,深股通专用,10634757,101263601.71,105341329.84,-4077728.13,连续三个交易日内，涨幅偏离值累计达到20%的证券,北向资金,深股通专用
003040,20260826,买入,国泰海通证券股份有限公司湛江万豪世家证券营业部,10456753,65213197.0,29235793.0,35977404.0,连续三个交易日内，涨幅偏离值累计达到20%的证券,其他营业部,
003040,20260826,买入,深股通专用,10634757,61877955.57,74430568.84,-12552613.27,日涨幅偏离值达到7%的前5只证券,北向资金,深股通专用
003040,20260826,买入,国新证券股份有限公司北京分公司,10485107,49532071.36,54443487.96,-4911416.6,连续三个交易日内，涨幅偏离值累计达到20%的证券,其他营业部,
003040,20260826,买入,国泰海通证券股份有限公司湛江万豪世家证券营业部,10456753,39150886.0,28502875.0,10648011.0,日涨幅偏离值达到7%的前5只证券,其他营业部,
003040,20260826,买入,机构专用,0,36896321.36,44122516.0,-7226194.64,连续三个交易日内，涨幅偏离值累计达到20%的证券,机构,机构专用
003040,20260826,买入,东莞证券股份有限公司武汉营业部,10000297997,26368688.0,828114.0,25540574.0,连续三个交易日内，涨幅偏离值累计达到20%的证券,其他营业部,
003040,20260826,买入,东莞证券股份有限公司武汉营业部,10000297997,25535022.0,754901.0,24780121.0,日涨幅偏离值达到7%的前5只证券,其他营业部,
003040,20260826,买入,机构专用,0,21291857.22,33950355.0,-12658497.78,日涨幅偏离值达到7%的前5只证券,机构,机构专用
003040,20260826,买入,东方财富证券股份有限公司拉萨金融城南环路证券营业部,10678762,16166220.25,10976549.11,5189671.14,日涨幅偏离值达到7%的前5只证券,东财散户通道,拉萨天团/东财
003040,20260826,卖出,深股通专用,10634757,101263601.71,105341329.84,-4077728.13,连续三个交易日内，涨幅偏离值累计达到20%的证券,北向资金,深股通专用
003040,20260826,卖出,深股通专用,10634757,61877955.57,74430568.84,-12552613.27,日涨幅偏离值达到7%的前5只证券,北向资金,深股通专用
003040,20260826,卖出,国新证券股份有限公司北京分公司,10485107,49532071.36,54443487.96,-4911416.6,连续三个交易日内，涨幅偏离值累计达到20%的证券,其他营业部,
003040,20260826,卖出,国新证券股份有限公司北京分公司,10485107,4740.0,54435747.96,-54431007.96,日涨幅偏离值达到7%的前5只证券,其他营业部,
003040,20260826,卖出,机构专用,0,36896321.36,44122516.0,-7226194.64,连续三个交易日内，涨幅偏离值累计达到20%的证券,机构,机构专用
003040,20260826,卖出,机构专用,0,16972192.25,35983108.54,-19010916.29,连续三个交易日内，涨幅偏离值累计达到20%的证券,机构,机构专用
003040,20260826,卖出,机构专用,0,21291857.22,33950355.0,-12658497.78,日涨幅偏离值达到7%的前5只证券,机构,机构专用
003040,20260826,卖出,机构专用,0,17934028.0,32304760.06,-14370732.06,连续三个交易日内，涨幅偏离值累计达到20%的证券,机构,机构专用
003040,20260826,卖出,机构专用,0,5698256.25,28521265.54,-22823009.29,日涨幅偏离值达到7%的前5只证券,机构,机构专用
003040,20260826,卖出,国泰海通证券股份有限公司湛江万豪世家证券营业部,10456753,39150886.0,28502875.0,10648011.0,日涨幅偏离值达到7%的前5只证券,其他营业部,
003032,20260804,买入,国盛证券股份有限公司杭州建设三路证券营业部,10109170,33347027.0,0.0,33347027.0,连续三个交易日内，涨幅偏离值累计达到20%的证券,其他营业部,
003032,20260804,买入,甬兴证券有限公司宁波和源路证券营业部,10000147202,29764773.0,91395.98,29673377.02,连续三个交易日内，涨幅偏离值累计达到20%的证券,其他营业部,
003032,20260804,买入,中国银河证券股份有限公司庄河世纪大街证券营业部,10436611,25649907.0,0.0,25649907.0,连续三个交易日内，涨幅偏离值累计达到20%的证券,其他营业部,
003032,20260804,买入,中国银河证券股份有限公司绍兴鲁迅中路证券营业部,10023543,22538182.0,240690.0,22297492.0,连续三个交易日内，涨幅偏离值累计达到20%的证券,知名游资,赵老哥
003032,20260804,买入,机构专用,0,21692323.0,515164.0,21177159.0,连续三个交易日内，涨幅偏离值累计达到20%的证券,机构,机构专用
003032,20260804,卖出,华泰证券股份有限公司上海武定路证券营业部,10098087,8994757.0,53954444.0,-44959687.0,连续三个交易日内，涨幅偏离值累计达到20%的证券,知名游资,大小说家
003032,20260804,卖出,中信证券股份有限公司杭州凤起路证券营业部,10046604,17586048.0,21254925.0,-3668877.0,连续三个交易日内，涨幅偏离值累计达到20%的证券,其他营业部,
003032,20260804,卖出,中信证券股份有限公司长兴明珠路证券营业部,10140897,17565378.0,19517092.0,-1951714.0,连续三个交易日内，涨幅偏离值累计达到20%的证券,其他营业部,
003032,20260804,卖出,华泰证券股份有限公司上海普陀区江宁路证券营业部,10079785,19950.0,17573401.0,-17553451.0,连续三个交易日内，涨幅偏离值累计达到20%的证券,其他营业部,
003032,20260804,卖出,东北证券股份有限公司长春卫星路证券营业部,10023635,9799738.0,13828176.0,-4028438.0,连续三个交易日内，涨幅偏离值累计达到20%的证券,其他营业部,
003032,20260730,买入,国泰海通证券股份有限公司南京太平南路证券营业部,10025054,19305403.28,20673640.0,-1368236.72,连续三个交易日内，涨幅偏离值累计达到20%的证券,知名游资,作手新一
003032,20260730,买入,东北证券股份有限公司长春卫星路证券营业部,10023635,12289481.0,0.0,12289481.0,连续三个交易日内，涨幅偏离值累计达到20%的证券,其他营业部,
003032,20260730,买入,中国中金财富证券有限公司南京汉中路证券营业部,10145195,8836593.0,0.0,8836593.0,连续三个交易日内，涨幅偏离值累计达到20%的证券,其他营业部,
003032,20260730,买入,机构专用,0,8736780.0,657340.0,8079440.0,连续三个交易日内，涨幅偏离值累计达到20%的证券,机构,机构专用
003032,20260730,买入,国泰海通证券股份有限公司东莞总部一路证券营业部,10000673606,7765680.0,0.0,7765680.0,连续三个交易日内，涨幅偏离值累计达到20%的证券,其他营业部,
003032,20260730,卖出,国泰海通证券股份有限公司南京太平南路证券营业部,10025054,19305403.28,20673640.0,-1368236.72,连续三个交易日内，涨幅偏离值累计达到20%的证券,知名游资,作手新一
003032,20260730,卖出,华泰证券股份有限公司上海武定路证券营业部,10098087,7006500.0,12799540.0,-5793040.0,连续三个交易日内，涨幅偏离值累计达到20%的证券,知名游资,大小说家
003032,20260730,卖出,华泰证券股份有限公司广州珠江西路证券营业部,10194296,22152.0,7420504.0,-7398352.0,连续三个交易日内，涨幅偏离值累计达到20%的证券,其他营业部,
003032,20260730,卖出,华泰证券股份有限公司西安锦业路证券营业部,10119353,5853193.0,6277700.0,-424507.0,连续三个交易日内，涨幅偏离值累计达到20%的证券,其他营业部,
003032,20260730,卖出,机构专用,0,37440.0,6239252.0,-6201812.0,连续三个交易日内，涨幅偏离值累计达到20%的证券,机构,机构专用
003032,20260805,买入,自然人,10000128629,1513348165.41,1619729986.01,-106381820.6,严重异常期间日收盘价格涨幅偏离值累计达到100%的证券,其他营业部,
003032,20260805,买入,其他自然人,10000128629,778975165.48,739134207.44,39840958.04,严重异常期间日收盘价格涨幅偏离值累计达到100%的证券,其他营业部,
003032,20260805,买入,中小投资者,10000128629,734372999.93,880595778.57,-146222778.64,严重异常期间日收盘价格涨幅偏离值累计达到100%的证券,其他营业部,
003032,20260805,买入,机构投资者,10000128629,447511397.99,341128404.39,106382993.6,严重异常期间日收盘价格涨幅偏离值累计达到100%的证券,其他营业部,
003032,20260805,买入,深股通投资者,10000128629,0.0,1173.0,-1173.0,严重异常期间日收盘价格涨幅偏离值累计达到100%的证券,北向资金,深股通投资者
003032,20260805,卖出,自然人,10000128629,1513348165.41,1619729986.01,-106381820.6,严重异常期间日收盘价格涨幅偏离值累计达到100%的证券,其他营业部,
003032,20260805,卖出,中小投资者,10000128629,734372999.93,880595778.57,-146222778.64,严重异常期间日收盘价格涨幅偏离值累计达到100%的证券,其他营业部,
003032,20260805,卖出,其他自然人,10000128629,778975165.48,739134207.44,39840958.04,严重异常期间日收盘价格涨幅偏离值累计达到100%的证券,其他营业部,
003032,20260805,卖出,机构投资者,10000128629,447511397.99,341128404.39,106382993.6,严重异常期间日收盘价格涨幅偏离值累计达到100%的证券,其他营业部,
003032,20260805,卖出,深股通投资者,10000128629,0.0,1173.0,-1173.0,严重异常期间日收盘价格涨幅偏离值累计达到100%的证券,北向资金,深股通投资者
002977,20260702,买入,中信证券股份有限公司苏州分公司,10045040,3309830.0,20862.0,3288968.0,连续三个交易日内，涨幅偏离值累计达到12%的ST证券、*ST证券和未完成股改证券,知名游资,苏州帮
002977,20260702,买入,中信证券股份有限公司上海嘉定区双单路证券营业部,10101330,2556754.0,0.0,2556754.0,连续三个交易日内，涨幅偏离值累计达到12%的ST证券、*ST证券和未完成股改证券,其他营业部,
002977,20260702,买入,华源证券股份有限公司江苏分公司,10484864,2262649.0,0.0,2262649.0,连续三个交易日内，涨幅偏离值累计达到12%的ST证券、*ST证券和未完成股改证券,其他营业部,
002977,20260702,买入,机构专用,0,763400.0,0.0,763400.0,连续三个交易日内，涨幅偏离值累计达到12%的ST证券、*ST证券和未完成股改证券,机构,机构专用
002977,20260702,买入,机构专用,0,493731.0,47960.0,445771.0,连续三个交易日内，涨幅偏离值累计达到12%的ST证券、*ST证券和未完成股改证券,机构,机构专用
002977,20260702,卖出,中泰证券股份有限公司宁波分公司,10425720,0.0,1215212.0,-1215212.0,连续三个交易日内，涨幅偏离值累计达到12%的ST证券、*ST证券和未完成股改证券,其他营业部,
002977,20260702,卖出,中信证券股份有限公司临海靖江中路证券营业部,10436585,0.0,644736.0,-644736.0,连续三个交易日内，涨幅偏离值累计达到12%的ST证券、*ST证券和未完成股改证券,其他营业部,
002977,20260702,卖出,机构专用,0,159361.0,552488.0,-393127.0,连续三个交易日内，涨幅偏离值累计达到12%的ST证券、*ST证券和未完成股改证券,机构,机构专用
002977,20260702,卖出,国金证券股份有限公司成都龙泉驿区龙平路证券营业部,10131688,0.0,452010.0,-452010.0,连续三个交易日内，涨幅偏离值累计达到12%的ST证券、*ST证券和未完成股改证券,其他营业部,
002977,20260702,卖出,中信证券股份有限公司上海黄浦区淮海中路证券营业部,10066376,0.0,441400.0,-441400.0,连续三个交易日内，涨幅偏离值累计达到12%的ST证券、*ST证券和未完成股改证券,其他营业部,
002963,20260804,买入,方正证券股份有限公司长沙留芳岭证券营业部,10116149,15058921.0,0.0,15058921.0,连续三个交易日内，涨幅偏离值累计达到20%的证券,其他营业部,
002963,20260804,买入,机构专用,0,12176762.0,0.0,12176762.0,连续三个交易日内，涨幅偏离值累计达到20%的证券,机构,机构专用
002963,20260804,买入,机构专用,0,9606617.0,9195162.0,411455.0,连续三个交易日内，涨幅偏离值累计达到20%的证券,机构,机构专用
002963,20260804,买入,机构专用,0,6023569.0,3731775.0,2291794.0,连续三个交易日内，涨幅偏离值累计达到20%的证券,机构,机构专用
002963,20260804,买入,机构专用,0,5995680.0,12768157.18,-6772477.18,连续三个交易日内，涨幅偏离值累计达到20%的证券,机构,机构专用
002963,20260804,卖出,机构专用,0,3866569.0,14193105.0,-10326536.0,连续三个交易日内，涨幅偏离值累计达到20%的证券,机构,机构专用
002963,20260804,卖出,机构专用,0,5995680.0,12768157.18,-6772477.18,连续三个交易日内，涨幅偏离值累计达到20%的证券,机构,机构专用
002963,20260804,卖出,华安证券股份有限公司合肥大通路证券营业部,10339093,0.0,10407891.0,-10407891.0,连续三个交易日内，涨幅偏离值累计达到20%的证券,其他营业部,
002963,20260804,卖出,机构专用,0,9606617.0,9195162.0,411455.0,连续三个交易日内，涨幅偏离值累计达到20%的证券,机构,机构专用
002963,20260804,卖出,机构专用,0,2792107.0,4757102.0,-1964995.0,连续三个交易日内，涨幅偏离值累计达到20%的证券,机构,机构专用
002918,20260512,买入,浙商证券股份有限公司宁波分公司,10484761,27545000.0,0.0,27545000.0,连续三个交易日内，涨幅偏离值累计达到20%的证券,其他营业部,
002918,20260512,买入,华源证券股份有限公司深圳分公司,10484869,22641578.0,0.0,22641578.0,连续三个交易日内，涨幅偏离值累计达到20%的证券,其他营业部,
002918,20260512,买入,爱建证券有限责任公司杭州富春路证券营业部,10511836,10102528.0,0.0,10102528.0,连续三个交易日内，涨幅偏离值累计达到20%的证券,知名游资,章盟主
002918,20260512,买入,东亚前海证券有限责任公司四川分公司,10000242108,8801522.0,0.0,8801522.0,连续三个交易日内，涨幅偏离值累计达到20%的证券,其他营业部,
002918,20260512,买入,国投证券股份有限公司上海浦东新区花园石桥路证券营业部,10561597,7286090.0,0.0,7286090.0,连续三个交易日内，涨幅偏离值累计达到20%的证券,其他营业部,
002918,20260512,卖出,机构专用,0,0.0,10099982.0,-10099982.0,连续三个交易日内，涨幅偏离值累计达到20%的证券,机构,机构专用
002918,20260512,卖出,华安证券股份有限公司重庆分公司,10670085,0.0,8317782.0,-8317782.0,连续三个交易日内，涨幅偏离值累计达到20%的证券,其他营业部,
002918,20260512,卖出,深股通专用,10634757,0.0,7530885.0,-7530885.0,连续三个交易日内，涨幅偏离值累计达到20%的证券,北向资金,深股通专用
002918,20260512,卖出,红塔证券股份有限公司重庆南坪证券营业部,10339092,0.0,6580000.0,-6580000.0,连续三个交易日内，涨幅偏离值累计达到20%的证券,其他营业部,
002918,20260512,卖出,招商证券股份有限公司北京车公庄西路证券营业部,10028688,0.0,5873418.0,-5873418.0,连续三个交易日内，涨幅偏离值累计达到20%的证券,其他营业部,
002879,20260723,买入,机构专用,0,13120313.0,16348174.3,-3227861.3,连续三个交易日内，涨幅偏离值累计达到20%的证券,机构,机构专用
002879,20260723,买入,机构专用,0,13009044.0,6288328.6,6720715.4,连续三个交易日内，涨幅偏离值累计达到20%的证券,机构,机构专用
002879,20260723,买入,国泰海通证券股份有限公司上海长宁区江苏路证券营业部,10025080,11020409.0,2848082.0,8172327.0,连续三个交易日内，涨幅偏离值累计达到20%的证券,知名游资,章盟主
002879,20260723,买入,国信证券股份有限公司浙江互联网分公司,10000213448,8065655.0,2787131.0,5278524.0,连续三个交易日内，涨幅偏离值累计达到20%的证券,量化/互联网席位,
002879,20260723,买入,东方财富证券股份有限公司拉萨东环路第二证券营业部,10472087,7732839.0,3244511.0,4488328.0,连续三个交易日内，涨幅偏离值累计达到20%的证券,东财散户通道,拉萨天团/东财
002879,20260723,卖出,机构专用,0,6279094.0,18175293.0,-11896199.0,连续三个交易日内，涨幅偏离值累计达到20%的证券,机构,机构专用
002879,20260723,卖出,东海证券股份有限公司福州长乐北路证券营业部,10913655,120000.0,17901925.0,-17781925.0,连续三个交易日内，涨幅偏离值累计达到20%的证券,其他营业部,
002879,20260723,卖出,机构专用,0,5813538.0,16381488.0,-10567950.0,连续三个交易日内，涨幅偏离值累计达到20%的证券,机构,机构专用
002879,20260723,卖出,机构专用,0,13120313.0,16348174.3,-3227861.3,连续三个交易日内，涨幅偏离值累计达到20%的证券,机构,机构专用
002879,20260723,卖出,机构专用,0,5654168.0,15542065.0,-9887897.0,连续三个交易日内，涨幅偏离值累计达到20%的证券,机构,机构专用
002918,20260514,买入,深股通专用,10634757,50563138.35,60894701.71,-10331563.36,连续三个交易日内，涨幅偏离值累计达到20%的证券,北向资金,深股通专用
002918,20260514,买入,平安证券股份有限公司杭州曙光路证券营业部,10000136805,31168154.0,3617995.0,27550159.0,连续三个交易日内，涨幅偏离值累计达到20%的证券,其他营业部,
002918,20260514,买入,国泰海通证券股份有限公司广州东风中路证券营业部,10025179,18972528.0,13112009.7,5860518.3,连续三个交易日内，涨幅偏离值累计达到20%的证券,其他营业部,
002918,20260514,买入,平安证券股份有限公司浙江分公司,10038679,17652702.0,2100606.0,15552096.0,连续三个交易日内，涨幅偏离值累计达到20%的证券,其他营业部,
002918,20260514,买入,华泰证券股份有限公司辽宁分公司,10485129,13555388.0,17361.0,13538027.0,连续三个交易日内，涨幅偏离值累计达到20%的证券,其他营业部,
002918,20260514,卖出,深股通专用,10634757,50563138.35,60894701.71,-10331563.36,连续三个交易日内，涨幅偏离值累计达到20%的证券,北向资金,深股通专用
002918,20260514,卖出,华源证券股份有限公司深圳分公司,10484869,10130.0,25234690.0,-25224560.0,连续三个交易日内，涨幅偏离值累计达到20%的证券,其他营业部,
002918,20260514,卖出,开源证券股份有限公司西安太华路证券营业部,10477800,0.0,21111863.68,-21111863.68,连续三个交易日内，涨幅偏离值累计达到20%的证券,知名游资,方新侠
002918,20260514,卖出,机构专用,0,9881884.0,15000156.3,-5118272.3,连续三个交易日内，涨幅偏离值累计达到20%的证券,机构,机构专用
002918,20260514,卖出,国泰海通证券股份有限公司广州东风中路证券营业部,10025179,18972528.0,13112009.7,5860518.3,连续三个交易日内，涨幅偏离值累计达到20%的证券,其他营业部,
002856,20260513,买入,粤开证券股份有限公司佛山顺德欢乐大道证券营业部,10176530,5938915.0,0.0,5938915.0,连续三个交易日内，涨幅偏离值累计达到12%的ST证券、*ST证券和未完成股改证券,其他营业部,
002856,20260513,买入,机构专用,0,5822541.0,11371869.04,-5549328.04,连续三个交易日内，涨幅偏离值累计达到12%的ST证券、*ST证券和未完成股改证券,机构,机构专用
002856,20260513,买入,东方财富证券股份有限公司拉萨团结路第一证券营业部,10484371,5431965.0,2639503.0,2792462.0,连续三个交易日内，涨幅偏离值累计达到12%的ST证券、*ST证券和未完成股改证券,东财散户通道,拉萨天团/东财
002856,20260513,买入,东方财富证券股份有限公司山南香曲东路证券营业部,10281327,5163434.0,5273121.0,-109687.0,连续三个交易日内，涨幅偏离值累计达到12%的ST证券、*ST证券和未完成股改证券,东财散户通道,拉萨天团/东财
002856,20260513,买入,东方财富证券股份有限公司拉萨东环路第二证券营业部,10472087,5067452.0,3576485.6,1490966.4,连续三个交易日内，涨幅偏离值累计达到12%的ST证券、*ST证券和未完成股改证券,东财散户通道,拉萨天团/东财
002856,20260513,卖出,机构专用,0,2144964.0,17279008.2,-15134044.2,连续三个交易日内，涨幅偏离值累计达到12%的ST证券、*ST证券和未完成股改证券,机构,机构专用
002856,20260513,卖出,机构专用,0,5822541.0,11371869.04,-5549328.04,连续三个交易日内，涨幅偏离值累计达到12%的ST证券、*ST证券和未完成股改证券,机构,机构专用
002856,20260513,卖出,机构专用,0,3734580.0,9668890.2,-5934310.2,连续三个交易日内，涨幅偏离值累计达到12%的ST证券、*ST证券和未完成股改证券,机构,机构专用
002856,20260513,卖出,国投证券股份有限公司佛山北滘怡欣路证券营业部,10537519,191318.0,6141840.0,-5950522.0,连续三个交易日内，涨幅偏离值累计达到12%的ST证券、*ST证券和未完成股改证券,其他营业部,
002856,20260513,卖出,机构专用,0,3847258.0,6141375.0,-2294117.0,连续三个交易日内，涨幅偏离值累计达到12%的ST证券、*ST证券和未完成股改证券,机构,机构专用
002879,20260727,买入,国泰海通证券股份有限公司北京知春路证券营业部,10025390,32434478.0,34322438.0,-1887960.0,连续三个交易日内，涨幅偏离值累计达到20%的证券,其他营业部,
002879,20260727,买入,机构专用,0,23288145.0,19133072.2,4155072.8,连续三个交易日内，涨幅偏离值累计达到20%的证券,机构,机构专用
002879,20260727,买入,机构专用,0,21632171.0,17137491.2,4494679.8,日振幅值达到15%的前5只证券,机构,机构专用
002879,20260727,买入,机构专用,0,21632171.0,17137491.2,4494679.8,日换手率达到20%的前5只证券,机构,机构专用
002879,20260727,买入,中国银河证券股份有限公司庄河世纪大街证券营业部,10436611,21302495.04,89930.0,21212565.04,连续三个交易日内，涨幅偏离值累计达到20%的证券,其他营业部,
002879,20260727,买入,中国银河证券股份有限公司庄河世纪大街证券营业部,10436611,21280835.04,61050.0,21219785.04,日振幅值达到15%的前5只证券,其他营业部,
002879,20260727,买入,中国银河证券股份有限公司庄河世纪大街证券营业部,10436611,21280835.04,61050.0,21219785.04,日换手率达到20%的前5只证券,其他营业部,
002879,20260727,买入,机构专用,0,17715417.2,8950158.25,8765258.95,连续三个交易日内，涨幅偏离值累计达到20%的证券,机构,机构专用
002879,20260727,买入,机构专用,0,14596683.2,7592326.25,7004356.95,日振幅值达到15%的前5只证券,机构,机构专用
002879,20260727,买入,机构专用,0,14596683.2,7592326.25,7004356.95,日换手率达到20%的前5只证券,机构,机构专用
002879,20260727,买入,东方财富证券股份有限公司昌都两江大道证券营业部,10342919,14044182.0,8332930.06,5711251.94,连续三个交易日内，涨幅偏离值累计达到20%的证券,东财散户通道,拉萨天团/东财
002879,20260727,买入,华泰证券股份有限公司北京东三环北路证券营业部,10079640,13368794.0,45194.0,13323600.0,日振幅值达到15%的前5只证券,其他营业部,
002879,20260727,买入,华泰证券股份有限公司北京东三环北路证券营业部,10079640,13368794.0,45194.0,13323600.0,日换手率达到20%的前5只证券,其他营业部,
002879,20260727,买入,国信证券股份有限公司浙江互联网分公司,10000213448,11959423.0,7310819.6,4648603.4,日振幅值达到15%的前5只证券,量化/互联网席位,
002879,20260727,买入,国信证券股份有限公司浙江互联网分公司,10000213448,11959423.0,7310819.6,4648603.4,日换手率达到20%的前5只证券,量化/互联网席位,
002879,20260727,卖出,国泰海通证券股份有限公司北京知春路证券营业部,10025390,32434478.0,34322438.0,-1887960.0,连续三个交易日内，涨幅偏离值累计达到20%的证券,其他营业部,
002879,20260727,卖出,国泰海通证券股份有限公司北京知春路证券营业部,10025390,226158.0,33100505.0,-32874347.0,日振幅值达到15%的前5只证券,其他营业部,
002879,20260727,卖出,国泰海通证券股份有限公司北京知春路证券营业部,10025390,226158.0,33100505.0,-32874347.0,日换手率达到20%的前5只证券,其他营业部,
002879,20260727,卖出,机构专用,0,23288145.0,19133072.2,4155072.8,连续三个交易日内，涨幅偏离值累计达到20%的证券,机构,机构专用
002879,20260727,卖出,机构专用,0,21632171.0,17137491.2,4494679.8,日振幅值达到15%的前5只证券,机构,机构专用
002879,20260727,卖出,机构专用,0,21632171.0,17137491.2,4494679.8,日换手率达到20%的前5只证券,机构,机构专用
002879,20260727,卖出,东方财富证券股份有限公司拉萨东环路第二证券营业部,10472087,9935608.16,13884627.0,-3949018.84,连续三个交易日内，涨幅偏离值累计达到20%的证券,东财散户通道,拉萨天团/东财
002879,20260727,卖出,平安证券股份有限公司浙江分公司,10038679,6231789.0,12446813.93,-6215024.93,连续三个交易日内，涨幅偏离值累计达到20%的证券,其他营业部,
002879,20260727,卖出,长江证券股份有限公司安阳紫薇大道证券营业部,10682329,9850.0,12296138.0,-12286288.0,日振幅值达到15%的前5只证券,其他营业部,
002879,20260727,卖出,长江证券股份有限公司安阳紫薇大道证券营业部,10682329,17070.0,12296138.0,-12279068.0,连续三个交易日内，涨幅偏离值累计达到20%的证券,其他营业部,
002879,20260727,卖出,长江证券股份有限公司安阳紫薇大道证券营业部,10682329,9850.0,12296138.0,-12286288.0,日换手率达到20%的前5只证券,其他营业部,
002879,20260727,卖出,东方财富证券股份有限公司拉萨东环路第二证券营业部,10472087,5957999.16,10325707.0,-4367707.84,日振幅值达到15%的前5只证券,东财散户通道,拉萨天团/东财
002879,20260727,卖出,东方财富证券股份有限公司拉萨东环路第二证券营业部,10472087,5957999.16,10325707.0,-4367707.84,日换手率达到20%的前5只证券,东财散户通道,拉萨天团/东财
002879,20260727,卖出,机构专用,0,14596683.2,7592326.25,7004356.95,日振幅值达到15%的前5只证券,机构,机构专用
002879,20260727,卖出,机构专用,0,14596683.2,7592326.25,7004356.95,日换手率达到20%的前5只证券,机构,机构专用
002856,20260515,买入,东方财富证券股份有限公司拉萨团结路第二证券营业部,10495103,14268732.0,1917225.0,12351507.0,连续三个交易日内，涨幅偏离值累计达到12%的ST证券、*ST证券和未完成股改证券,东财散户通道,拉萨天团/东财
002856,20260515,买入,中信建投证券股份有限公司上海营口路证券营业部,10028716,9580444.0,17550.0,9562894.0,连续三个交易日内，涨幅偏离值累计达到12%的ST证券、*ST证券和未完成股改证券,其他营业部,
002856,20260515,买入,联储证券股份有限公司陕西分公司,10067572,8284386.6,0.0,8284386.6,连续三个交易日内，涨幅偏离值累计达到12%的ST证券、*ST证券和未完成股改证券,其他营业部,
002856,20260515,买入,浙商证券股份有限公司绍兴平江路证券营业部,10483804,7890304.0,0.0,7890304.0,连续三个交易日内，涨幅偏离值累计达到12%的ST证券、*ST证券和未完成股改证券,知名游资,赵老哥
002856,20260515,买入,机构专用,0,7840321.0,10777697.0,-2937376.0,连续三个交易日内，涨幅偏离值累计达到12%的ST证券、*ST证券和未完成股改证券,机构,机构专用
002856,20260515,卖出,机构专用,0,4542591.0,11446990.2,-6904399.2,连续三个交易日内，涨幅偏离值累计达到12%的ST证券、*ST证券和未完成股改证券,机构,机构专用
002856,20260515,卖出,机构专用,0,7840321.0,10777697.0,-2937376.0,连续三个交易日内，涨幅偏离值累计达到12%的ST证券、*ST证券和未完成股改证券,机构,机构专用
002856,20260515,卖出,广发证券股份有限公司广州临江大道证券营业部,10000076948,83506.0,7265766.0,-7182260.0,连续三个交易日内，涨幅偏离值累计达到12%的ST证券、*ST证券和未完成股改证券,其他营业部,
002856,20260515,卖出,东方财富证券股份有限公司拉萨金融城南环路证券营业部,10678762,5527312.0,5784026.0,-256714.0,连续三个交易日内，涨幅偏离值累计达到12%的ST证券、*ST证券和未完成股改证券,东财散户通道,拉萨天团/东财
002856,20260515,卖出,东方财富证券股份有限公司拉萨东城区江苏大道证券营业部,10708576,4383760.0,5037536.6,-653776.6,连续三个交易日内，涨幅偏离值累计达到12%的ST证券、*ST证券和未完成股改证券,东财散户通道,拉萨天团/东财
002822,20260626,买入,中信建投证券股份有限公司上海营口路证券营业部,10028716,5795234.0,41334.0,5753900.0,连续三个交易日内，涨幅偏离值累计达到12%的ST证券、*ST证券和未完成股改证券,其他营业部,
002822,20260626,买入,中国银河证券股份有限公司青田临江东路证券营业部,10133779,2739300.0,0.0,2739300.0,连续三个交易日内，涨幅偏离值累计达到12%的ST证券、*ST证券和未完成股改证券,其他营业部,
002822,20260626,买入,机构专用,0,1636891.0,2256178.0,-619287.0,连续三个交易日内，涨幅偏离值累计达到12%的ST证券、*ST证券和未完成股改证券,机构,机构专用
002822,20260626,买入,天风证券股份有限公司乌鲁木齐卫星路证券营业部,10698513,1631823.04,0.0,1631823.04,连续三个交易日内，涨幅偏离值累计达到12%的ST证券、*ST证券和未完成股改证券,其他营业部,
002822,20260626,买入,东方财富证券股份有限公司拉萨团结路第一证券营业部,10484371,1545983.0,1673212.0,-127229.0,连续三个交易日内，涨幅偏离值累计达到12%的ST证券、*ST证券和未完成股改证券,东财散户通道,拉萨天团/东财
002822,20260626,卖出,中泰证券股份有限公司莱芜鲁中东大街证券营业部,10113586,0.0,3459587.0,-3459587.0,连续三个交易日内，涨幅偏离值累计达到12%的ST证券、*ST证券和未完成股改证券,其他营业部,
002822,20260626,卖出,国投证券股份有限公司郑州花园路证券营业部,10143732,0.0,3190000.0,-3190000.0,连续三个交易日内，涨幅偏离值累计达到12%的ST证券、*ST证券和未完成股改证券,其他营业部,
002822,20260626,卖出,上海证券有限责任公司静安区场中路证券营业部,10048448,149771.0,2847114.12,-2697343.12,连续三个交易日内，涨幅偏离值累计达到12%的ST证券、*ST证券和未完成股改证券,其他营业部,
002822,20260626,卖出,机构专用,0,1412161.9,2342111.0,-929949.1,连续三个交易日内，涨幅偏离值累计达到12%的ST证券、*ST证券和未完成股改证券,机构,机构专用
002822,20260626,卖出,机构专用,0,1636891.0,2256178.0,-619287.0,连续三个交易日内，涨幅偏离值累计达到12%的ST证券、*ST证券和未完成股改证券,机构,机构专用
002822,20260701,买入,东亚前海证券有限责任公司浙江分公司,10000011376,5298135.0,2280184.0,3017951.0,连续三个交易日内，涨幅偏离值累计达到12%的ST证券、*ST证券和未完成股改证券,其他营业部,
002822,20260701,买入,国泰海通证券股份有限公司成都蓉都大道证券营业部,10142833,4959344.0,0.0,4959344.0,连续三个交易日内，涨幅偏离值累计达到12%的ST证券、*ST证券和未完成股改证券,其他营业部,
002822,20260701,买入,中信建投证券股份有限公司上海营口路证券营业部,10028716,3567919.0,5419673.0,-1851754.0,连续三个交易日内，涨幅偏离值累计达到12%的ST证券、*ST证券和未完成股改证券,其他营业部,
002822,20260701,买入,机构专用,0,3547746.0,4871891.76,-1324145.76,连续三个交易日内，涨幅偏离值累计达到12%的ST证券、*ST证券和未完成股改证券,机构,机构专用
002822,20260701,买入,中国银河证券股份有限公司青田临江东路证券营业部,10133779,3323988.0,0.0,3323988.0,连续三个交易日内，涨幅偏离值累计达到12%的ST证券、*ST证券和未完成股改证券,其他营业部,
002822,20260701,卖出,中信建投证券股份有限公司上海营口路证券营业部,10028716,3567919.0,5419673.0,-1851754.0,连续三个交易日内，涨幅偏离值累计达到12%的ST证券、*ST证券和未完成股改证券,其他营业部,
002822,20260701,卖出,机构专用,0,3547746.0,4871891.76,-1324145.76,连续三个交易日内，涨幅偏离值累计达到12%的ST证券、*ST证券和未完成股改证券,机构,机构专用
002822,20260701,卖出,机构专用,0,1777305.88,3614667.0,-1837361.12,连续三个交易日内，涨幅偏离值累计达到12%的ST证券、*ST证券和未完成股改证券,机构,机构专用
002822,20260701,卖出,国信证券股份有限公司北京分公司,10122926,967479.0,2814375.0,-1846896.0,连续三个交易日内，涨幅偏离值累计达到12%的ST证券、*ST证券和未完成股改证券,其他营业部,
002822,20260701,卖出,国泰海通证券股份有限公司成都龙腾东路营业部,10564259,2779326.0,2648599.0,130727.0,连续三个交易日内，涨幅偏离值累计达到12%的ST证券、*ST证券和未完成股改证券,其他营业部,
002822,20260624,买入,山西证券股份有限公司浙江分公司,10737984,1294486.0,0.0,1294486.0,连续三个交易日内，涨幅偏离值累计达到12%的ST证券、*ST证券和未完成股改证券,其他营业部,
002822,20260624,买入,财通证券股份有限公司普陀山证券营业部,10000302189,1250000.0,0.0,1250000.0,连续三个交易日内，涨幅偏离值累计达到12%的ST证券、*ST证券和未完成股改证券,其他营业部,
002822,20260624,买入,世纪证券有限责任公司江苏分公司,10062394,1234750.0,0.0,1234750.0,连续三个交易日内，涨幅偏离值累计达到12%的ST证券、*ST证券和未完成股改证券,其他营业部,
002822,20260624,买入,华金证券股份有限公司珠海市分公司,10484308,1218750.0,0.0,1218750.0,连续三个交易日内，涨幅偏离值累计达到12%的ST证券、*ST证券和未完成股改证券,其他营业部,
002822,20260624,买入,国联民生证券股份有限公司宁波战船街证券营业部,10000152109,1125565.0,594.38,1124970.62,连续三个交易日内，涨幅偏离值累计达到12%的ST证券、*ST证券和未完成股改证券,其他营业部,
002822,20260624,卖出,国信证券股份有限公司杭州市心中路证券营业部,10040644,0.0,776000.0,-776000.0,连续三个交易日内，涨幅偏离值累计达到12%的ST证券、*ST证券和未完成股改证券,其他营业部,
002822,20260624,卖出,广发证券股份有限公司广州黄埔大道证券营业部,10030122,0.0,495136.0,-495136.0,连续三个交易日内，涨幅偏离值累计达到12%的ST证券、*ST证券和未完成股改证券,其他营业部,
002822,20260624,卖出,国投证券股份有限公司郑州花园路证券营业部,10143732,0.0,263000.0,-263000.0,连续三个交易日内，涨幅偏离值累计达到12%的ST证券、*ST证券和未完成股改证券,其他营业部,
002822,20260624,卖出,西部证券股份有限公司宝鸡红旗路证券营业部,10025215,0.0,250000.0,-250000.0,连续三个交易日内，涨幅偏离值累计达到12%的ST证券、*ST证券和未完成股改证券,其他营业部,
002822,20260624,卖出,光大证券股份有限公司江门发展大道证券营业部,10046610,0.0,250000.0,-250000.0,连续三个交易日内，涨幅偏离值累计达到12%的ST证券、*ST证券和未完成股改证券,其他营业部,
002717,20260604,买入,东莞证券股份有限公司四川分公司,10477736,1488162.0,0.0,1488162.0,连续三个交易日内，涨幅偏离值累计达到12%的ST证券、*ST证券和未完成股改证券,其他营业部,
002717,20260604,买入,东亚前海证券有限责任公司浙江分公司,10000011376,1472308.0,0.0,1472308.0,连续三个交易日内，涨幅偏离值累计达到12%的ST证券、*ST证券和未完成股改证券,其他营业部,
002717,20260604,买入,国泰海通证券股份有限公司芜湖文化路证券营业部,10456736,1034172.0,0.0,1034172.0,连续三个交易日内，涨幅偏离值累计达到12%的ST证券、*ST证券和未完成股改证券,其他营业部,
002717,20260604,买入,华泰证券股份有限公司厦门厦禾路证券营业部,10206041,1003899.5,0.0,1003899.5,连续三个交易日内，涨幅偏离值累计达到12%的ST证券、*ST证券和未完成股改证券,其他营业部,
002717,20260604,买入,联储证券股份有限公司宁波分公司,10915756,974610.0,0.0,974610.0,连续三个交易日内，涨幅偏离值累计达到12%的ST证券、*ST证券和未完成股改证券,其他营业部,
002717,20260604,卖出,东方财富证券股份有限公司拉萨金融城南环路证券营业部,10678762,261156.0,1133025.0,-871869.0,连续三个交易日内，涨幅偏离值累计达到12%的ST证券、*ST证券和未完成股改证券,东财散户通道,拉萨天团/东财
002717,20260604,卖出,东方财富证券股份有限公司昌都两江大道证券营业部,10342919,142559.0,1113609.0,-971050.0,连续三个交易日内，涨幅偏离值累计达到12%的ST证券、*ST证券和未完成股改证券,东财散户通道,拉萨天团/东财
002717,20260604,卖出,东方财富证券股份有限公司拉萨团结路第二证券营业部,10495103,172339.0,821438.0,-649099.0,连续三个交易日内，涨幅偏离值累计达到12%的ST证券、*ST证券和未完成股改证券,东财散户通道,拉萨天团/东财
002717,20260604,卖出,信达证券股份有限公司抚顺临江东路证券营业部,10386111,0.0,626592.0,-626592.0,连续三个交易日内，涨幅偏离值累计达到12%的ST证券、*ST证券和未完成股改证券,其他营业部,
002717,20260604,卖出,国泰海通证券股份有限公司南京广州路证券营业部,10048429,0.0,533746.0,-533746.0,连续三个交易日内，涨幅偏离值累计达到12%的ST证券、*ST证券和未完成股改证券,其他营业部,
002827,20260804,买入,深股通专用,10634757,199394552.0,53558379.89,145836172.11,连续三个交易日内，涨幅偏离值累计达到20%的证券,北向资金,深股通专用
002827,20260804,买入,浙商证券股份有限公司杭州五星路证券营业部,10949092,118176300.0,50416845.5,67759454.5,连续三个交易日内，涨幅偏离值累计达到20%的证券,其他营业部,
002827,20260804,买入,机构专用,0,80170034.71,14295706.0,65874328.71,连续三个交易日内，涨幅偏离值累计达到20%的证券,机构,机构专用
002827,20260804,买入,招商证券股份有限公司深圳益田路免税商务大厦证券营业部,10081709,67358353.0,1039495.0,66318858.0,连续三个交易日内，涨幅偏离值累计达到20%的证券,其他营业部,
002827,20260804,买入,机构专用,0,64633474.37,6493474.0,58140000.37,连续三个交易日内，涨幅偏离值累计达到20%的证券,机构,机构专用
002827,20260804,卖出,长城证券股份有限公司慈溪慈甬路证券营业部,10000104876,0.0,96310740.0,-96310740.0,连续三个交易日内，涨幅偏离值累计达到20%的证券,其他营业部,
002827,20260804,卖出,深股通专用,10634757,199394552.0,53558379.89,145836172.11,连续三个交易日内，涨幅偏离值累计达到20%的证券,北向资金,深股通专用
002827,20260804,卖出,浙商证券股份有限公司杭州五星路证券营业部,10949092,118176300.0,50416845.5,67759454.5,连续三个交易日内，涨幅偏离值累计达到20%的证券,其他营业部,
002827,20260804,卖出,华鑫证券有限责任公司上海陆家嘴证券营业部,10000055316,628495.0,39914193.21,-39285698.21,连续三个交易日内，涨幅偏离值累计达到20%的证券,其他营业部,
002827,20260804,卖出,华源证券股份有限公司江苏分公司,10484864,4848966.0,32921015.16,-28072049.16,连续三个交易日内，涨幅偏离值累计达到20%的证券,其他营业部,
002827,20260730,买入,华鑫证券有限责任公司上海陆家嘴证券营业部,10000055316,28427037.0,0.0,28427037.0,连续三个交易日内，涨幅偏离值累计达到20%的证券,其他营业部,
002827,20260730,买入,华源证券股份有限公司江苏分公司,10484864,23993757.24,0.0,23993757.24,连续三个交易日内，涨幅偏离值累计达到20%的证券,其他营业部,
002827,20260730,买入,财通证券股份有限公司温岭中华路证券营业部,10022026,14802543.0,44315.0,14758228.0,连续三个交易日内，涨幅偏离值累计达到20%的证券,其他营业部,
002827,20260730,买入,川财证券有限责任公司成都蜀锦路证券营业部,10342139,9290330.0,0.0,9290330.0,连续三个交易日内，涨幅偏离值累计达到20%的证券,其他营业部,
002827,20260730,买入,中信证券股份有限公司本溪东明路证券营业部,10467465,5909455.0,0.0,5909455.0,连续三个交易日内，涨幅偏离值累计达到20%的证券,其他营业部,
002827,20260730,卖出,中信证券股份有限公司宁波分公司,10138484,0.0,6293145.0,-6293145.0,连续三个交易日内，涨幅偏离值累计达到20%的证券,其他营业部,
002827,20260730,卖出,世纪证券有限责任公司南昌民德路证券营业部,10046816,0.0,3218710.0,-3218710.0,连续三个交易日内，涨幅偏离值累计达到20%的证券,其他营业部,
002827,20260730,卖出,中国银河证券股份有限公司南京洪武路证券营业部,10025298,0.0,3211280.0,-3211280.0,连续三个交易日内，涨幅偏离值累计达到20%的证券,其他营业部,
002827,20260730,卖出,深股通专用,10634757,0.0,1812606.0,-1812606.0,连续三个交易日内，涨幅偏离值累计达到20%的证券,北向资金,深股通专用
002827,20260730,卖出,东莞证券股份有限公司湖北分公司,10682464,0.0,1715425.0,-1715425.0,连续三个交易日内，涨幅偏离值累计达到20%的证券,其他营业部,
002717,20260608,买入,东方财富证券股份有限公司拉萨团结路第一证券营业部,10484371,7655303.0,6049349.6,1605953.4,连续三个交易日内，涨幅偏离值累计达到12%的ST证券、*ST证券和未完成股改证券,东财散户通道,拉萨天团/东财
002717,20260608,买入,东方财富证券股份有限公司拉萨金融城南环路证券营业部,10678762,5773356.0,5809943.0,-36587.0,连续三个交易日内，涨幅偏离值累计达到12%的ST证券、*ST证券和未完成股改证券,东财散户通道,拉萨天团/东财
002717,20260608,买入,东方财富证券股份有限公司山南香曲东路证券营业部,10281327,5283187.0,4795907.5,487279.5,连续三个交易日内，涨幅偏离值累计达到12%的ST证券、*ST证券和未完成股改证券,东财散户通道,拉萨天团/东财
002717,20260608,买入,东方财富证券股份有限公司拉萨团结路第二证券营业部,10495103,5169438.0,3963708.8,1205729.2,连续三个交易日内，涨幅偏离值累计达到12%的ST证券、*ST证券和未完成股改证券,东财散户通道,拉萨天团/东财
002717,20260608,买入,东方证券股份有限公司厦门仙岳路证券营业部,10492163,5116716.0,2626884.0,2489832.0,连续三个交易日内，涨幅偏离值累计达到12%的ST证券、*ST证券和未完成股改证券,其他营业部,
002717,20260608,卖出,东方财富证券股份有限公司拉萨团结路第一证券营业部,10484371,7655303.0,6049349.6,1605953.4,连续三个交易日内，涨幅偏离值累计达到12%的ST证券、*ST证券和未完成股改证券,东财散户通道,拉萨天团/东财
002717,20260608,卖出,东方财富证券股份有限公司拉萨金融城南环路证券营业部,10678762,5773356.0,5809943.0,-36587.0,连续三个交易日内，涨幅偏离值累计达到12%的ST证券、*ST证券和未完成股改证券,东财散户通道,拉萨天团/东财
002717,20260608,卖出,东方财富证券股份有限公司山南香曲东路证券营业部,10281327,5283187.0,4795907.5,487279.5,连续三个交易日内，涨幅偏离值累计达到12%的ST证券、*ST证券和未完成股改证券,东财散户通道,拉萨天团/东财
002717,20260608,卖出,东方财富证券股份有限公司拉萨团结路第二证券营业部,10495103,5169438.0,3963708.8,1205729.2,连续三个交易日内，涨幅偏离值累计达到12%的ST证券、*ST证券和未完成股改证券,东财散户通道,拉萨天团/东财
002717,20260608,卖出,东方财富证券股份有限公司拉萨东环路第一证券营业部,10428246,4056435.1,3660340.0,396095.1,连续三个交易日内，涨幅偏离值累计达到12%的ST证券、*ST证券和未完成股改证券,东财散户通道,拉萨天团/东财
002674,20260624,买入,东海证券股份有限公司青岛南京路证券营业部,10000526026,23341485.0,6498.0,23334987.0,连续三个交易日内，涨幅偏离值累计达到20%的证券,其他营业部,
002674,20260624,买入,中国中金财富证券有限公司广州天河路证券营业部,10023646,21926054.49,0.0,21926054.49,连续三个交易日内，涨幅偏离值累计达到20%的证券,其他营业部,
002674,20260624,买入,德邦证券股份有限公司宜昌沿江大道证券营业部,10000272777,8640174.0,0.0,8640174.0,连续三个交易日内，涨幅偏离值累计达到20%的证券,其他营业部,
002674,20260624,买入,金融街证券股份有限公司上海第一分公司,10040886,7678470.0,136470.0,7542000.0,连续三个交易日内，涨幅偏离值累计达到20%的证券,其他营业部,
002674,20260624,买入,华泰证券股份有限公司安徽分公司,10485117,5218770.0,14298.0,5204472.0,连续三个交易日内，涨幅偏离值累计达到20%的证券,其他营业部,
002674,20260624,卖出,中国中金财富证券有限公司深圳五和大道证券营业部,10146329,0.0,16661936.0,-16661936.0,连续三个交易日内，涨幅偏离值累计达到20%的证券,其他营业部,
002674,20260624,卖出,广发证券股份有限公司上海漕溪北路证券营业部,10022061,0.0,3249000.0,-3249000.0,连续三个交易日内，涨幅偏离值累计达到20%的证券,其他营业部,
002674,20260624,卖出,华泰证券股份有限公司常州和平北路证券营业部,10124413,0.0,2857217.0,-2857217.0,连续三个交易日内，涨幅偏离值累计达到20%的证券,其他营业部,
002674,20260624,卖出,中国中金财富证券有限公司晋江世纪大道证券营业部,10136993,0.0,2383071.49,-2383071.49,连续三个交易日内，涨幅偏离值累计达到20%的证券,其他营业部,
002674,20260624,卖出,国泰海通证券股份有限公司北京通州新华西街证券营业部,10145581,0.0,2285297.0,-2285297.0,连续三个交易日内，涨幅偏离值累计达到20%的证券,其他营业部,
002674,20260622,买入,机构专用,0,33219472.0,30386760.0,2832712.0,连续三个交易日内，涨幅偏离值累计达到20%的证券,机构,机构专用
002674,20260622,买入,机构专用,0,26261099.0,12885967.0,13375132.0,连续三个交易日内，涨幅偏离值累计达到20%的证券,机构,机构专用
002674,20260622,买入,兴业证券股份有限公司长汀卧龙路证券营业部,10594203,25752591.0,30430.0,25722161.0,连续三个交易日内，涨幅偏离值累计达到20%的证券,其他营业部,
002674,20260622,买入,机构专用,0,23004624.35,29988574.0,-6983949.65,连续三个交易日内，涨幅偏离值累计达到20%的证券,机构,机构专用
002674,20260622,买入,机构专用,0,22884564.0,16523467.99,6361096.01,连续三个交易日内，涨幅偏离值累计达到20%的证券,机构,机构专用
002674,20260622,卖出,机构专用,0,33219472.0,30386760.0,2832712.0,连续三个交易日内，涨幅偏离值累计达到20%的证券,机构,机构专用
002674,20260622,卖出,机构专用,0,23004624.35,29988574.0,-6983949.65,连续三个交易日内，涨幅偏离值累计达到20%的证券,机构,机构专用
002674,20260622,卖出,机构专用,0,22884564.0,16523467.99,6361096.01,连续三个交易日内，涨幅偏离值累计达到20%的证券,机构,机构专用
002674,20260622,卖出,机构专用,0,12353542.0,15147315.0,-2793773.0,连续三个交易日内，涨幅偏离值累计达到20%的证券,机构,机构专用
002674,20260622,卖出,中国银河证券股份有限公司襄阳证券营业部,10025302,144337.0,13727823.0,-13583486.0,连续三个交易日内，涨幅偏离值累计达到20%的证券,其他营业部,
002674,20260626,买入,国投证券股份有限公司上海黄浦区中山东二路证券营业部,10104825,32062693.0,172980.0,31889713.0,连续三个交易日内，涨幅偏离值累计达到20%的证券,其他营业部,
002674,20260626,买入,华泰证券股份有限公司安徽分公司,10485117,23882772.0,27782.0,23854990.0,连续三个交易日内，涨幅偏离值累计达到20%的证券,其他营业部,
002674,20260626,买入,华源证券股份有限公司江苏分公司,10484864,19154652.0,0.0,19154652.0,连续三个交易日内，涨幅偏离值累计达到20%的证券,其他营业部,
002674,20260626,买入,华林证券股份有限公司厦门分公司,10467425,14602395.0,0.0,14602395.0,连续三个交易日内，涨幅偏离值累计达到20%的证券,其他营业部,
002674,20260626,买入,华泰证券股份有限公司上海武定路证券营业部,10098087,13351173.0,86490.0,13264683.0,连续三个交易日内，涨幅偏离值累计达到20%的证券,知名游资,大小说家
002674,20260626,卖出,长江证券股份有限公司襄阳建华路证券营业部,10117603,0.0,51874172.0,-51874172.0,连续三个交易日内，涨幅偏离值累计达到20%的证券,其他营业部,
002674,20260626,卖出,国泰海通证券股份有限公司广州珠江西路证券营业部,10176522,0.0,13668515.0,-13668515.0,连续三个交易日内，涨幅偏离值累计达到20%的证券,其他营业部,
002674,20260626,卖出,东吴证券股份有限公司上海浦东新区银城中路证券营业部,10000614971,0.0,12186441.0,-12186441.0,连续三个交易日内，涨幅偏离值累计达到20%的证券,其他营业部,
002674,20260626,卖出,申万宏源证券有限公司上海浦东新区成山路证券营业部,10119212,0.0,10116194.0,-10116194.0,连续三个交易日内，涨幅偏离值累计达到20%的证券,其他营业部,
002674,20260626,卖出,中国中金财富证券有限公司深圳五和大道证券营业部,10146329,0.0,9187915.0,-9187915.0,连续三个交易日内，涨幅偏离值累计达到20%的证券,其他营业部,
002552,20260806,买入,深股通专用,10634757,165697168.0,339816806.0,-174119638.0,连续三个交易日内，涨幅偏离值累计达到20%的证券,北向资金,深股通专用
002552,20260806,买入,机构专用,0,91539389.0,0.0,91539389.0,连续三个交易日内，涨幅偏离值累计达到20%的证券,机构,机构专用
002552,20260806,买入,机构专用,0,42261394.0,90390348.0,-48128954.0,连续三个交易日内，涨幅偏离值累计达到20%的证券,机构,机构专用
002552,20260806,买入,机构专用,0,41448026.0,42743599.0,-1295573.0,连续三个交易日内，涨幅偏离值累计达到20%的证券,机构,机构专用
002552,20260806,买入,机构专用,0,31119313.0,55202988.0,-24083675.0,连续三个交易日内，涨幅偏离值累计达到20%的证券,机构,机构专用
002552,20260806,卖出,深股通专用,10634757,165697168.0,339816806.0,-174119638.0,连续三个交易日内，涨幅偏离值累计达到20%的证券,北向资金,深股通专用
002552,20260806,卖出,机构专用,0,42261394.0,90390348.0,-48128954.0,连续三个交易日内，涨幅偏离值累计达到20%的证券,机构,机构专用
002552,20260806,卖出,机构专用,0,31119313.0,55202988.0,-24083675.0,连续三个交易日内，涨幅偏离值累计达到20%的证券,机构,机构专用
002552,20260806,卖出,机构专用,0,41448026.0,42743599.0,-1295573.0,连续三个交易日内，涨幅偏离值累计达到20%的证券,机构,机构专用
002552,20260806,卖出,机构专用,0,15009664.0,33879760.0,-18870096.0,连续三个交易日内，涨幅偏离值累计达到20%的证券,机构,机构专用
002514,20260513,买入,东方财富证券股份有限公司拉萨金融城南环路证券营业部,10678762,10020885.0,2311813.0,7709072.0,连续三个交易日内，涨幅偏离值累计达到12%的ST证券、*ST证券和未完成股改证券,东财散户通道,拉萨天团/东财
002514,20260513,买入,东方财富证券股份有限公司拉萨团结路第二证券营业部,10495103,8982428.0,1113537.0,7868891.0,连续三个交易日内，涨幅偏离值累计达到12%的ST证券、*ST证券和未完成股改证券,东财散户通道,拉萨天团/东财
002514,20260513,买入,东方财富证券股份有限公司山南香曲东路证券营业部,10281327,8859158.0,1371147.0,7488011.0,连续三个交易日内，涨幅偏离值累计达到12%的ST证券、*ST证券和未完成股改证券,东财散户通道,拉萨天团/东财
002514,20260513,买入,东方财富证券股份有限公司拉萨团结路第一证券营业部,10484371,8008305.0,1838926.0,6169379.0,连续三个交易日内，涨幅偏离值累计达到12%的ST证券、*ST证券和未完成股改证券,东财散户通道,拉萨天团/东财
002514,20260513,买入,中信建投证券股份有限公司烟台南大街证券营业部,10091880,7375181.0,58748.0,7316433.0,连续三个交易日内，涨幅偏离值累计达到12%的ST证券、*ST证券和未完成股改证券,其他营业部,
002514,20260513,卖出,深股通专用,10634757,0.0,7484341.35,-7484341.35,连续三个交易日内，涨幅偏离值累计达到12%的ST证券、*ST证券和未完成股改证券,北向资金,深股通专用
002514,20260513,卖出,中银国际证券股份有限公司大连分公司,10051896,0.0,4307045.0,-4307045.0,连续三个交易日内，涨幅偏离值累计达到12%的ST证券、*ST证券和未完成股改证券,其他营业部,
002514,20260513,卖出,国信证券股份有限公司杭州市心中路证券营业部,10040644,3030.0,3812977.0,-3809947.0,连续三个交易日内，涨幅偏离值累计达到12%的ST证券、*ST证券和未完成股改证券,其他营业部,
002514,20260513,卖出,华源证券股份有限公司湖北分公司,10509170,2862903.0,3146262.0,-283359.0,连续三个交易日内，涨幅偏离值累计达到12%的ST证券、*ST证券和未完成股改证券,其他营业部,
002514,20260513,卖出,东亚前海证券有限责任公司浙江分公司,10000011376,3114420.0,3130484.0,-16064.0,连续三个交易日内，涨幅偏离值累计达到12%的ST证券、*ST证券和未完成股改证券,其他营业部,
002514,20260520,买入,东方财富证券股份有限公司拉萨团结路第二证券营业部,10495103,11365316.0,509137.0,10856179.0,连续三个交易日内，涨幅偏离值累计达到12%的ST证券、*ST证券和未完成股改证券,东财散户通道,拉萨天团/东财
002514,20260520,买入,东方财富证券股份有限公司拉萨东环路第二证券营业部,10472087,5041177.0,932385.0,4108792.0,连续三个交易日内，涨幅偏离值累计达到12%的ST证券、*ST证券和未完成股改证券,东财散户通道,拉萨天团/东财
002514,20260520,买入,国金证券股份有限公司深圳湾一号证券营业部,10396105,4973018.0,104858.0,4868160.0,连续三个交易日内，涨幅偏离值累计达到12%的ST证券、*ST证券和未完成股改证券,其他营业部,
002514,20260520,买入,东方财富证券股份有限公司山南香曲东路证券营业部,10281327,4936996.0,2152810.0,2784186.0,连续三个交易日内，涨幅偏离值累计达到12%的ST证券、*ST证券和未完成股改证券,东财散户通道,拉萨天团/东财
002514,20260520,买入,第一创业证券股份有限公司佛山第二分公司,10206364,4221276.2,0.0,4221276.2,连续三个交易日内，涨幅偏离值累计达到12%的ST证券、*ST证券和未完成股改证券,其他营业部,
002514,20260520,卖出,广发证券股份有限公司九江长虹大道证券营业部,10000393620,0.0,5740808.0,-5740808.0,连续三个交易日内，涨幅偏离值累计达到12%的ST证券、*ST证券和未完成股改证券,其他营业部,
002514,20260520,卖出,华泰证券股份有限公司徐州秦郡路证券营业部,10338933,0.0,4136454.0,-4136454.0,连续三个交易日内，涨幅偏离值累计达到12%的ST证券、*ST证券和未完成股改证券,其他营业部,
002514,20260520,卖出,华泰证券股份有限公司徐州淮海东路证券营业部,10030308,0.0,4121648.0,-4121648.0,连续三个交易日内，涨幅偏离值累计达到12%的ST证券、*ST证券和未完成股改证券,其他营业部,
002514,20260520,卖出,国泰海通证券股份有限公司徐州中山北路证券营业部,10338991,0.0,4113500.0,-4113500.0,连续三个交易日内，涨幅偏离值累计达到12%的ST证券、*ST证券和未完成股改证券,其他营业部,
002514,20260520,卖出,华泰证券股份有限公司杭州解放东路证券营业部,10092832,2141618.0,4027712.0,-1886094.0,连续三个交易日内，涨幅偏离值累计达到12%的ST证券、*ST证券和未完成股改证券,其他营业部,
002412,20260820,买入,开源证券股份有限公司西安太华路证券营业部,10477800,59825784.0,0.0,59825784.0,连续三个交易日内，涨幅偏离值累计达到20%的证券,知名游资,方新侠
002412,20260820,买入,华鑫证券有限责任公司南京清凉门大街证券营业部,10993985,13272656.5,0.0,13272656.5,连续三个交易日内，涨幅偏离值累计达到20%的证券,其他营业部,
002412,20260820,买入,国投证券股份有限公司揭阳普宁南华路证券营业部,10548362,9722019.0,2526.0,9719493.0,连续三个交易日内，涨幅偏离值累计达到20%的证券,其他营业部,
002412,20260820,买入,国新证券股份有限公司海南分公司,10511620,8557246.0,0.0,8557246.0,连续三个交易日内，涨幅偏离值累计达到20%的证券,其他营业部,
002412,20260820,买入,首创证券股份有限公司合肥潜山路证券营业部,10385324,8352538.52,139991.0,8212547.52,连续三个交易日内，涨幅偏离值累计达到20%的证券,其他营业部,
002412,20260820,卖出,机构专用,0,7585731.0,8422941.0,-837210.0,连续三个交易日内，涨幅偏离值累计达到20%的证券,机构,机构专用
002412,20260820,卖出,机构专用,0,2788080.0,7965894.0,-5177814.0,连续三个交易日内，涨幅偏离值累计达到20%的证券,机构,机构专用
002412,20260820,卖出,南京证券股份有限公司杭州新塘路证券营业部,10090199,0.0,6216486.0,-6216486.0,连续三个交易日内，涨幅偏离值累计达到20%的证券,其他营业部,
002412,20260820,卖出,机构专用,0,3504382.0,5948138.0,-2443756.0,连续三个交易日内，涨幅偏离值累计达到20%的证券,机构,机构专用
002412,20260820,卖出,机构专用,0,1661190.0,5649421.0,-3988231.0,连续三个交易日内，涨幅偏离值累计达到20%的证券,机构,机构专用
002514,20260515,买入,东亚前海证券有限责任公司浙江分公司,10000011376,1857540.0,0.0,1857540.0,连续三个交易日内，涨幅偏离值累计达到12%的ST证券、*ST证券和未完成股改证券,其他营业部,
002514,20260515,买入,东海证券股份有限公司南京分公司,10000583799,1857167.0,0.0,1857167.0,连续三个交易日内，涨幅偏离值累计达到12%的ST证券、*ST证券和未完成股改证券,其他营业部,
002514,20260515,买入,中国中金财富证券有限公司广州天河路证券营业部,10023646,1831803.0,4103.0,1827700.0,连续三个交易日内，涨幅偏离值累计达到12%的ST证券、*ST证券和未完成股改证券,其他营业部,
002514,20260515,买入,东亚前海证券有限责任公司四川分公司,10000242108,1759025.0,0.0,1759025.0,连续三个交易日内，涨幅偏离值累计达到12%的ST证券、*ST证券和未完成股改证券,其他营业部,
002514,20260515,买入,华鑫证券有限责任公司重庆江北嘴证券营业部,10427018,1755120.0,0.0,1755120.0,连续三个交易日内，涨幅偏离值累计达到12%的ST证券、*ST证券和未完成股改证券,其他营业部,
002514,20260515,卖出,国金证券股份有限公司上海互联网证券分公司,10074763,0.0,728000.0,-728000.0,连续三个交易日内，涨幅偏离值累计达到12%的ST证券、*ST证券和未完成股改证券,量化/互联网席位,
002514,20260515,卖出,平安证券股份有限公司深圳深南东路罗湖商务中心证券营业部,10143566,0.0,649020.0,-649020.0,连续三个交易日内，涨幅偏离值累计达到12%的ST证券、*ST证券和未完成股改证券,其他营业部,
002514,20260515,卖出,长江证券股份有限公司厦门湖滨北路证券营业部,10168987,0.0,550175.0,-550175.0,连续三个交易日内，涨幅偏离值累计达到12%的ST证券、*ST证券和未完成股改证券,其他营业部,
002514,20260515,卖出,国投证券股份有限公司汕头长平路证券营业部,10126508,0.0,544953.0,-544953.0,连续三个交易日内，涨幅偏离值累计达到12%的ST证券、*ST证券和未完成股改证券,其他营业部,
002514,20260515,卖出,广发证券股份有限公司宁波分公司,10084397,0.0,527175.0,-527175.0,连续三个交易日内，涨幅偏离值累计达到12%的ST证券、*ST证券和未完成股改证券,其他营业部,
002412,20260825,买入,机构专用,0,21217001.34,8987485.66,12229515.68,日涨幅偏离值达到7%的前5只证券,机构,机构专用
002412,20260825,买入,机构专用,0,21133726.27,4250012.0,16883714.27,日涨幅偏离值达到7%的前5只证券,机构,机构专用
002412,20260825,买入,机构专用,0,16867561.2,16354985.54,512575.66,日涨幅偏离值达到7%的前5只证券,机构,机构专用
002412,20260825,买入,东方财富证券股份有限公司拉萨金融城南环路证券营业部,10678762,16190653.15,5230332.28,10960320.87,日涨幅偏离值达到7%的前5只证券,东财散户通道,拉萨天团/东财
002412,20260825,买入,国信证券股份有限公司浙江互联网分公司,10000213448,12045720.0,1011823.0,11033897.0,日涨幅偏离值达到7%的前5只证券,量化/互联网席位,
002412,20260825,卖出,开源证券股份有限公司西安太华路证券营业部,10477800,193150.4,63658197.26,-63465046.86,日涨幅偏离值达到7%的前5只证券,知名游资,方新侠
002412,20260825,卖出,机构专用,0,9322189.5,31342470.89,-22020281.39,日涨幅偏离值达到7%的前5只证券,机构,机构专用
002412,20260825,卖出,德邦证券股份有限公司上海普陀区志丹路证券营业部,10022241,61166.0,24712912.0,-24651746.0,日涨幅偏离值达到7%的前5只证券,其他营业部,
002412,20260825,卖出,机构专用,0,1285871.0,22884316.6,-21598445.6,日涨幅偏离值达到7%的前5只证券,机构,机构专用
002412,20260825,卖出,长江证券股份有限公司长沙晚报大道证券营业部,10121134,66159.0,22246506.0,-22180347.0,日涨幅偏离值达到7%的前5只证券,其他营业部,
002412,20260824,买入,国新证券股份有限公司北京分公司,10485107,68954301.82,0.0,68954301.82,连续三个交易日内，涨幅偏离值累计达到20%的证券,其他营业部,
002412,20260824,买入,国新证券股份有限公司北京中关村大街证券营业部,10919501,24974759.0,0.0,24974759.0,连续三个交易日内，涨幅偏离值累计达到20%的证券,其他营业部,
002412,20260824,买入,中泰证券股份有限公司宁波分公司,10425720,14535089.6,0.0,14535089.6,连续三个交易日内，涨幅偏离值累计达到20%的证券,其他营业部,
002412,20260824,买入,中泰证券股份有限公司北京中关村大街证券营业部,10022039,12759544.0,8152.0,12751392.0,连续三个交易日内，涨幅偏离值累计达到20%的证券,其他营业部,
002412,20260824,买入,机构专用,0,12595894.0,5639948.0,6955946.0,连续三个交易日内，涨幅偏离值累计达到20%的证券,机构,机构专用
002412,20260824,卖出,国投证券股份有限公司揭阳普宁南华路证券营业部,10548362,8792.0,11767413.0,-11758621.0,连续三个交易日内，涨幅偏离值累计达到20%的证券,其他营业部,
002412,20260824,卖出,机构专用,0,0.0,10798235.0,-10798235.0,连续三个交易日内，涨幅偏离值累计达到20%的证券,机构,机构专用
002412,20260824,卖出,华鑫证券有限责任公司南京清凉门大街证券营业部,10993985,3057.0,10704890.0,-10701833.0,连续三个交易日内，涨幅偏离值累计达到20%的证券,其他营业部,
002412,20260824,卖出,华龙证券股份有限公司合肥临泉路证券营业部,10022037,9999447.0,10696170.0,-696723.0,连续三个交易日内，涨幅偏离值累计达到20%的证券,其他营业部,
002412,20260824,卖出,首创证券股份有限公司合肥潜山路证券营业部,10385324,0.0,9831800.0,-9831800.0,连续三个交易日内，涨幅偏离值累计达到20%的证券,其他营业部,
002323,20260601,买入,东方证券股份有限公司厦门仙岳路证券营业部,10492163,6359381.0,4043338.0,2316043.0,连续三个交易日内，涨幅偏离值累计达到12%的ST证券、*ST证券和未完成股改证券,其他营业部,
002323,20260601,买入,东方财富证券股份有限公司拉萨团结路第二证券营业部,10495103,5895736.11,3920315.0,1975421.11,连续三个交易日内，涨幅偏离值累计达到12%的ST证券、*ST证券和未完成股改证券,东财散户通道,拉萨天团/东财
002323,20260601,买入,金融街证券股份有限公司沈阳奉天街证券营业部,10054782,4010483.0,1474808.0,2535675.0,连续三个交易日内，涨幅偏离值累计达到12%的ST证券、*ST证券和未完成股改证券,其他营业部,
002323,20260601,买入,中信建投证券股份有限公司上海营口路证券营业部,10028716,3948934.0,1270193.0,2678741.0,连续三个交易日内，涨幅偏离值累计达到12%的ST证券、*ST证券和未完成股改证券,其他营业部,
002323,20260601,买入,东方财富证券股份有限公司拉萨金融城南环路证券营业部,10678762,3726734.0,2562800.0,1163934.0,连续三个交易日内，涨幅偏离值累计达到12%的ST证券、*ST证券和未完成股改证券,东财散户通道,拉萨天团/东财
002323,20260601,卖出,华泰证券股份有限公司北京月坛南街证券营业部,10072922,47961.0,10947715.0,-10899754.0,连续三个交易日内，涨幅偏离值累计达到12%的ST证券、*ST证券和未完成股改证券,其他营业部,
002323,20260601,卖出,东莞证券股份有限公司四川分公司,10477736,2580811.48,4395410.0,-1814598.52,连续三个交易日内，涨幅偏离值累计达到12%的ST证券、*ST证券和未完成股改证券,其他营业部,
002323,20260601,卖出,国金证券股份有限公司泉州云鹿路证券营业部,10708170,2218273.0,4262880.0,-2044607.0,连续三个交易日内，涨幅偏离值累计达到12%的ST证券、*ST证券和未完成股改证券,其他营业部,
002323,20260601,卖出,东方证券股份有限公司厦门仙岳路证券营业部,10492163,6359381.0,4043338.0,2316043.0,连续三个交易日内，涨幅偏离值累计达到12%的ST证券、*ST证券和未完成股改证券,其他营业部,
002323,20260601,卖出,东方财富证券股份有限公司拉萨团结路第二证券营业部,10495103,5895736.11,3920315.0,1975421.11,连续三个交易日内，涨幅偏离值累计达到12%的ST证券、*ST证券和未完成股改证券,东财散户通道,拉萨天团/东财
002323,20260527,买入,东方财富证券股份有限公司拉萨团结路第二证券营业部,10495103,3858290.0,3057546.0,800744.0,连续三个交易日内，涨幅偏离值累计达到12%的ST证券、*ST证券和未完成股改证券,东财散户通道,拉萨天团/东财
002323,20260527,买入,东方财富证券股份有限公司拉萨金融城南环路证券营业部,10678762,3737772.0,3738821.0,-1049.0,连续三个交易日内，涨幅偏离值累计达到12%的ST证券、*ST证券和未完成股改证券,东财散户通道,拉萨天团/东财
002323,20260527,买入,东方财富证券股份有限公司拉萨团结路第一证券营业部,10484371,3578325.87,3639129.16,-60803.29,连续三个交易日内，涨幅偏离值累计达到12%的ST证券、*ST证券和未完成股改证券,东财散户通道,拉萨天团/东财
002323,20260527,买入,华源证券股份有限公司湖北分公司,10509170,3225469.0,658483.0,2566986.0,连续三个交易日内，涨幅偏离值累计达到12%的ST证券、*ST证券和未完成股改证券,其他营业部,
002323,20260527,买入,东方证券股份有限公司厦门仙岳路证券营业部,10492163,3112067.0,0.0,3112067.0,连续三个交易日内，涨幅偏离值累计达到12%的ST证券、*ST证券和未完成股改证券,其他营业部,
002323,20260527,卖出,东方财富证券股份有限公司拉萨东环路第二证券营业部,10472087,2617138.0,4464821.0,-1847683.0,连续三个交易日内，涨幅偏离值累计达到12%的ST证券、*ST证券和未完成股改证券,东财散户通道,拉萨天团/东财
002323,20260527,卖出,华西证券股份有限公司杭州学院路证券营业部,10028640,12502.0,3966953.59,-3954451.59,连续三个交易日内，涨幅偏离值累计达到12%的ST证券、*ST证券和未完成股改证券,其他营业部,
002323,20260527,卖出,东方财富证券股份有限公司拉萨金融城南环路证券营业部,10678762,3737772.0,3738821.0,-1049.0,连续三个交易日内，涨幅偏离值累计达到12%的ST证券、*ST证券和未完成股改证券,东财散户通道,拉萨天团/东财
002323,20260527,卖出,东方财富证券股份有限公司山南香曲东路证券营业部,10281327,2594235.0,3673912.0,-1079677.0,连续三个交易日内，涨幅偏离值累计达到12%的ST证券、*ST证券和未完成股改证券,东财散户通道,拉萨天团/东财
002323,20260527,卖出,东方财富证券股份有限公司拉萨团结路第一证券营业部,10484371,3578325.87,3639129.16,-60803.29,连续三个交易日内，涨幅偏离值累计达到12%的ST证券、*ST证券和未完成股改证券,东财散户通道,拉萨天团/东财
002207,20260507,买入,东方财富证券股份有限公司拉萨金融城南环路证券营业部,10678762,17540459.0,7280166.0,10260293.0,连续三个交易日内，涨幅偏离值累计达到12%的ST证券、*ST证券和未完成股改证券,东财散户通道,拉萨天团/东财
002207,20260507,买入,东方财富证券股份有限公司拉萨团结路第一证券营业部,10484371,14344242.0,13097524.0,1246718.0,连续三个交易日内，涨幅偏离值累计达到12%的ST证券、*ST证券和未完成股改证券,东财散户通道,拉萨天团/东财
002207,20260507,买入,中信建投证券股份有限公司上海营口路证券营业部,10028716,12805623.0,6586263.0,6219360.0,连续三个交易日内，涨幅偏离值累计达到12%的ST证券、*ST证券和未完成股改证券,其他营业部,
002207,20260507,买入,机构专用,0,12275217.3,18825443.25,-6550225.95,连续三个交易日内，涨幅偏离值累计达到12%的ST证券、*ST证券和未完成股改证券,机构,机构专用
002207,20260507,买入,东方财富证券股份有限公司拉萨东环路第一证券营业部,10428246,10454689.0,17996631.0,-7541942.0,连续三个交易日内，涨幅偏离值累计达到12%的ST证券、*ST证券和未完成股改证券,东财散户通道,拉萨天团/东财
002207,20260507,卖出,机构专用,0,12275217.3,18825443.25,-6550225.95,连续三个交易日内，涨幅偏离值累计达到12%的ST证券、*ST证券和未完成股改证券,机构,机构专用
002207,20260507,卖出,东方财富证券股份有限公司拉萨东环路第一证券营业部,10428246,10454689.0,17996631.0,-7541942.0,连续三个交易日内，涨幅偏离值累计达到12%的ST证券、*ST证券和未完成股改证券,东财散户通道,拉萨天团/东财
002207,20260507,卖出,国泰海通证券股份有限公司广州珠江新城营业部,10000186653,106185.0,17985048.0,-17878863.0,连续三个交易日内，涨幅偏离值累计达到12%的ST证券、*ST证券和未完成股改证券,其他营业部,
002207,20260507,卖出,东方财富证券股份有限公司拉萨团结路第一证券营业部,10484371,14344242.0,13097524.0,1246718.0,连续三个交易日内，涨幅偏离值累计达到12%的ST证券、*ST证券和未完成股改证券,东财散户通道,拉萨天团/东财
002207,20260507,卖出,机构专用,0,8763190.0,9767964.0,-1004774.0,连续三个交易日内，涨幅偏离值累计达到12%的ST证券、*ST证券和未完成股改证券,机构,机构专用
002207,20260512,买入,华泰证券股份有限公司杭州学院路证券营业部,10361223,4405704.0,0.0,4405704.0,连续三个交易日内，涨幅偏离值累计达到12%的ST证券、*ST证券和未完成股改证券,其他营业部,
002207,20260512,买入,东方财富证券股份有限公司拉萨金融城南环路证券营业部,10678762,4289687.0,636856.0,3652831.0,连续三个交易日内，涨幅偏离值累计达到12%的ST证券、*ST证券和未完成股改证券,东财散户通道,拉萨天团/东财
002207,20260512,买入,国泰海通证券股份有限公司深圳分公司,10046659,4169990.0,0.0,4169990.0,连续三个交易日内，涨幅偏离值累计达到12%的ST证券、*ST证券和未完成股改证券,其他营业部,
002207,20260512,买入,广发证券股份有限公司广州寺右新马路证券营业部,10467464,3566252.0,100406.0,3465846.0,连续三个交易日内，涨幅偏离值累计达到12%的ST证券、*ST证券和未完成股改证券,其他营业部,
002207,20260512,买入,机构专用,0,3366440.0,1108561.0,2257879.0,连续三个交易日内，涨幅偏离值累计达到12%的ST证券、*ST证券和未完成股改证券,机构,机构专用
002207,20260512,卖出,金融街证券股份有限公司沈阳奉天街证券营业部,10054782,0.0,4475191.0,-4475191.0,连续三个交易日内，涨幅偏离值累计达到12%的ST证券、*ST证券和未完成股改证券,其他营业部,
002207,20260512,卖出,兴业证券股份有限公司青岛分公司,10127613,47100.0,4075419.0,-4028319.0,连续三个交易日内，涨幅偏离值累计达到12%的ST证券、*ST证券和未完成股改证券,其他营业部,
002207,20260512,卖出,江海证券有限公司沈阳朝阳街证券营业部,10023421,0.0,3902146.0,-3902146.0,连续三个交易日内，涨幅偏离值累计达到12%的ST证券、*ST证券和未完成股改证券,其他营业部,
002207,20260512,卖出,东方证券股份有限公司厦门仙岳路证券营业部,10492163,0.0,3388000.0,-3388000.0,连续三个交易日内，涨幅偏离值累计达到12%的ST证券、*ST证券和未完成股改证券,其他营业部,
002207,20260512,卖出,东北证券股份有限公司白山分公司,10321546,51675.0,3273719.0,-3222044.0,连续三个交易日内，涨幅偏离值累计达到12%的ST证券、*ST证券和未完成股改证券,其他营业部,
002207,20260515,买入,国泰海通证券股份有限公司深圳分公司,10046659,9413110.0,0.0,9413110.0,连续三个交易日内，涨幅偏离值累计达到12%的ST证券、*ST证券和未完成股改证券,其他营业部,
002207,20260515,买入,广发证券股份有限公司广州寺右新马路证券营业部,10467464,8767357.0,126630.0,8640727.0,连续三个交易日内，涨幅偏离值累计达到12%的ST证券、*ST证券和未完成股改证券,其他营业部,
002207,20260515,买入,机构专用,0,5429642.0,159245.0,5270397.0,连续三个交易日内，涨幅偏离值累计达到12%的ST证券、*ST证券和未完成股改证券,机构,机构专用
002207,20260515,买入,中国中金财富证券有限公司北京万寿路证券营业部,10048198,5073985.0,5104435.0,-30450.0,连续三个交易日内，涨幅偏离值累计达到12%的ST证券、*ST证券和未完成股改证券,其他营业部,
002207,20260515,买入,中国银河证券股份有限公司上海普陀区曹杨路证券营业部,10031779,4983650.0,0.0,4983650.0,连续三个交易日内，涨幅偏离值累计达到12%的ST证券、*ST证券和未完成股改证券,其他营业部,
002207,20260515,卖出,东方财富证券股份有限公司拉萨金融城南环路证券营业部,10678762,4753875.0,8154341.0,-3400466.0,连续三个交易日内，涨幅偏离值累计达到12%的ST证券、*ST证券和未完成股改证券,东财散户通道,拉萨天团/东财
002207,20260515,卖出,国金证券股份有限公司深圳湾一号证券营业部,10396105,1618964.0,5917609.0,-4298645.0,连续三个交易日内，涨幅偏离值累计达到12%的ST证券、*ST证券和未完成股改证券,其他营业部,
002207,20260515,卖出,广发证券股份有限公司九江长虹大道证券营业部,10000393620,0.0,5425364.0,-5425364.0,连续三个交易日内，涨幅偏离值累计达到12%的ST证券、*ST证券和未完成股改证券,其他营业部,
002207,20260515,卖出,东方财富证券股份有限公司拉萨东环路第一证券营业部,10428246,3707775.0,5177894.0,-1470119.0,连续三个交易日内，涨幅偏离值累计达到12%的ST证券、*ST证券和未完成股改证券,东财散户通道,拉萨天团/东财
002207,20260515,卖出,中国中金财富证券有限公司北京万寿路证券营业部,10048198,5073985.0,5104435.0,-30450.0,连续三个交易日内，涨幅偏离值累计达到12%的ST证券、*ST证券和未完成股改证券,其他营业部,
002297,20260420,买入,机构专用,0,125754542.98,40059376.0,85695166.98,连续三个交易日内，涨幅偏离值累计达到20%的证券,机构,机构专用
002297,20260420,买入,国泰海通证券股份有限公司宁波广福街证券营业部,10023415,116059968.18,1707987.0,114351981.18,连续三个交易日内，涨幅偏离值累计达到20%的证券,其他营业部,
002297,20260420,买入,机构专用,0,103092903.25,60065260.4,43027642.85,连续三个交易日内，涨幅偏离值累计达到20%的证券,机构,机构专用
002297,20260420,买入,机构专用,0,81756130.42,11365749.0,70390381.42,连续三个交易日内，涨幅偏离值累计达到20%的证券,机构,机构专用
002297,20260420,买入,广发证券股份有限公司广州马场路广发证券大厦证券营业部,10135364,80560449.0,17087843.26,63472605.74,连续三个交易日内，涨幅偏离值累计达到20%的证券,其他营业部,
002297,20260420,卖出,国泰海通证券股份有限公司上海长宁区江苏路证券营业部,10025080,62200955.0,70605082.8,-8404127.8,连续三个交易日内，涨幅偏离值累计达到20%的证券,知名游资,章盟主
002297,20260420,卖出,机构专用,0,103092903.25,60065260.4,43027642.85,连续三个交易日内，涨幅偏离值累计达到20%的证券,机构,机构专用
002297,20260420,卖出,华鑫证券有限责任公司上海徐汇区瑞平路证券营业部,10993987,54009039.0,57308464.53,-3299425.53,连续三个交易日内，涨幅偏离值累计达到20%的证券,其他营业部,
002297,20260420,卖出,国盛证券股份有限公司杭州建设三路证券营业部,10109170,67386625.0,56340914.0,11045711.0,连续三个交易日内，涨幅偏离值累计达到20%的证券,其他营业部,
002297,20260420,卖出,国泰海通证券股份有限公司上海自贸试验区第二分公司,10467900,0.0,52271063.84,-52271063.84,连续三个交易日内，涨幅偏离值累计达到20%的证券,其他营业部,
002175,20260702,买入,东海证券股份有限公司南京分公司,10000583799,1239771.0,0.0,1239771.0,连续三个交易日内，涨幅偏离值累计达到12%的ST证券、*ST证券和未完成股改证券,其他营业部,
002175,20260702,买入,东兴证券股份有限公司福州五一北路证券营业部,10151014,1051332.0,0.0,1051332.0,连续三个交易日内，涨幅偏离值累计达到12%的ST证券、*ST证券和未完成股改证券,其他营业部,
002175,20260702,买入,国泰海通证券股份有限公司海口国兴大道证券营业部,10030190,943212.0,0.0,943212.0,连续三个交易日内，涨幅偏离值累计达到12%的ST证券、*ST证券和未完成股改证券,其他营业部,
002175,20260702,买入,国联民生证券股份有限公司广州华夏路证券营业部,10059372,720006.0,0.0,720006.0,连续三个交易日内，涨幅偏离值累计达到12%的ST证券、*ST证券和未完成股改证券,其他营业部,
002175,20260702,买入,国泰海通证券股份有限公司广州东风中路证券营业部,10025179,623247.0,0.0,623247.0,连续三个交易日内，涨幅偏离值累计达到12%的ST证券、*ST证券和未完成股改证券,其他营业部,
002175,20260702,卖出,东方财富证券股份有限公司拉萨达孜区虎峰大道证券营业部,10708575,0.0,542322.0,-542322.0,连续三个交易日内，涨幅偏离值累计达到12%的ST证券、*ST证券和未完成股改证券,东财散户通道,拉萨天团/东财
002175,20260702,卖出,中信证券股份有限公司西安未央路证券营业部,10456921,0.0,353040.0,-353040.0,连续三个交易日内，涨幅偏离值累计达到12%的ST证券、*ST证券和未完成股改证券,其他营业部,
002175,20260702,卖出,华泰证券股份有限公司宜昌西陵一路证券营业部,10118643,0.0,331800.0,-331800.0,连续三个交易日内，涨幅偏离值累计达到12%的ST证券、*ST证券和未完成股改证券,其他营业部,
002175,20260702,卖出,平安证券股份有限公司杭州曙光路证券营业部,10000136805,0.0,310869.0,-310869.0,连续三个交易日内，涨幅偏离值累计达到12%的ST证券、*ST证券和未完成股改证券,其他营业部,
002175,20260702,卖出,国泰海通证券股份有限公司上海杨浦区周家嘴路证券营业部,10028426,0.0,144600.0,-144600.0,连续三个交易日内，涨幅偏离值累计达到12%的ST证券、*ST证券和未完成股改证券,其他营业部,
002081,20260423,买入,华泰证券股份有限公司深圳深南大道基金大厦证券营业部,10149531,124758966.0,7059.0,124751907.0,日涨幅偏离值达到7%的前5只证券,其他营业部,
002081,20260423,买入,国泰海通证券股份有限公司武汉紫阳东路证券营业部,10026937,107619150.0,34209.0,107584941.0,日涨幅偏离值达到7%的前5只证券,知名游资,紫阳东路
002081,20260423,买入,华泰证券股份有限公司辽宁分公司,10485129,22098924.0,13677097.0,8421827.0,日涨幅偏离值达到7%的前5只证券,其他营业部,
002081,20260423,买入,平安证券股份有限公司杭州曙光路证券营业部,10000136805,19363005.0,1712906.0,17650099.0,日涨幅偏离值达到7%的前5只证券,其他营业部,
002081,20260423,买入,东亚前海证券有限责任公司浙江分公司,10000011376,18524535.0,34209.0,18490326.0,日涨幅偏离值达到7%的前5只证券,其他营业部,
002081,20260423,卖出,东方证券股份有限公司上海浦东新区耀华路证券营业部,10023709,2715.0,104748501.0,-104745786.0,日涨幅偏离值达到7%的前5只证券,其他营业部,
002081,20260423,卖出,国信证券股份有限公司上海分公司,10045169,240934.0,19518187.0,-19277253.0,日涨幅偏离值达到7%的前5只证券,其他营业部,
002081,20260423,卖出,国金证券股份有限公司深圳分公司,10000104821,10873752.0,18866817.01,-7993065.01,日涨幅偏离值达到7%的前5只证券,其他营业部,
002081,20260423,卖出,华泰证券股份有限公司辽宁分公司,10485129,22098924.0,13677097.0,8421827.0,日涨幅偏离值达到7%的前5只证券,其他营业部,
002081,20260423,卖出,东方财富证券股份有限公司拉萨团结路第一证券营业部,10484371,11854736.0,12712887.0,-858151.0,日涨幅偏离值达到7%的前5只证券,东财散户通道,拉萨天团/东财
002081,20260429,买入,深股通专用,10634757,159917056.6,66303696.0,93613360.6,连续三个交易日内，涨幅偏离值累计达到20%的证券,北向资金,深股通专用
002081,20260429,买入,东亚前海证券有限责任公司苏州分公司,10000526027,96870098.64,0.0,96870098.64,连续三个交易日内，涨幅偏离值累计达到20%的证券,知名游资,苏州帮
002081,20260429,买入,国泰海通证券股份有限公司上海分公司,10201214,82403573.5,0.0,82403573.5,连续三个交易日内，涨幅偏离值累计达到20%的证券,其他营业部,
002081,20260429,买入,国泰海通证券股份有限公司北京知春路证券营业部,10025390,80558337.0,862082.0,79696255.0,连续三个交易日内，涨幅偏离值累计达到20%的证券,其他营业部,
002081,20260429,买入,机构专用,0,55752481.54,33794074.99,21958406.55,连续三个交易日内，涨幅偏离值累计达到20%的证券,机构,机构专用
002081,20260429,卖出,深股通专用,10634757,159917056.6,66303696.0,93613360.6,连续三个交易日内，涨幅偏离值累计达到20%的证券,北向资金,深股通专用
002081,20260429,卖出,东方财富证券股份有限公司拉萨金融城南环路证券营业部,10678762,28687046.02,45377124.14,-16690078.12,连续三个交易日内，涨幅偏离值累计达到20%的证券,东财散户通道,拉萨天团/东财
002081,20260429,卖出,东方财富证券股份有限公司拉萨东环路第二证券营业部,10472087,30262542.33,39952313.69,-9689771.36,连续三个交易日内，涨幅偏离值累计达到20%的证券,东财散户通道,拉萨天团/东财
002081,20260429,卖出,东方财富证券股份有限公司拉萨团结路第一证券营业部,10484371,26804342.35,37029322.42,-10224980.07,连续三个交易日内，涨幅偏离值累计达到20%的证券,东财散户通道,拉萨天团/东财
002081,20260429,卖出,东方财富证券股份有限公司拉萨东环路第一证券营业部,10428246,21510137.0,36065744.76,-14555607.76,连续三个交易日内，涨幅偏离值累计达到20%的证券,东财散户通道,拉萨天团/东财
002081,20260420,买入,国新证券股份有限公司北京分公司,10485107,52769496.0,0.0,52769496.0,连续三个交易日内，涨幅偏离值累计达到20%的证券,其他营业部,
002081,20260420,买入,开源证券股份有限公司西安太华路证券营业部,10477800,30409274.0,24377540.0,6031734.0,连续三个交易日内，涨幅偏离值累计达到20%的证券,知名游资,方新侠
002081,20260420,买入,深股通专用,10634757,24292751.79,27250155.93,-2957404.14,连续三个交易日内，涨幅偏离值累计达到20%的证券,北向资金,深股通专用
002081,20260420,买入,国新证券股份有限公司北京中关村大街证券营业部,10919501,24041628.0,102856.0,23938772.0,连续三个交易日内，涨幅偏离值累计达到20%的证券,其他营业部,
002081,20260420,买入,机构专用,0,18438336.0,0.0,18438336.0,连续三个交易日内，涨幅偏离值累计达到20%的证券,机构,机构专用
002081,20260420,卖出,深股通专用,10634757,24292751.79,27250155.93,-2957404.14,连续三个交易日内，涨幅偏离值累计达到20%的证券,北向资金,深股通专用
002081,20260420,卖出,开源证券股份有限公司西安太华路证券营业部,10477800,30409274.0,24377540.0,6031734.0,连续三个交易日内，涨幅偏离值累计达到20%的证券,知名游资,方新侠
002081,20260420,卖出,机构专用,0,3149223.0,16305189.0,-13155966.0,连续三个交易日内，涨幅偏离值累计达到20%的证券,机构,机构专用
002081,20260420,卖出,华泰证券股份有限公司启东人民中路证券营业部,10140926,77342.0,10688339.0,-10610997.0,连续三个交易日内，涨幅偏离值累计达到20%的证券,其他营业部,
002081,20260420,卖出,国投证券股份有限公司合肥徽州大道证券营业部,10149833,8228.0,8391300.0,-8383072.0,连续三个交易日内，涨幅偏离值累计达到20%的证券,其他营业部,
002081,20260507,买入,深股通专用,10634757,312045508.7,306313440.3,5732068.4,连续三个交易日内，涨幅偏离值累计达到20%的证券,北向资金,深股通专用
002081,20260507,买入,国泰海通证券股份有限公司上海分公司,10201214,124213066.88,84531856.66,39681210.22,连续三个交易日内，涨幅偏离值累计达到20%的证券,其他营业部,
002081,20260507,买入,机构专用,0,111174168.58,106812786.9,4361381.68,连续三个交易日内，涨幅偏离值累计达到20%的证券,机构,机构专用
002081,20260507,买入,华泰证券股份有限公司苏州吴中大道证券营业部,10437429,85183249.69,4294183.0,80889066.69,连续三个交易日内，涨幅偏离值累计达到20%的证券,其他营业部,
002081,20260507,买入,国泰海通证券股份有限公司义乌丹溪北路证券营业部,10564211,74594045.18,910458.0,73683587.18,连续三个交易日内，涨幅偏离值累计达到20%的证券,其他营业部,
002081,20260507,卖出,深股通专用,10634757,312045508.7,306313440.3,5732068.4,连续三个交易日内，涨幅偏离值累计达到20%的证券,北向资金,深股通专用
002081,20260507,卖出,机构专用,0,111174168.58,106812786.9,4361381.68,连续三个交易日内，涨幅偏离值累计达到20%的证券,机构,机构专用
002081,20260507,卖出,东亚前海证券有限责任公司苏州分公司,10000526027,2981097.0,96863586.94,-93882489.94,连续三个交易日内，涨幅偏离值累计达到20%的证券,知名游资,苏州帮
002081,20260507,卖出,国泰海通证券股份有限公司北京知春路证券营业部,10025390,4282238.0,88141894.92,-83859656.92,连续三个交易日内，涨幅偏离值累计达到20%的证券,其他营业部,
002081,20260507,卖出,国泰海通证券股份有限公司上海分公司,10201214,124213066.88,84531856.66,39681210.22,连续三个交易日内，涨幅偏离值累计达到20%的证券,其他营业部,
002081,20260422,买入,国泰海通证券股份有限公司成都北一环路证券营业部,10026897,50372393.0,326507.0,50045886.0,连续三个交易日内，涨幅偏离值累计达到20%的证券,知名游资,炒股养家
002081,20260422,买入,华泰证券股份有限公司辽宁分公司,10485129,22410406.9,14513.0,22395893.9,连续三个交易日内，涨幅偏离值累计达到20%的证券,其他营业部,
002081,20260422,买入,中信建投证券股份有限公司南昌桃苑大街证券营业部,10127746,17029832.54,13310.0,17016522.54,连续三个交易日内，涨幅偏离值累计达到20%的证券,其他营业部,
002081,20260422,买入,甬兴证券有限公司宁波和源路证券营业部,10000147202,14699147.0,0.0,14699147.0,连续三个交易日内，涨幅偏离值累计达到20%的证券,其他营业部,
002081,20260422,买入,国金证券股份有限公司深圳分公司,10000104821,11166423.0,3839986.51,7326436.49,连续三个交易日内，涨幅偏离值累计达到20%的证券,其他营业部,
002081,20260422,卖出,深股通专用,10634757,4501720.0,14132608.0,-9630888.0,连续三个交易日内，涨幅偏离值累计达到20%的证券,北向资金,深股通专用
002081,20260422,卖出,国投证券股份有限公司深圳红荔西路证券营业部,10106430,0.0,13447999.0,-13447999.0,连续三个交易日内，涨幅偏离值累计达到20%的证券,其他营业部,
002081,20260422,卖出,中国银河证券股份有限公司如皋健康路证券营业部,10499350,3479208.0,9806447.0,-6327239.0,连续三个交易日内，涨幅偏离值累计达到20%的证券,其他营业部,
002081,20260422,卖出,国新证券股份有限公司海南分公司,10511620,0.0,8607630.0,-8607630.0,连续三个交易日内，涨幅偏离值累计达到20%的证券,其他营业部,
002081,20260422,卖出,东方财富证券股份有限公司拉萨团结路第二证券营业部,10495103,5821253.0,8524674.0,-2703421.0,连续三个交易日内，涨幅偏离值累计达到20%的证券,东财散户通道,拉萨天团/东财
001258,20260717,买入,深股通专用,10634757,31976594.75,31083991.44,892603.31,连续三个交易日内，涨幅偏离值累计达到20%的证券,北向资金,深股通专用
001258,20260717,买入,平安证券股份有限公司杭州曙光路证券营业部,10000136805,26127751.0,1645618.0,24482133.0,连续三个交易日内，涨幅偏离值累计达到20%的证券,其他营业部,
001258,20260717,买入,华鑫证券有限责任公司上海宛平南路证券营业部,10028416,16493957.0,17150661.16,-656704.16,连续三个交易日内，涨幅偏离值累计达到20%的证券,知名游资,上海超短帮
001258,20260717,买入,东亚前海证券有限责任公司深圳分公司,10924068,11420870.0,0.0,11420870.0,连续三个交易日内，涨幅偏离值累计达到20%的证券,其他营业部,
001258,20260717,买入,中信证券股份有限公司嘉兴分公司,10030292,8525037.0,485052.0,8039985.0,连续三个交易日内，涨幅偏离值累计达到20%的证券,其他营业部,
001258,20260717,卖出,中信证券(山东)有限责任公司青岛香港东路证券营业部,10492200,0.0,33216436.0,-33216436.0,连续三个交易日内，涨幅偏离值累计达到20%的证券,其他营业部,
001258,20260717,卖出,深股通专用,10634757,31976594.75,31083991.44,892603.31,连续三个交易日内，涨幅偏离值累计达到20%的证券,北向资金,深股通专用
001258,20260717,卖出,华鑫证券有限责任公司上海宛平南路证券营业部,10028416,16493957.0,17150661.16,-656704.16,连续三个交易日内，涨幅偏离值累计达到20%的证券,知名游资,上海超短帮
001258,20260717,卖出,国新证券股份有限公司海南分公司,10511620,7786208.0,8287860.0,-501652.0,连续三个交易日内，涨幅偏离值累计达到20%的证券,其他营业部,
001258,20260717,卖出,财信证券股份有限公司湘潭韶山中路证券营业部,10045105,209572.0,7432788.0,-7223216.0,连续三个交易日内，涨幅偏离值累计达到20%的证券,其他营业部,
002081,20260428,买入,国泰海通证券股份有限公司上海分公司,10201214,70638485.0,0.0,70638485.0,日涨幅偏离值达到7%的前5只证券,其他营业部,
002081,20260428,买入,深股通专用,10634757,58263764.58,29293664.0,28970100.58,日涨幅偏离值达到7%的前5只证券,北向资金,深股通专用
002081,20260428,买入,华泰证券股份有限公司岳阳岳阳大道证券营业部,10093203,42176540.0,7327551.08,34848988.92,日涨幅偏离值达到7%的前5只证券,其他营业部,
002081,20260428,买入,中信证券股份有限公司浙江分公司,10520724,25364101.42,17123274.0,8240827.42,日涨幅偏离值达到7%的前5只证券,其他营业部,
002081,20260428,买入,机构专用,0,23446542.6,17739677.99,5706864.61,日涨幅偏离值达到7%的前5只证券,机构,机构专用
002081,20260428,卖出,东方财富证券股份有限公司拉萨金融城南环路证券营业部,10678762,19676650.02,29406931.14,-9730281.12,日涨幅偏离值达到7%的前5只证券,东财散户通道,拉萨天团/东财
002081,20260428,卖出,深股通专用,10634757,58263764.58,29293664.0,28970100.58,日涨幅偏离值达到7%的前5只证券,北向资金,深股通专用
002081,20260428,卖出,东方财富证券股份有限公司拉萨团结路第一证券营业部,10484371,19255341.35,23689699.42,-4434358.07,日涨幅偏离值达到7%的前5只证券,东财散户通道,拉萨天团/东财
002081,20260428,卖出,东方财富证券股份有限公司拉萨东环路第二证券营业部,10472087,21260047.33,21959327.24,-699279.91,日涨幅偏离值达到7%的前5只证券,东财散户通道,拉萨天团/东财
002081,20260428,卖出,国信证券股份有限公司浙江互联网分公司,10000213448,23426301.0,21434927.36,1991373.64,日涨幅偏离值达到7%的前5只证券,量化/互联网席位,
002081,20260430,买入,深股通专用,10634757,128945003.7,108878619.34,20066384.36,日振幅值达到15%的前5只证券,北向资金,深股通专用
002081,20260430,买入,华泰证券股份有限公司苏州吴中大道证券营业部,10437429,84983682.69,137287.0,84846395.69,日振幅值达到15%的前5只证券,其他营业部,
002081,20260430,买入,国泰海通证券股份有限公司上海分公司,10201214,82820859.88,84531856.66,-1710996.78,日振幅值达到15%的前5只证券,其他营业部,
002081,20260430,买入,中国中金财富证券有限公司湖南分公司,10057301,52245975.0,26998.0,52218977.0,日振幅值达到15%的前5只证券,其他营业部,
002081,20260430,买入,华泰证券股份有限公司岳阳岳阳大道证券营业部,10093203,43922834.6,85869.5,43836965.1,日振幅值达到15%的前5只证券,其他营业部,
002081,20260430,卖出,深股通专用,10634757,128945003.7,108878619.34,20066384.36,日振幅值达到15%的前5只证券,北向资金,深股通专用
002081,20260430,卖出,东亚前海证券有限责任公司苏州分公司,10000526027,111008.0,95960411.94,-95849403.94,日振幅值达到15%的前5只证券,知名游资,苏州帮
002081,20260430,卖出,国泰海通证券股份有限公司北京知春路证券营业部,10025390,1951340.0,86199703.92,-84248363.92,日振幅值达到15%的前5只证券,其他营业部,
002081,20260430,卖出,国泰海通证券股份有限公司上海分公司,10201214,82820859.88,84531856.66,-1710996.78,日振幅值达到15%的前5只证券,其他营业部,
002081,20260430,卖出,华鑫证券有限责任公司绍兴胜利东路证券营业部,10000170384,0.0,49881954.56,-49881954.56,日振幅值达到15%的前5只证券,其他营业部,
001258,20260722,买入,深股通专用,10634757,152368072.0,75244453.1,77123618.9,连续三个交易日内，涨幅偏离值累计达到20%的证券,北向资金,深股通专用
001258,20260722,买入,国新证券股份有限公司北京分公司,10485107,77605094.0,20739100.0,56865994.0,连续三个交易日内，涨幅偏离值累计达到20%的证券,其他营业部,
001258,20260722,买入,机构专用,0,73624200.4,17653329.0,55970871.4,连续三个交易日内，涨幅偏离值累计达到20%的证券,机构,机构专用
001258,20260722,买入,国盛证券股份有限公司宁波桑田路证券营业部,10456710,48075121.0,47943537.6,131583.4,连续三个交易日内，涨幅偏离值累计达到20%的证券,知名游资,宁波桑田路
001258,20260722,买入,国投证券股份有限公司深圳红荔西路证券营业部,10106430,45264042.0,8655215.0,36608827.0,连续三个交易日内，涨幅偏离值累计达到20%的证券,其他营业部,
001258,20260722,卖出,深股通专用,10634757,152368072.0,75244453.1,77123618.9,连续三个交易日内，涨幅偏离值累计达到20%的证券,北向资金,深股通专用
001258,20260722,卖出,国盛证券股份有限公司宁波桑田路证券营业部,10456710,48075121.0,47943537.6,131583.4,连续三个交易日内，涨幅偏离值累计达到20%的证券,知名游资,宁波桑田路
001258,20260722,卖出,平安证券股份有限公司杭州曙光路证券营业部,10000136805,20475674.0,33417398.14,-12941724.14,连续三个交易日内，涨幅偏离值累计达到20%的证券,其他营业部,
001258,20260722,卖出,中信证券(山东)有限责任公司青岛香港东路证券营业部,10492200,81290.0,30698368.0,-30617078.0,连续三个交易日内，涨幅偏离值累计达到20%的证券,其他营业部,
001258,20260722,卖出,东方财富证券股份有限公司拉萨金融城南环路证券营业部,10678762,20901851.0,22039810.4,-1137959.4,连续三个交易日内，涨幅偏离值累计达到20%的证券,东财散户通道,拉萨天团/东财
001259,20260512,买入,联储证券股份有限公司杭州西湖桃源岭证券营业部,10000866015,23429475.0,0.0,23429475.0,连续三个交易日内，涨幅偏离值累计达到20%的证券,其他营业部,
001259,20260512,买入,机构专用,0,17829580.0,0.0,17829580.0,连续三个交易日内，涨幅偏离值累计达到20%的证券,机构,机构专用
001259,20260512,买入,中泰证券股份有限公司常州惠国路证券营业部,10741097,7310433.0,0.0,7310433.0,连续三个交易日内，涨幅偏离值累计达到20%的证券,其他营业部,
001259,20260512,买入,机构专用,0,5534114.0,1366676.0,4167438.0,连续三个交易日内，涨幅偏离值累计达到20%的证券,机构,机构专用
001259,20260512,买入,国信证券股份有限公司深圳互联网分公司,10136477,4440788.0,359267.0,4081521.0,连续三个交易日内，涨幅偏离值累计达到20%的证券,量化/互联网席位,
001259,20260512,卖出,华泰证券股份有限公司深圳益田路证券营业部,10434562,4041.0,25023392.0,-25019351.0,连续三个交易日内，涨幅偏离值累计达到20%的证券,其他营业部,
001259,20260512,卖出,机构专用,0,4044680.0,3819622.0,225058.0,连续三个交易日内，涨幅偏离值累计达到20%的证券,机构,机构专用
001259,20260512,卖出,国金证券股份有限公司成都龙泉驿区龙平路证券营业部,10131688,0.0,2885094.0,-2885094.0,连续三个交易日内，涨幅偏离值累计达到20%的证券,其他营业部,
001259,20260512,卖出,财达证券股份有限公司深圳分公司,10000383320,0.0,2718065.0,-2718065.0,连续三个交易日内，涨幅偏离值累计达到20%的证券,其他营业部,
001259,20260512,卖出,东方财富证券股份有限公司广州兴民路证券营业部,10510916,4087.0,2181138.0,-2177051.0,连续三个交易日内，涨幅偏离值累计达到20%的证券,其他营业部,
001259,20260519,买入,自然人,10000128629,704848352.45,554942907.39,149905445.06,严重异常期间日收盘价格涨幅偏离值累计达到100%的证券,其他营业部,
001259,20260519,买入,其他自然人,10000128629,591778968.45,399892882.78,191886085.67,严重异常期间日收盘价格涨幅偏离值累计达到100%的证券,其他营业部,
001259,20260519,买入,机构投资者,10000128629,241366128.56,391271573.62,-149905445.06,严重异常期间日收盘价格涨幅偏离值累计达到100%的证券,其他营业部,
001259,20260519,买入,中小投资者,10000128629,113069384.0,155050024.61,-41980640.61,严重异常期间日收盘价格涨幅偏离值累计达到100%的证券,其他营业部,
001259,20260519,买入,深股通投资者,10000128629,0.0,0.0,0.0,严重异常期间日收盘价格涨幅偏离值累计达到100%的证券,北向资金,深股通投资者
001259,20260519,卖出,自然人,10000128629,704848352.45,554942907.39,149905445.06,严重异常期间日收盘价格涨幅偏离值累计达到100%的证券,其他营业部,
001259,20260519,卖出,其他自然人,10000128629,591778968.45,399892882.78,191886085.67,严重异常期间日收盘价格涨幅偏离值累计达到100%的证券,其他营业部,
001259,20260519,卖出,机构投资者,10000128629,241366128.56,391271573.62,-149905445.06,严重异常期间日收盘价格涨幅偏离值累计达到100%的证券,其他营业部,
001259,20260519,卖出,中小投资者,10000128629,113069384.0,155050024.61,-41980640.61,严重异常期间日收盘价格涨幅偏离值累计达到100%的证券,其他营业部,
001259,20260519,卖出,深股通投资者,10000128629,0.0,0.0,0.0,严重异常期间日收盘价格涨幅偏离值累计达到100%的证券,北向资金,深股通投资者
001259,20260518,买入,中信证券股份有限公司浙江分公司,10520724,85256997.0,18755.0,85238242.0,连续三个交易日内，涨幅偏离值累计达到20%的证券,其他营业部,
001259,20260518,买入,天风证券股份有限公司上海浦东分公司,10944812,67120814.4,12808.0,67108006.4,连续三个交易日内，涨幅偏离值累计达到20%的证券,其他营业部,
001259,20260518,买入,国泰海通证券股份有限公司重庆观音桥步行街证券营业部,10719914,32078646.0,0.0,32078646.0,连续三个交易日内，涨幅偏离值累计达到20%的证券,其他营业部,
001259,20260518,买入,国投证券股份有限公司深圳红荔西路证券营业部,10106430,26546795.0,115136.0,26431659.0,连续三个交易日内，涨幅偏离值累计达到20%的证券,其他营业部,
001259,20260518,买入,招商证券股份有限公司北京朝阳公园路证券营业部,10993994,19991620.0,585640.0,19405980.0,连续三个交易日内，涨幅偏离值累计达到20%的证券,其他营业部,
001259,20260518,卖出,机构专用,0,0.0,26340490.0,-26340490.0,连续三个交易日内，涨幅偏离值累计达到20%的证券,机构,机构专用
001259,20260518,卖出,西南证券股份有限公司重庆第一分公司,10192606,0.0,24616845.0,-24616845.0,连续三个交易日内，涨幅偏离值累计达到20%的证券,其他营业部,
001259,20260518,卖出,华源证券股份有限公司深圳分公司,10484869,19234160.0,21157576.0,-1923416.0,连续三个交易日内，涨幅偏离值累计达到20%的证券,其他营业部,
001259,20260518,卖出,机构专用,0,7445455.0,16878955.0,-9433500.0,连续三个交易日内，涨幅偏离值累计达到20%的证券,机构,机构专用
001259,20260518,卖出,爱建证券有限责任公司上海浦东新区前滩大道证券营业部,10491827,0.0,13815780.0,-13815780.0,连续三个交易日内，涨幅偏离值累计达到20%的证券,其他营业部,
001258,20260723,买入,深股通专用,10634757,38762195.4,40660008.0,-1897812.6,日涨幅偏离值达到7%的前5只证券,北向资金,深股通专用
001258,20260723,买入,机构专用,0,29941241.0,1329112.0,28612129.0,日涨幅偏离值达到7%的前5只证券,机构,机构专用
001258,20260723,买入,国金证券股份有限公司深圳分公司,10000104821,27151781.72,6632268.02,20519513.7,日涨幅偏离值达到7%的前5只证券,其他营业部,
001258,20260723,买入,中信证券股份有限公司上海分公司,10135341,25157911.0,440777.0,24717134.0,日涨幅偏离值达到7%的前5只证券,其他营业部,
001258,20260723,买入,机构专用,0,24809142.5,220362.0,24588780.5,日涨幅偏离值达到7%的前5只证券,机构,机构专用
001258,20260723,卖出,国新证券股份有限公司北京分公司,10485107,9656.0,64613818.84,-64604162.84,日涨幅偏离值达到7%的前5只证券,其他营业部,
001258,20260723,卖出,国投证券股份有限公司深圳红荔西路证券营业部,10106430,4102856.0,42216038.0,-38113182.0,日涨幅偏离值达到7%的前5只证券,其他营业部,
001258,20260723,卖出,深股通专用,10634757,38762195.4,40660008.0,-1897812.6,日涨幅偏离值达到7%的前5只证券,北向资金,深股通专用
001258,20260723,卖出,开源证券股份有限公司西安太华路证券营业部,10477800,21762.0,35213863.0,-35192101.0,日涨幅偏离值达到7%的前5只证券,知名游资,方新侠
001258,20260723,卖出,平安证券股份有限公司杭州曙光路证券营业部,10000136805,1847279.0,20362365.98,-18515086.98,日涨幅偏离值达到7%的前5只证券,其他营业部,
001259,20260520,买入,东北证券股份有限公司北京朝阳分公司,10110597,48379559.2,24159.0,48355400.2,连续三个交易日内，涨幅偏离值累计达到20%的证券,其他营业部,
001259,20260520,买入,东北证券股份有限公司北京朝阳分公司,10110597,48379559.2,24159.0,48355400.2,日振幅值达到15%的前5只证券,其他营业部,
001259,20260520,买入,中信证券股份有限公司杭州延安路证券营业部,10046704,34817379.0,6817.0,34810562.0,连续三个交易日内，涨幅偏离值累计达到20%的证券,知名游资,章盟主
001259,20260520,买入,中信证券股份有限公司杭州延安路证券营业部,10046704,34810179.0,6817.0,34803362.0,日振幅值达到15%的前5只证券,知名游资,章盟主
001259,20260520,买入,中信证券股份有限公司义乌城中中路证券营业部,10028546,32572848.0,5592049.0,26980799.0,连续三个交易日内，涨幅偏离值累计达到20%的证券,其他营业部,
001259,20260520,买入,中信证券股份有限公司义乌城中中路证券营业部,10028546,23103453.0,5592049.0,17511404.0,日振幅值达到15%的前5只证券,其他营业部,
001259,20260520,买入,招商证券股份有限公司北京建国路证券营业部,10025049,17594473.0,0.0,17594473.0,连续三个交易日内，涨幅偏离值累计达到20%的证券,其他营业部,
001259,20260520,买入,招商证券股份有限公司北京建国路证券营业部,10025049,17587156.0,0.0,17587156.0,日振幅值达到15%的前5只证券,其他营业部,
001259,20260520,买入,中信证券股份有限公司杭州文三路证券营业部,10122883,17228422.43,123594.0,17104828.43,连续三个交易日内，涨幅偏离值累计达到20%的证券,其他营业部,
001259,20260520,买入,中信证券股份有限公司杭州文三路证券营业部,10122883,17228422.43,123594.0,17104828.43,日振幅值达到15%的前5只证券,其他营业部,
001259,20260520,卖出,国投证券股份有限公司深圳红荔西路证券营业部,10106430,46302.0,29340411.0,-29294109.0,连续三个交易日内，涨幅偏离值累计达到20%的证券,其他营业部,
001259,20260520,卖出,中信建投证券股份有限公司北京广渠路证券营业部,10766879,0.0,29139479.0,-29139479.0,连续三个交易日内，涨幅偏离值累计达到20%的证券,其他营业部,
001259,20260520,卖出,机构专用,0,0.0,28090812.0,-28090812.0,连续三个交易日内，涨幅偏离值累计达到20%的证券,机构,机构专用
001259,20260520,卖出,机构专用,0,0.0,27556379.0,-27556379.0,日振幅值达到15%的前5只证券,机构,机构专用
001259,20260520,卖出,机构专用,0,13774561.0,22724435.0,-8949874.0,连续三个交易日内，涨幅偏离值累计达到20%的证券,机构,机构专用
001259,20260520,卖出,方正证券股份有限公司舟山环城西路证券营业部,10399721,0.0,19935674.0,-19935674.0,连续三个交易日内，涨幅偏离值累计达到20%的证券,其他营业部,
001259,20260520,卖出,金融街证券股份有限公司北京金融大街证券营业部,10437333,122488.0,19650386.0,-19527898.0,日振幅值达到15%的前5只证券,其他营业部,
001259,20260520,卖出,浙商证券股份有限公司杭州五星路证券营业部,10949092,0.0,18814837.0,-18814837.0,日振幅值达到15%的前5只证券,其他营业部,
001259,20260520,卖出,国泰海通证券股份有限公司重庆观音桥步行街证券营业部,10719914,7725.0,18182532.0,-18174807.0,日振幅值达到15%的前5只证券,其他营业部,
001259,20260520,卖出,东吴证券股份有限公司浙江分公司,10000012696,0.0,12429459.0,-12429459.0,日振幅值达到15%的前5只证券,其他营业部,
001259,20260514,买入,西南证券股份有限公司重庆第一分公司,10192606,20344500.0,0.0,20344500.0,连续三个交易日内，涨幅偏离值累计达到20%的证券,其他营业部,
001259,20260514,买入,联储证券股份有限公司杭州西湖桃源岭证券营业部,10000866015,11400000.0,0.0,11400000.0,连续三个交易日内，涨幅偏离值累计达到20%的证券,其他营业部,
001259,20260514,买入,爱建证券有限责任公司上海浦东新区前滩大道证券营业部,10491827,10380000.0,0.0,10380000.0,连续三个交易日内，涨幅偏离值累计达到20%的证券,其他营业部,
001259,20260514,买入,东方证券股份有限公司张家港东环路证券营业部,10702252,6115000.0,0.0,6115000.0,连续三个交易日内，涨幅偏离值累计达到20%的证券,其他营业部,
001259,20260514,买入,东吴证券股份有限公司苏州工业园区扬富路证券营业部,10097640,2080000.0,0.0,2080000.0,连续三个交易日内，涨幅偏离值累计达到20%的证券,其他营业部,
001259,20260514,卖出,东方财富证券股份有限公司拉萨东城区江苏大道证券营业部,10708576,0.0,8050000.0,-8050000.0,连续三个交易日内，涨幅偏离值累计达到20%的证券,东财散户通道,拉萨天团/东财
001259,20260514,卖出,机构专用,0,0.0,7740000.0,-7740000.0,连续三个交易日内，涨幅偏离值累计达到20%的证券,机构,机构专用
001259,20260514,卖出,招商证券股份有限公司上海肇嘉浜路证券营业部,10048282,0.0,4881500.0,-4881500.0,连续三个交易日内，涨幅偏离值累计达到20%的证券,其他营业部,
001259,20260514,卖出,中国银河证券股份有限公司成都科华北路证券营业部,10042432,0.0,2100000.0,-2100000.0,连续三个交易日内，涨幅偏离值累计达到20%的证券,其他营业部,
001259,20260514,卖出,机构专用,0,0.0,1650000.0,-1650000.0,连续三个交易日内，涨幅偏离值累计达到20%的证券,机构,机构专用
000609,20260427,买入,华源证券股份有限公司广东分公司,10508996,4065698.0,0.0,4065698.0,连续三个交易日内，涨幅偏离值累计达到12%的ST证券、*ST证券和未完成股改证券,其他营业部,
000609,20260427,买入,金融街证券股份有限公司上海第一分公司,10040886,3995680.0,0.0,3995680.0,连续三个交易日内，涨幅偏离值累计达到12%的ST证券、*ST证券和未完成股改证券,其他营业部,
000609,20260427,买入,国新证券股份有限公司广州珠江东路证券营业部,10145335,3953870.0,0.0,3953870.0,连续三个交易日内，涨幅偏离值累计达到12%的ST证券、*ST证券和未完成股改证券,其他营业部,
000609,20260427,买入,国泰海通证券股份有限公司广州东风中路证券营业部,10025179,2967972.0,7126.0,2960846.0,连续三个交易日内，涨幅偏离值累计达到12%的ST证券、*ST证券和未完成股改证券,其他营业部,
000609,20260427,买入,国金证券股份有限公司上海静安区南京西路证券营业部,10342130,2792230.0,4984.0,2787246.0,连续三个交易日内，涨幅偏离值累计达到12%的ST证券、*ST证券和未完成股改证券,其他营业部,
000609,20260427,卖出,机构专用,0,0.0,3001379.0,-3001379.0,连续三个交易日内，涨幅偏离值累计达到12%的ST证券、*ST证券和未完成股改证券,机构,机构专用
000609,20260427,卖出,申万宏源证券有限公司常州分公司,10000583885,0.0,1626030.0,-1626030.0,连续三个交易日内，涨幅偏离值累计达到12%的ST证券、*ST证券和未完成股改证券,其他营业部,
000609,20260427,卖出,华泰证券股份有限公司长沙湘江中路证券营业部,10001661723,0.0,934500.0,-934500.0,连续三个交易日内，涨幅偏离值累计达到12%的ST证券、*ST证券和未完成股改证券,其他营业部,
000609,20260427,卖出,平安证券股份有限公司深圳深南东路罗湖商务中心证券营业部,10143566,0.0,735516.0,-735516.0,连续三个交易日内，涨幅偏离值累计达到12%的ST证券、*ST证券和未完成股改证券,其他营业部,
000609,20260427,卖出,国泰海通证券股份有限公司临海巾山中路证券营业部,10025171,0.0,676590.0,-676590.0,连续三个交易日内，涨幅偏离值累计达到12%的ST证券、*ST证券和未完成股改证券,其他营业部,
000909,20260702,买入,机构专用,0,2674754.0,1037750.0,1637004.0,连续三个交易日内，涨幅偏离值累计达到12%的ST证券、*ST证券和未完成股改证券,机构,机构专用
000909,20260702,买入,国泰海通证券股份有限公司深圳高新园证券营业部,10456358,2384945.0,18315.0,2366630.0,连续三个交易日内，涨幅偏离值累计达到12%的ST证券、*ST证券和未完成股改证券,其他营业部,
000909,20260702,买入,长城证券股份有限公司杭州文一西路证券营业部,10058793,2351605.0,0.0,2351605.0,连续三个交易日内，涨幅偏离值累计达到12%的ST证券、*ST证券和未完成股改证券,其他营业部,
000909,20260702,买入,光大证券股份有限公司绍兴胜利东路证券营业部,10091113,1980478.0,0.0,1980478.0,连续三个交易日内，涨幅偏离值累计达到12%的ST证券、*ST证券和未完成股改证券,其他营业部,
000909,20260702,买入,机构专用,0,1733645.0,179456.0,1554189.0,连续三个交易日内，涨幅偏离值累计达到12%的ST证券、*ST证券和未完成股改证券,机构,机构专用
000909,20260702,卖出,东方财富证券股份有限公司拉萨团结路第一证券营业部,10484371,55516.0,2478976.0,-2423460.0,连续三个交易日内，涨幅偏离值累计达到12%的ST证券、*ST证券和未完成股改证券,东财散户通道,拉萨天团/东财
000909,20260702,卖出,招商证券股份有限公司成都人民南路证券营业部,10030392,207500.0,1199807.0,-992307.0,连续三个交易日内，涨幅偏离值累计达到12%的ST证券、*ST证券和未完成股改证券,其他营业部,
000909,20260702,卖出,中信建投证券股份有限公司上海营口路证券营业部,10028716,478426.0,1117542.0,-639116.0,连续三个交易日内，涨幅偏离值累计达到12%的ST证券、*ST证券和未完成股改证券,其他营业部,
000909,20260702,卖出,机构专用,0,2674754.0,1037750.0,1637004.0,连续三个交易日内，涨幅偏离值累计达到12%的ST证券、*ST证券和未完成股改证券,机构,机构专用
000909,20260702,卖出,财通证券股份有限公司温岭中华路证券营业部,10022026,0.0,1031036.0,-1031036.0,连续三个交易日内，涨幅偏离值累计达到12%的ST证券、*ST证券和未完成股改证券,其他营业部,
000609,20260506,买入,中国中金财富证券有限公司南通如东青园北路证券营业部,10426963,16512654.0,6116560.0,10396094.0,连续三个交易日内，日均换手率与前五个交易日的日均换手率的比值达到30倍，且换手率累计达20%的证券,其他营业部,
000609,20260506,买入,东方财富证券股份有限公司拉萨东环路第二证券营业部,10472087,14450176.94,3665643.0,10784533.94,连续三个交易日内，日均换手率与前五个交易日的日均换手率的比值达到30倍，且换手率累计达20%的证券,东财散户通道,拉萨天团/东财
000609,20260506,买入,华源证券股份有限公司江苏分公司,10484864,14338768.0,576834.0,13761934.0,连续三个交易日内，日均换手率与前五个交易日的日均换手率的比值达到30倍，且换手率累计达20%的证券,其他营业部,
000609,20260506,买入,东亚前海证券有限责任公司浙江分公司,10000011376,12546976.1,0.0,12546976.1,连续三个交易日内，日均换手率与前五个交易日的日均换手率的比值达到30倍，且换手率累计达20%的证券,其他营业部,
000609,20260506,买入,方正证券股份有限公司新余赣西大道证券营业部,10000066501,11750720.0,0.0,11750720.0,连续三个交易日内，日均换手率与前五个交易日的日均换手率的比值达到30倍，且换手率累计达20%的证券,其他营业部,
000609,20260506,卖出,方正证券股份有限公司临海靖江中路证券营业部,10355419,0.0,35541144.0,-35541144.0,连续三个交易日内，日均换手率与前五个交易日的日均换手率的比值达到30倍，且换手率累计达20%的证券,其他营业部,
000609,20260506,卖出,招商证券股份有限公司福州六一中路证券营业部,10318896,2570950.0,23677473.0,-21106523.0,连续三个交易日内，日均换手率与前五个交易日的日均换手率的比值达到30倍，且换手率累计达20%的证券,其他营业部,
000609,20260506,卖出,华泰证券股份有限公司长沙湘江中路证券营业部,10001661723,0.0,22622591.0,-22622591.0,连续三个交易日内，日均换手率与前五个交易日的日均换手率的比值达到30倍，且换手率累计达20%的证券,其他营业部,
000609,20260506,卖出,国泰海通证券股份有限公司临海巾山中路证券营业部,10025171,7588876.0,18008412.0,-10419536.0,连续三个交易日内，日均换手率与前五个交易日的日均换手率的比值达到30倍，且换手率累计达20%的证券,其他营业部,
000609,20260506,卖出,西南证券股份有限公司成都红星路证券营业部,10544113,0.0,16705575.0,-16705575.0,连续三个交易日内，日均换手率与前五个交易日的日均换手率的比值达到30倍，且换手率累计达20%的证券,其他营业部,
000609,20260430,买入,山西证券股份有限公司浙江分公司,10737984,13508841.0,0.0,13508841.0,连续三个交易日内，涨幅偏离值累计达到12%的ST证券、*ST证券和未完成股改证券,其他营业部,
000609,20260430,买入,华源证券股份有限公司深圳分公司,10484869,8846726.0,0.0,8846726.0,连续三个交易日内，涨幅偏离值累计达到12%的ST证券、*ST证券和未完成股改证券,其他营业部,
000609,20260430,买入,东亚前海证券有限责任公司四川分公司,10000242108,8529646.0,0.0,8529646.0,连续三个交易日内，涨幅偏离值累计达到12%的ST证券、*ST证券和未完成股改证券,其他营业部,
000609,20260430,买入,中国中金财富证券有限公司深圳益田路证券营业部,10030338,6757906.0,0.0,6757906.0,连续三个交易日内，涨幅偏离值累计达到12%的ST证券、*ST证券和未完成股改证券,其他营业部,
000609,20260430,买入,国泰海通证券股份有限公司深圳海岸城海德三道证券营业部,10125886,6676899.0,0.0,6676899.0,连续三个交易日内，涨幅偏离值累计达到12%的ST证券、*ST证券和未完成股改证券,其他营业部,
000609,20260430,卖出,机构专用,0,0.0,6118171.0,-6118171.0,连续三个交易日内，涨幅偏离值累计达到12%的ST证券、*ST证券和未完成股改证券,机构,机构专用
000609,20260430,卖出,国泰海通证券股份有限公司临海巾山中路证券营业部,10025171,0.0,5313770.0,-5313770.0,连续三个交易日内，涨幅偏离值累计达到12%的ST证券、*ST证券和未完成股改证券,其他营业部,
000609,20260430,卖出,国信证券股份有限公司北京分公司,10122926,0.0,5062251.0,-5062251.0,连续三个交易日内，涨幅偏离值累计达到12%的ST证券、*ST证券和未完成股改证券,其他营业部,
000609,20260430,卖出,东方财富证券股份有限公司拉萨金融城南环路证券营业部,10678762,0.0,4995490.0,-4995490.0,连续三个交易日内，涨幅偏离值累计达到12%的ST证券、*ST证券和未完成股改证券,东财散户通道,拉萨天团/东财
000609,20260430,卖出,东兴证券股份有限公司成都都江堰市彩虹大道证券营业部,10142822,0.0,4327442.0,-4327442.0,连续三个交易日内，涨幅偏离值累计达到12%的ST证券、*ST证券和未完成股改证券,其他营业部,
000078,20260702,买入,中信建投证券股份有限公司上海营口路证券营业部,10028716,4763754.0,44315.0,4719439.0,连续三个交易日内，涨幅偏离值累计达到12%的ST证券、*ST证券和未完成股改证券,其他营业部,
000078,20260702,买入,东方财富证券股份有限公司拉萨团结路第二证券营业部,10495103,3214615.0,2446946.0,767669.0,连续三个交易日内，涨幅偏离值累计达到12%的ST证券、*ST证券和未完成股改证券,东财散户通道,拉萨天团/东财
000078,20260702,买入,东方财富证券股份有限公司拉萨金融城南环路证券营业部,10678762,1988519.0,2458064.0,-469545.0,连续三个交易日内，涨幅偏离值累计达到12%的ST证券、*ST证券和未完成股改证券,东财散户通道,拉萨天团/东财
000078,20260702,买入,东方证券股份有限公司泉州津淮街证券营业部,10517793,1848455.0,1363855.0,484600.0,连续三个交易日内，涨幅偏离值累计达到12%的ST证券、*ST证券和未完成股改证券,其他营业部,
000078,20260702,买入,东方财富证券股份有限公司拉萨团结路第一证券营业部,10484371,1804875.0,1026491.0,778384.0,连续三个交易日内，涨幅偏离值累计达到12%的ST证券、*ST证券和未完成股改证券,东财散户通道,拉萨天团/东财
000078,20260702,卖出,东方财富证券股份有限公司拉萨金融城南环路证券营业部,10678762,1988519.0,2458064.0,-469545.0,连续三个交易日内，涨幅偏离值累计达到12%的ST证券、*ST证券和未完成股改证券,东财散户通道,拉萨天团/东财
000078,20260702,卖出,东方财富证券股份有限公司拉萨团结路第二证券营业部,10495103,3214615.0,2446946.0,767669.0,连续三个交易日内，涨幅偏离值累计达到12%的ST证券、*ST证券和未完成股改证券,东财散户通道,拉萨天团/东财
000078,20260702,卖出,东方财富证券股份有限公司昌都两江大道证券营业部,10342919,1345926.93,1546236.0,-200309.07,连续三个交易日内，涨幅偏离值累计达到12%的ST证券、*ST证券和未完成股改证券,东财散户通道,拉萨天团/东财
000078,20260702,卖出,兴业证券股份有限公司湖北分公司,10484737,0.0,1443742.0,-1443742.0,连续三个交易日内，涨幅偏离值累计达到12%的ST证券、*ST证券和未完成股改证券,其他营业部,
000078,20260702,卖出,华林证券股份有限公司株洲天台路证券营业部,10502390,834657.93,1369314.26,-534656.33,连续三个交易日内，涨幅偏离值累计达到12%的ST证券、*ST证券和未完成股改证券,其他营业部,
000056,20260527,买入,金融街证券股份有限公司沈阳奉天街证券营业部,10054782,3565628.0,1056261.0,2509367.0,连续三个交易日内，涨幅偏离值累计达到12%的ST证券、*ST证券和未完成股改证券,其他营业部,
000056,20260527,买入,东方财富证券股份有限公司山南香曲东路证券营业部,10281327,3153519.0,1665520.0,1487999.0,连续三个交易日内，涨幅偏离值累计达到12%的ST证券、*ST证券和未完成股改证券,东财散户通道,拉萨天团/东财
000056,20260527,买入,东方财富证券股份有限公司拉萨团结路第一证券营业部,10484371,2927975.0,1053939.0,1874036.0,连续三个交易日内，涨幅偏离值累计达到12%的ST证券、*ST证券和未完成股改证券,东财散户通道,拉萨天团/东财
000056,20260527,买入,联储证券股份有限公司宁波分公司,10915756,2848005.0,0.0,2848005.0,连续三个交易日内，涨幅偏离值累计达到12%的ST证券、*ST证券和未完成股改证券,其他营业部,
000056,20260527,买入,机构专用,0,2530915.0,7592.0,2523323.0,连续三个交易日内，涨幅偏离值累计达到12%的ST证券、*ST证券和未完成股改证券,机构,机构专用
000056,20260527,卖出,招商证券股份有限公司上海黄浦区西藏南路证券营业部,10456470,0.0,2901903.0,-2901903.0,连续三个交易日内，涨幅偏离值累计达到12%的ST证券、*ST证券和未完成股改证券,其他营业部,
000056,20260527,卖出,东方证券股份有限公司厦门仙岳路证券营业部,10492163,2397750.0,2602456.0,-204706.0,连续三个交易日内，涨幅偏离值累计达到12%的ST证券、*ST证券和未完成股改证券,其他营业部,
000056,20260527,卖出,中国中金财富证券有限公司广州科学大道证券营业部,10199680,1423394.0,2110580.52,-687186.52,连续三个交易日内，涨幅偏离值累计达到12%的ST证券、*ST证券和未完成股改证券,其他营业部,
000056,20260527,卖出,东方证券股份有限公司泉州津淮街证券营业部,10517793,1883172.0,1980371.0,-97199.0,连续三个交易日内，涨幅偏离值累计达到12%的ST证券、*ST证券和未完成股改证券,其他营业部,
000056,20260527,卖出,东方财富证券股份有限公司拉萨东环路第二证券营业部,10472087,1513833.0,1943332.0,-429499.0,连续三个交易日内，涨幅偏离值累计达到12%的ST证券、*ST证券和未完成股改证券,东财散户通道,拉萨天团/东财
000078,20260707,买入,东方财富证券股份有限公司拉萨东环路第二证券营业部,10472087,8966710.0,8286095.0,680615.0,连续三个交易日内，涨幅偏离值累计达到20%的证券,东财散户通道,拉萨天团/东财
000078,20260707,买入,东方财富证券股份有限公司拉萨金融城南环路证券营业部,10678762,8255883.0,7734408.0,521475.0,连续三个交易日内，涨幅偏离值累计达到20%的证券,东财散户通道,拉萨天团/东财
000078,20260707,买入,东方财富证券股份有限公司昌都两江大道证券营业部,10342919,6345394.0,5867553.96,477840.04,连续三个交易日内，涨幅偏离值累计达到20%的证券,东财散户通道,拉萨天团/东财
000078,20260707,买入,东方财富证券股份有限公司山南香曲东路证券营业部,10281327,6008181.0,5489492.0,518689.0,连续三个交易日内，涨幅偏离值累计达到20%的证券,东财散户通道,拉萨天团/东财
000078,20260707,买入,东方财富证券股份有限公司拉萨团结路第一证券营业部,10484371,5761673.0,6197598.0,-435925.0,连续三个交易日内，涨幅偏离值累计达到20%的证券,东财散户通道,拉萨天团/东财
000078,20260707,卖出,中信建投证券股份有限公司上海营口路证券营业部,10028716,4365047.51,9724557.0,-5359509.49,连续三个交易日内，涨幅偏离值累计达到20%的证券,其他营业部,
000078,20260707,卖出,东方财富证券股份有限公司拉萨东环路第二证券营业部,10472087,8966710.0,8286095.0,680615.0,连续三个交易日内，涨幅偏离值累计达到20%的证券,东财散户通道,拉萨天团/东财
000078,20260707,卖出,东方财富证券股份有限公司拉萨金融城南环路证券营业部,10678762,8255883.0,7734408.0,521475.0,连续三个交易日内，涨幅偏离值累计达到20%的证券,东财散户通道,拉萨天团/东财
000078,20260707,卖出,东方财富证券股份有限公司拉萨团结路第一证券营业部,10484371,5761673.0,6197598.0,-435925.0,连续三个交易日内，涨幅偏离值累计达到20%的证券,东财散户通道,拉萨天团/东财
000078,20260707,卖出,东方财富证券股份有限公司昌都两江大道证券营业部,10342919,6345394.0,5867553.96,477840.04,连续三个交易日内，涨幅偏离值累计达到20%的证券,东财散户通道,拉萨天团/东财
000017,20260825,买入,东方证券股份有限公司杭州龙井路证券营业部,10086482,34959741.0,0.0,34959741.0,连续三个交易日内，涨幅偏离值累计达到20%的证券,知名游资,章盟主
000017,20260825,买入,国泰海通证券股份有限公司广州珠江新城营业部,10000186653,30371760.0,215000.0,30156760.0,连续三个交易日内，涨幅偏离值累计达到20%的证券,其他营业部,
000017,20260825,买入,国泰海通证券股份有限公司南京胜利路证券营业部,10000883374,17762440.0,34400.0,17728040.0,连续三个交易日内，涨幅偏离值累计达到20%的证券,其他营业部,
000017,20260825,买入,中信证券股份有限公司北京中关村证券营业部,10495781,14630320.0,2578.0,14627742.0,连续三个交易日内，涨幅偏离值累计达到20%的证券,其他营业部,
000017,20260825,买入,机构专用,0,14118936.0,6754.4,14112181.6,连续三个交易日内，涨幅偏离值累计达到20%的证券,机构,机构专用
000017,20260825,卖出,机构专用,0,0.0,59999110.0,-59999110.0,连续三个交易日内，涨幅偏离值累计达到20%的证券,机构,机构专用
000017,20260825,卖出,国泰海通证券股份有限公司昆明人民中路证券营业部,10025200,36110.0,21820320.0,-21784210.0,连续三个交易日内，涨幅偏离值累计达到20%的证券,其他营业部,
000017,20260825,卖出,国投证券股份有限公司深圳红荔西路证券营业部,10106430,0.0,10521240.0,-10521240.0,连续三个交易日内，涨幅偏离值累计达到20%的证券,其他营业部,
000017,20260825,卖出,东莞证券股份有限公司东莞南城分公司,10145491,0.0,10363860.0,-10363860.0,连续三个交易日内，涨幅偏离值累计达到20%的证券,其他营业部,
000017,20260825,卖出,中国中金财富证券有限公司深圳桃园路证券营业部,10028593,375432.0,9708248.0,-9332816.0,连续三个交易日内，涨幅偏离值累计达到20%的证券,其他营业部,
000017,20260826,买入,机构专用,0,23460754.0,13270798.84,10189955.16,日涨幅偏离值达到7%的前5只证券,机构,机构专用
000017,20260826,买入,平安证券股份有限公司杭州曙光路证券营业部,10000136805,18235364.0,6407891.0,11827473.0,日涨幅偏离值达到7%的前5只证券,其他营业部,
000017,20260826,买入,机构专用,0,16767766.6,7894514.0,8873252.6,日涨幅偏离值达到7%的前5只证券,机构,机构专用
000017,20260826,买入,机构专用,0,12576396.0,15028065.02,-2451669.02,日涨幅偏离值达到7%的前5只证券,机构,机构专用
000017,20260826,买入,国泰海通证券股份有限公司昆明人民中路证券营业部,10025200,11477461.0,192736.0,11284725.0,日涨幅偏离值达到7%的前5只证券,其他营业部,
000017,20260826,卖出,机构专用,0,0.0,59999119.0,-59999119.0,日涨幅偏离值达到7%的前5只证券,机构,机构专用
000017,20260826,卖出,华福证券股份有限公司莆田东圳东路证券营业部,10083969,69410.0,23699508.0,-23630098.0,日涨幅偏离值达到7%的前5只证券,其他营业部,
000017,20260826,卖出,机构专用,0,12576396.0,15028065.02,-2451669.02,日涨幅偏离值达到7%的前5只证券,机构,机构专用
000017,20260826,卖出,长江证券股份有限公司江阴虹桥南路证券营业部,10472052,3654200.0,13656559.0,-10002359.0,日涨幅偏离值达到7%的前5只证券,其他营业部,
000017,20260826,卖出,机构专用,0,23460754.0,13270798.84,10189955.16,日涨幅偏离值达到7%的前5只证券,机构,机构专用
000004,20260626,买入,东方财富证券股份有限公司拉萨东环路第二证券营业部,10472087,762307.0,106076.0,656231.0,退市整理期,东财散户通道,拉萨天团/东财
000004,20260626,买入,第一创业证券股份有限公司杭州分公司,10145756,659376.0,0.0,659376.0,退市整理期,其他营业部,
000004,20260626,买入,招商证券股份有限公司上海长宁区娄山关路证券营业部,10122836,184054.0,0.0,184054.0,退市整理期,其他营业部,
000004,20260626,买入,国投证券股份有限公司上海虹桥路证券营业部,10106820,147212.0,0.0,147212.0,退市整理期,其他营业部,
000004,20260626,买入,国信证券股份有限公司浙江分公司,10467899,128475.0,0.0,128475.0,退市整理期,其他营业部,
000004,20260626,卖出,国金证券股份有限公司上海奉贤区金碧路证券营业部,10467671,0.0,219258.0,-219258.0,退市整理期,其他营业部,
000004,20260626,卖出,国元证券股份有限公司滁州分公司,10026848,50000.0,193648.0,-143648.0,退市整理期,其他营业部,
000004,20260626,卖出,财通证券股份有限公司丽水缙云仙都路证券营业部,10657335,0.0,164762.0,-164762.0,退市整理期,其他营业部,
000004,20260626,卖出,中国中金财富证券有限公司广州番禺东兴路证券营业部,10174528,0.0,130000.0,-130000.0,退市整理期,其他营业部,
000004,20260626,卖出,招商证券股份有限公司东莞鸿福路证券营业部,10046551,0.0,113229.0,-113229.0,退市整理期,其他营业部,
000004,20260630,买入,广发证券股份有限公司南京泰山路证券营业部,10000762404,235144.0,0.0,235144.0,退市整理期,其他营业部,
000004,20260630,买入,东方财富证券股份有限公司拉萨东环路第二证券营业部,10472087,204511.4,4114.0,200397.4,退市整理期,东财散户通道,拉萨天团/东财
000004,20260630,买入,中国中金财富证券有限公司上海徐汇区淮海中路证券营业部,10099131,70584.0,0.0,70584.0,退市整理期,其他营业部,
000004,20260630,买入,中泰证券股份有限公司北京总部证券营业部,10442687,66684.0,0.0,66684.0,退市整理期,其他营业部,
000004,20260630,买入,招商证券股份有限公司上海长宁区娄山关路证券营业部,10122836,61446.0,340.0,61106.0,退市整理期,其他营业部,
000004,20260630,卖出,国信证券股份有限公司深圳南海大道证券营业部,10000257377,0.0,109446.0,-109446.0,退市整理期,其他营业部,
000004,20260630,卖出,广发证券股份有限公司福州古田路证券营业部,10031928,0.0,88110.0,-88110.0,退市整理期,其他营业部,
000004,20260630,卖出,华泰证券股份有限公司广州兴民路证券营业部,10153215,0.0,67966.0,-67966.0,退市整理期,其他营业部,
000004,20260630,卖出,东方财富证券股份有限公司拉萨江苏东路证券营业部,10697104,0.0,46500.0,-46500.0,退市整理期,东财散户通道,拉萨天团/东财
000004,20260630,卖出,中信证券股份有限公司杭州环城北路证券营业部,10132924,0.0,36900.0,-36900.0,退市整理期,其他营业部,
000004,20260701,买入,光大证券股份有限公司重庆财富大道证券营业部,10145536,479638.0,0.0,479638.0,退市整理期,其他营业部,
000004,20260701,买入,申万宏源证券有限公司深圳深南大道证券营业部,10384831,400030.0,0.0,400030.0,退市整理期,其他营业部,
000004,20260701,买入,五矿证券有限公司深圳金田路证券营业部,10144028,339083.0,0.0,339083.0,退市整理期,知名游资,金田路
000004,20260701,买入,五矿证券有限公司杭州中山北路证券营业部,10022014,224502.0,0.0,224502.0,退市整理期,其他营业部,
000004,20260701,买入,招商证券股份有限公司上海肇嘉浜路证券营业部,10048282,192400.0,0.0,192400.0,退市整理期,其他营业部,
000004,20260701,卖出,中国银河证券股份有限公司邢台守敬北路证券营业部,10160386,0.0,506364.0,-506364.0,退市整理期,其他营业部,
000004,20260701,卖出,浙商证券股份有限公司宁波四明中路证券营业部,10145196,0.0,453213.0,-453213.0,退市整理期,其他营业部,
000004,20260701,卖出,中国中金财富证券有限公司北京石景山证券营业部,10510716,0.0,370000.0,-370000.0,退市整理期,其他营业部,
000004,20260701,卖出,东方财富证券股份有限公司拉萨东城区江苏大道证券营业部,10708576,37.0,272146.0,-272109.0,退市整理期,东财散户通道,拉萨天团/东财
000004,20260701,卖出,广发证券股份有限公司南京泰山路证券营业部,10000762404,0.0,256144.0,-256144.0,退市整理期,其他营业部,
000004,20260629,买入,中国银河证券股份有限公司邢台守敬北路证券营业部,10160386,462985.0,0.0,462985.0,退市整理期,其他营业部,
000004,20260629,买入,中国中金财富证券有限公司北京石景山证券营业部,10510716,310000.0,0.0,310000.0,退市整理期,其他营业部,
000004,20260629,买入,第一创业证券股份有限公司杭州分公司,10145756,281795.0,0.0,281795.0,退市整理期,其他营业部,
000004,20260629,买入,申万宏源证券有限公司深圳金田路证券营业部,10093706,149070.0,0.0,149070.0,退市整理期,知名游资,金田路
000004,20260629,买入,东方财富证券股份有限公司拉萨东环路第二证券营业部,10472087,147006.0,155280.0,-8274.0,退市整理期,东财散户通道,拉萨天团/东财
000004,20260629,卖出,中信建投证券股份有限公司广州黄埔东路证券营业部,10051462,0.0,232624.0,-232624.0,退市整理期,其他营业部,
000004,20260629,卖出,招商证券股份有限公司沈阳兴工街证券营业部,10140889,0.0,199110.0,-199110.0,退市整理期,其他营业部,
000004,20260629,卖出,国投证券股份有限公司上海虹桥路证券营业部,10106820,0.0,158536.0,-158536.0,退市整理期,其他营业部,
000004,20260629,卖出,东方财富证券股份有限公司拉萨东环路第二证券营业部,10472087,147006.0,155280.0,-8274.0,退市整理期,东财散户通道,拉萨天团/东财
000004,20260629,卖出,招商证券股份有限公司深圳建安路证券营业部,10046531,0.0,151249.0,-151249.0,退市整理期,其他营业部,
000004,20260702,买入,光大证券股份有限公司重庆财富大道证券营业部,10145536,809467.0,0.0,809467.0,退市整理期,其他营业部,
000004,20260702,买入,申万宏源证券有限公司深圳深南大道证券营业部,10384831,650256.8,0.0,650256.8,退市整理期,其他营业部,
000004,20260702,买入,招商证券股份有限公司上海长宁区娄山关路证券营业部,10122836,386634.0,0.0,386634.0,退市整理期,其他营业部,
000004,20260702,买入,东方财富证券股份有限公司拉萨东环路第二证券营业部,10472087,362563.0,40.0,362523.0,退市整理期,东财散户通道,拉萨天团/东财
000004,20260702,买入,财达证券股份有限公司邯郸人民路证券营业部,10108314,298890.0,0.0,298890.0,退市整理期,其他营业部,
000004,20260702,卖出,中信建投证券股份有限公司福州燎原路外滩壹号证券营业部,10537510,0.0,516641.0,-516641.0,退市整理期,其他营业部,
000004,20260702,卖出,华林证券股份有限公司福建分公司,10484360,0.0,406474.0,-406474.0,退市整理期,其他营业部,
000004,20260702,卖出,广发证券股份有限公司广州汉溪大道东证券营业部,10043881,2706.0,387163.0,-384457.0,退市整理期,其他营业部,
000004,20260702,卖出,中信证券股份有限公司杭州环城北路证券营业部,10132924,0.0,271840.0,-271840.0,退市整理期,其他营业部,
000004,20260702,卖出,国元证券股份有限公司杭州密渡桥路证券营业部,10104070,0.0,200000.0,-200000.0,退市整理期,其他营业部,
000017,20260821,买入,开源证券股份有限公司西安西大街证券营业部,10046745,31968111.04,35270561.64,-3302450.6,连续三个交易日内，涨幅偏离值累计达到20%的证券,知名游资,方新侠
000017,20260821,买入,国泰海通证券股份有限公司昆明人民中路证券营业部,10025200,18195526.0,205634.0,17989892.0,连续三个交易日内，涨幅偏离值累计达到20%的证券,其他营业部,
000017,20260821,买入,长江证券股份有限公司江阴虹桥南路证券营业部,10472052,17312139.0,0.0,17312139.0,连续三个交易日内，涨幅偏离值累计达到20%的证券,其他营业部,
000017,20260821,买入,国泰海通证券股份有限公司南京胜利路证券营业部,10000883374,10369935.0,9044.0,10360891.0,连续三个交易日内，涨幅偏离值累计达到20%的证券,其他营业部,
000017,20260821,买入,华泰证券股份有限公司辽宁分公司,10485129,9246493.0,15369.0,9231124.0,连续三个交易日内，涨幅偏离值累计达到20%的证券,其他营业部,
000017,20260821,卖出,开源证券股份有限公司西安西大街证券营业部,10046745,31968111.04,35270561.64,-3302450.6,连续三个交易日内，涨幅偏离值累计达到20%的证券,知名游资,方新侠
000017,20260821,卖出,华林证券股份有限公司深圳民田路证券营业部,10663066,3228034.36,28956186.0,-25728151.64,连续三个交易日内，涨幅偏离值累计达到20%的证券,其他营业部,
000017,20260821,卖出,机构专用,0,5531415.0,13561854.7,-8030439.7,连续三个交易日内，涨幅偏离值累计达到20%的证券,机构,机构专用
000017,20260821,卖出,机构专用,0,9035944.61,11760106.0,-2724161.39,连续三个交易日内，涨幅偏离值累计达到20%的证券,机构,机构专用
000017,20260821,卖出,国投证券股份有限公司佛山北滘证券营业部,10104641,0.0,10509751.0,-10509751.0,连续三个交易日内，涨幅偏离值累计达到20%的证券,其他营业部,
000004,20260703,买入,光大证券股份有限公司重庆财富大道证券营业部,10145536,557829.99,0.0,557829.99,退市整理期,其他营业部,
000004,20260703,买入,长城证券股份有限公司深圳分公司,10915710,499926.42,0.0,499926.42,退市整理期,其他营业部,
000004,20260703,买入,东方财富证券股份有限公司拉萨东环路第二证券营业部,10472087,281274.0,440.0,280834.0,退市整理期,东财散户通道,拉萨天团/东财
000004,20260703,买入,财达证券股份有限公司邯郸人民路证券营业部,10108314,225000.0,274310.0,-49310.0,退市整理期,其他营业部,
000004,20260703,买入,中国中金财富证券有限公司上海徐汇区淮海中路证券营业部,10099131,164592.0,0.0,164592.0,退市整理期,其他营业部,
000004,20260703,卖出,中信建投证券股份有限公司福州燎原路外滩壹号证券营业部,10537510,0.0,385875.0,-385875.0,退市整理期,其他营业部,
000004,20260703,卖出,广发证券股份有限公司广州汉溪大道东证券营业部,10043881,30147.0,288540.0,-258393.0,退市整理期,其他营业部,
000004,20260703,卖出,财达证券股份有限公司邯郸人民路证券营业部,10108314,225000.0,274310.0,-49310.0,退市整理期,其他营业部,
000004,20260703,卖出,中国银河证券股份有限公司厦门嘉禾路证券营业部,10023542,0.0,226878.0,-226878.0,退市整理期,其他营业部,
000004,20260703,卖出,中信建投证券股份有限公司上海营口路证券营业部,10028716,0.0,101250.0,-101250.0,退市整理期,其他营业部,
