date,code,name,price,pct,amount,float_mv,total_mv,turnover,lianban,first_seal,last_seal,seal_amt,open_times,industry,zt_days,zt_count,market_flag
20260813,000802,北京文化,6.26,10.017574310302734,851181584,4479305471.3,4481535602.559999,19.00722885131836,4,92500,93012,167948914,1,影视院线,4,4,0
20260813,002329,皇氏集团,4.62,10.0,719355840,3010359308.88,3845706406.08,24.268428802490234,4,92500,102530,55585530,4,饮料乳品,4,4,0
20260813,300862,蓝盾光电,39.41,20.00609016418457,410157808,5969472385.87,7275791517.82,6.870922088623047,4,92500,92500,1038104524,0,通用设备,4,4,0
20260813,002575,群兴玩具,6.08,9.94575023651123,132855788,3552699040.0,3748320000.0,3.7395734786987305,1,92500,92500,119163859,0,综合Ⅱ,1,1,0
20260813,002081,金 螳 螂,4.81,10.068650245666504,131250864,12718810580.839998,12772106977.759998,1.0319429636001587,2,92500,92500,314696741,0,装修装饰,2,2,0
20260813,002172,澳洋健康,4.13,10.133333206176758,96348778,3160031214.9,3162474679.84,3.0489819049835205,2,92500,92500,100492390,0,医疗服务,2,2,0
20260813,605286,同力天启,34.09,10.003227233886719,77650202,5727120000.000001,5727120000.000001,1.3558332920074463,4,92500,92500,91146433,0,专用设备,4,4,1
20260813,002322,理工能科,11.86,10.018552780151367,63711374,4167377817.9399996,4335161700.48,1.528812050819397,1,92500,92500,78142527,0,软件开发,1,1,0
20260813,001260,坤泰股份,21.03,9.98953914642334,40159918,2418450000.0,2418450000.0,1.6605643033981323,2,92500,92500,292252879,0,汽车零部,2,2,0
20260813,300333,兆日科技,10.64,19.954904556274414,33540153,3562059912.88,3575040000.0,0.9415943026542664,2,92500,92500,181695343,0,计算机设,2,2,0
20260813,603887,城地香江,12.49,10.044053077697754,228054748,7519347468.29,7519347505.76,3.0329060554504395,3,92501,92501,271131671,0,IT服务Ⅱ,3,3,1
20260813,600683,京投发展,12.93,10.042552947998047,24367878,9578254329.21,9578254368.0,0.2544083297252655,4,92502,92502,164111439,0,房地产开,4,4,1
20260813,603236,移远通信,59.43,9.994447708129883,528639712,23947484131.41,23947483953.12,2.207495927810669,1,92503,92503,334783096,0,通信设备,1,1,1
20260813,603758,秦安股份,15.35,10.035842895507812,76897943,6648331352.15,6648331336.8,1.1566503047943115,5,92503,92503,179320235,0,汽车零部,5,5,1
20260813,000887,中鼎股份,23.69,9.981430053710938,1823019824,31137439703.52,31187642035.36,5.857362270355225,2,93000,143642,358524270,1,汽车零部,2,2,0
20260813,000936,华西股份,6.34,10.06944465637207,164090241,5616525716.58,5617321659.2,2.9228405952453613,2,93000,93000,128980490,0,化学纤维,2,2,0
20260813,002174,游族网络,13.38,10.032894134521484,413420400,13102485981.960001,13109870644.800001,3.183117151260376,1,93118,93118,157483938,0,游戏Ⅱ,1,1,0
20260813,600800,渤海化学,3.74,10.0,84934146,4150391007.84,4151569107.84,2.0694580078125,1,93140,93331,53830942,2,炼化及贸,1,1,1
20260813,600821,金开新能,7.15,10.0,551932544,14066373413.95,14066373464.0,3.9969160556793213,1,93419,93419,94058250,0,电力,1,1,1
20260813,603118,共进股份,15.96,9.993108749389648,1724498048,12564931439.76,12564931344.0,13.890349388122559,1,93518,143606,89279234,4,通信设备,1,1,1
20260813,603912,佳力图,8.89,10.024752616882324,320037216,4821280718.1,4821280700.320001,6.709406852722168,1,93558,94334,59252543,1,通用设备,1,1,1
20260813,600881,亚泰集团,2.27,10.194174766540527,639190464,7336982742.76,7336982751.84,8.891862869262695,3,93626,94056,100036670,1,综合Ⅱ,3,3,1
20260813,000692,惠天热电,4.88,9.909910202026367,211175964,2600224922.88,2600224922.88,8.545989036560059,2,93654,93654,29426400,0,电力,6,3,0
20260813,600726,华电能源,6.8,10.032362937927246,955907808,50832286214.4,53769886105.6,1.9281272888183594,1,93804,93904,119053713,1,电力,1,1,1
20260813,603956,威派格,7.99,10.055096626281738,281289344,4553551225.14,4553551241.12,6.309895992279053,1,94030,94230,75903402,1,专用设备,1,1,1
20260813,000972,中基健康,3.82,10.086455345153809,60160346,2946303271.7799997,2946303290.88,2.0872278213500977,1,94224,94224,11397940,0,农产品加,1,1,0
20260813,603466,风语筑,13.72,10.02405834197998,1919907936,8161046910.240001,8161046965.120001,24.011913299560547,2,94849,144707,10245615,28,数字媒体,2,2,1
20260813,605179,一鸣食品,33.43,10.003290176391602,853829920,13405430000.0,13405430000.0,6.478780746459961,4,94859,143035,34526504,9,饮料乳品,13,9,1
20260813,002437,誉衡药业,4.25,10.10362720489502,1954086352,8925653866.75,9476939544.0,22.89737319946289,2,95136,95154,68343565,1,化学制药,5,4,0
20260813,601999,出版传媒,6.74,9.95106029510498,204019781,3713165078.0,3713165104.96,5.553574085235596,1,95307,142119,13055380,2,出版,1,1,1
20260813,601579,会稽山,17.45,10.025219917297363,325595200,8366636487.049999,8366636469.599999,4.011416912078857,1,95541,95541,69933876,0,非白酒,1,1,1
20260813,300404,博济医药,14.45,20.016611099243164,822925504,4125700593.3999996,5574072240.8,21.429893493652344,1,95733,95733,94091247,0,医疗服务,1,1,0
20260813,603261,立航科技,57.37,10.009587287902832,162719393,4446463112.139999,4446463112.139999,3.768465518951416,1,100110,112819,72905796,1,航空装备,1,1,1
20260813,002219,新里程,2.5,10.132158279418945,599082640,8179678550.0,8629804400.0,7.555253505706787,1,100245,100245,63616952,0,医疗服务,1,1,0
20260813,600613,神奇制药,5.83,10.0,131927351,2794435471.7400002,3113637614.56,4.874977111816406,1,100435,100435,101291352,0,化学制药,1,1,1
20260813,601886,江河集团,11.53,10.019083976745605,499265088,13063513751.8,13063513797.92,4.0250067710876465,2,101014,132556,11568890,3,装修装饰,4,3,1
20260813,603330,天洋新材,9.71,9.966024398803711,631392224,3949185463.3,4201261122.0800004,16.617544174194336,2,101437,130643,46783168,7,塑料,2,2,1
20260813,002706,良信股份,9.99,10.022026062011719,669327440,9134668088.1,11220018989.76,7.489111423492432,1,101748,102848,47013139,1,电网设备,1,1,0
20260813,002066,瑞泰科技,21.93,9.979939460754395,220075324,5065830000.0,5151510510.0,4.4405646324157715,1,103006,103006,74024715,0,装修建材,1,1,0
20260813,002396,星网锐捷,32.38,9.98641300201416,3500496320,24525101132.280003,24626750435.84,14.67238712310791,1,103224,144151,45707608,3,通信设备,1,1,0
20260813,688265,南模生物,52.42,20.009157180786133,288832128,4086847351.46,4086847351.46,7.6258697509765625,1,103526,103526,31725108,0,医疗服务,1,1,1
20260813,002644,佛慈制药,8.8,10.0,221910328,4493781600.0,4493781670.400001,5.032919406890869,1,103618,103739,15894560,1,中药Ⅱ,1,1,0
20260813,000593,德龙汇能,27.8,10.011872291564941,978570816,9965832098.2,9969942022.4,10.249475479125977,2,104218,104218,55467644,0,燃气Ⅱ,10,6,0
20260813,601026,道生天合,16.63,9.986772537231445,215261794,1847355024.6999998,10965822000.0,12.047411918640137,1,104340,104507,40857648,1,风电设备,1,1,1
20260813,301520,万邦医药,88.68,20.0,1276425648,2899697925.2400002,8262437357.64,49.284812927246094,1,104445,105739,29576730,5,医疗服务,3,2,0
20260813,300534,陇神戎发,18.92,19.97463607788086,1730725296,5714814152.960001,5739287551.360001,34.107261657714844,1,105515,105515,17417600,0,中药Ⅱ,1,1,0
20260813,300937,药易购,31.7,19.984859466552734,553077440,2056194569.3999999,3032633819.4,29.427255630493164,1,111318,111318,63729680,0,医药商业,1,1,0
20260813,688137,近岸蛋白,64.0,20.00749969482422,425013696,4474716992.0,4474716992.0,10.416213035583496,1,111637,111637,43492864,0,生物制品,1,1,1
20260813,002921,联诚精密,24.63,10.00446605682373,223844508,3163554291.9,3669134228.0099998,7.310558319091797,1,112109,112109,65391418,0,汽车零部,1,1,0
20260813,603903,中持股份,14.2,9.992254257202148,224510630,3625536616.0,3625536616.0,6.3573760986328125,1,130015,130015,18843400,0,环境治理,1,1,1
20260813,301060,兰卫医学,11.96,19.95987892150879,426154368,4307590227.72,4790183415.68,10.651450157165527,1,130412,130412,50473627,0,医疗服务,1,1,0
20260813,000695,滨海能源,14.39,10.015290260314941,238451984,3191862290.21,3334913280.21,7.716381072998047,1,130415,130415,17070857,0,电池,1,1,0
20260813,603890,春秋电子,20.45,10.005379676818848,768265952,9137707508.35,9137707528.8,8.73945426940918,1,130526,130556,45793480,1,消费电子,1,1,1
20260813,002543,万和电气,7.33,10.060060501098633,141613930,4849660680.33,5450588000.0,3.03629732131958,1,132533,132600,20987285,1,厨卫电器,1,1,0
20260813,603998,方盛制药,10.77,10.010213851928711,414457088,4728906247.2,4728906247.2,9.05496883392334,1,132703,134321,47330057,1,中药Ⅱ,1,1,1
20260813,000006,深振业Ａ,7.7,10.0,284308688,10394883314.2,10394961808.0,2.877089262008667,1,132727,132727,36384579,0,房地产开,1,1,0
20260813,603191,望变电气,16.94,10.0,626222064,5589600984.660001,5589601001.6,11.903421401977539,2,133402,144702,11812262,1,电网设备,2,2,1
20260813,601991,大唐发电,6.92,10.015897750854492,5966665984,85780936613.52,128066436853.76,7.243410110473633,1,134501,134501,377052579,0,电力,1,1,1
20260813,002724,海洋王,6.16,10.0,132488055,3497494628.32,4752427680.0,3.928148031234741,1,140048,140048,47744065,0,照明设备,1,1,0
20260811,603758,秦安股份,12.68,9.973980903625488,56683417,5491911501.32,5491911488.64,1.032125473022461,3,92500,92500,119543223,0,汽车零部,3,3,1
20260811,000802,北京文化,5.17,10.0,254059151,3699362505.85,3701204323.52,6.86764669418335,2,92500,92500,254428500,0,影视院线,2,2,0
20260811,300862,蓝盾光电,27.37,19.99123191833496,17084901,4145761461.59,5052991977.74,0.4121052622795105,2,92500,92500,764479681,0,通用设备,2,2,0
20260811,600721,百花医药,12.75,10.008627891540527,851697296,4902982346.25,4902982308.0,17.37911033630371,6,92501,93034,340775803,1,医疗服务,6,6,1
20260811,600683,京投发展,10.68,9.989701271057129,103497216,7911504735.96,7911504768.0,1.3081930875778198,2,92503,92503,74588052,0,房地产开,2,2,1
20260811,002248,华东数控,11.06,10.049751281738281,239822220,3400901336.0,3400901336.0,7.077733993530273,2,93000,93000,137236904,0,通用设备,2,2,0
20260811,002329,皇氏集团,3.82,10.086455345153809,196008510,2489084969.68,3179783218.8799996,7.93894100189209,2,93009,93221,51796908,1,饮料乳品,2,2,0
20260811,603188,亚邦股份,4.88,9.909910202026367,107272534,2782429600.0,2782429600.0,3.8673553466796875,2,93018,93018,26073352,0,化学制品,2,2,1
20260811,600272,开开实业,15.7,10.021023750305176,752039616,2512000000.0,4123635536.5,30.274681091308594,4,93109,133836,18700270,21,医药商业,4,4,1
20260811,002721,金一文化,3.05,10.10830307006836,732228768,8111104775.75,8111104754.4,9.163700103759766,1,93133,93133,58624355,0,饰品,5,3,0
20260811,002585,双星新材,10.52,10.041841506958008,622982112,9328680841.68,12006713836.16,6.807700157165527,1,93236,93236,136324472,0,塑料,1,1,0
20260811,603797,联泰环保,5.05,10.0217866897583,157247620,2911856209.5,2911856179.2,5.492483139038086,2,93338,93720,13315436,2,环境治理,2,2,1
20260811,603087,甘李药业,74.47,10.0,1227027984,41789381152.2,44528217662.72,2.951406240463257,1,93358,93358,278294911,0,生物制品,1,1,1
20260811,002212,天融信,7.17,9.969325065612793,496362096,8366270999.61,8456684262.24,6.0719404220581055,1,93403,93403,109221420,0,软件开发,4,2,0
20260811,002256,兆新股份,3.97,9.972298622131348,327544752,7996957296.22,8101325428.160001,4.183006286621094,1,93754,93754,59814402,0,电力,1,1,0
20260811,002047,宝鹰股份,3.56,9.876543045043945,86677117,5397525815.72,5397845329.28,1.663750410079956,1,93942,93942,53773444,0,装修装饰,1,1,0
20260811,600611,大众交通,5.02,10.087719917297363,982363328,7847848147.28,11867896777.279999,12.759183883666992,1,93952,145116,90567059,4,铁路公路,1,1,1
20260811,603883,老百姓,14.01,9.968603134155273,445995568,10632052206.36,10632052262.4,4.276544094085693,1,94018,94203,113775686,1,医药商业,1,1,1
20260811,600162,香江控股,4.29,10.0,400355936,14021599543.380001,14021599569.12,2.939927101135254,1,94030,94030,72241184,0,房地产开,1,1,1
20260811,002685,华东重机,6.07,9.963768005371094,340266336,6115862285.62,6116682184.8,5.688394069671631,1,94227,94315,77555060,1,工程机械,1,1,0
20260811,605179,一鸣食品,27.63,9.99203872680664,1115570768,11079630000.0,11079630000.0,10.373815536499023,2,94235,140726,23877846,5,饮料乳品,11,7,1
20260811,002687,乔治白,5.98,9.926470756530762,170022140,2472093351.26,3018581338.2400002,7.01030969619751,1,94318,94318,82928792,0,服装家纺,1,1,0
20260811,000859,国风新材,10.48,9.968521118164062,1280296176,9389296840.08,9389831330.56,13.987929344177246,2,94430,100242,82106241,1,塑料,2,2,0
20260811,600715,文投控股,1.8,9.756096839904785,155548064,5152270033.8,7307736307.2,3.06972599029541,1,94453,95147,23963241,1,游戏Ⅱ,1,1,1
20260811,600664,哈药股份,8.27,9.973404884338379,5494869248,20828076674.52,20828076641.44,26.950542449951172,3,94704,134752,115749401,19,化学制药,3,3,1
20260811,002859,洁美科技,81.32,9.995942115783691,1521094496,34830592064.0,36890164837.759995,4.519042491912842,1,94815,95233,126672164,1,其他电子,1,1,0
20260811,600126,杭钢股份,7.37,10.0,1115980112,24889883541.71,24889883578.56,4.638308525085449,1,95036,95036,132587530,0,普钢,1,1,1
20260811,002229,鸿博股份,11.74,10.028116226196289,840333600,5789653353.62,5825288069.12,14.841695785522461,1,95054,100845,136378884,1,IT服务Ⅱ,1,1,0
20260811,603106,恒银科技,9.34,10.011778831481934,536713840,4861656800.0,4861656800.0,11.514026641845703,1,95248,95248,67904415,0,计算机设,8,5,1
20260811,300426,华智数媒,7.8,20.0,421059216,3120000000.0,3512985964.7999997,14.255716323852539,1,95615,95615,91973193,0,影视院线,1,1,0
20260811,600863,华能蒙电,5.18,9.978768348693848,1102493072,33809278860.98,40586281630.72,3.3466508388519287,1,95734,95734,132859670,0,电力,1,1,1
20260811,600833,第一医药,12.11,9.990917205810547,446405968,2701575662.17,2701575662.17,17.048675537109375,2,100029,112705,23225769,4,医药商业,2,2,1
20260811,605286,同力天启,28.17,9.996095657348633,241778839,4732560000.0,4732560000.0,5.388401031494141,2,100301,100301,57931295,0,专用设备,2,2,1
20260811,001258,立新能源,15.93,10.013812065124512,3628988256,14867813231.369999,14867999915.039999,26.110523223876953,2,100909,145457,6520722,1,电力,2,2,0
20260811,000779,甘咨询,12.73,10.025928497314453,1460861328,5916560353.650001,5917278974.88,28.9028377532959,1,101115,144454,24607802,0,工程咨询,1,1,0
20260811,603887,城地香江,10.32,10.021322250366211,360338560,6212943624.72,6212943655.68,6.028067588806152,1,101829,101829,59116386,0,IT服务Ⅱ,1,1,1
20260811,603137,恒尚节能,30.34,10.007251739501953,985331296,5550197353.56,5550197353.56,18.640514373779297,1,102052,112737,50919622,2,装修装饰,3,2,1
20260811,600667,太极实业,21.2,10.015567779541016,6466750464,44340694173.6,44340694131.2,15.293169021606445,1,103604,103604,343423040,0,工程咨询,1,1,1
20260811,603488,展鹏科技,9.38,9.964829444885254,113766761,2738870327.2000003,2738870402.2400002,4.316915512084961,1,103955,103955,30776718,0,专用设备,1,1,1
20260811,002246,北化股份,22.47,9.985315322875977,622488816,12336811821.18,12336811956.0,5.2044525146484375,1,104606,104606,75281375,0,化学制品,1,1,0
20260811,603012,创力集团,8.94,9.963099479675293,510155392,5779710000.0,5779710000.0,9.122407913208008,1,104927,150000,59168496,3,专用设备,1,1,1
20260811,002194,武汉凡谷,11.0,10.0,782053952,5619667350.0,7516143888.0,14.65768814086914,1,105309,105309,66529034,0,通信设备,4,3,0
20260811,002715,登云股份,15.03,10.029282569885254,123370965,2074140000.0,2074140000.0,6.178352355957031,1,110203,110203,26842077,0,汽车零部,1,1,0
20260811,301520,万邦医药,70.39,19.996591567993164,1404170944,2301643402.77,6558332945.47,64.8330307006836,1,110233,144103,19074352,6,医疗服务,1,1,0
20260811,600881,亚泰集团,1.87,10.0,306697232,6044122347.56,6044122355.04,5.31252384185791,1,110635,110635,53126187,0,综合Ⅱ,1,1,1
20260811,605288,凯迪股份,63.39,9.994794845581055,218278837,6229872657.03,6271947135.63,3.7596685886383057,1,111605,111605,52794995,0,自动化设,1,1,1
20260811,603284,林平发展,44.44,10.0,204675005,837858428.0,3351433712.0,25.160186767578125,1,112158,112158,168320277,0,造纸,1,1,1
20260811,002031,巨轮智能,5.84,9.98116683959961,806525616,11175544163.84,12844470677.76,7.44832706451416,1,130624,130624,68994928,0,专用设备,1,1,0
20260811,603009,北特科技,44.0,10.0,467213312,15241151860.0,15241151552.0,3.1954779624938965,1,130658,130658,37523156,0,汽车零部,1,1,1
20260811,603179,新泉股份,41.66,10.00792121887207,1222329344,29753515758.999996,29753516008.96,4.265997886657715,1,131317,133520,164824457,1,汽车零部,1,1,1
20260811,002235,安妮股份,9.55,10.023041725158691,358513088,5286672784.1,5534915350.400001,7.091787815093994,1,131642,131642,97039937,0,造纸,1,1,0
20260811,301550,斯菱智驱,87.42,20.0,1173063680,17942878157.82,29316187899.84,7.0906853675842285,1,132009,132009,74991148,0,汽车零部,1,1,0
20260811,301529,福赛科技,96.16,20.00499153137207,557583952,6112571371.84,11387631069.44,9.872078895568848,1,133403,133403,31344313,0,汽车零部,1,1,0
20260811,603823,百合花,75.22,10.002924919128418,1878325440,31319178694.88,31319179296.64,6.250765323638916,1,135123,135123,96842741,0,化学制品,7,4,1
20260811,002762,金发拉比,10.31,10.03201675415039,224857171,2179311654.54,3649997832.48,11.0729341506958,1,135757,135757,8913902,0,服装家纺,3,2,0
20260811,603897,长城科技,29.14,10.003775596618652,316157744,6015535744.34,6015535744.34,5.520075798034668,1,140741,140741,128606476,0,电网设备,1,1,1
20260811,603655,朗博科技,33.79,9.993490219116211,177465963,3581740000.0,3581740000.0,5.257358551025391,1,143729,143729,12350245,0,汽车零部,3,2,1
20260811,002963,豪尔赛,20.09,10.021905899047852,350741280,2470950424.32,3020730993.7,14.874866485595703,1,145415,145415,11820956,0,装修装饰,8,6,0
20260810,300862,蓝盾光电,22.81,19.989479064941406,20085072,3455053669.6699996,4211134344.62,0.5813244581222534,1,92500,92500,1076291264,0,通用设备,1,1,0
20260810,000802,北京文化,4.7,10.070257186889648,479987088,3363056823.5,3364731203.2000003,14.281144142150879,1,92500,93218,94861463,1,影视院线,1,1,0
20260810,001388,信通电子,25.29,10.004349708557129,165327304,3164248685.88,5911942140.0,5.238347053527832,1,92500,93118,50119317,1,电网设备,1,1,0
20260810,002552,宝鼎科技,52.36,10.0,1234617872,19294832212.04,20314911774.079998,6.4547319412231445,5,92500,101651,129915632,3,元件,7,6,0
20260810,600490,鹏欣资源,7.9,10.027854919433594,686712896,15741708949.400002,17481807868.8,4.389364242553711,1,92501,93840,26552690,1,工业金属,1,1,1
20260810,600272,开开实业,14.27,10.023130416870117,84254632,2283200000.0,3748043255.15,3.690199375152588,3,92501,92501,67479704,0,医药商业,3,3,1
20260810,600664,哈药股份,7.52,9.941520690917969,990072048,18939194267.52,18939194237.44,5.231677532196045,2,92502,132059,316612168,1,化学制药,2,2,1
20260810,600721,百花医药,11.59,9.96204948425293,59325246,4456907089.65,4456907054.88,1.3310855627059937,5,92503,92503,449381874,0,医疗服务,5,5,1
20260810,301080,百普赛斯,77.7,20.0,2264869008,9855262561.2,13028662806.6,23.30624008178711,2,93000,145021,3571869,30,生物制品,2,2,0
20260810,002885,京泉华,31.91,9.996552467346191,236467428,7570833375.75,8644960704.16,3.1234002113342285,1,93000,93000,223296607,0,其他电子,1,1,0
20260810,002437,誉衡药业,3.43,9.935897827148438,1567556608,7203527708.93,7648447679.04,21.97418975830078,2,93012,143939,5694122,15,化学制药,2,2,0
20260810,002900,哈三联,14.83,10.014836311340332,882898544,2389445192.0,4691537887.52,37.158931732177734,2,93018,142854,5857850,12,化学制药,5,3,0
20260810,600683,京投发展,9.71,9.966024398803711,64566363,7192950466.870001,7192950496.000001,0.8992713689804077,1,93034,93043,67714627,1,房地产开,1,1,1
20260810,001258,立新能源,14.48,10.030394554138184,2519826912,13514496898.32,13514666589.44,18.893709182739258,1,93142,111615,81525296,8,电力,1,1,0
20260810,603758,秦安股份,11.53,10.019083976745605,123553210,4993828044.969999,4993828033.44,2.5283939838409424,2,93152,93152,37381124,0,汽车零部,2,2,1
20260810,002298,中电鑫龙,9.34,10.011778831481934,355176704,6171470258.58,6912635768.64,5.85281229019165,1,93221,93221,156675698,0,电网设备,1,1,0
20260810,600641,先导基电,34.41,10.006393432617188,990539600,32022975547.199997,32581656307.199997,3.1177978515625,2,93243,93243,162371912,0,半导体,2,2,1
20260810,603065,宿迁联盛,17.75,9.97521686553955,758079088,7436674403.0,7436674332.0,10.44154167175293,1,93345,103657,61262350,3,化学制品,1,1,1
20260810,002626,金达威,16.46,10.026738166809082,186646728,10038312586.720001,10039547086.720001,1.8765066862106323,1,93403,93403,113628597,0,食品加工,1,1,0
20260810,000710,贝瑞基因,9.99,10.022026062011719,205478932,3292003930.77,3531679505.28,6.390527248382568,1,93424,93424,85456458,0,医疗服务,1,1,0
20260810,002112,三变科技,17.7,10.00621509552002,791977248,4638808035.0,5206123656.0,17.34731101989746,1,93439,102236,77881327,2,电网设备,1,1,0
20260810,603269,海鸥股份,15.53,9.985836029052734,299054000,6708113459.7,6708113428.639999,4.493719577789307,1,93548,94754,65189349,2,通用设备,1,1,1
20260810,002951,金时科技,15.47,10.028449058532715,110776873,6205394854.75,6265350000.0,1.8133774995803833,1,93600,93736,90335518,1,其他电源,1,1,0
20260810,601700,风范股份,7.08,9.937888145446777,1880022832,8062401684.0,8062401655.68,23.823373794555664,1,93639,145033,5239908,11,电网设备,6,5,1
20260810,002370,亚太药业,5.81,10.03787899017334,196798854,4332066899.299999,4332328384.16,4.614027500152588,1,93730,93821,62677402,1,化学制药,1,1,0
20260810,002458,益生股份,9.99,10.022026062011719,360006352,9654191904.24,14297618469.6,3.796635627746582,1,93821,93821,101026322,0,养殖业,1,1,0
20260810,000537,绿发电力,8.32,10.052909851074219,501123360,17103572919.68,17103572961.28,2.9827258586883545,1,93827,101121,90921176,1,电力,1,1,0
20260810,002589,瑞康医药,3.34,9.86842155456543,556672048,4561075770.32,5025732949.76,12.388507843017578,2,94100,94100,104287097,0,医药商业,2,2,0
20260810,605033,美邦股份,19.6,9.988776206970215,104466930,2649920000.0,2649920000.0,3.9978549480438232,1,94136,94245,29429400,1,农化制品,1,1,1
20260810,605162,新中港,9.33,10.023585319519043,197475177,4131756081.63,4131756016.32,4.907541751861572,1,94205,94302,74607345,1,电力,1,1,1
20260810,603797,联泰环保,4.59,10.071942329406738,121521105,2646617822.1,2646617794.56,4.675599098205566,1,94243,101541,18094018,2,环境治理,1,1,1
20260810,002300,太阳电缆,7.9,10.027854919433594,704563360,5706130586.900001,5706436198.400001,12.639200210571289,1,94312,112106,13713610,2,电网设备,1,1,0
20260810,600833,第一医药,11.01,9.990009307861328,144364804,2456180680.47,2456180680.47,5.992420196533203,1,94343,131607,23119899,1,医药商业,1,1,1
20260810,002828,贝肯能源,12.87,10.0,314859488,2586710412.0,2586710412.0,12.483635902404785,1,94730,94730,119762557,0,油服工程,1,1,0
20260810,600984,建设机械,4.49,10.049019813537598,335609936,5644127223.25,5644127200.8,6.073228359222412,1,94850,104044,39804703,2,工程机械,1,1,1
20260810,603382,海阳科技,20.0,10.011000633239746,137446977,2309717720.0,3625027360.0,6.037032127380371,1,95055,95943,10128000,5,化学纤维,1,1,1
20260810,600227,赤天化,3.67,9.880239486694336,714031728,4688791277.01,6197630585.599999,15.69320297241211,1,95056,100338,63346769,2,农化制品,1,1,1
20260810,603038,华立股份,15.06,10.007305145263672,117061266,4046277216.36,4046277186.2400002,2.966707229614258,1,95103,95103,27811798,0,装修建材,1,1,1
20260810,002474,榕基软件,7.04,10.0,316219152,3722978385.28,4380288000.0,8.679688453674316,1,95142,100218,59557097,1,IT服务Ⅱ,1,1,0
20260810,688073,毕得医药,73.92,20.0,760585424,6718067516.16,6718067516.16,11.6165771484375,2,95246,140507,17335792,5,医疗服务,2,2,1
20260810,603162,海通发展,12.68,9.973980903625488,670989072,5354122886.5199995,17432399281.28,12.728019714355469,1,95312,134100,33879387,10,航运港口,1,1,1
20260810,601606,长城军工,36.18,10.003040313720703,1367567488,26202583512.0,26202583512.0,5.43207311630249,1,95414,95414,163734869,0,地面兵装,1,1,1
20260810,601886,江河集团,9.1,10.036275863647461,99064571,10310318746.0,10310318782.4,0.9843390583992004,1,95534,95613,5653830,1,装修装饰,1,1,1
20260810,002345,潮宏基,11.65,10.009443283081055,393649408,10103222102.25,10351173001.6,4.000600814819336,1,95715,95715,73898687,0,饰品,1,1,0
20260810,002696,百洋股份,6.03,10.03649616241455,170534190,2015581275.5400002,2084898067.2,8.588845252990723,1,95833,100636,2709882,1,饲料,1,1,0
20260810,002827,高争民爆,59.58,10.00738525390625,781698848,16444004035.5,16506400680.0,4.851508140563965,1,95842,100433,27671931,3,化学制品,9,6,0
20260810,002141,贤丰控股,6.72,9.983633041381836,1606097952,6941328562.559999,6941328522.24,24.020721435546875,1,95906,101418,100035936,1,元件,1,1,0
20260810,605179,一鸣食品,25.12,9.982486724853516,740795952,10073120000.0,10073120000.0,7.740224838256836,1,95945,100239,33884368,1,饮料乳品,10,6,1
20260810,603130,云中马,44.33,10.0,150042367,6096004486.0,6096004486.0,2.5182852745056152,1,100150,111414,5514652,2,纺织制造,1,1,1
20260810,603711,香飘飘,12.19,10.018051147460938,119962592,5032935279.0,5032935230.24,2.45524263381958,1,100313,101616,22163090,2,饮料乳品,1,1,1
20260810,002399,海普瑞,10.96,10.0401611328125,144664287,13669330675.84,16081566439.68,1.089728593826294,1,100333,100524,41152608,1,化学制药,1,1,0
20260810,002388,新亚制程,5.74,9.961685180664062,298861280,2905177274.3,2931404224.0,10.562161445617676,1,100339,100339,54174120,0,其他电子,1,1,0
20260810,002153,石基信息,9.04,9.975668907165527,360669248,14461864788.159998,24671912313.6,2.586583137512207,1,100536,100536,150457954,0,软件开发,1,1,0
20260810,600698,湖南天雁,7.22,10.060976028442383,335146000,5995861570.0199995,7715564396.16,5.7448320388793945,1,100625,100625,68455671,0,汽车零部,1,1,1
20260810,600793,宜宾纸业,15.66,9.971909523010254,203462178,2770316671.32,2770316671.32,7.578403949737549,1,101009,101930,66205782,1,造纸,1,1,1
20260810,002044,美年健康,5.3,9.95850658416748,1021162512,20533406423.1,20745545776.0,5.132509231567383,1,101506,101506,87766834,0,医疗服务,1,1,0
20260810,002783,凯龙股份,8.21,10.053619384765625,266913626,3785767171.0600004,4099396182.4000006,7.236124038696289,1,101918,103503,66279535,1,化学制品,1,1,0
20260810,002647,仁东控股,10.49,9.9580717086792,503977424,10650409481.93,11856759555.36,4.8427252769470215,1,101927,104309,25927084,1,多元金融,1,1,0
20260810,000428,华天酒店,4.32,9.923664093017578,217110359,4401760320.0,4401760320.0,5.183427810668945,1,102124,102124,55016007,0,酒店餐饮,1,1,0
20260810,001222,源飞宠物,15.41,9.992862701416016,101861345,1741309735.85,2941614900.0,6.060813903808594,1,102133,102133,20510093,0,文娱用品,1,1,0
20260810,002622,皓宸医疗,2.62,10.084033966064453,102511473,2200735155.0,2200800000.0,4.827937126159668,1,102136,102136,13590988,0,医疗服务,1,1,0
20260810,002748,世龙实业,12.0,9.99083423614502,79533469,2880000000.0,2880000000.0,2.8540759086608887,1,102939,102939,69927600,0,化学原料,1,1,0
20260810,002248,华东数控,10.05,9.956235885620117,341624384,3090330780.0,3090330780.0,11.332324981689453,1,103706,104639,17374440,1,通用设备,1,1,0
20260810,600326,西藏天路,8.36,10.0,982125056,11390202576.279999,11390202517.759998,8.98790168762207,1,103802,110341,90753927,1,水泥,3,2,1
20260810,603161,科华控股,15.49,10.014204978942871,164023257,2954698137.5,3011375350.45,5.68924617767334,1,104035,135747,22655209,2,汽车零部,1,1,1
20260810,002289,宇顺电子,37.5,10.002933502197266,227363709,10291171237.5,10509514800.0,2.294527530670166,1,104112,104112,56565000,0,光学光电,1,1,0
20260810,603151,邦基科技,14.12,9.968847274780273,69635408,2418499016.0,2418499016.0,2.977511405944824,1,104557,104557,27555180,0,饲料,1,1,1
20260810,601199,江南水务,6.06,9.981851577758789,245651161,5667374369.5199995,5667374345.28,4.474118709564209,1,105548,105845,41507364,2,环境治理,1,1,1
20260810,000859,国风新材,9.53,10.046189308166504,657407296,8538167832.629999,8538653872.16,8.078336715698242,1,110636,110636,46764663,0,塑料,1,1,0
20260810,002329,皇氏集团,3.47,10.158730506896973,300558960,2261027446.28,2888441824.48,13.831314086914062,1,110715,112103,40140960,1,饮料乳品,1,1,0
20260810,603725,天安新材,11.22,10.0,307801792,3420503169.6000004,3420503169.6000004,9.25416374206543,1,110851,111933,23651804,1,家居用品,1,1,1
20260810,600327,大东方,3.94,10.055866241455078,153080942,3486031300.92,3486031308.8,4.505924224853516,1,111358,111810,29430350,1,一般零售,1,1,1
20260810,600192,长城电工,7.89,10.041841506958008,235550921,3485391720.0,3485391720.0,7.0320868492126465,1,112814,130020,44896467,1,电网设备,1,1,1
20260810,605128,上海沿浦,25.08,10.0,209510148,7874787514.44,7874787338.879999,2.7458620071411133,1,130325,130325,38191121,0,汽车零部,1,1,1
20260810,001376,百通能源,12.13,9.97280216217041,352062928,2596324159.19,5590717000.0,13.99238109588623,1,130333,130333,62457370,0,电力,1,1,0
20260810,603020,爱普股份,11.01,9.990009307861328,124453018,4135771891.74,4135771913.7599998,3.1488845348358154,1,130448,130530,42130866,1,化学制品,1,1,1
20260810,600722,金牛化工,12.52,10.017574310302734,1496127952,8517602343.5199995,8517602393.599999,18.549217224121094,1,130712,130848,53049744,1,化学原料,1,1,1
20260810,002739,儒意电影,9.93,9.966776847839355,1866411408,20674278350.64,20969962530.72,9.39893627166748,1,130915,130915,120952116,0,影视院线,1,1,0
20260810,001300,三柏硕,11.57,9.980988502502441,82344498,2820487324.98,2820487324.98,3.0444700717926025,1,131321,131321,110767709,0,文娱用品,1,1,0
20260810,605286,同力天启,25.61,10.008591651916504,128961491,4302480000.0,4302480000.0,3.142620801925659,1,132321,132321,82879082,0,专用设备,1,1,1
20260810,603188,亚邦股份,4.44,9.90099048614502,126379639,2531554800.0,2531554800.0,5.128293037414551,1,133135,133441,18345636,3,化学制品,1,1,1
20260810,601020,华钰矿业,23.27,10.023640632629395,1113472944,19080578522.46,19080578662.079998,6.006235122680664,1,133916,133916,78022750,0,工业金属,1,1,1
20260810,301051,信濠光电,20.72,19.976837158203125,524792432,4679345043.5199995,5889884439.04,11.949718475341797,1,134151,141915,29998913,1,消费电子,1,1,0
20260810,000656,金科股份,1.29,10.256410598754883,440807344,9787680219.03,13659463825.92,4.696856498718262,1,134351,140300,46272221,1,房地产开,1,1,0
20260810,002580,圣阳股份,20.99,10.010482788085938,1848851440,9494591412.0,9526710142.08,20.33283805847168,1,134703,135236,160712978,1,电池,1,1,0
20260810,000506,招金黄金,19.94,9.983452796936035,2294767520,18518416802.34,18524614134.4,13.084120750427246,2,135339,135339,38590041,0,贵金属,2,2,0
20260810,600815,厦工股份,3.61,10.060976028442383,477831264,6404481072.8,6404481072.8,7.726798057556152,1,135656,140517,34826753,1,工程机械,1,1,1
20260810,002541,鸿路钢构,20.57,10.0,343510800,10206424019.33,14193692640.16,3.459056854248047,1,135657,135657,48104096,0,专业工程,1,1,0
20260810,600936,北投科技,6.16,10.0,689349520,10293521632.24,10293521638.4,7.082098960876465,1,140852,140946,53427614,1,IT服务Ⅱ,1,1,1
20260810,002842,翔鹭钨业,42.22,10.005210876464844,2534627472,11334480796.98,13813219403.52,24.146202087402344,1,141109,141109,149266276,0,小金属,4,2,0
20260810,603580,艾艾精工,59.21,9.994426727294922,852984336,7737160172.0,7737160172.0,11.549652099609375,1,141320,141320,76055245,0,塑料,23,12,1
20260810,600186,莲花控股,10.88,10.010110855102539,2872555232,19465824606.08,19505279283.2,15.668869972229004,1,142630,142630,199610028,0,调味发酵,1,1,1
20260810,600356,恒丰纸业,9.06,9.951457023620605,137764852,2706506284.6800003,2985600798.7200003,5.227953910827637,1,142713,143858,13787508,2,造纸,1,1,1
20260810,000026,飞亚达,19.07,9.97693157196045,285069424,6952173178.31,7737919480.0,4.283013343811035,1,142818,142818,70301555,0,饰品,1,1,0
20260810,600316,洪都航空,28.53,9.984580039978027,685945120,20459277027.36,20459277027.36,3.499488592147827,1,142941,143311,23705577,1,航空装备,1,1,1
20260810,000973,佛塑科技,13.68,9.967845916748047,1082880896,13234348979.279999,33628678986.239998,8.569230079650879,1,143124,143124,100678370,0,塑料,1,1,0
20260810,003043,华亚智能,74.25,10.0,675975200,6980776654.5,10692750073.5,9.960366249084473,1,143421,143421,109216998,0,半导体,1,1,0
20260810,603221,爱丽家居,27.3,9.991942405700684,816032320,6613971000.0,6613971000.0,12.886357307434082,1,144709,144709,13416475,0,家居用品,23,12,1
20260810,301357,北方长龙,113.23,19.997879028320312,1204444784,10779496000.0,10779496000.0,12.251115798950195,1,145527,145527,41578056,0,地面兵装,1,1,0
20260807,002792,通宇通讯,37.19,9.997042655944824,307960640,12563692485.58,19481462030.079998,2.451195240020752,2,92500,92500,305090470,0,通信设备,5,4,0
20260807,301008,宏昌科技,41.41,19.994205474853516,105885826,4788682794.94,5423187519.94,2.211168050765991,1,92500,92500,155937181,0,家电零部,1,1,0
20260807,688693,锴威特,93.38,19.99485969543457,67890902,3632894179.3199997,6880631623.179999,1.8687827587127686,2,92502,92502,99894842,0,半导体,2,2,1
20260807,002552,宝鼎科技,47.6,10.006933212280273,211156983,17540756556.4,18468101612.8,1.2070990800857544,4,93000,93000,219731120,0,元件,6,5,0
20260807,603328,依顿电子,10.85,10.040567398071289,148161205,10833102329.35,10833102296.8,1.3788560628890991,1,93050,93050,126633756,0,元件,1,1,1
20260807,600721,百花医药,10.54,10.02087688446045,628410384,4053132072.8999996,4053132041.2799997,15.62049674987793,4,93100,93203,159984499,1,医疗服务,4,4,1
20260807,002971,和远气体,45.38,10.012121200561523,672232160,7306386297.4800005,9558162500.0,9.273693084716797,3,93103,134306,87996358,1,化学制品,3,3,0
20260807,603228,景旺电子,94.95,9.997682571411133,3228832144,93232688534.1,95063567796.0,3.4773647785186768,2,93107,94737,651183906,1,元件,2,2,1
20260807,603773,沃格光电,95.07,9.996528625488281,2058335104,21360197639.309998,21367613099.309998,9.74301528930664,4,93110,100316,109572928,3,光学光电,4,4,1
20260807,002194,武汉凡谷,11.1,10.009910583496094,674562128,5670755235.0,7584472468.8,12.047465324401855,2,93206,93409,68393249,1,通信设备,2,2,0
20260807,002443,金洲管道,9.33,10.023585319519043,115035440,4856596401.6,4856596401.6,2.4135143756866455,1,93221,93221,69681105,0,特钢Ⅱ,1,1,0
20260807,600664,哈药股份,6.84,9.967845916748047,1806257760,17226607551.84,17226607524.48,10.709040641784668,1,93328,93328,357324247,0,化学制药,1,1,1
20260807,002742,冀衡医药,4.13,10.133333206176758,73389971,2163955307.99,2825341458.24,3.438725709915161,1,93345,93439,19036409,1,化学制药,1,1,0
20260807,002037,保利联合,7.69,10.01430606842041,176362326,3721064622.54,3721064637.92,4.83638858795166,1,93400,95130,21396340,1,化学制品,1,1,0
20260807,001223,欧克科技,41.17,9.991984367370605,132099592,2875098716.0,5380622576.0,4.7078962326049805,1,93409,93733,41923411,1,自动化设,6,3,0
20260807,603757,大元泵业,65.01,10.0,361318960,12127437307.59,12127437307.59,3.022040605545044,1,93543,93701,80746385,1,通用设备,4,2,1
20260807,603137,恒尚节能,27.5,10.0,666293552,5030666685.0,5030666685.0,13.557740211486816,1,93601,94322,65894180,2,装修装饰,1,1,1
20260807,600267,海正药业,13.11,9.983221054077148,731855696,15473367178.56,15473367178.56,4.8214430809021,1,93748,93857,90147676,1,化学制药,1,1,1
20260807,600272,开开实业,12.97,10.008481979370117,195787168,2075200000.0,3406595726.65,9.826546669006348,2,93916,93952,52439007,1,医药商业,2,2,1
20260807,603459,红板科技,105.58,10.002083778381348,1981697456,8346295167.639999,79581303398.72,24.1245174407959,1,93918,95145,100096491,1,元件,4,2,1
20260807,002437,誉衡药业,3.12,9.85915470123291,703776128,6552480015.12,6957188559.360001,10.870168685913086,1,94106,110009,40103359,1,化学制药,1,1,0
20260807,603567,珍宝岛,7.08,9.937888145446777,918982608,6650975307.36,6656865782.4,14.095898628234863,1,94203,110824,94015886,1,中药Ⅱ,4,2,1
20260807,603655,朗博科技,30.04,9.996337890625,40859199,3184240000.0,3184240000.0,1.3283019065856934,1,94314,94314,31761292,0,汽车零部,1,1,1
20260807,603758,秦安股份,10.48,9.968521118164062,86291752,4539056193.52,4539056183.04,1.954279899597168,1,94514,94514,22947008,0,汽车零部,1,1,1
20260807,002900,哈三联,13.48,10.040816307067871,414891616,2171929952.0,4264459253.1200004,19.65132713317871,1,94854,94854,77829476,0,化学制药,4,2,0
20260807,002589,瑞康医药,3.04,10.144927024841309,476503280,4151398305.92,4574319810.56,11.689299583435059,1,95130,110503,64612032,2,医药商业,1,1,0
20260807,000831,中国稀土,57.19,10.001923561096191,3390463968,60691217952.329994,60691217552.0,5.730121612548828,1,95539,95539,233131889,0,小金属,1,1,0
20260807,601865,福莱特,11.75,10.018726348876953,561153808,22337050130.25,27528846392.0,2.5821549892425537,1,95738,95738,69810122,0,光伏设备,1,1,1
20260807,301366,一博科技,53.33,20.004501342773438,1022173808,6239415878.8,11174565599.33,17.261474609375,1,95748,95748,45725142,0,元件,1,1,0
20260807,600206,有研新材,48.17,10.002284049987793,4287778272,40778474002.44,40778473809.76,10.83339786529541,3,100037,100037,254260528,0,半导体,3,3,1
20260807,688046,药康生物,33.31,19.992795944213867,499948528,13663302322.0,13663302588.480001,3.868556261062622,1,100537,101137,36315961,2,医疗服务,1,1,1
20260807,002281,光迅科技,193.04,10.000570297241211,13289069312,151793230454.08,159807938529.28,8.899953842163086,1,100727,145421,86211664,4,通信设备,4,2,0
20260807,002762,金发拉比,10.41,10.042283058166504,191682328,2200449497.94,3685400333.28,8.87810230255127,1,100903,102930,7965013,1,服装家纺,1,1,0
20260807,600110,诺德股份,10.46,9.989484786987305,1209763712,18149992548.72,18149992506.88,7.002901554107666,1,100911,100911,166127686,0,电池,1,1,1
20260807,002428,云南锗业,100.08,10.002198219299316,11740853248,65355805350.0,65364249600.0,18.26970672607422,4,101057,104842,195346152,1,小金属,4,4,0
20260807,688020,方邦股份,146.16,20.0,862235776,12044022480.0,12044022480.0,7.683603763580322,1,101133,143051,66092382,1,元件,1,1,1
20260807,603660,苏州科达,11.99,10.0,394399728,6852197425.04,6852197520.96,5.89870023727417,1,101249,101249,41945324,0,计算机设,1,1,1
20260807,603936,博敏电子,15.93,10.013812065124512,663102992,10042240203.72,10280393640.0,6.890405654907227,1,101605,101605,55108242,0,元件,4,2,1
20260807,603186,华正新材,143.0,10.0,2343854880,22421044074.0,22421044074.0,10.85413646697998,1,101613,101734,88367422,1,元件,4,3,1
20260807,002821,凯莱英,172.26,10.0,1802066688,54613974979.079994,62148130925.759995,3.4206910133361816,1,101806,101806,120568219,0,医疗服务,4,2,0
20260807,600601,方正科技,12.87,10.0,5294323968,53671674603.689995,55003070865.6,10.103175163269043,2,102022,142034,87007377,13,元件,2,2,1
20260807,600183,生益科技,139.98,10.003929138183594,10729352192,337596605002.86,340011932886.72,3.246959686279297,1,102035,150000,159989721,6,元件,4,2,1
20260807,600500,中化国际,5.51,9.980039596557617,811470640,19771567729.53,19771567735.04,4.262142181396484,1,103158,103604,90644470,1,化学制品,1,1,1
20260807,301080,百普赛斯,64.75,19.996292114257812,915450288,8212718801.0,10857219005.5,11.73739242553711,1,103642,104503,60448722,1,生物制品,1,1,0
20260807,600651,飞乐音响,6.4,9.965636253356934,266221505,16044979296.0,16044979302.400002,1.7208812236785889,1,104833,104915,62529990,1,汽车零部,1,1,1
20260807,688073,毕得医药,61.6,20.00779151916504,323122048,5598389596.8,5598389596.8,6.122133255004883,1,104902,104902,73758608,0,医疗服务,1,1,1
20260807,002913,奥士康,55.42,10.0039701461792,362154848,16927425168.08,17588119575.04,2.220942258834839,1,104906,104906,41906608,0,元件,4,2,0
20260807,600641,先导基电,31.28,9.98593521118164,2390774160,29110103897.600002,29617965977.600002,8.578386306762695,1,105032,112320,117433878,1,半导体,1,1,1
20260807,688265,南模生物,42.9,20.0,157960559,3344634707.7,3344634707.7,4.960480690002441,1,105715,105715,63325419,0,医疗服务,1,1,1
20260807,001296,长江材料,19.94,9.983452796936035,104254135,1537307599.8000002,2982846254.84,7.01017951965332,1,110206,110348,23648840,2,非金属材,1,1,0
20260807,300986,志特新材,14.8,20.032442092895508,1096398352,8514691200.400001,8520698150.400001,14.176742553710938,1,111357,131321,77573652,1,专业工程,1,1,0
20260807,002631,德尔未来,8.68,10.012674331665039,261976005,6888208015.36,6920415398.4,3.9983882904052734,1,111748,111748,82611683,0,家居用品,1,1,0
20260807,000739,普洛药业,23.41,10.009398460388184,946186048,27108305315.43,27119164301.44,3.630859851837158,1,112221,112221,42774307,0,化学制药,4,2,0
20260807,688137,近岸蛋白,46.72,20.01027488708496,171227019,3266543404.16,3266543404.16,5.615503311157227,1,112655,112655,65190518,0,生物制品,1,1,1
20260807,001267,汇绿生态,42.69,9.99742317199707,2972378048,25979279461.02,33511796170.559998,11.847859382629395,4,112715,142851,88981755,7,通信设备,10,6,0
20260807,002741,光华科技,26.3,9.995817184448242,878841136,11309699448.5,12324240595.2,8.086546897888184,1,130106,130106,123062697,0,电子化学,1,1,0
20260807,301047,义翘神州,107.88,20.0,1370944800,12900357393.48,13122171726.96,11.60113525390625,1,130215,133839,78183656,2,生物制品,4,2,0
20260807,688419,耐科装备,49.67,20.004833221435547,354893424,5689781399.2300005,5689781399.2300005,6.831617832183838,1,130229,143147,23602041,2,半导体,1,1,1
20260807,603124,江南新材,141.66,10.00155258178711,1338197856,10994064024.6,20646264890.34,12.515499114990234,1,130308,144435,13556862,7,金属新材,4,2,1
20260807,603011,合锻智能,22.68,9.990301132202148,2248253728,11213319431.16,11213319317.76,21.128700256347656,1,130345,142745,140355180,2,专用设备,1,1,1
20260807,601208,东材科技,45.94,10.009578704833984,4979797248,46407804401.42,46407804447.36,11.102495193481445,1,131746,150000,13060742,5,塑料,4,3,1
20260807,300363,博腾股份,20.44,20.023487091064453,1383423824,10129129401.44,11107958077.44,14.765504837036133,1,132251,133342,36453452,2,医疗服务,1,1,0
20260807,300916,朗特智能,26.4,20.0,416363568,2466176776.7999997,3818601784.7999997,18.153579711914062,1,132803,143330,4871116,3,消费电子,1,1,0
20260807,002943,宇晶股份,35.96,10.003059387207031,542657584,6791125831.2,9595422128.48,8.389805793762207,1,133236,133236,62128163,0,通用设备,1,1,0
20260807,603102,百合股份,37.51,10.0,77628320,2400640000.0,2400640000.0,3.350287437438965,1,134443,134631,17460905,1,食品加工,1,1,1
20260807,000506,招金黄金,18.13,10.01213550567627,1651156736,16837457202.929998,16843091988.8,10.287264823913574,1,135045,135045,48199747,0,贵金属,1,1,0
20260807,603127,昭衍新药,50.89,10.008646965026855,2888425200,31944503575.46,38134331119.36,9.483336448669434,1,140729,140729,79543919,0,医疗服务,1,1,1
20260807,600449,宁夏建材,15.5,10.007097244262695,492007664,7411806151.0,7411806120.0,6.902756690979004,1,142649,142649,15740219,0,水泥,1,1,1
20260807,605289,罗曼股份,104.49,10.001052856445312,488524432,15924117593.16,15946271145.0,3.235646963119507,1,143144,143144,72323589,0,专业工程,1,1,1
20260807,301230,泓博医药,32.42,19.98519515991211,757602240,5276287533.9800005,5866111304.92,15.649646759033203,1,143527,143527,42611227,0,医疗服务,1,1,0
20260807,605287,德才股份,40.93,9.997312545776367,367718336,5730200000.0,5730200000.0,6.899857044219971,1,144239,144239,24864975,0,装修装饰,6,3,1
20260807,600744,华银电力,7.88,10.055866241455078,1491023168,16005259279.119999,16005259263.36,9.99386215209961,1,144715,144715,77765411,0,电力,1,1,1
20260807,000603,盛达资源,34.43,10.0,3615996176,22955044240.37,23755644513.92,16.915813446044922,1,145506,145506,76119049,0,贵金属,3,2,0
20260807,301234,五洲医疗,83.62,20.005741119384766,548745856,3359066659.0600004,5686160000.0,18.436721801757812,1,145633,145633,4356602,0,医疗器械,1,1,0
20260818,603089,正裕工业,11.8,9.972041130065918,56736937,2832392562.4,3253486937.6000004,2.003145217895508,3,92500,92500,54495763,0,汽车零部,3,3,1
20260818,002820,桂发祥,12.27,10.044842720031738,50512768,2464653979.65,2464653979.65,2.0494871139526367,3,92500,92500,150905417,0,休闲食品,3,3,0
20260818,000153,丰原药业,6.68,10.049423217773438,70646077,3065241559.96,3104099273.6,2.3047473430633545,1,92500,92500,109721939,0,化学制药,1,1,0
20260818,002953,日丰股份,10.66,10.010319709777832,62896804,2998538266.88,5240239047.68,2.0975821018218994,1,92500,92500,112156386,0,电网设备,1,1,0
20260818,000620,盈新发展,3.41,10.0,1213375824,15930663459.150002,20022889722.88,7.65104866027832,1,92500,93221,184542611,1,房地产开,3,2,0
20260818,000526,学大教育,35.54,9.996905326843262,113823958,4317168509.86,4330943813.86,2.6365418434143066,1,92500,92500,329441584,0,教育,1,1,0
20260818,603958,哈森股份,18.46,10.011919021606445,20300462,4049385600.0,4049385600.0,0.5013220310211182,2,92501,92501,66446770,0,服装家纺,2,2,1
20260818,600613,神奇制药,7.76,10.070921897888184,560836352,3719523029.2799997,4144395864.3199997,15.084710121154785,4,92502,104923,92817360,1,化学制药,4,4,1
20260818,002515,金字火腿,8.71,9.974746704101562,1235081872,9597130258.04,10544449333.6,13.091913223266602,1,93003,112354,203600605,1,食品加工,1,1,0
20260818,002284,亚太股份,10.22,10.010764122009277,527236384,7482964916.56,7553605597.440001,7.2055816650390625,1,93009,101757,84447860,1,汽车零部,1,1,0
20260818,603395,红四方,26.36,10.016695022583008,127945512,1713400000.0,6853600000.0,7.492656707763672,2,93011,93011,105694189,0,农化制品,2,2,1
20260818,600127,金健米业,7.11,10.061920166015625,383381056,4563078679.9800005,4563078665.76,8.53816032409668,2,93057,93057,225045904,0,农产品加,2,2,1
20260818,603936,博敏电子,19.12,10.011507987976074,1871916320,12053209836.480001,12339053760.0,15.591690063476562,2,93104,142840,38358696,16,元件,2,2,1
20260818,001229,魅视科技,50.19,9.993425369262695,266312190,3701572978.95,7198857099.0,7.237887382507324,2,93109,111000,30539611,6,计算机设,2,2,0
20260818,300313,天山生物,12.88,20.03727912902832,187806822,2541903922.32,3088353442.7200003,7.637241840362549,2,93130,93130,98101679,0,养殖业,2,2,0
20260818,002743,富煌钢构,4.47,10.098522186279297,62818171,1942532271.6599998,1945650105.6,3.2784056663513184,1,93142,93142,19471767,0,专业工程,1,1,0
20260818,600371,万向德农,8.14,10.0,87294607,2381584920.0,2381584920.0,3.7012434005737305,1,93212,93333,14805154,2,种植业,1,1,1
20260818,002365,永安药业,15.55,9.971712112426758,340236880,3814235661.8500004,4582312812.8,9.040070533752441,1,93221,93221,164733590,0,化学制药,1,1,0
20260818,603708,家家悦,10.27,9.957173347473145,209247176,6555738192.25,6555738161.44,3.2167739868164062,1,93259,94602,14407351,3,一般零售,1,1,1
20260818,600367,红星发展,38.23,10.014389038085938,2109353040,12309034747.859999,13041434154.079998,17.510454177856445,1,93302,130556,93265908,5,化学原料,1,1,1
20260818,600353,旭光电子,37.54,9.991209983825684,2426645584,31113570908.86,31113570646.079998,7.850417613983154,3,93305,133020,129765306,10,其他电子,3,3,1
20260818,300684,中石科技,97.0,20.00494956970215,4847927808,19843792169.0,29052393952.0,24.549535751342773,3,93312,142703,89133882,7,电子化学,3,3,0
20260818,301106,骏成科技,21.18,20.0,116044806,3027909087.42,3027909087.42,3.961585521697998,1,93330,93330,94332415,0,光学光电,1,1,0
20260818,603071,物产环能,13.2,10.0,139507729,7364998634.4,7364998713.599999,1.9169758558273315,1,93526,94120,61071120,1,贸易Ⅱ,1,1,1
20260818,603580,艾艾精工,64.02,10.0,476193664,8365698263.999999,8365698263.999999,5.778369426727295,2,93535,94605,22816728,3,塑料,2,2,1
20260818,002124,天邦食品,2.5,10.132158279418945,258215622,4930421582.5,5554834600.0,5.336973190307617,1,93536,93536,51139997,0,养殖业,1,1,0
20260818,603823,百合花,85.9,10.001280784606934,1120552688,35765985773.600006,35765986460.8,3.1786246299743652,2,93552,103152,75160782,17,化学制品,12,6,1
20260818,600108,亚盛集团,3.56,9.876543045043945,295959392,6931017830.76,6931017827.2,4.376334190368652,1,93622,93725,132584364,1,种植业,1,1,1
20260818,600707,彩虹股份,10.8,9.979633331298828,3553079936,38746833105.600006,38754609062.4,9.315256118774414,1,93627,143442,74009160,6,光学光电,1,1,1
20260818,600227,赤天化,3.75,9.970674514770508,691861168,4790999261.25,6332728800.0,14.655324935913086,1,93755,93755,41691375,0,农化制品,1,1,1
20260818,600313,农发种业,6.78,10.064934730529785,627830912,7337306935.14,7874115503.04,8.755256652832031,2,93808,93905,100017170,1,种植业,2,2,1
20260818,603065,宿迁联盛,18.11,10.024301528930664,1120376736,7587502728.92,7587502656.48,15.121910095214844,1,93853,145114,8285325,2,化学制品,1,1,1
20260818,603406,天富龙,29.56,10.011164665222168,133239315,1735758145.24,11824295600.0,7.847148418426514,1,94034,95125,46491968,1,化学纤维,1,1,1
20260818,002638,勤上股份,3.85,10.0,91692621,5207818034.650001,5530888255.2,1.8103446960449219,1,94118,94118,42306872,0,照明设备,1,1,0
20260818,688112,鼎阳科技,69.83,20.003437042236328,331862560,11144650339.89,11144650339.89,3.1674084663391113,1,94214,94214,52731146,0,通用设备,1,1,1
20260818,301129,瑞纳智能,26.46,20.0,278797248,1785322350.0,3595051404.0,16.424266815185547,1,94412,95257,11990613,1,通用设备,1,1,0
20260818,603221,爱丽家居,30.0,10.011000633239746,939908336,7268100000.0,7268100000.0,13.351289749145508,2,94449,142040,25826940,7,家居用品,24,13,1
20260818,000735,罗 牛 山,6.18,9.964412689208984,706971856,7112546655.059999,7116353949.12,10.370805740356445,2,94521,94521,106127978,0,养殖业,2,2,0
20260818,605577,龙版传媒,10.76,10.0204496383667,118868379,4782222228.2,4782222260.48,2.5432424545288086,1,94713,95610,44135368,1,出版,1,1,1
20260818,000852,石化机械,5.79,10.076045989990234,162804627,5501998874.67,5533909133.76,3.0464282035827637,1,94806,94806,40268685,0,专用设备,1,1,0
20260818,601116,三江购物,11.77,10.0,278596848,6446174768.0,6446174768.0,4.414055347442627,1,94830,94830,106434250,0,一般零售,1,1,1
20260818,300970,华绿生物,21.66,20.0,230669295,2652930077.58,3437178831.0,9.087112426757812,1,94842,95618,26934426,1,种植业,1,1,0
20260818,603739,蔚蓝生物,13.81,10.039840698242188,129767698,3494328639.46,3494328639.46,3.8100554943084717,1,95355,95413,31283793,1,化学制品,1,1,1
20260818,002041,登海种业,9.8,9.988776206970215,448275760,8624000000.0,8624000000.0,5.371316909790039,1,95406,95654,59865240,1,种植业,1,1,0
20260818,001366,播恩集团,13.49,10.032626152038574,60022417,2167573200.0,2167573200.0,2.8765602111816406,1,95448,95448,47634431,0,饲料,1,1,0
20260818,600722,金牛化工,13.02,9.966216087341309,1598030880,8857762181.52,8857762233.6,18.761354446411133,1,100031,100031,63258425,0,化学原料,1,1,1
20260818,000019,深粮控股,6.96,9.952607154846191,370254384,2896796592.72,8021645326.08,13.110407829284668,1,100406,130009,12345306,2,农产品加,1,1,0
20260818,603400,华之杰,48.14,10.009140968322754,340278496,1744115810.5,6250019810.5,19.9439640045166,1,101114,130055,34233461,2,通用设备,1,1,1
20260818,000716,黑芝麻,5.81,10.03787899017334,576452144,4274557235.97,4374256318.88,13.969982147216797,1,101733,101733,27138527,0,休闲食品,1,1,0
20260818,000020,深华发Ａ,12.49,10.044053077697754,81038091,2262755733.59,3536683787.68,3.71020245552063,1,101739,101739,104071651,0,光学光电,1,1,0
20260818,000505,京粮控股,6.79,10.048623085021973,508426816,4293862481.44,4935992238.24,12.212677955627441,2,101933,105236,30318708,1,农产品加,2,2,0
20260818,920087,秋乐种业,15.61,29.975021362304688,468511136,2560760011.25,2578772000.0,19.888774871826172,1,101947,135917,17901719,3,种植业,1,1,0
20260818,300189,神农种业,6.23,20.038536071777344,2291043056,5521340141.52,6379520000.0,44.11602783203125,1,102103,130503,100179864,1,种植业,1,1,0
20260818,600598,北大荒,13.46,9.967320442199707,1348672496,23927571575.140003,23927571507.84,5.761879920959473,1,102225,131354,102389775,3,种植业,1,1,1
20260818,605268,王力安防,10.16,9.956709861755371,81393973,4475988000.0,4475988000.0,1.868707299232483,1,103109,103412,43363896,2,家居用品,1,1,1
20260818,000678,襄阳轴承,10.51,10.052355766296387,454335968,4830519986.47,4830519933.92,9.992947578430176,1,103857,103939,35890788,1,汽车零部,1,1,0
20260818,603280,南方路机,29.22,10.015060424804688,160333534,3167642809.74,3167642809.74,5.248626232147217,1,104954,110336,23180255,1,工程机械,1,1,1
20260818,002553,南方精工,17.51,9.98743724822998,424510656,4486230778.89,6188202656.320001,9.809626579284668,1,110600,110600,92113106,0,汽车零部,1,1,0
20260818,000597,东北制药,5.51,9.980039596557617,441210320,7764712590.87,7862374778.719999,5.8474931716918945,1,112418,112418,62369546,0,化学制药,1,1,0
20260818,000007,全新好,11.69,9.97177791595459,126807213,4049977634.3599997,4049977681.12,3.287419080734253,1,130045,130045,19618169,0,一般零售,1,1,0
20260818,600737,中粮糖业,15.08,9.992706298828125,1610815120,32253831278.24,32253831217.920002,5.207317352294922,1,130459,135556,72543078,2,农产品加,1,1,1
20260818,603112,华翔股份,16.59,10.013262748718262,320392224,8869122515.19,8957959758.72,3.7275004386901855,1,131231,131231,67466553,0,家电零部,1,1,1
20260818,600113,浙江东日,35.2,10.0,359215200,14482376832.000002,14825418291.2,2.627565860748291,1,133618,133618,91871894,0,一般零售,1,1,1
20260818,605333,沪光股份,18.66,10.023585319519043,100725791,8658993975.960001,8658993864.0,1.2214022874832153,1,134152,134152,20818962,0,汽车零部,1,1,1
20260818,003043,华亚智能,79.53,10.0,651033136,7477187438.82,11453123412.06,9.06067180633545,1,134857,134857,69843246,0,半导体,1,1,0
20260818,300598,诚迈科技,34.6,20.013874053955078,768504944,7505465735.0,7507568238.6,10.854410171508789,1,135248,140503,63411420,2,软件开发,1,1,0
20260818,600536,中国软件,34.45,9.993614196777344,1665230400,29063945582.750004,32168948094.4,6.001779556274414,1,140601,140855,190791644,1,IT服务Ⅱ,1,1,1
20260818,600354,敦煌种业,6.99,10.078740119934082,830720656,3689336539.2000003,3689336539.2000003,23.371610641479492,1,142532,142532,64843343,0,种植业,1,1,1
20260818,688152,麒麟信安,34.98,20.0,225672003,3564394698.4799995,3564394698.4799995,6.7923126220703125,1,142650,142650,55147054,0,软件开发,1,1,1
20260818,600359,新农开发,6.93,10.0,246587204,2643883842.6,2643883814.88,9.63263988494873,1,142658,142658,13185011,0,种植业,1,1,1
20260818,601702,华峰铝业,16.7,10.013175010681152,409830816,16675461020.0,16675461153.599998,2.5543441772460938,1,143001,143001,83546760,0,工业金属,1,1,1
20260818,002025,航天电器,71.68,10.006138801574707,1964882080,32533494712.320004,32544137543.680004,6.42111349105835,1,143500,143500,152452608,0,军工电子,1,1,0
20260818,002819,东方中科,22.78,9.995171546936035,184788333,5415751051.08,6825117986.88,3.6210193634033203,1,143918,143918,75902960,0,通用设备,1,1,0
20260818,000998,隆平高科,9.22,10.023866653442383,1022271728,12118865990.160002,13548311150.080002,8.710933685302734,1,144027,144027,180935806,0,种植业,1,1,0
20260818,601952,苏垦农发,9.38,9.964829444885254,557972544,12925640000.000002,12925640000.000002,4.489990711212158,1,144428,144428,97113297,0,种植业,1,1,1
20260818,600272,开开实业,20.93,9.984235763549805,1131763216,3348800000.0,5497305208.85,35.87782287597656,1,144813,144937,22156498,1,医药商业,9,6,1
20260818,002385,大北农,3.38,10.0977201461792,1049420944,12051770489.98,14467657251.84,8.991028785705566,1,145048,145048,27082334,0,饲料,1,1,0
20260818,000713,国投丰乐,6.5,9.98307991027832,297375904,3991097370.0,5188426568.0,7.715588092803955,1,145600,145600,3598140,0,种植业,1,1,0
20260818,605179,一鸣食品,38.61,10.0,1545436192,15482610000.0,15482610000.0,10.528051376342773,2,145659,150000,1471079,1,饮料乳品,16,11,1
20260812,000802,北京文化,5.69,10.058026313781738,662665200,4071445388.4500003,4073472456.6400003,16.280929565429688,3,92500,94509,243463634,1,影视院线,3,3,0
20260812,600602,云赛智联,20.25,9.99456787109375,407700624,21754635547.5,27695387484.0,1.8740861415863037,1,92500,92500,336439554,0,软件开发,1,1,1
20260812,002682,龙洲股份,5.03,10.065646171569824,82609170,2828714027.82,2828714017.76,2.9204511642456055,1,92500,93051,72472240,1,物流,1,1,0
20260812,300862,蓝盾光电,32.84,19.98538589477539,68193574,4974307869.88,6062851901.68,1.3709157705307007,3,92500,92500,637629978,0,通用设备,3,3,0
20260812,002483,润邦股份,5.75,9.942638397216797,42109205,5090192094.25,5097193392.0,0.8272616267204285,1,92500,92500,103302545,0,专用设备,1,1,0
20260812,605286,同力天启,30.99,10.010649681091309,80025198,5206320000.0,5206320000.0,1.5370780229568481,3,92502,92502,93320465,0,专用设备,3,3,1
20260812,603758,秦安股份,13.95,10.015772819519043,36309869,6041968883.549999,6041968869.599999,0.6009608507156372,4,92502,92502,270724050,0,汽车零部,4,4,1
20260812,600683,京投发展,11.75,10.018726348876953,27408050,8704136764.75,8704136800.0,0.31488531827926636,3,92502,92502,123265725,0,房地产开,3,3,1
20260812,603887,城地香江,11.35,9.980620384216309,81186845,6833033928.349999,6833033962.4,1.1881521940231323,2,92503,92503,212496674,0,IT服务Ⅱ,2,2,1
20260812,002229,鸿博股份,12.91,9.96592903137207,333566384,6366646064.33,6405832110.08,5.246940612792969,2,93000,93000,279254247,0,IT服务Ⅱ,2,2,0
20260812,002248,华东数控,12.17,10.036166191101074,862786464,3742221452.0,3742221452.0,23.2332820892334,3,93021,94033,87100677,7,通用设备,3,3,0
20260812,002031,巨轮智能,6.42,9.931507110595703,1351865024,12285444097.92,14120120162.88,11.079778671264648,2,93030,93206,306725200,1,专用设备,2,2,0
20260812,601886,江河集团,10.48,9.968521118164062,295032496,11873861588.800001,11873861630.720001,2.512392282485962,1,93053,95535,22056134,3,装修装饰,3,2,1
20260812,002047,宝鹰股份,3.92,10.112359046936035,146427562,5943343033.04,5943694856.96,2.5292186737060547,2,93209,93209,77686622,0,装修装饰,2,2,0
20260812,603102,百合股份,42.05,9.992152214050293,212603139,2691200000.0,2691200000.0,8.020476341247559,1,93235,93444,23087552,2,食品加工,4,2,1
20260812,000410,沈阳机床,5.76,9.923664093017578,220247169,11353065598.08,15258660526.08,1.976365566253662,1,93236,93336,70385091,1,通用设备,1,1,0
20260812,000665,湖北广电,4.42,9.950248718261719,146807570,5026069427.6,5026200736.96,2.95646071434021,1,93321,93336,10645128,1,电视广播,1,1,0
20260812,603538,美诺华,33.33,10.0,1432172448,11229541966.83,11329806639.359999,13.069466590881348,1,93335,95353,240465884,1,化学制药,1,1,1
20260812,600162,香江控股,4.72,10.023309707641602,789468112,15427027935.839998,15427027964.16,5.207423210144043,2,93340,101249,63862803,2,房地产开,2,2,1
20260812,600721,百花医药,14.03,10.039215087890625,1840794640,5395203319.05,5395203276.96,34.42912673950195,7,93345,150000,83499460,11,医疗服务,7,7,1
20260812,603191,望变电气,15.4,10.0,173020194,5081455440.6,5081455456.0,3.4450578689575195,1,93357,93524,70778507,1,电网设备,1,1,1
20260812,000887,中鼎股份,21.54,10.010213851928711,1184961104,28311542896.32,28357189085.76,4.2744269371032715,1,93403,94042,195652860,3,汽车零部,1,1,0
20260812,002081,金 螳 螂,4.37,10.075567245483398,283909136,11555343500.68,11603764551.52,2.5076334476470947,1,93454,93454,141370802,0,装修装饰,1,1,0
20260812,002329,皇氏集团,4.2,9.947644233703613,514912704,2736690280.8,3496096732.8,19.418535232543945,3,93503,94706,73025513,4,饮料乳品,3,3,0
20260812,600604,市北高新,5.01,10.10988998413086,184122214,7051348568.04,9385257048.0,2.6421966552734375,1,93603,93603,41437209,0,房地产开,1,1,1
20260812,002520,日发精机,6.59,10.016695022583008,410319296,4727930726.89,4944115657.12,8.82384204864502,1,93624,94327,43028034,1,通用设备,1,1,0
20260812,002437,誉衡药业,3.86,9.97150993347168,2041019456,8106593864.86,8607290974.08,25.62903594970703,1,93630,130548,62188846,4,化学制药,4,3,0
20260812,000048,京基智农,24.13,9.981768608093262,602957728,12772075357.5,12793792405.76,4.767431735992432,1,93642,112336,36995874,4,养殖业,1,1,0
20260812,603076,乐惠国际,23.06,10.019083976745605,92162820,2783372992.64,2783372992.64,3.3653857707977295,1,93814,95041,41056047,1,专用设备,1,1,1
20260812,301602,超研股份,18.38,19.97389030456543,226785824,3832218806.58,7872698636.16,6.102799892425537,1,93827,94721,33851585,1,医疗器械,1,1,0
20260812,603232,格尔软件,18.0,10.024450302124023,365546848,4163399910.0,4185820710.0,8.965251922607422,1,93910,93910,71476200,0,软件开发,1,1,1
20260812,002357,富临运业,9.99,10.022026062011719,91864935,3131643082.14,3131755509.6,3.0003082752227783,1,93927,93927,72765162,0,铁路公路,1,1,0
20260812,002146,荣盛发展,1.27,10.434782028198242,493880800,4967632115.77,5522168076.8,10.266216278076172,1,94015,134845,32939565,2,房地产开,1,1,0
20260812,002421,达实智能,3.88,9.915014266967773,678819840,7773103481.679999,8227856732.16,9.048527717590332,1,94030,94030,90258069,0,IT服务Ⅱ,1,1,0
20260812,000593,德龙汇能,25.27,10.013060569763184,437659200,9058869680.63,9062605572.16,5.022810935974121,1,94057,94057,235865707,0,燃气Ⅱ,9,5,0
20260812,002178,延华智能,5.09,9.935205459594727,145042108,3622976274.22,3624858810.72,4.108565807342529,1,94118,94118,37913374,0,软件开发,1,1,0
20260812,301315,威士顿,46.16,19.98960304260254,261712727,4062079999.9999995,4062079999.9999995,6.68107271194458,1,94157,94157,70260182,0,软件开发,1,1,0
20260812,603277,银都股份,11.64,10.018903732299805,56330289,7097443731.0,7120350587.52,0.8153176307678223,1,94157,94357,48164725,1,通用设备,1,1,1
20260812,603690,至纯科技,27.3,9.991942405700684,666696816,10454924025.0,10454924188.800001,6.573439121246338,1,94628,94628,69325674,0,半导体,1,1,1
20260812,001260,坤泰股份,19.12,10.011507987976074,67428857,2198800000.0,2198800000.0,3.102699041366577,1,94903,94903,21901960,0,汽车零部,1,1,0
20260812,002870,香山股份,47.49,10.006949424743652,477704432,6161000889.06,6272271953.64,7.8797197341918945,1,94918,104606,33057789,5,汽车零部,1,1,0
20260812,603289,泰瑞机器,9.34,10.011778831481934,105229458,2740336143.16,2740336124.48,3.9237301349639893,1,94924,94924,38423592,0,专用设备,1,1,1
20260812,603466,风语筑,12.47,9.964726448059082,647319968,7417511295.240001,7417511345.120001,9.008111953735352,1,95038,95114,52521569,1,数字媒体,1,1,1
20260812,688167,炬光科技,245.52,20.0,2001940256,31951720159.920002,31951720159.920002,6.619627952575684,1,95043,95043,98799457,0,半导体,1,1,1
20260812,600857,宁波中百,19.73,9.977703094482422,188829475,4425832001.87,4425832001.87,4.351776123046875,1,95111,101744,17017125,4,一般零售,1,1,1
20260812,002005,德豪润达,2.51,10.087719917297363,85493485,4397455387.58,4398586408.639999,1.994863748550415,1,95239,95239,21989106,0,小家电,1,1,0
20260812,003032,传智教育,12.91,9.96592903137207,815163680,3672657559.28,5195597276.64,22.9164981842041,1,95330,95545,107418946,1,教育,13,9,0
20260812,002379,宏桥控股,21.34,10.0,1486559696,24250215889.02,278084065290.24,6.266773700714111,1,95542,95542,259756882,0,工业金属,1,1,0
20260812,920856,浩淼科技,14.93,29.939075469970703,141368683,792186352.41,1420240556.04,18.506013870239258,1,95635,101505,8986068,3,专用设备,1,1,0
20260812,000692,惠天热电,4.44,9.90099048614502,226367086,2365778413.44,2365778413.44,9.770297050476074,1,95939,101745,23745564,4,电力,1,1,0
20260812,605179,一鸣食品,30.39,9.989142417907715,828026160,12186390000.0,12186390000.0,7.07820463180542,3,100051,101533,67842636,1,饮料乳品,12,8,1
20260812,600397,江钨装备,18.74,9.97652530670166,1736221296,18551848188.68,18551848301.12,9.77148151397705,1,100514,100514,111787829,0,专用设备,7,4,1
20260812,002491,通鼎互联,18.84,9.982486724853516,1472346432,22164673529.64,23173096304.64,6.927977085113525,1,101015,101015,273108125,0,通信设备,1,1,0
20260812,600379,宝光股份,14.8,10.037175178527832,415051328,4886983147.2,4886983206.400001,8.736529350280762,1,101234,103022,89004240,1,电网设备,1,1,1
20260812,603396,金辰股份,27.54,9.984025001525879,158694513,3815046744.12,3815046744.12,4.291443347930908,1,102008,102123,49244274,1,光伏设备,1,1,1
20260812,603330,天洋新材,8.83,9.962639808654785,228368100,3591277820.9,3820508311.84,6.5536789894104,1,102231,102231,58381840,0,塑料,1,1,1
20260812,600216,浙江医药,13.77,9.984025001525879,908486960,13100633070.75,13241751734.88,7.157702922821045,1,102530,102530,42209181,0,化学制药,1,1,1
20260812,002562,兄弟科技,5.05,10.0217866897583,252794763,4108272444.7999997,5771250696.0,6.338913917541504,1,102718,102718,40491581,0,化学制品,1,1,0
20260812,600641,先导基电,35.72,10.009239196777344,2532560144,33242100742.399998,33822050662.399998,8.069862365722656,1,102859,102859,163265582,0,半导体,4,3,1
20260812,601700,风范股份,7.59,10.0,1186776832,8643167907.0,8643167876.64,14.372735023498535,1,103353,103353,59975861,0,电网设备,8,6,1
20260812,600105,永鼎股份,41.21,10.0106782913208,8165109760,60248805790.42,60248805708.0,13.942947387695312,1,104439,133312,355914286,7,通信设备,1,1,1
20260812,000936,华西股份,5.76,9.923664093017578,165479808,5102711061.12,5103434188.8,3.3274338245391846,1,104457,104648,52100075,1,化学纤维,1,1,0
20260812,002552,宝鼎科技,60.07,9.9981689453125,2053271664,22135992570.23,23306278652.96,9.88469123840332,1,104715,104715,110966470,0,元件,9,7,0
20260812,002164,宁波东力,13.09,10.0,448920304,6280256621.87,6966153680.64,7.3239312171936035,1,105009,130551,72844541,1,通用设备,1,1,0
20260812,002792,通宇通讯,37.11,9.988144874572754,3280191856,12536666527.02,19439555147.52,27.19345474243164,1,105139,142751,63653001,4,通信设备,8,5,0
20260812,605289,罗曼股份,109.29,10.005033493041992,388216720,16655630316.36,16678801545.000002,2.4260687828063965,1,110113,110113,130717397,0,专业工程,4,2,1
20260812,002172,澳洋健康,3.75,9.970674514770508,195547428,2869277737.5,2871496380.0,6.95529842376709,1,110809,112521,10674292,2,医疗服务,1,1,0
20260812,603052,可川科技,58.47,10.009407043457031,218412164,10986354078.539999,10986354078.539999,2.0662853717803955,1,110824,110824,62528987,0,消费电子,1,1,1
20260812,001696,宗申动力,17.29,9.98727798461914,1287671856,15412275310.25,19797515585.12,8.745772361755371,1,112036,112312,205736943,1,通用设备,1,1,0
20260812,600881,亚泰集团,2.06,10.16042709350586,755997408,6658231035.28,6658231043.52,11.902179718017578,2,130545,130545,53301855,0,综合Ⅱ,2,2,1
20260812,002589,瑞康医药,3.55,9.907120704650879,823234416,4847849995.4,5341722147.2,17.872495651245117,1,131412,134157,30036550,2,医药商业,4,3,0
20260812,603269,海鸥股份,17.56,10.025062561035156,683175472,7584962804.4,7584962769.28,9.363752365112305,1,132242,140145,73029335,1,通用设备,3,2,1
20260812,001313,粤海饲料,8.0,10.041265487670898,162637084,5593226008.0,5600000000.0,3.0294644832611084,1,132342,132342,27192800,0,饲料,1,1,0
20260812,000715,中兴商业,5.42,9.93914794921875,145834174,2636032880.6,2929155662.08,5.711686611175537,1,132400,132400,34034310,0,一般零售,1,1,0
20260812,000720,新能泰山,4.04,10.081744194030762,520377648,5076387546.84,5076387534.72,10.598272323608398,1,132824,140454,64794166,1,电网设备,1,1,0
20260812,603696,安记食品,15.41,9.992862701416016,431297104,3624432000.0,3624432000.0,12.612469673156738,1,133003,133003,57839894,0,调味发酵,1,1,1
20260812,002582,好想你,11.15,9.960552215576172,497224672,3838271294.7000003,4991942951.2,13.459085464477539,1,134042,134042,78386730,0,休闲食品,1,1,0
20260812,600266,城建发展,4.6,10.047846794128418,473982112,9548420132.199999,9548420118.4,5.183041095733643,1,134521,134733,72819067,1,房地产开,1,1,1
20260812,000736,中交发展,4.95,10.0,167812541,3698137084.9500003,3698137080.0,4.744586944580078,1,134939,134939,25197816,0,房地产服,1,1,0
20260812,603369,今世缘,30.72,9.989258766174316,1366879888,38301697136.64,38301696983.04,3.6331562995910645,1,135254,145124,67587594,2,白酒Ⅱ,1,1,1
20260812,002244,滨江集团,9.53,10.046189308166504,540867808,26279445210.199997,29652060252.64,2.154656171798706,1,135806,135806,26030242,0,房地产开,1,1,0
20260812,603615,茶花股份,17.94,9.993868827819824,120908610,4338250800.0,4338250800.0,2.9035961627960205,1,135908,135908,84352086,0,家居用品,1,1,1
20260812,601155,新城控股,12.17,10.036166191101074,545589280,27450930157.52,27450930254.88,2.072352886199951,1,140444,140444,86822812,0,房地产开,1,1,1
20260812,002573,清新环境,3.58,10.153846740722656,136056485,5058551380.82,5066656117.76,2.7683258056640625,1,141109,142712,20159409,2,环境治理,1,1,0
20260812,600234,科新发展,23.39,10.018814086914062,80274108,6140365558.47,6140365558.47,1.3606531620025635,1,141506,141506,24405126,0,装修装饰,1,1,1
20260812,603095,越剑智能,14.45,9.969558715820312,97686296,3731989940.0,3731989940.0,2.7429466247558594,1,141529,141529,25515810,0,专用设备,1,1,1
20260812,600376,首开股份,4.42,9.950248718261719,1043388336,11401678369.64,11401678396.16,9.657018661499023,1,142616,142616,73588734,0,房地产开,1,1,1
20260812,300197,节能铁汉,2.3,19.791667938232422,612238064,6820013083.999999,6820185583.999999,9.970423698425293,1,142727,142727,70668415,0,基础建设,1,1,0
20260812,688635,长进光子,300.02,19.99839973449707,1256980448,5327310230.34,28102873400.0,25.3856201171875,1,142833,142833,233003332,0,通信设备,1,1,1
20260812,600572,康恩贝,4.75,9.953703880310059,899269616,12026003345.5,12058027152.0,7.823694705963135,1,143328,144925,105032000,1,中药Ⅱ,1,1,1
20260812,603228,景旺电子,98.21,10.002240180969238,6144858112,96433726602.78,98327467016.79999,6.765429496765137,1,144307,144307,444950618,0,元件,5,3,1
20260812,603897,长城科技,32.05,9.986272811889648,1030141952,6616263576.049999,6616263576.049999,16.58735466003418,2,144346,144416,38160941,1,电网设备,2,2,1
20260814,001260,坤泰股份,23.13,9.985734939575195,29927907,2659950000.0,2659950000.0,1.1251304149627686,3,92500,92500,336990222,0,汽车零部,3,3,0
20260814,000936,华西股份,6.97,9.936908721923828,951168432,6174634738.889999,6175509773.599999,15.45145320892334,3,92500,105703,43942490,7,化学纤维,3,3,0
20260814,002172,澳洋健康,4.54,9.927360534667969,86716415,3473738914.2,3476424950.72,2.496342420578003,3,92500,92500,136260236,0,医疗服务,3,3,0
20260814,300684,中石科技,67.36,20.007125854492188,286464768,13780183922.72,20174940789.76,2.0788166522979736,1,92500,92500,1043006079,0,电子化学,1,1,0
20260814,002907,华森制药,15.26,10.021629333496094,82440807,5124562674.14,6372519843.2,1.6087384223937988,1,92500,92500,131789754,0,中药Ⅱ,1,1,0
20260814,600613,神奇制药,6.41,9.948541641235352,80085303,3072441058.98,3423399161.12,2.606569290161133,2,92501,92501,149224114,0,化学制药,2,2,1
20260814,002724,海洋王,6.78,10.064934730529785,133662850,3849515191.56,5230756440.0,3.474034070968628,2,93000,93000,100147380,0,照明设备,2,2,0
20260814,600645,中源协和,22.33,10.0,998376160,10445307784.449999,10449298847.679998,9.664213180541992,1,93004,130131,36212985,2,生物制品,1,1,1
20260814,603025,大豪科技,15.18,10.0,315161424,16837273054.14,16950819378.24,1.8822494745254517,1,93044,93556,41358517,1,自动化设,1,1,1
20260814,603330,天洋新材,10.68,9.989701271057129,268205504,4343697296.4,4620954560.64,6.239995956420898,3,93047,93047,93635436,0,塑料,3,3,1
20260814,002418,康盛股份,4.07,10.0,327087280,4625135944.66,4625148000.0,7.112495422363281,1,93100,93133,32913683,1,家电零部,1,1,0
20260814,002322,理工能科,13.05,10.033726692199707,322804112,4585521123.45,4770139982.400001,7.146337985992432,2,93130,100745,39990420,1,软件开发,2,2,0
20260814,603118,共进股份,17.56,10.025062561035156,1949605840,13824573689.359999,13824573583.999998,14.306023597717285,2,93244,95220,92147856,6,通信设备,2,2,1
20260814,002951,金时科技,18.14,10.006064414978027,292007984,7276351157.16,7311579218.56,4.059518814086914,1,93330,93700,40624530,2,其他电源,1,1,0
20260814,603725,天安新材,12.23,9.982014656066895,382505872,3728409426.4,3728409426.4,10.377007484436035,1,93452,112117,54258150,1,家居用品,1,1,1
20260814,300404,博济医药,17.34,20.0,1320038768,4950840712.08,6688886688.96,27.531600952148438,2,93518,94403,73662452,5,医疗服务,2,2,0
20260814,603989,艾华集团,32.99,10.003334045410156,1385909312,13155747581.400002,13155747449.44,10.679523468017578,1,93530,95812,181963800,3,元件,1,1,1
20260814,603095,越剑智能,14.94,10.014727592468262,119247990,3858541848.0,3858541848.0,3.1818652153015137,1,93542,93542,46371190,0,专用设备,3,2,1
20260814,600198,大唐电信,7.84,9.957924842834473,416085824,10207286463.36,10220251722.24,4.127470970153809,1,93623,95429,89303872,1,通信设备,1,1,1
20260814,603186,华正新材,167.55,9.998686790466309,1538855232,26270251290.9,26270251290.9,6.021432876586914,1,93730,93730,382164795,0,元件,1,1,1
20260814,002774,快意电梯,17.55,10.031347274780273,192939695,4945031646.75,5908872715.2,3.9952523708343506,1,93827,93827,39743730,0,专用设备,1,1,0
20260814,600288,大恒科技,13.22,9.983360290527344,638464912,5774496000.0,5774496000.0,11.26071834564209,1,94135,100138,88612258,1,软件开发,1,1,1
20260814,600272,开开实业,17.6,10.0,765437952,2816000000.0,4622674232.0,28.152097702026367,1,94400,94509,28960448,1,医药商业,7,5,1
20260814,603382,海阳科技,20.94,9.978991508483887,143352481,2418274452.84,3795403645.92,6.053785800933838,1,94438,94438,26683486,0,化学纤维,1,1,1
20260814,002651,利君股份,8.39,9.960680961608887,146682212,4744239947.990001,8670729400.0,3.1547133922576904,1,94500,94500,61353074,0,航空装备,1,1,0
20260814,000950,重药控股,6.29,9.965035438537598,370880608,10773374223.84,10773374223.84,3.5107946395874023,1,94630,94630,36496448,0,医药商业,1,1,0
20260814,601609,金田股份,10.95,10.050251007080078,636052608,18928588213.35,18928588202.399998,3.424924612045288,1,94731,94828,59572850,1,工业金属,1,1,1
20260814,000831,中国稀土,60.95,9.99819564819336,5416567552,64681408186.65,64681407760.0,8.536320686340332,1,95321,140918,99880776,1,小金属,1,1,0
20260814,301130,西点药业,30.85,19.992219924926758,319398208,1820685556.0,2359861032.25,17.97522735595703,1,95548,142627,8101981,10,化学制药,1,1,0
20260814,600186,莲花控股,12.02,9.972553253173828,3518677936,21505442257.82,21549030972.8,16.884313583374023,1,100256,111014,198537753,2,调味发酵,1,1,1
20260814,300862,蓝盾光电,47.29,19.994924545288086,3494569136,7163063921.03,8730580585.58,51.68534851074219,5,101357,130951,31282287,5,通用设备,5,5,0
20260814,603089,正裕工业,9.75,10.045146942138672,58832130,2340324363.0,2688262512.0,2.576307535171509,1,101502,101553,13255125,1,汽车零部,1,1,1
20260814,688662,富信科技,98.4,20.0,1687193488,11287035369.6,11287035369.6,15.519938468933105,1,101547,130120,98358180,1,其他电子,1,1,1
20260814,002081,金 螳 螂,5.29,9.979209899902344,2648471264,13988047395.56,14046662351.84,19.718482971191406,3,101648,110906,93738440,1,装修装饰,3,3,0
20260814,002811,郑中设计,11.3,10.02921199798584,93690499,3193232625.4,3480061000.0,3.0483005046844482,1,102227,102227,50357320,0,装修装饰,1,1,0
20260814,002658,雪迪龙,8.23,10.026738166809082,183961901,2950961136.77,5232312437.440001,6.40809440612793,1,102433,102433,85697895,0,环保设备,1,1,0
20260814,301419,阿莱德,37.62,20.0,437866176,3730333364.9999995,5643000000.0,12.307891845703125,1,103142,103142,166475572,0,通信设备,1,1,0
20260814,603618,杭电股份,29.87,10.018416404724121,3281343152,20651389649.920002,20651389649.920002,16.374359130859375,1,103542,130845,152178689,2,电网设备,1,1,1
20260814,603083,剑桥科技,185.9,10.0,7130649344,51231878540.700005,68457743411.200005,14.435185432434082,1,104111,134017,308142820,1,通信设备,1,1,1
20260814,603079,圣达生物,13.41,10.008203506469727,116588443,2534887257.84,2534887257.84,4.73806095123291,1,104402,104641,67033385,1,化学制品,1,1,1
20260814,688485,九州一轨,72.1,20.00665855407715,1278614816,10836057670.199999,10836057670.199999,12.252981185913086,1,104558,145301,1875393,2,轨交设备,1,1,1
20260814,603177,德创环保,10.23,10.0,96993120,2088884160.0,2088884160.0,4.789756774902344,1,110157,110157,39937920,0,环境治理,1,1,1
20260814,002820,桂发祥,10.14,9.978307723999023,133831257,2036804511.3000002,2036804511.3000002,6.880239486694336,1,110724,110724,34831711,0,休闲食品,1,1,0
20260814,300929,华骐环保,16.82,19.97146987915039,201531334,2108561103.82,2222476319.92,10.33465576171875,1,131227,131227,42214751,0,环境治理,1,1,0
20260814,002766,索菱股份,4.5,10.024450302124023,314007472,3856401405.0,3869306208.0,8.475851058959961,1,131618,131618,128417400,0,汽车零部,1,1,0
20260814,000620,盈新发展,3.03,10.181818008422852,1582394880,14155398909.449999,17791599959.039997,11.621870040893555,1,133400,133400,120398913,0,房地产开,1,1,0
20260814,600353,旭光电子,31.03,9.996455192565918,2071321648,25718010263.77,25718010046.56,8.366385459899902,1,133952,133952,224740981,0,其他电子,1,1,1
20260814,603881,数据港,29.04,10.0,2801935888,25034001666.96,25034001696.0,11.826971054077148,1,134420,134420,219449326,0,通信服务,1,1,1
20260814,600769,祥龙电业,16.51,9.993337631225586,311436784,6190873572.000001,6190873572.000001,5.263253211975098,1,135138,135138,31218759,0,环境治理,1,1,1
20260814,688286,敏芯股份,53.56,20.008962631225586,615181952,4194472184.76,4194472184.76,15.568446159362793,1,135140,135140,93812214,0,半导体,1,1,1
20260814,920083,金戈新材,40.89,29.974571228027344,327160848,1554769547.58,3650228791.86,23.33405303955078,1,135254,135254,17181773,0,非金属材,1,1,0
20260814,002989,中天精装,25.36,10.02169132232666,233359651,5017094788.48,5113012648.48,4.849835395812988,1,135630,135630,80256792,0,装修装饰,1,1,0
20260814,002645,华宏科技,21.48,9.984639167785645,1049041072,14610985679.28,16177026879.36,7.395096778869629,1,135648,135648,89854706,0,环保设备,1,1,0
20260814,600487,亨通光电,62.98,10.008733749389648,19196727552,154530641265.86,155333384282.88,12.971772193908691,1,135906,144909,844234933,1,通信设备,1,1,1
20260814,300017,网宿科技,17.33,20.013851165771484,7662499072,41010918219.99,43250217306.71999,20.30423927307129,1,141454,141454,258819494,0,IT服务Ⅱ,1,1,0
20260814,603629,利通电子,137.5,10.0,8869939456,49599467500.0,50425100000.0,18.828998565673828,1,141943,142025,303949250,1,消费电子,1,1,1
20260814,600815,厦工股份,3.98,9.944750785827637,429874256,7060896030.4,7060896030.4,6.415205001831055,1,142019,142019,26070194,0,工程机械,1,1,1
20260814,002628,成都路桥,5.56,10.099010467529297,291031616,4191043499.12,4209478312.9599996,7.267792701721191,1,142109,142109,31730263,0,基础建设,1,1,0
20260814,003031,中瓷电子,130.08,10.004228591918945,1631796080,44247583015.68001,58672956549.12,3.8439314365386963,1,142630,142630,161724561,0,通信设备,1,1,0
20260814,603115,海星股份,85.45,10.00257396697998,1370645136,20899583170.0,20899583170.0,6.817030429840088,1,142648,142648,110093780,0,元件,1,1,1
20260814,002988,豪美新材,23.3,10.009443283081055,134563035,5820444756.8,5820444756.8,2.4202754497528076,1,143409,143409,56458230,0,工业金属,1,1,0
20260814,600829,人民同泰,11.83,10.04651165008545,565271888,6860082102.51,6860082043.36,8.787772178649902,1,144204,144204,62722660,0,医药商业,1,1,1
20260814,300120,经纬辉开,9.26,19.94818687438965,903252368,4884159238.5199995,5318887847.36,20.489761352539062,1,145354,145527,27958718,1,光学光电,1,1,0
20260817,300684,中石科技,80.83,19.99703025817871,293608912,16535811556.91,24209329929.28,1.7755942344665527,2,92500,92500,859713942,0,电子化学,2,2,0
20260817,002820,桂发祥,11.15,9.960552215576172,54115287,2239681489.25,2239681489.25,2.4162046909332275,2,92500,92500,128681157,0,休闲食品,2,2,0
20260817,603186,华正新材,184.31,10.002984046936035,862191184,28898060372.58,28898060372.58,2.988382339477539,2,92501,93104,413720657,1,元件,10,5,1
20260817,603330,天洋新材,11.75,10.018726348876953,139344883,4778880452.5,5083915364.0,2.9158477783203125,4,92503,92503,195724450,0,塑料,4,4,1
20260817,600127,金健米业,6.46,10.051107406616211,246088299,4145919588.28,4145919575.36,5.943018436431885,1,93000,93000,154848073,0,农产品加,1,1,1
20260817,603079,圣达生物,14.75,9.99254322052002,75686642,2788186954.0,2788186954.0,2.714548110961914,2,93000,93000,72012450,0,化学制品,2,2,1
20260817,002863,今飞凯达,4.99,9.911893844604492,215558164,2991422934.46,2991422924.48,7.251891136169434,1,93006,110554,23967618,6,汽车零部,1,1,0
20260817,603118,共进股份,19.32,10.022778511047363,2022067456,15210180163.92,15210180048.0,13.309046745300293,3,93022,95901,152696972,11,通信设备,3,3,1
20260817,600613,神奇制药,7.05,9.984399795532227,273824912,3379205844.9,3765205005.6,8.187995910644531,3,93028,93028,198510649,0,化学制药,3,3,1
20260817,603089,正裕工业,10.73,10.051281929016113,68333942,2575556965.64,2958467359.36,2.6791069507598877,2,93036,93036,28557701,0,汽车零部,2,2,1
20260817,002081,金 螳 螂,5.82,10.018903732299805,2782545568,15389496378.480001,15453983910.720001,18.26127815246582,4,93054,104212,116451140,9,装修装饰,4,4,0
20260817,600353,旭光电子,34.13,9.99033260345459,1107804176,28287324856.670002,28287324617.760002,3.9355640411376953,2,93056,94108,169626611,2,其他电子,2,2,1
20260817,000029,深深房Ａ,24.42,10.0,93949612,21774337200.0,24704737200.0,0.4377228915691376,1,93200,93212,47936460,1,房地产开,1,1,0
20260817,603102,百合股份,43.41,10.010136604309082,155893919,2778240000.0,2778240000.0,5.688117027282715,1,93207,93252,47715447,1,食品加工,4,2,1
20260817,603958,哈森股份,16.78,10.032787322998047,41870563,3680860800.0000005,3680860800.0000005,1.1649343967437744,1,93212,93212,43136346,0,服装家纺,1,1,1
20260817,002907,华森制药,16.79,10.026211738586426,312853552,5638362208.309999,7011442212.799999,5.621687889099121,2,93215,93215,85013377,0,中药Ⅱ,2,2,0
20260817,603929,亚翔集成,178.97,10.0,687591632,38185039200.0,38185039200.0,1.8162841796875,1,93230,93312,227757222,1,专业工程,1,1,1
20260817,002651,利君股份,9.23,10.011919021606445,282098304,5219229406.43,9538835800.0,5.553597450256348,2,93330,93330,59270684,0,航空装备,2,2,0
20260817,603790,雅运股份,28.29,9.992223739624023,197958155,5413574400.0,5413574400.0,3.7009875774383545,1,93404,134419,11726205,4,化学制品,1,1,1
20260817,603773,沃格光电,104.49,10.001052856445312,668613744,23476670362.17,23484820582.17,2.9213147163391113,1,93431,93431,208930889,0,光学光电,10,5,1
20260817,603095,越剑智能,16.43,9.973226547241211,160705246,4243362956.0,4243362956.0,3.9217050075531006,2,93448,93448,32279298,0,专用设备,4,3,1
20260817,600172,黄河旋风,13.64,10.0,1040317760,17502829013.12,19671396307.2,6.048698902130127,1,93457,93457,183945002,0,通用设备,1,1,1
20260817,600545,卓郎智能,4.86,9.954751014709473,298685168,8689253398.92,8689253408.640001,3.4980721473693848,1,93605,93620,34060338,1,专用设备,1,1,1
20260817,603657,春光科技,29.21,10.018832206726074,64921953,3948901360.5,3948901360.5,1.6790436506271362,1,93659,93659,74739627,0,家电零部,1,1,1
20260817,603823,百合花,78.09,10.001408576965332,1117028016,32514154005.36,32514154630.08,3.4877657890319824,1,93740,100931,56081895,4,化学制品,1,1,1
20260817,301127,武汉天源,18.14,19.97354507446289,1426388480,11871222027.62,12227725579.2,12.422547340393066,1,93751,112621,44423372,3,环境治理,1,1,0
20260817,001318,阳光乳业,12.35,9.973285675048828,85492446,3490851000.0,3490851000.0,2.508897542953491,1,93951,93951,24855610,0,饮料乳品,1,1,0
20260817,600313,农发种业,6.16,10.0,354317488,6666343764.08,7154063642.88,5.418190002441406,1,94002,94020,22581358,1,种植业,1,1,1
20260817,000505,京粮控股,6.17,9.98217487335205,140149063,3901786673.12,4485283079.5199995,3.683115243911743,1,94021,94021,31274804,0,农产品加,1,1,0
20260817,002229,鸿博股份,13.82,10.03184700012207,1367664688,6815418172.66,6857366364.16,20.60574722290039,1,94100,94100,145862512,0,IT服务Ⅱ,5,3,0
20260817,603011,合锻智能,26.68,10.020618438720703,2017907520,13190977179.16,13190977045.76,15.662933349609375,1,94241,142450,60763700,1,专用设备,1,1,1
20260817,300314,戴维医疗,14.74,20.032573699951172,376000048,2118748943.52,4245120000.0,18.464521408081055,1,94436,94436,35482422,0,医疗器械,1,1,0
20260817,002682,龙洲股份,5.1,9.913793563842773,465943072,2868079829.3999996,2868079819.2,16.68353843688965,1,94503,95424,46379415,3,物流,4,2,0
20260817,600222,太龙药业,8.95,9.950860023498535,556597808,5006300487.849999,5006300496.799999,11.394730567932129,1,94504,145140,30774843,2,中药Ⅱ,1,1,1
20260817,603936,博敏电子,17.38,10.0,1008764368,10956317309.519999,11216148240.0,9.450796127319336,1,94538,102547,112684968,1,元件,1,1,1
20260817,600206,有研新材,55.86,10.003938674926758,3736260832,47288469125.52,47288468902.08,8.130544662475586,1,94547,94547,653443074,0,半导体,1,1,1
20260817,603002,宏昌电子,17.59,10.006254196166992,1033266080,19948440973.31,19948441026.079998,5.316739559173584,1,94637,94637,160750559,0,电子化学,1,1,1
20260817,002838,道恩股份,27.19,9.991909980773926,388657376,11436976575.560001,13007652496.0,3.4862077236175537,1,94657,95842,36633087,2,塑料,1,1,0
20260817,300313,天山生物,10.73,20.022371292114258,253011159,2117595425.97,2572828605.62,12.629347801208496,1,94800,94800,39412030,0,养殖业,1,1,0
20260817,002172,澳洋健康,4.99,9.911893844604492,980026096,3818052242.7000003,3821004516.32,26.855724334716797,4,94915,94915,54413839,0,医疗服务,4,4,0
20260817,002469,三维化学,6.31,9.930313110351562,95160322,3965222368.41,4094323157.4399996,2.453873872756958,1,94933,94933,27679288,0,化学原料,1,1,0
20260817,002742,冀衡医药,4.7,10.070257186889648,121754246,2462429278.1,3215279625.6,5.125017166137695,1,95015,95039,38205360,1,化学制药,1,1,0
20260817,603580,艾艾精工,58.2,9.998109817504883,531245232,7605180240.0,7605180240.0,7.185100078582764,1,95133,100209,36898800,2,塑料,1,1,1
20260817,603389,亚振家居,48.24,10.011402130126953,126785814,12675156480.0,12675156480.0,1.0342756509780884,1,95144,95144,37500811,0,家居用品,1,1,1
20260817,603395,红四方,23.96,10.009182929992676,116992722,1557400000.0,6229600000.0,7.709615230560303,1,95229,95302,37527110,1,农化制品,1,1,1
20260817,002165,红 宝 丽,7.13,10.030863761901855,560270704,5187675317.48,5242473959.2,11.037670135498047,1,95309,95309,77869275,0,化学制品,1,1,0
20260817,000735,罗 牛 山,5.62,9.980430603027344,480537104,6468044045.54,6471506342.08,7.65885066986084,1,95436,95436,41790314,0,养殖业,1,1,0
20260817,002437,誉衡药业,4.98,9.933774948120117,2964663728,10458766177.980001,11104743277.44,29.858930587768555,1,95709,103839,115869784,5,化学制药,7,5,0
20260817,603916,苏博特,12.16,10.045248985290527,348226752,5111185938.56,5111185950.72,6.9045515060424805,1,95717,101120,19277868,6,水泥,1,1,1
20260817,601700,风范股份,7.22,10.060976028442383,1289058736,8221827706.0,8221827677.12,16.32317543029785,1,95804,100649,69298253,3,电网设备,11,7,1
20260817,002448,中原内配,13.63,10.008070945739746,522241808,7912344594.040001,8020023502.240001,6.710546016693115,1,95839,100303,89481522,1,汽车零部,1,1,0
20260817,601366,利群股份,3.85,10.0,104989725,3695003285.05,3695003312.0,2.9326305389404297,1,100005,100005,27422541,0,一般零售,1,1,1
20260817,002476,新叶股份,5.02,10.087719917297363,84104862,3072239999.9999995,3072239999.9999995,2.818192720413208,1,100445,100445,27749556,0,炼化及贸,1,1,0
20260817,002028,思源电气,183.15,10.0,2376629792,111863470737.15001,143328296232.0,2.1689252853393555,1,100454,100521,121868010,1,电网设备,1,1,0
20260817,603721,中广天择,19.88,10.016602516174316,177368555,2584400000.0,2584400000.0,7.0970001220703125,1,100529,103941,43131648,1,影视院线,1,1,1
20260817,600824,益民集团,3.89,9.887005805969238,130838825,4100165313.9700003,4100165310.08,3.248866319656372,1,100608,100608,33270699,0,一般零售,1,1,1
20260817,000779,甘咨询,10.63,10.041407585144043,1058854576,4940537043.150001,4941137117.280001,22.175004959106445,1,100712,101409,51018089,1,工程咨询,1,1,0
20260817,603285,键邦股份,37.07,10.0,288325408,2309341634.6,5931200000.0,12.85172176361084,1,100832,100832,22390280,0,化学制品,1,1,1
20260817,001229,魅视科技,45.63,10.00482177734375,218885172,3365267484.15,6544806723.0,6.801244735717773,1,101018,101018,38535447,0,计算机设,1,1,0
20260817,000520,凤凰航运,4.22,9.895833969116211,107119866,4270992180.1,4270992184.3199997,2.5986690521240234,1,101218,101218,13944568,0,航运港口,1,1,0
20260817,603082,北自科技,44.17,10.012453079223633,211372436,1791398273.0,7357534224.530001,12.180728912353516,1,101649,101649,14134400,0,自动化设,1,1,1
20260817,001356,富岭股份,9.52,10.0578031539917,108978576,2015350680.0,5610326400.0,5.599661350250244,1,102157,102157,31834889,0,家居用品,1,1,0
20260817,002668,TCL智家,10.82,9.959349632263184,610794256,11730085650.960001,11730085607.68,5.334630966186523,1,102306,103309,25020168,2,白色家电,1,1,0
20260817,603880,南卫股份,8.84,9.950248718261719,173300238,2555131280.0,2555131280.0,6.947406768798828,1,102526,110405,13244972,2,医疗器械,1,1,1
20260817,605179,一鸣食品,35.1,9.996866226196289,1096826032,14075100000.0,14075100000.0,8.089679718017578,1,102846,102846,67132260,0,饮料乳品,15,10,1
20260817,000564,供销大集,1.54,10.0,959527744,23246114468.5,27809417574.4,4.203622817993164,1,103051,111142,47307238,7,一般零售,1,1,0
20260817,300570,太辰光,193.8,20.0,4508005632,37246964252.4,44017186824.600006,12.703033447265625,1,103554,103554,343276583,0,通信设备,1,1,0
20260817,600330,天通股份,27.48,10.00800609588623,3022009392,33894777751.68,33894777751.68,9.283153533935547,1,104109,104109,159833380,0,电子化学,1,1,1
20260817,301626,苏州天脉,307.08,20.0,1234891872,16158241905.839998,35523014400.0,8.199426651000977,1,104233,105848,55108576,1,消费电子,1,1,0
20260817,000670,盈方微,7.54,10.072992324829102,600870848,6261593580.58,6378421379.2,9.86158275604248,1,104400,104400,80591893,0,其他电子,1,1,0
20260817,605060,联德股份,48.06,10.002288818359375,224813850,11480765040.0,11562851520.0,2.0093016624450684,1,104851,104851,15595470,0,通用设备,1,1,1
20260817,002353,杰瑞股份,166.09,10.000662803649902,3390936160,114779893531.85,170052216465.6,3.0499441623687744,1,105627,105821,56987970,1,专用设备,1,1,0
20260817,002156,通富微电,69.26,10.006353378295898,9941401344,105098740895.72,105108762125.12001,9.728431701660156,1,110009,131139,497362986,1,半导体,1,1,0
20260817,000026,飞亚达,23.01,9.990439414978027,394711440,8388542466.330001,9336629640.0,4.843449115753174,1,110351,110351,66623913,0,饰品,1,1,0
20260817,001358,兴欣新材,28.14,10.007819175720215,140605741,1434473307.1200001,3466848000.0,10.181769371032715,1,110409,110409,61849468,0,化学制品,1,1,0
20260817,000737,北方铜业,14.95,10.00735855102539,2020297264,28472861937.0,28475510658.399998,7.253523349761963,1,110545,111139,40748886,1,工业金属,1,1,0
20260817,300345,华民股份,8.9,19.94609260559082,1077370416,4276003451.4,5173859926.400001,26.913867950439453,1,110927,130357,43502203,3,光伏设备,1,1,0
20260817,603458,勘设股份,10.35,9.989372253417969,186867552,3168388719.9,3168388699.2,6.079346656799316,1,111426,111426,20436075,0,工程咨询,1,1,1
20260817,603703,盛洋科技,10.73,10.051281929016113,258410604,4452758147.6,4452758233.440001,6.028276443481445,1,111805,111805,14597639,0,光学光电,1,1,1
20260817,688503,聚和材料,95.68,20.00501823425293,2540248432,23157778962.24,23157778962.24,11.931352615356445,1,112639,143357,63082493,3,光伏设备,1,1,1
20260817,688003,天准科技,94.8,20.0,1100106416,18465363556.8,18465363556.8,6.266201972961426,1,130019,144849,29872996,4,自动化设,1,1,1
20260817,002258,利尔化学,14.94,10.014727592468262,630495296,11939278515.3,11958532246.08,5.448285102844238,1,130130,130130,27444974,0,农化制品,1,1,0
20260817,301516,中远通,19.32,20.0,347567392,1355789481.48,5423158003.2,27.75574493408203,1,130157,130157,9843868,0,其他电源,1,1,0
20260817,000551,创元科技,15.51,10.0,517614128,7515327103.0199995,7518209450.4,7.191174030303955,1,130218,130218,87658440,0,环保设备,1,1,0
20260817,603286,日盈电子,46.15,10.011919021606445,214585029,5394206799.15,5445407916.65,4.122583866119385,1,130331,130331,56201470,0,汽车零部,1,1,1
20260817,600459,贵研铂业,22.97,10.009578704833984,1102668464,17450452746.26,18910698232.64,6.552525520324707,1,130542,131042,112117075,1,小金属,1,1,1
20260817,688677,海泰新光,89.76,20.0,1305941536,10760159520.0,10760159520.0,13.055632591247559,1,130627,140654,2539130,2,医疗器械,1,1,1
20260817,003031,中瓷电子,143.09,10.001537322998047,2387348160,48673021630.64,64541154309.76,5.057063102722168,2,132127,133239,118947712,1,通信设备,2,2,0
20260817,000811,冰轮环境,45.09,10.002439498901367,1860985728,44115861256.29,44750832298.560005,4.375233173370361,1,133015,133015,131739453,0,通用设备,1,1,0
20260817,002436,兴森科技,38.3,9.994256973266602,5719406848,58136735507.299995,65097497654.399994,10.167678833007812,1,133336,135121,209520150,1,元件,1,1,0
20260817,605180,华生科技,13.96,10.007880210876465,74630330,2359240000.0,2359240000.0,3.2595176696777344,1,133520,133520,37139184,0,纺织制造,1,1,1
20260817,603067,振华股份,36.52,10.0,1422471200,27591787754.08,27591787900.160004,5.340958118438721,1,133821,133821,121896857,0,化学原料,1,1,1
20260817,301282,金禄电子,35.17,19.99317741394043,1125432240,6210243863.75,7418544383.75,19.552169799804688,1,133854,133854,106344373,0,元件,1,1,0
20260817,600860,京城股份,9.43,10.035005569458008,245870679,4187304630.8399997,5162792829.12,6.18730354309082,1,134510,134510,8012671,0,通用设备,1,1,1
20260817,603110,东方材料,27.74,9.992070198059082,436453024,5582029545.679999,5582029545.679999,8.103569984436035,1,135207,135207,58187424,0,化学制品,1,1,1
20260817,002289,宇顺电子,40.84,9.991920471191406,272972176,11207771555.720001,11445562251.52,2.5420737266540527,1,135751,135751,66381336,0,光学光电,1,1,0
20260817,002478,常宝股份,6.86,9.935897827148438,189685326,4957886214.68,6179516976.64,4.016652584075928,1,135857,135857,31878077,0,特钢Ⅱ,1,1,0
20260817,300679,电连技术,51.17,20.004690170288086,1774712448,18392613623.65,21738039400.0,10.35973834991455,1,140818,141136,82107023,1,消费电子,1,1,0
20260817,001207,联科科技,17.4,9.987358093261719,233812764,5091624400.799999,5274596745.599999,4.747913837432861,1,141151,141151,48496932,0,橡胶,1,1,0
20260817,600281,华阳新材,4.85,9.977324485778809,76973117,2494849821.25,2494849855.2,3.2180278301239014,1,142130,142130,24559915,0,小金属,1,1,1
20260817,002787,华源控股,23.6,10.023309707641602,356312464,5854764416.8,7844609792.0,6.350005149841309,1,142154,142154,70922720,0,包装印刷,1,1,0
20260817,002578,闽发铝业,3.75,9.970674514770508,202160693,3229359603.75,3519863160.0,6.500154972076416,1,143554,143554,59791875,0,工业金属,1,1,0
20260817,688378,奥来德,50.36,19.990468978881836,736527024,12134774355.56,13165371259.039999,6.501676559448242,1,144223,144223,46579776,0,光学光电,1,1,1
20260817,605162,新中港,9.53,10.046189308166504,280452096,4220325343.83,4220325277.12,7.002942085266113,1,144739,144739,78736078,0,电力,1,1,1
20260817,603530,神马电力,51.82,9.99787712097168,394648176,22151224588.68,22355375178.88,1.8411468267440796,1,144931,144931,112465464,0,电网设备,1,1,1
20260817,603010,万盛股份,12.39,10.035523414611816,162157022,7071943050.27,7248525268.320001,2.3945794105529785,1,145338,145338,59365446,0,化学制品,1,1,1
20260819,002953,日丰股份,11.73,10.03752326965332,274830864,3299517248.6400003,5766229271.04,8.330615997314453,2,92500,93024,96303464,1,电网设备,2,2,0
20260819,002333,罗普斯金,6.34,10.06944465637207,89434468,4225669995.42,4279023232.0,2.1164565086364746,1,92500,92500,86305259,0,装修建材,1,1,0
20260819,603395,红四方,29.0,10.015174865722656,340767024,1885000000.0,7540000000.0,18.110715866088867,3,92502,93208,121144919,1,农化制品,3,3,1
20260819,600127,金健米业,7.82,9.98593521118164,228896553,5018744764.76,5018744749.12,4.560832500457764,3,92502,92502,434089920,0,农产品加,3,3,1
20260819,600783,鲁信创投,20.19,10.027247428894043,896876320,15028614145.86,15028614186.240002,5.969210147857666,1,92502,93220,69036555,1,通用设备,1,1,1
20260819,000020,深华发Ａ,13.74,10.00800609588623,260630962,2489212472.34,3890635327.68,10.565042495727539,2,93000,93424,23029614,1,光学光电,2,2,0
20260819,601011,宝泰隆,3.04,10.144927024841309,220941870,5823620198.56,5823620213.76,3.8014347553253174,1,93002,93002,141757209,0,焦炭Ⅱ,1,1,1
20260819,603506,南都物业,11.88,10.0,89193465,2230800014.52,2230800014.52,4.0041937828063965,1,93014,93153,24378948,1,房地产服,1,1,1
20260819,600371,万向德农,8.95,9.950860023498535,468331760,2618573100.0,2618573100.0,18.174043655395508,2,93118,144630,9075926,5,种植业,2,2,1
20260819,001301,尚太科技,62.33,10.007059097290039,1006984592,16211346497.38,22726526250.079998,6.242081642150879,1,93121,145148,28398794,10,电池,1,1,0
20260819,002900,哈三联,15.63,9.992961883544922,321354304,2518343112.0,4944621522.72,12.879672050476074,1,93127,93227,148077057,1,化学制药,1,1,0
20260819,000505,京粮控股,7.47,10.014727592468262,498300320,4723881109.92,5430318412.32,10.736207008361816,3,93133,93133,59900025,0,农产品加,3,3,0
20260819,603102,百合股份,45.76,10.0,332757584,2928640000.0,2928640000.0,11.476014137268066,1,93233,93233,114928161,0,食品加工,6,3,1
20260819,603801,志邦家居,6.57,10.050251007080078,88350747,2853689243.31,2853689276.1600003,3.122469425201416,1,93238,93349,31448645,1,家居用品,1,1,1
20260819,000526,学大教育,39.09,9.98874568939209,359175440,4748399466.81,4763550750.81,7.69510555267334,2,93324,93445,94120902,1,教育,2,2,0
20260819,000560,我爱我家,2.38,10.185185432434082,1011651408,5565478141.719999,5606092018.24,18.32952308654785,1,93327,103524,36632633,4,房地产服,1,1,0
20260819,002412,汉森制药,8.42,10.065360069274902,262158048,4191854900.0,4236944000.0,6.379430294036865,1,93342,93454,86021043,1,中药Ⅱ,1,1,0
20260819,000736,中交发展,4.9,10.112359046936035,160065190,3660782164.9,3660782160.0000005,4.42814302444458,1,93348,93348,25509463,0,房地产服,1,1,0
20260819,301211,亨迪药业,14.54,19.966997146606445,804175808,6071851656.0,6071904000.0,13.694334030151367,1,93436,144245,12206577,4,化学制药,1,1,0
20260819,000723,美锦能源,3.89,9.887005805969238,713626176,17097234803.380001,17129624087.04,4.2342329025268555,1,93536,94654,48257784,2,焦炭Ⅱ,1,1,0
20260819,301130,西点药业,33.38,19.98562240600586,531752816,1969999476.8000002,2553392585.3,28.163236618041992,1,93542,140345,19976928,1,化学制药,4,2,0
20260819,603848,好太太,14.66,9.977494239807129,129214263,5899279451.26,5899279465.92,2.217052936553955,1,93616,100519,31070404,2,家居用品,1,1,1
20260819,001277,速达股份,32.97,10.010009765625,82519112,1501766652.33,2505720000.0,5.547394752502441,1,94227,94227,52843162,0,专用设备,1,1,0
20260819,001338,永顺泰,9.63,10.057143211364746,288564544,4831667931.42,4831667912.160001,6.050739288330078,1,94515,141857,10799082,7,农产品加,1,1,0
20260819,600403,大有能源,6.82,10.0,825534992,16305340581.640001,16305340568.0,5.202277660369873,1,94829,94829,192467581,0,煤炭开采,1,1,1
20260819,603290,斯达半导,100.31,10.001096725463867,2055796656,24021583374.46,24021583374.46,8.758039474487305,1,95313,104958,85393903,2,半导体,1,1,1
20260819,001400,江顺科技,85.94,9.996160507202148,516813280,3973135110.0,7218960000.0,13.545987129211426,1,95445,131215,40254038,2,专用设备,1,1,0
20260819,300069,金利华电,34.66,20.013851165771484,615058704,4055219999.9999995,4055219999.9999995,16.505449295043945,1,95927,100006,77711186,1,电网设备,1,1,0
20260819,601015,陕西黑猫,3.71,10.089020729064941,565578256,7577666240.69,7577666214.72,7.6814374923706055,1,101531,102146,40756783,1,焦炭Ⅱ,1,1,1
20260819,600610,中毅达,7.8,10.014103889465332,360766880,5528068299.0,8355941942.4,6.71243143081665,1,102435,103026,51554427,2,化学原料,1,1,1
20260819,603366,日出东方,7.63,9.942362785339355,296530384,6203557010.63,6203556972.48,4.9358930587768555,1,110113,110113,52324395,0,厨卫电器,1,1,1
20260819,002040,南 京 港,9.06,9.951457023620605,278959264,4403843531.7,4403843486.400001,6.485558986663818,1,112209,132000,15963448,3,航运港口,1,1,0
20260819,000059,华锦股份,5.07,9.978307723999023,403313488,8109023844.09,8109173698.080001,5.144987106323242,1,130551,133009,46325097,1,炼化及贸,1,1,0
20260819,300911,亿田智能,26.66,19.981998443603516,820474752,4568039597.86,4887934750.74,19.352800369262695,1,130754,130754,144761693,0,厨卫电器,1,1,0
20260819,002543,万和电气,7.57,10.029069900512695,254631803,5008449024.570001,5629052000.0,5.285464286804199,1,135157,135157,121869626,0,厨卫电器,1,1,0
20260819,603113,金能科技,5.15,10.04273509979248,187294643,4369726672.400001,4369726713.6,4.465234756469727,1,141202,141202,35513689,0,化学原料,1,1,1
20260824,000931,中 关 村,5.6,10.019646644592285,616654400,4205765379.2,4217511065.6,14.989714622497559,3,92500,143957,89005666,1,化学制药,3,3,0
20260824,000017,深中华A,7.82,9.98593521118164,69120996,3447227656.82,5389426136.96,2.0051183700561523,3,92500,92500,180589590,0,饰品,3,3,0
20260824,000065,北方国际,9.98,10.033076286315918,825797040,10628885358.54,11591192756.800001,7.800812721252441,1,92500,135606,73901500,6,专业工程,1,1,0
20260824,002015,协鑫能科,15.57,10.035335540771484,494260512,25275164239.98,25275164146.56,1.9555184841156006,1,92500,92500,348193467,0,电力,1,1,0
20260824,000925,众合科技,8.97,10.061349868774414,105717890,6020238310.71,6067037608.320001,1.7560416460037231,1,92500,92500,169076265,0,轨交设备,1,1,0
20260824,002906,华阳集团,28.23,10.01558780670166,62595480,14812318630.59,14818464499.2,0.4225907027721405,1,92500,92500,325742046,0,汽车零部,1,1,0
20260824,002084,海鸥住工,3.95,10.027854919433594,19296785,2545938024.4,2551921389.6,0.7579439878463745,1,92500,92500,236239775,0,家居用品,1,1,0
20260824,002445,中南文化,3.37,10.130719184875488,16167218,7974276731.51,8009167396.320001,0.20274211466312408,1,92500,92500,198607600,0,通用设备,1,1,0
20260824,600785,新华百货,10.71,9.958932876586914,169637652,3383115412.32,3383115412.32,5.015392780303955,2,92501,93116,74140264,1,一般零售,2,2,1
20260824,600604,市北高新,4.94,10.022271156311035,139040865,6952826731.76,9254125712.0,2.000519037246704,1,93000,93000,65737143,0,房地产开,1,1,1
20260824,002412,汉森制药,11.21,10.00981330871582,403946816,5580842450.0,5640872000.0,7.332803249359131,4,93006,93006,249630535,0,中药Ⅱ,4,4,0
20260824,601212,白银有色,6.7,10.016420364379883,1457887760,49611989223.700005,49611988480.0,2.9518795013427734,2,93045,93618,303296109,2,工业金属,2,2,1
20260824,002017,东信和平,15.98,9.979352951049805,684374144,9271154776.22,9275301825.92,7.44802713394165,2,93100,94518,51929742,5,通信设备,2,2,0
20260824,603958,哈森股份,22.61,10.024331092834473,965030064,4959729600.0,4959729600.0,19.913835525512695,3,93138,142646,52624775,3,服装家纺,6,5,1
20260824,003040,楚天龙,14.07,10.007819175720215,700507536,6427883130.06,6488183069.76,11.153006553649902,2,93157,102654,32440579,7,通信设备,2,2,0
20260824,001268,联合精密,22.42,10.00981330871582,129573980,2115049373.14,3378753794.1400003,6.221759796142578,1,93227,111324,43818993,1,家电零部,1,1,0
20260824,605286,同力天启,27.41,9.991974830627441,123464208,4604880000.0,4604880000.0,2.7201833724975586,1,93250,93308,139004113,1,专用设备,1,1,1
20260824,000620,盈新发展,3.47,10.158730506896973,1456230544,16210968388.050001,20375198632.960003,9.124317169189453,1,93357,94942,251117654,1,房地产开,1,1,0
20260824,603200,上海洗霸,39.13,10.008434295654297,130284373,6866536430.39,6866536430.39,1.924377679824829,1,93442,93442,41106065,0,环境治理,1,1,1
20260824,002277,友阿股份,6.44,10.085470199584961,530373392,8978472832.0,8978472832.0,5.961277961730957,1,93506,144454,45251703,5,一般零售,1,1,0
20260824,600594,益佰制药,4.09,9.946236610412598,209386557,3208171051.0,3208171067.3599997,6.601603031158447,1,93519,95922,37290906,2,中药Ⅱ,1,1,1
20260824,301152,天力锂能,23.32,20.020586013793945,324645248,1655235107.24,2769016963.2400002,20.0224609375,1,93530,100454,24870780,4,电池,1,1,0
20260824,603089,正裕工业,10.53,10.031347274780273,111102288,2527550312.04,2903323512.96,4.494946002960205,1,93613,93613,26984441,0,汽车零部,7,4,1
20260824,600613,神奇制药,9.9,10.0,937738752,4745267782.2,5287309156.8,20.356971740722656,1,93629,93844,93698837,1,化学制药,8,6,1
20260824,603032,德新科技,20.22,10.010881423950195,171616655,4708865952.0,4715858028.0,3.7020957469940186,1,93710,93710,48995082,0,电池,1,1,1
20260824,002580,圣阳股份,21.05,9.979101181030273,1205842672,9521731740.0,9553942281.6,12.827672958374023,1,93733,94145,188619367,1,电池,1,1,0
20260824,002882,金龙羽,23.76,10.0,332816752,5868483302.88,10285704000.0,5.773613452911377,1,93912,93912,22778712,0,电网设备,1,1,0
20260824,000723,美锦能源,3.89,9.887005805969238,697970720,17097234803.380001,17129624087.04,4.14756965637207,1,94003,94403,30298031,1,焦炭Ⅱ,4,2,0
20260824,002041,登海种业,10.19,10.043196678161621,450444064,8967200000.0,8967200000.0,5.1568450927734375,1,94412,94412,102201624,0,种植业,1,1,0
20260824,605198,安德利,64.79,10.0,323766816,17528027440.0,21652040520.000004,1.8804025650024414,1,94720,95129,55363055,1,农产品加,1,1,1
20260824,003035,南网能源,5.73,9.980806350708008,467651808,21704545449.510002,21704545432.320004,2.1831259727478027,1,94806,110709,67983585,3,电力,1,1,0
20260824,603105,芯能科技,7.74,9.943181991577148,249264831,3870088042.5,3870088050.2400002,6.541827201843262,1,95038,110356,60997392,1,电力,1,1,1
20260824,600508,上海能源,9.88,10.022271156311035,346728224,9996635376.0,9996635376.0,3.5398504734039307,1,95249,103443,74277237,2,煤炭开采,1,1,1
20260824,601700,风范股份,7.71,9.985734939575195,1221491328,8779818783.0,8779818752.16,14.542915344238281,1,95405,95405,50322784,0,电网设备,16,9,1
20260824,002651,利君股份,8.61,9.961685180664062,289523776,4868641949.009999,8898090600.0,6.118129253387451,1,95551,95551,69227594,0,航空装备,1,1,0
20260824,603330,天洋新材,10.97,10.03009033203125,1233974096,4461644133.1,4746429918.56,28.748992919921875,2,100452,110922,49273510,7,塑料,9,6,1
20260824,002172,澳洋健康,4.44,9.90099048614502,519433216,3397224841.2000003,3399851713.92,16.141847610473633,1,100703,100703,58956113,0,医疗服务,9,6,0
20260824,603565,中谷物流,13.52,10.008136749267578,731250400,28392853152.559998,28392853166.079998,2.616997718811035,1,101223,143841,75877836,1,航运港口,1,1,1
20260824,002716,湖南白银,11.46,9.980806350708008,6608849664,26615571224.04,32352595814.4,25.329517364501953,2,101430,145018,156651576,2,贵金属,2,2,0
20260824,600367,红星发展,38.15,10.005766868591309,2781079056,12283276893.3,13014143682.4,23.49808120727539,1,102611,140305,91482212,10,化学原料,1,1,1
20260824,300313,天山生物,15.36,20.0,639508496,3031338839.04,3683005347.8399997,23.494287490844727,1,105842,105842,23144448,0,养殖业,6,3,0
20260824,601083,锦江航运,13.11,9.983221054077148,563987472,2544913200.0,16965913200.0,22.63522720336914,1,130052,133513,17050866,1,航运港口,1,1,1
20260824,600610,中毅达,8.66,10.038119316101074,696790720,6137573265.3,9277238105.28,11.99840259552002,1,131811,131811,64715244,0,化学原料,4,2,1
20260824,600272,开开实业,18.15,10.0,884506560,2904000000.0,4767132801.75,31.8587646484375,1,133354,141527,17932200,4,医药商业,13,7,1
20260824,002052,同洲电子,9.08,10.060606002807617,280641488,6259635367.4,6832152439.68,4.672367572784424,1,140503,140503,50446146,0,其他电源,1,1,0
20260824,600403,大有能源,7.3,9.939759254455566,1039822368,17452930534.6,17452930520.0,6.199392795562744,1,141658,141658,109480676,0,煤炭开采,4,2,1
20260827,000712,锦龙股份,10.73,10.051281929016113,158057696,9611227161.25,9614080000.0,1.644511103630066,2,92500,92500,220685551,0,证券Ⅱ,2,2,0
20260827,002084,海鸥住工,5.27,10.02087688446045,27643695,3397223509.3399997,3404715372.9599996,0.8137143850326538,4,92500,92500,329225563,0,家居用品,4,4,0
20260827,002155,湖南黄金,27.02,10.016286849975586,383632336,42218720737.34,42222838450.24,0.9086782336235046,1,92500,92500,564939509,0,贵金属,1,1,0
20260827,002742,冀衡医药,5.67,10.097086906433105,56422737,2970632767.41,3878858612.16,1.8993507623672485,3,92500,92500,168347970,0,化学制药,3,3,0
20260827,002855,捷荣技术,13.31,10.0,18861601,3277284457.92,3279845967.42,0.5755252838134766,3,92500,92500,92996970,0,消费电子,3,3,0
20260827,002942,新农股份,19.01,10.011573791503906,42953665,2637791157.8300004,2955688487.2000003,1.6283951997756958,2,92500,92500,356469246,0,农化制品,2,2,0
20260827,600540,新赛股份,4.59,10.071942329406738,40677246,2668520246.4,2668520246.4,1.5243371725082397,1,92502,92502,161909496,0,种植业,1,1,1
20260827,600613,神奇制药,11.61,10.047392845153809,677314640,5564904944.58,6200571647.5199995,12.17633056640625,1,92502,93050,167587935,1,化学制药,11,7,1
20260827,600371,万向德农,10.49,9.9580717086792,169885569,3069143220.0,3069143220.0,5.547128200531006,3,93006,93006,204232474,0,种植业,8,5,1
20260827,603237,五芳斋,15.88,9.972298622131348,57087483,3014133984.88,3112666208.88,1.8949249982833862,1,93006,93006,30682351,0,食品加工,1,1,1
20260827,000890,法尔胜,8.78,10.025062561035156,132042068,3683131383.8799996,3683244839.04,3.6119720935821533,2,93009,93009,98898798,0,环保设备,2,2,0
20260827,600103,青山纸业,3.82,10.086455345153809,507382960,8451096959.54,8559958192.639999,6.097270488739014,3,93033,93033,307811504,0,造纸,3,3,1
20260827,000576,甘化科工,8.0,10.041265487670898,268783456,3470522088.0,3491345664.0,7.823816776275635,1,93039,95318,33069648,4,地面兵装,1,1,0
20260827,003040,楚天龙,18.73,9.982383728027344,1759884208,8556805332.34,8637076680.64,20.767614364624023,5,93048,131809,38151137,19,通信设备,5,5,0
20260827,301666,大普微-UW,469.2,20.0,961955872,12441468135.6,204672719865.6,7.814459800720215,1,93051,93051,251022000,0,计算机设,1,1,0
20260827,600479,千金药业,12.12,9.981851577758789,1300882240,5072306258.04,5965585393.92,25.8243465423584,2,93130,132045,36494459,7,中药Ⅱ,2,2,1
20260827,600378,昊华科技,48.46,10.011350631713867,1436979568,51976517490.98,62513381391.36,2.788278341293335,1,93136,93339,197313952,2,化学制品,1,1,1
20260827,600721,百花医药,16.68,10.026385307312012,2746713040,6414254551.8,6414254501.76,43.45110321044922,1,93150,143935,42637149,13,医疗服务,1,1,1
20260827,000017,深中华A,10.41,10.042283058166504,605589536,4588956509.91,7174415100.4800005,13.514057159423828,6,93224,93536,45440691,2,饰品,6,6,0
20260827,000951,中国重汽,22.39,10.024569511413574,692269440,26173796952.89,26173796796.16,2.6544041633605957,1,93227,101100,58101154,9,商用车,1,1,0
20260827,600359,新农开发,7.47,10.014727592468262,182766853,2849900765.4,2849900735.52,6.4499945640563965,1,93258,95816,40110493,1,种植业,1,1,1
20260827,002418,康盛股份,4.91,10.089685440063477,1227785888,5579724000.0,5579724000.0,22.533653259277344,3,93415,94642,86280007,2,家电零部,3,3,0
20260827,002072,凯瑞德,8.9,10.012360572814941,361420288,3271033020.0,3272352000.0,11.205681800842285,2,93427,100648,38225491,4,贸易Ⅱ,2,2,0
20260827,002886,沃特股份,24.0,9.99083423614502,777510304,5017875936.0,6316885560.0,15.713293075561523,1,93433,94648,122493600,5,塑料,1,1,0
20260827,603618,杭电股份,35.11,9.993734359741211,2296869920,24274197877.76,24274197877.76,9.688009262084961,2,93513,93528,347233967,1,电网设备,2,2,1
20260827,600127,金健米业,10.78,10.0,1367268928,6918423090.04,6918423068.48,20.32373809814453,1,93516,93610,189199036,1,农产品加,9,6,1
20260827,603261,立航科技,58.73,10.001873016357422,100856416,4551869942.059999,4551869942.059999,2.2703044414520264,1,93542,93542,70981078,0,航空装备,1,1,1
20260827,600654,中安科,3.3,10.0,326401392,7647525015.9,9389851891.199999,4.36924409866333,1,93837,93837,80570820,0,软件开发,1,1,1
20260827,300368,汇金股份,9.62,19.950124740600586,606935392,5088436229.5,5088436200.639999,12.344393730163574,1,93921,94330,80192329,1,计算机设,1,1,0
20260827,600095,湘财股份,9.54,10.034602165222168,1916435920,27276651068.219997,27276651077.76,7.123424053192139,2,93941,130241,65334690,10,证券Ⅱ,2,2,1
20260827,603900,莱绅通灵,7.14,10.01540756225586,192416318,2447048217.6,2448333417.6,8.085417747497559,1,93959,94035,72769023,1,饰品,1,1,1
20260827,603938,三孚股份,44.96,10.007340431213379,573853728,17202797385.12,17202797340.16,3.421219825744629,1,94120,94547,76888029,1,化学原料,1,1,1
20260827,601869,长飞光纤,426.82,9.99948501586914,6145393408,173433319181.48,353366456489.27997,3.6318209171295166,1,94919,102555,339458482,1,通信设备,1,1,1
20260827,002953,日丰股份,11.88,10.0,216500101,3341710563.84,5839966218.240001,6.712627410888672,1,95042,95042,46847295,0,电网设备,1,1,0
20260827,603002,宏昌电子,16.91,10.019518852233887,966065520,19177267587.19,19177267637.920002,5.172560691833496,1,95201,95201,135985147,0,电子化学,1,1,1
20260827,600683,京投发展,11.04,9.960159301757812,458229824,8178184670.879999,8178184703.999999,5.741618633270264,1,95429,95820,71743440,1,房地产开,1,1,1
20260827,603580,艾艾精工,80.52,10.0,657379104,10521806064.0,10521806064.0,6.460948467254639,1,95533,95533,61704730,0,塑料,1,1,1
20260827,000586,汇源通信,14.41,10.0,146846822,2755047900.0,2787470400.0,5.471887111663818,1,95542,95542,17351081,0,通信设备,1,1,0
20260827,002980,华盛昌,102.05,10.003233909606934,1112099584,10336319878.949999,19227365409.2,11.051597595214844,1,95824,103815,77897622,1,电网设备,1,1,0
20260827,002536,飞龙股份,54.23,10.0,3302729424,29572848339.87,31170638706.239998,11.430900573730469,1,95951,133730,120383007,3,汽车零部,1,1,0
20260827,301399,英特科技,21.24,20.0,354092608,1161479366.6399999,3929824799.9999995,31.769506454467773,1,100015,104636,28386261,1,通用设备,1,1,0
20260827,600162,香江控股,4.87,9.932279586791992,634967808,15917293654.140001,15917293683.36,4.132994174957275,1,100621,100621,73617842,0,房地产开,1,1,1
20260827,600108,亚盛集团,3.78,9.883721351623535,549522688,7359339157.379999,7359339153.599999,7.700608253479004,1,100835,100835,54726053,0,种植业,1,1,1
20260827,600969,郴电国际,10.45,10.0,367645168,3867027557.7999997,3867027515.9999995,9.928468704223633,2,100924,100954,18546242,1,电力,2,2,1
20260827,603137,恒尚节能,24.44,9.990999221801758,447107808,4470890682.96,4470890682.96,10.327447891235352,1,101110,101325,76224718,1,装修装饰,1,1,1
20260827,300456,赛微电子,37.06,20.012954711914062,2873362736,22145675885.600002,27135818820.16,13.720868110656738,1,101324,102627,174117404,2,半导体,1,1,0
20260827,603435,嘉德利,53.3,10.010319709777832,184840163,1902145988.6,24473629668.8,9.987914085388184,1,101801,101837,41764440,1,电子化学,1,1,1
20260827,688790,昂瑞微-UW,114.1,20.004207611083984,206636788,1446305699.3,11356565600.8,14.78150463104248,1,101856,101856,35146565,0,半导体,1,1,1
20260827,301591,肯特股份,50.4,20.0,779741936,2252615299.2,5511542400.0,36.72898483276367,1,101948,101948,81255434,0,塑料,1,1,0
20260827,600397,江钨装备,19.03,10.0,1880122960,18838936554.460003,18838936668.64,10.357230186462402,1,102342,102342,123457125,0,专用设备,1,1,1
20260827,920895,花溪科技,16.25,30.000001907348633,107431846,466974625.0,918515000.0,24.688417434692383,1,102348,110203,11112253,3,专用设备,1,1,0
20260827,002134,天津普林,22.63,10.0145845413208,252642281,5582969905.4,5608116723.48,4.653747081756592,1,102642,102642,61451765,0,元件,1,1,0
20260827,002190,成飞集成,25.52,10.0,561663456,9154772833.36,9154772858.88,6.271623134613037,1,102745,103921,56653072,1,汽车零部,1,1,0
20260827,001232,嘉立创,162.03,10.0,1378644400,7162787134.47,90017386800.0,19.627971649169922,1,103006,103006,68367100,0,元件,1,1,0
20260827,605258,协和电子,31.9,10.0,142686571,2807200000.0,2807200000.0,5.262018203735352,1,103318,103457,7981380,2,元件,1,1,1
20260827,002636,金安国纪,69.41,10.0,3480428432,50338555311.329994,50530480000.0,7.149869918823242,1,103518,104139,143025413,1,元件,1,1,0
20260827,603269,海鸥股份,20.16,9.983633041381836,518272624,8708021078.4,8708021038.08,6.172569751739502,1,104206,110530,67615208,2,通用设备,1,1,1
20260827,603011,合锻智能,25.14,10.021882057189941,1242142160,12429578946.18,12429578820.48,10.520084381103516,1,104248,104551,100343796,1,专用设备,1,1,1
20260827,688300,联瑞新材,186.24,20.0,3769790832,44971221945.6,44971221945.6,9.044734001159668,1,104920,111947,86159093,2,非金属材,1,1,1
20260827,000962,东方钽业,57.55,9.996177673339844,1944087376,28948863038.899998,30351016418.399998,6.928344249725342,1,105009,132615,256950045,1,小金属,1,1,0
20260827,600330,天通股份,29.15,10.0,3703383328,35954613226.4,35954613226.4,10.619941711425781,1,105345,133012,101934518,3,电子化学,1,1,1
20260827,002515,金字火腿,8.58,10.0,1334343840,9453889507.92,10387069492.8,14.415165901184082,1,110454,142706,28578264,9,食品加工,1,1,0
20260827,600641,先导基电,34.0,9.99676513671875,1955765904,31641417280.0,32193441280.0,6.446401119232178,1,110950,132317,139711168,2,半导体,1,1,1
20260827,002824,和胜股份,26.68,10.020618438720703,601256576,6034379148.4,8302091157.76,10.391422271728516,1,111351,111351,63882592,0,工业金属,1,1,0
20260827,601208,东材科技,49.1,9.991039276123047,3775172928,49599982501.3,49599982550.4,7.83565092086792,1,130016,133034,106395330,2,塑料,1,1,1
20260827,002628,成都路桥,5.28,10.0,402978240,3988179143.52,3997490196.48,10.288764953613281,1,130042,140818,7278955,5,基础建设,1,1,0
20260827,002852,道道全,8.89,10.024752616882324,169845649,2540928651.94,3057878222.5600004,6.912317276000977,1,130930,135009,49623908,1,农产品加,1,1,0
20260827,000592,平潭发展,6.81,10.016155242919922,1942472784,13041779577.689999,13155427901.759998,15.331869125366211,1,131242,143548,72696750,2,林业Ⅱ,1,1,0
20260827,601233,桐昆股份,26.0,9.98307991027832,1683373696,61741477720.0,61854038688.0,2.815061569213867,1,132210,133934,37908000,1,炼化及贸,1,1,1
20260827,603093,南华期货,13.52,10.008136749267578,759566496,11925167144.8,14035714234.88,6.702669143676758,1,132341,132341,55862814,0,多元金融,1,1,1
20260827,603319,美湖股份,29.45,10.01120662689209,603684144,9987958017.1,9987958076.0,6.303375720977783,1,142112,142112,88822967,0,汽车零部,1,1,1
20260827,603688,石英股份,51.56,10.006401062011719,1040093616,27928932580.84,27928932529.280003,3.850856304168701,1,142429,142429,143885914,0,非金属材,1,1,1
20260827,001309,德明利,429.76,10.000255584716797,8762050048,70922886247.04,97487991811.2,12.71619987487793,1,143024,143433,172055705,1,半导体,1,1,0
20260827,688368,晶丰明源,140.28,20.0,794789888,17353617258.6,28590030809.760002,4.968150615692139,1,143148,143148,19339982,0,半导体,1,1,1
20260827,002396,星网锐捷,33.35,9.993403434753418,3237273232,25259793785.100002,25364488172.8,13.514585494995117,1,143639,143639,160023305,0,通信设备,1,1,0
20260827,600345,长江通信,52.06,9.993660926818848,925162400,11013777001.82,17159607383.68,8.704469680786133,1,144252,144252,139637935,0,通信设备,1,1,1
20260827,605288,凯迪股份,63.14,10.0,182845287,6205303037.78,6230182975.94,3.055814504623413,1,144749,144749,33127032,0,自动化设,1,1,1
20260826,002084,海鸥住工,4.79,10.11494255065918,15938581,3087798977.18,3094608469.92,0.5161793828010559,3,92500,92500,327258667,0,家居用品,3,3,0
20260826,002418,康盛股份,4.46,10.123456954956055,529807968,5068344000.0,5068344000.0,10.453725814819336,2,92500,92500,115310610,0,家电零部,2,2,0
20260826,002742,冀衡医药,5.15,10.04273509979248,66286556,2698193783.4500003,3523125547.2000003,2.4567010402679443,2,92500,92500,115237038,0,化学制药,2,2,0
20260826,002855,捷荣技术,12.1,10.0,27442800,2979349507.2,2981678152.2,0.921100378036499,2,92500,92500,96739500,0,消费电子,2,2,0
20260826,002366,融发核电,6.24,10.052909851074219,499945952,11546607696.0,12985050923.52,4.330522537231445,1,92500,95836,166007712,1,其他电源,1,1,0
20260826,603396,金辰股份,28.44,10.019342422485352,115390295,3939721474.32,3939721474.32,2.9288947582244873,1,92504,92504,64817092,0,光伏设备,1,1,1
20260826,301630,同宇新材,196.81,19.998779296875,873589280,4129014757.0,11021360000.0,21.340423583984375,1,93000,133645,18307266,11,电子化学,1,1,0
20260826,605277,新亚电子,16.69,10.019776344299316,175989461,6445613109.280001,6488828726.56,2.7314391136169434,1,93001,93001,64569237,0,消费电子,1,1,1
20260826,600479,千金药业,11.02,9.980039596557617,245578988,4611948429.34,5424154376.32,5.326394557952881,1,93003,93003,94867157,0,中药Ⅱ,1,1,1
20260826,600468,百利电气,6.57,10.050251007080078,293780928,7146421058.97,7146421104.96,4.1284990310668945,1,93046,93125,59070213,1,电网设备,1,1,1
20260826,688185,康希诺,85.62,20.0,466118176,9792607783.62,21151890241.620003,4.819250106811523,1,93054,93054,243914341,0,生物制品,1,1,1
20260826,002703,浙江世宝,17.46,10.018903732299805,1269404880,10232399372.04,14363161424.640001,12.542306900024414,2,93112,94242,118956743,3,汽车零部,2,2,0
20260826,605169,洪通燃气,12.41,10.017730712890625,77086801,3510540800.0,3510540800.0,2.212069511413574,1,93119,93146,50667845,1,燃气Ⅱ,1,1,1
20260826,002963,豪尔赛,22.35,9.990157127380371,229247023,3337756531.9500003,3360544435.5,6.938169002532959,2,93145,130812,47733230,2,装修装饰,2,2,0
20260826,603618,杭电股份,31.92,9.993108749389648,2521501088,22068709662.72,22068709662.72,11.494242668151855,1,93228,100301,298482164,2,电网设备,1,1,1
20260826,000536,华映科技,3.59,10.122699737548828,294204624,9919466232.44,9930057752.0,2.9953668117523193,1,93336,95545,66844579,1,光学光电,1,1,0
20260826,600604,市北高新,5.1,9.913793563842773,489741216,7178019500.4,9553854480.0,6.909062385559082,1,93441,134841,37519170,4,房地产开,3,2,1
20260826,600371,万向德农,9.54,10.034602165222168,452229232,2791194119.9999995,2791194119.9999995,16.52392578125,2,93512,105324,34980985,5,种植业,7,4,1
20260826,600103,青山纸业,3.47,10.158730506896973,755668976,7676781793.09,7775668829.440001,10.177248001098633,2,93544,93632,124279247,1,造纸,2,2,1
20260826,000890,法尔胜,7.98,10.068965911865234,140872542,3347538547.0800004,3347641664.6400003,4.327672958374023,1,93621,93621,82063926,0,环保设备,1,1,0
20260826,002949,华阳国际,13.68,9.967845916748047,290601696,2078342700.48,2682482280.48,14.394020080566406,2,93636,95248,54428629,5,工程咨询,2,2,0
20260826,601038,一拖股份,14.33,9.97697639465332,289921072,10485336590.75,16101836862.4,2.7993850708007812,1,93641,143929,19709482,3,专用设备,1,1,1
20260826,605162,新中港,9.9,10.0,261407473,4384178478.900001,4384178409.6,6.135110855102539,1,93739,93739,73455723,0,电力,1,1,1
20260826,603392,万泰生物,30.91,10.0,244864110,39082381571.64,39082381448.0,0.6411604881286621,1,93750,93817,71255215,1,医疗器械,1,1,1
20260826,002047,宝鹰股份,3.63,10.0,186794782,5503656941.309999,5503982737.44,3.449509859085083,1,93757,94830,72152421,1,装修装饰,1,1,0
20260826,000428,华天酒店,4.75,9.953703880310059,212861590,4839898500.0,4839898500.0,4.549842357635498,2,93906,93906,98759273,0,酒店餐饮,2,2,0
20260826,002942,新农股份,17.28,9.993634223937988,100050865,2397739674.2400002,2686706841.6000004,4.219804763793945,1,93936,93936,57377721,0,农化制品,1,1,0
20260826,600272,开开实业,21.1,10.010427474975586,1142225840,3376000000.0,5541956039.5,34.564395904541016,1,94048,135706,42566127,7,医药商业,15,8,1
20260826,600227,赤天化,4.19,9.973752975463867,1094496784,5353143174.570001,7075768979.200001,21.012868881225586,1,94502,110917,73231982,2,农化制品,1,1,1
20260826,002295,精艺股份,10.09,10.032715797424316,66118341,2526808430.0,2528715440.0,2.6722769737243652,1,94524,94551,45419126,1,工业金属,1,1,0
20260826,000712,锦龙股份,9.75,10.045146942138672,508504992,8733407718.75,8736000000.0,5.940485000610352,1,94554,101057,189962555,1,证券Ⅱ,1,1,0
20260826,603979,金诚信,80.71,10.00408935546875,513267616,50346299131.799995,50346298808.96,1.0373764038085938,1,94734,94734,123558939,0,工业金属,1,1,1
20260826,000997,新 大 陆,20.69,9.994683265686035,1852710336,20843920792.89,20960995964.800003,8.973761558532715,1,95033,134812,57309375,5,计算机设,1,1,0
20260826,603121,华培动力,13.83,10.023866653442383,151640238,4681921278.45,4681921236.96,3.312885284423828,1,95052,95119,22733754,1,汽车零部,1,1,1
20260826,600362,江西铜业,48.57,10.011324882507324,4149840400,100794766460.85,168184767346.56,4.214364528656006,1,95059,95141,206654567,1,工业金属,1,1,1
20260826,603200,上海洗霸,42.69,9.99742317199707,736903392,7491245597.07,7491245597.07,10.189713478088379,1,95530,100948,86635086,1,环境治理,3,2,1
20260826,002721,金一文化,3.08,10.0,545832864,8190886134.2,8190886112.64,6.848200798034668,1,95618,95951,85352344,2,饰品,1,1,0
20260826,000017,深中华A,9.46,10.0,961828272,4170175656.4600005,6519689418.88,24.108531951904297,5,100024,100224,61238647,2,饰品,5,5,0
20260826,301177,迪阿股份,28.73,20.00835418701172,203489782,11492287300.0,11499887649.12,1.9006361961364746,1,101609,101609,69398119,0,饰品,1,1,0
20260826,600095,湘财股份,8.67,10.02538013458252,685897776,24789157731.81,24789157740.48,2.857417106628418,1,101846,101907,101070048,1,证券Ⅱ,1,1,1
20260826,601212,白银有色,7.24,10.030394554138184,4031968832,53610567459.64,53610566656.0,7.878591060638428,1,102221,102221,106216490,0,工业金属,4,3,1
20260826,003040,楚天龙,17.03,10.012920379638672,1769610160,7780159893.740001,7853145535.040001,23.801273345947266,4,102615,110427,34776963,8,通信设备,4,4,0
20260826,002094,青岛金王,5.65,9.922179222106934,558150448,3901062551.8500004,3903571168.8,14.992460250854492,2,102739,102739,38394575,0,家居用品,2,2,0
20260826,603106,恒银科技,8.2,10.067113876342773,415275216,4268263999.9999995,4268263999.9999995,10.017557144165039,1,103837,131652,11161020,3,计算机设,1,1,1
20260826,603083,剑桥科技,190.85,10.0,4995730432,52596040987.049995,70280582732.8,9.790493965148926,1,104345,104345,244308039,0,通信设备,1,1,1
20260826,600969,郴电国际,9.5,9.953703880310059,151658055,3515479598.0,3515479560.0,4.431390285491943,1,110059,110059,15963800,0,电力,1,1,1
20260826,000533,顺钠股份,11.61,10.047392845153809,872307984,7951716864.0,8020373760.0,11.515205383300781,1,110342,110342,136443088,0,电网设备,1,1,0
20260826,603118,共进股份,17.88,10.030769348144531,2171553472,14076502139.279999,14076502032.0,16.063434600830078,1,111431,111431,72009912,0,通信设备,1,1,1
20260826,002072,凯瑞德,8.09,10.068026542663574,235578357,2973332262.0,2974531200.0,8.141404151916504,1,112736,143606,26921084,1,贸易Ⅱ,1,1,0
20260826,001268,联合精密,24.55,9.991039276123047,334009008,2315988497.35,3699750474.85,15.183320999145508,1,130051,130051,30613850,0,家电零部,3,2,0
20260826,001258,立新能源,13.52,10.008136749267578,1586435696,12618508153.68,12618666594.56,13.539796829223633,1,131451,131451,159609602,0,电力,1,1,0
20260826,603615,茶花股份,18.61,9.988180160522461,167100707,4500270200.0,4500270200.0,3.8258790969848633,1,131847,131847,89442618,0,家居用品,1,1,1
20260825,000017,深中华A,8.6,9.974424362182617,497483920,3791068778.6,5926990380.8,13.12454891204834,4,92500,95812,122828863,1,饰品,4,4,0
20260825,002445,中南文化,3.71,10.089020729064941,20938572,8778803167.33,8817213958.56,0.2385128289461136,2,92500,92500,233229075,0,通用设备,2,2,0
20260825,002084,海鸥住工,4.35,10.126582145690918,11115020,2804159822.7,2810343808.7999997,0.3963761329650879,2,92500,92500,195710950,0,家居用品,2,2,0
20260825,600984,建设机械,4.94,10.022271156311035,68324152,6209796989.500001,6209796964.8,1.1002638339996338,2,92502,92502,162802195,0,工程机械,2,2,1
20260825,002880,卫光生物,22.55,10.0,78240666,5114340000.0,5114340000.0,1.539973497390747,1,93012,93012,23159977,0,生物制品,4,2,0
20260825,600508,上海能源,10.87,10.020242691040039,423240480,10998322524.0,10998322524.0,3.862980842590332,2,93029,102544,33752002,1,煤炭开采,2,2,1
20260825,000428,华天酒店,4.32,9.923664093017578,76787310,4401760320.0,4401760320.0,1.779201865196228,1,93148,93148,93092302,0,酒店餐饮,1,1,0
20260825,600127,金健米业,9.31,10.047281265258789,2715416624,5975001759.58,5975001740.96,46.16722869873047,1,93154,145503,28919857,7,农产品加,7,5,1
20260825,605303,园林股份,22.85,10.014443397521973,83424017,3684274772.8,3684274772.8,2.2837131023406982,1,93212,93512,76101925,2,基础建设,1,1,1
20260825,000796,凯撒旅业,4.18,10.0,167037951,5562584888.299999,6703837652.16,3.0495293140411377,1,93251,93315,42638090,1,旅游及景,1,1,0
20260825,002949,华阳国际,12.44,9.991158485412598,266158340,1889954911.84,2439333301.8399997,14.240029335021973,1,93315,111933,7777488,10,工程咨询,1,1,0
20260825,600371,万向德农,8.67,10.02538013458252,406261424,2536651260.0,2536651260.0,16.272275924682617,1,93319,133249,46891660,4,种植业,6,3,1
20260825,300642,透景生命,16.2,20.0,178732721,2230830250.2,2628810304.2,8.18323040008545,1,93324,93324,53800200,0,医疗器械,1,1,0
20260825,600698,湖南天雁,7.28,9.969788551330566,230836543,6045688674.4800005,7779682659.84,3.8663458824157715,1,93410,93410,44127428,0,汽车零部,1,1,1
20260825,002041,登海种业,11.21,10.00981330871582,931125392,9864800000.0,9864800000.0,9.63973331451416,2,93415,144427,8143538,3,种植业,6,3,0
20260825,603360,百傲化学,13.77,9.984025001525879,157842229,9724699715.58,9724699632.96,1.651909589767456,1,93518,93533,34048321,1,农化制品,1,1,1
20260825,600470,六国化工,5.93,10.018552780151367,206076496,3093088000.0,3093088000.0,6.776531219482422,1,93523,93705,78405351,1,农化制品,1,1,1
20260825,003040,楚天龙,15.48,10.021322250366211,678449056,7072041993.84,7138384784.64,9.913867950439453,3,93548,93548,160849088,0,通信设备,3,3,0
20260825,600838,上海九百,8.02,10.013717651367188,110387309,3215073487.62,3215073511.68,3.4841597080230713,1,93650,93708,44266646,1,一般零售,1,1,1
20260825,600281,华阳新材,5.05,10.0217866897583,158661819,2597730226.25,2597730261.6,6.229799747467041,1,93946,101143,49350039,2,小金属,1,1,1
20260825,603095,越剑智能,16.4,9.993292808532715,291867280,4235614879.9999995,4235614879.9999995,7.050419330596924,1,94037,100352,71651600,1,专用设备,10,5,1
20260825,603079,圣达生物,13.89,9.97624683380127,213084522,2625621477.36,2625621477.36,8.403953552246094,1,94229,94229,93712357,0,化学制品,8,4,1
20260825,002742,冀衡医药,4.68,10.117647171020508,221288284,2451950855.64,3201597584.64,9.226219177246094,1,94306,94306,36986456,0,化学制药,1,1,0
20260825,002412,汉森制药,12.33,9.991079330444336,1236227040,6138428850.0,6204456000.0,21.265901565551758,5,94536,94536,117349788,0,中药Ⅱ,5,5,0
20260825,600103,青山纸业,3.15,10.139860153198242,513461552,6968836498.05,7058604268.8,7.509376525878906,1,94537,94537,33846772,0,造纸,1,1,1
20260825,603395,红四方,28.55,10.019268035888672,375668736,1855750000.0,7423000000.0,20.862396240234375,1,94713,94713,93508244,0,农化制品,7,4,1
20260825,603113,金能科技,5.48,10.0401611328125,188585335,4649728575.68,4649728619.52,4.19357442855835,1,94836,94836,61131674,0,化学原料,1,1,1
20260825,002907,华森制药,15.74,9.993012428283691,254303035,5336578546.74,6572966076.8,4.9629011154174805,1,94906,94906,87843366,0,中药Ⅱ,1,1,0
20260825,000695,滨海能源,15.35,10.035842895507812,299793120,3404800983.65,3557395333.65,9.000675201416016,1,95300,95951,89465924,1,电池,1,1,0
20260825,000566,海南海药,4.97,9.955751419067383,489612704,6444776096.009999,6447904646.4,7.843836307525635,1,95403,95403,128748222,0,化学制药,1,1,0
20260825,688169,石头科技,135.0,20.0,2557389040,35039400930.0,35039400930.0,7.472938537597656,1,95450,100320,98149860,3,小家电,1,1,1
20260825,603318,水发燃气,10.24,9.989258766174316,739024992,4700886261.76,5679853731.84,16.243764877319336,1,95639,100548,88163624,2,燃气Ⅱ,3,2,1
20260825,600785,新华百货,11.78,9.990663528442383,783600368,3721111069.7599998,3721111069.7599998,22.599348068237305,3,95650,140008,32046547,1,一般零售,3,3,1
20260825,002703,浙江世宝,15.87,9.979209899902344,1159846928,9300582934.38,13055175934.08,12.889159202575684,1,95806,102206,62815586,5,汽车零部,1,1,0
20260825,600936,北投科技,5.09,9.935205459594727,477401360,8505523556.51,8505523561.599999,5.7351484298706055,1,95822,101801,87405067,2,IT服务Ⅱ,1,1,1
20260825,000779,甘咨询,10.01,10.0,608006768,4652444716.92,4652942854.559999,13.598295211791992,1,95830,95830,181897495,0,工程咨询,1,1,0
20260825,002081,金 螳 螂,5.5,10.0,1145819008,14543338502.0,14604280328.0,8.306427955627441,1,95945,95945,168428150,0,装修装饰,10,5,0
20260825,002418,康盛股份,4.05,10.05434799194336,374789456,4602408003.9,4602420000.0,8.320642471313477,1,100009,103621,51021944,1,家电零部,1,1,0
20260825,603637,镇海股份,14.03,10.039215087890625,162502906,3348762854.31,3348762854.31,4.995213508605957,1,100128,100304,82260696,1,专业工程,4,2,1
20260825,002837,英维克,60.23,10.009132385253906,5646530048,68255050801.39,76921638195.36,8.51327896118164,1,100548,111236,326130693,1,专用设备,1,1,0
20260825,002713,东易日盛,9.96,10.055248260498047,149460356,5243948276.76,9475995632.640001,2.991664409637451,1,101124,101136,38510340,1,装修装饰,1,1,0
20260825,000070,特发信息,16.07,9.993155479431152,833419104,13767603548.87,13955074610.08,6.255198001861572,1,101548,101548,121344570,0,通信设备,1,1,0
20260825,002686,亿利达,6.82,10.0,252138103,3565010811.56,3861750907.52,7.3277177810668945,1,101939,101939,36685462,0,通用设备,3,2,0
20260825,002947,恒铭达,59.61,10.001845359802246,687782592,11820886418.28,15246386274.96,6.042917251586914,1,103642,105100,111229577,2,消费电子,1,1,0
20260825,002094,青岛金王,5.14,10.064239501953125,185731183,3548931241.8599997,3551213417.2799997,5.409899711608887,1,103654,103654,28577886,0,家居用品,1,1,0
20260825,600829,人民同泰,10.14,9.978307723999023,416052672,5880070373.58,5880070322.88,7.338248252868652,1,105903,130618,108536146,1,医药商业,1,1,1
20260825,000560,我爱我家,2.39,10.138248443603516,657564176,5588862503.66,5629647026.72,12.181095123291016,1,111212,111212,67197414,0,房地产服,1,1,0
20260825,002855,捷荣技术,11.0,10.0,50633745,2708499552.0,2710616502.0,1.9347530603408813,1,111406,111406,36550800,0,消费电子,1,1,0
20260825,600714,金瑞矿业,17.26,10.006373405456543,420095184,4973922471.9800005,4973922454.72,9.202391624450684,1,130112,130112,72804233,0,化学原料,1,1,1
20260825,603687,大胜达,14.41,10.0,214250615,7925959160.24,7925959275.52,2.868920087814331,1,130115,130115,62349188,0,包装印刷,1,1,1
20260825,002821,凯莱英,172.23,10.001916885375977,2807272416,54604463663.34,62117069782.56,5.368891716003418,1,130142,130142,158255257,0,医疗服务,1,1,0
20260825,300922,天秦装备,20.53,19.988309860229492,331482032,2591422017.77,3302299361.4,13.68289566040039,1,130721,130721,47246510,0,地面兵装,1,1,0
20260825,300097,智云股份,10.54,20.045557022094727,453799968,2780772584.64,3121807522.8799996,17.701221466064453,1,130948,130948,30687210,0,自动化设,1,1,0
20260825,603758,秦安股份,12.12,9.981851577758789,485242720,5249366513.88,5249366501.759999,9.602992057800293,1,131301,145134,5992128,5,汽车零部,13,7,1
20260825,003018,金富科技,45.98,10.0,882941184,13081841206.939999,14435420264.32,7.1574578285217285,1,131336,131336,114700558,0,包装印刷,3,2,0
20260825,003021,兆威机电,72.78,10.006046295166016,416117024,15090157019.64,19473937467.0,2.884432792663574,1,131936,131936,76038797,0,电机Ⅱ,1,1,0
20260825,002963,豪尔赛,20.32,10.016242027282715,212936519,3034595647.84,3055313777.6,7.360971927642822,1,132521,132521,9889744,0,装修装饰,1,1,0
20260825,603217,元利科技,28.39,9.996126174926758,174897121,5907606964.0,5907606964.0,3.0933427810668945,1,133652,133652,84549309,0,化学制品,1,1,1
20260825,002451,摩恩电气,8.13,10.013531684875488,258714360,3570281370.0000005,3582647100.0000005,7.722817897796631,1,133654,133748,63191238,1,电网设备,1,1,0
20260825,002259,升达林业,4.19,9.973752975463867,114220104,3152255438.7300005,3152255459.6800003,3.7968430519104004,1,134645,134645,26255378,0,燃气Ⅱ,1,1,0
20260825,600172,黄河旋风,13.99,9.98427677154541,2449812112,17951948525.920002,20176160875.2,14.433436393737793,1,135018,135530,185911711,1,通用设备,1,1,1
20260825,000659,珠海中富,2.85,10.038609504699707,105634481,3664252182.0,3664252204.8,3.0228984355926514,1,140203,140203,27258255,0,包装印刷,1,1,0
20260825,002478,常宝股份,6.92,10.015897750854492,325471696,5002259451.96,6233565230.08,6.796586513519287,1,143318,143318,67019639,0,特钢Ⅱ,1,1,0
20260825,603912,佳力图,9.08,10.060606002807617,361157856,4924322713.2,4924322695.04,7.617812633514404,1,143419,143419,42120639,0,通用设备,1,1,1
20260825,600605,汇通能源,26.58,10.016555786132812,206951566,5482986962.82,5482986962.82,3.8956778049468994,1,144153,144153,9544878,0,一般零售,1,1,1
20260820,002412,汉森制药,9.26,9.97624683380127,40263425,4610044700.0,4659632000.0,0.8733847141265869,2,92500,92500,234275203,0,中药Ⅱ,2,2,0
20260820,000931,中 关 村,4.63,9.97624683380127,53753740,3477266733.16,3486977898.88,1.545861840248108,1,92500,92500,94679893,0,化学制药,1,1,0
20260820,002038,双鹭药业,6.44,10.085470199584961,109523779,5486308875.04,6616134000.0,1.996310830116272,1,92500,92500,119118104,0,化学制药,1,1,0
20260820,300006,莱美药业,5.94,20.0,332679168,6271576134.120001,6272112528.0,5.304554462432861,1,92500,92500,290851606,0,化学制药,1,1,0
20260820,300142,沃森生物,15.12,20.0,1014376480,23846327391.6,24182149985.28,4.253805637359619,1,92500,92500,805570239,0,生物制品,1,1,0
20260820,688185,康希诺,64.43,20.003725051879883,212586914,7369046011.43,15917032098.430002,2.8848633766174316,1,92501,92501,432346626,0,生物制品,1,1,1
20260820,688276,百克生物,18.71,20.012828826904297,121420828,7739533658.58,7739533696.0,1.5688390731811523,1,92502,92502,65362954,0,生物制品,1,1,1
20260820,688658,悦康药业,15.49,19.984508514404297,205507689,6970500000.0,6970500000.0,2.948248863220215,1,92502,92502,94567363,0,化学制药,1,1,1
20260820,688356,键凯科技,89.45,20.002681732177734,51894775,5425205115.0,5425205115.0,0.9565495252609253,1,92502,92502,765440108,0,化学制药,1,1,1
20260820,688137,近岸蛋白,67.49,20.003555297851562,155992742,4718728902.969999,4718728902.969999,3.305821180343628,1,92504,92504,208871493,0,生物制品,1,1,1
20260820,001277,速达股份,36.27,10.009099960327148,222483222,1652079966.0300002,2756520000.0,13.562251091003418,2,93000,93727,223202388,3,专用设备,2,2,0
20260820,002399,海普瑞,11.28,10.04878044128418,98805010,14068435221.119999,16551101226.24,0.7043498754501343,1,93000,93133,102834796,1,化学制药,1,1,0
20260820,300122,智飞生物,14.48,19.966859817504883,892674496,20479154471.04,34662075493.12,4.359419822692871,1,93000,93000,173654962,0,生物制品,1,1,0
20260820,603590,康辰药业,34.33,9.996795654296875,88614847,5431811965.41,5458829675.41,1.6314083337783813,1,93001,93001,59093224,0,生物制品,1,1,1
20260820,002940,昂利康,28.41,9.988385200500488,520697280,5263657295.28,5731097764.26,10.007668495178223,1,93003,100018,110562628,1,化学制药,1,1,0
20260820,600613,神奇制药,8.56,10.025707244873047,514941968,4102979011.6800003,4571653169.92,12.550951957702637,1,93004,93004,339477461,0,化学制药,6,5,1
20260820,002365,永安药业,15.76,9.97906494140625,1141291968,3865746239.92,4644196136.96,29.80791664123535,1,93006,143803,26855040,5,化学制药,3,2,0
20260820,000590,古汉医药,9.69,9.988649368286133,33544631,2319384126.63,2320476577.23,1.4548598527908325,1,93024,93024,16799252,0,中药Ⅱ,1,1,0
20260820,920344,三元基因,24.76,29.9737548828125,134015324,2815909216.84,3016015600.0,4.886692047119141,1,93030,93030,93263293,0,生物制品,1,1,0
20260820,688105,诺唯赞,25.52,19.98119354248047,323206288,13193458833.28,13193459037.44,2.467048406600952,1,93102,93102,184255778,0,生物制品,1,1,1
20260820,600127,金健米业,8.6,9.974424362182617,2357097472,5519335674.8,5519335657.599999,43.407379150390625,4,93106,130427,54634940,9,农产品加,4,4,1
20260820,000710,贝瑞基因,9.37,9.97652530670166,142630809,3087695378.5099998,3312496192.64,4.648985862731934,1,93112,93112,31012826,0,医疗服务,1,1,0
20260820,603801,志邦家居,7.23,10.045661926269531,147231727,3140361222.09,3140361258.2400002,4.756082534790039,2,93125,93319,41086557,1,家居用品,2,2,1
20260820,603988,中电电机,21.2,10.015567779541016,135831445,4986240000.0,4986240000.0,2.7405612468719482,1,93138,93653,33574440,5,电机Ⅱ,1,1,1
20260820,601700,风范股份,7.5,9.970674514770508,612844896,8540679750.0,8540679720.0,7.248906135559082,1,93141,93217,111732240,1,电网设备,14,8,1
20260820,002030,达安基因,5.97,9.944750785827637,213092196,8378572811.04,8378572811.04,2.5610554218292236,1,93145,93218,84974263,1,医疗器械,1,1,0
20260820,688114,华大智造,69.11,20.00347137451172,467601056,28724716194.64,28785431817.6,1.6624248027801514,1,93220,93220,171291968,0,医疗器械,1,1,1
20260820,001210,金房能源,29.76,10.018484115600586,145946381,3970575956.1600003,6533443320.96,3.722773313522339,1,93221,93306,130432544,1,电力,1,1,0
20260820,300841,康华生物,60.31,19.99601936340332,506960592,7332208393.54,7837097478.690001,6.962749481201172,1,93254,93254,148208025,0,生物制品,1,1,0
20260820,688426,康为世纪,22.87,19.9895076751709,47767775,2566644480.1600003,2572731284.92,1.8977707624435425,1,93255,93407,29283800,1,医疗器械,1,1,1
20260820,603036,如通股份,15.49,10.014204978942871,284477840,3191033327.25,3191033327.25,9.064828872680664,1,93327,110318,15658841,3,专用设备,1,1,1
20260820,002880,卫光生物,21.89,10.0,58704783,4964652000.0,4964652000.0,1.194711685180664,1,93345,93345,55848920,0,生物制品,1,1,0
20260820,603392,万泰生物,30.81,9.996429443359375,208890650,38955942291.24,38955942168.0,0.5399757027626038,1,93354,93354,95608852,0,医疗器械,1,1,1
20260820,002743,富煌钢构,4.42,9.950248718261719,200992734,1920803722.76,1923886681.6,10.715922355651855,1,93421,94539,9900800,4,专业工程,3,2,0
20260820,000017,深中华A,6.46,10.051107406616211,66504400,2847709803.46,4452134634.88,2.3752493858337402,1,93439,93439,33997532,0,饰品,1,1,0
20260820,000520,凤凰航运,4.41,9.975062370300293,135718201,4463288036.55,4463288040.96,3.093320369720459,1,93712,93712,68280100,0,航运港口,4,2,0
20260820,601877,正泰电器,26.28,10.004185676574707,1034728768,56474904689.28,56474904689.28,1.8441184759140015,1,93732,101035,99737856,1,电网设备,1,1,1
20260820,603285,键邦股份,37.51,10.0,175136820,2336752217.7999997,6001600000.0,7.614022731781006,1,93749,93749,110436942,0,化学制品,4,2,1
20260820,301166,优宁维,34.06,20.01409339904785,184690587,1921681140.0800002,2934898020.0800004,9.88013744354248,1,93754,93754,134829234,0,生物制品,1,1,0
20260820,603376,大明电子,28.4,9.992254257202148,119941809,908822720.0,11360028627.199999,13.344263076782227,1,94028,95504,14799296,4,汽车零部,1,1,1
20260820,002579,中京电子,15.29,10.0,495325952,8920367859.26,9366938760.96,5.699924468994141,1,94045,94045,185184620,0,元件,1,1,0
20260820,603519,立霸股份,16.53,9.980039596557617,333642624,4402399178.67,4402399178.67,7.66655969619751,1,94200,110633,13460379,2,家电零部,1,1,1
20260820,603882,金域医学,30.76,10.01430606842041,331003648,14153739588.52,14249824446.720001,2.3673391342163086,1,94202,94235,98259744,1,医疗服务,1,1,1
20260820,300109,新开源,15.98,19.969970703125,1362583744,8269738481.26,9218167317.44,16.784570693969727,1,94221,145118,18558213,8,化学制品,1,1,0
20260820,603958,哈森股份,18.68,10.011778831481934,299677168,4097644800.0,4097644800.0,7.694764137268066,1,94250,94250,66361914,0,服装家纺,4,3,1
20260820,600250,南京商旅,9.24,10.0,248528336,2890192572.96,2890192609.92,8.834385871887207,1,94317,102138,59698725,2,旅游及景,1,1,1
20260820,603016,新宏泰,30.68,10.003585815429688,157191578,4545548800.0,4545548800.0,3.528297185897827,1,94402,100835,43458220,2,电网设备,1,1,1
20260820,300363,博腾股份,24.48,20.0,1283285648,12131168676.48,13303464468.48,11.006208419799805,1,94557,94557,164286406,0,医疗服务,1,1,0
20260820,603177,德创环保,11.0,10.0,73558904,2246112000.0,2246112000.0,3.3764545917510986,1,94728,94728,41774150,0,环境治理,1,1,1
20260820,002437,誉衡药业,4.73,10.0,2222111536,9933727715.230001,10547276245.44,22.95690155029297,1,94818,94818,254354288,0,化学制药,10,6,0
20260820,603637,镇海股份,14.06,10.015649795532227,153321761,3355923430.62,3355923430.62,4.675266265869141,1,95037,95037,48580112,0,专业工程,1,1,1
20260820,603716,塞力医疗,17.3,9.980928421020508,350012624,3906180321.0,3906180321.0,9.145796775817871,1,95046,95046,55973907,0,医药商业,1,1,1
20260820,000007,全新好,12.09,10.009099960327148,214508937,4188556851.96,4188556900.32,5.228774070739746,1,95203,104209,64290980,2,一般零售,3,2,0
20260820,002552,宝鼎科技,57.04,10.0096435546875,2128262368,21019427604.56,22130683109.12,10.4503812789917,1,95203,140630,65533256,5,元件,15,8,0
20260820,300765,石药创新,51.78,20.0,3228159920,72729822640.32,72729822640.32,4.593658924102783,1,95242,101954,234237237,1,化学制药,1,1,0
20260820,605116,奥锐特,22.0,10.0,175428024,8936031148.0,8936031104.0,2.008009910583496,1,95405,95405,42266400,0,化学制药,1,1,1
20260820,600539,狮头股份,15.36,10.028653144836426,432388000,3532800000.0,3532800000.0,12.486478805541992,1,95747,102626,38572032,2,互联网电,1,1,1
20260820,002491,通鼎互联,19.27,9.988584518432617,4235345280,22670553698.92,23701993937.92,19.102991104125977,1,100012,140612,235984274,13,通信设备,1,1,0
20260820,300601,康泰生物,14.47,19.983417510986328,1447691312,13028747368.24,16161981035.84,11.358240127563477,1,100036,130009,77645962,2,生物制品,1,1,0
20260820,001360,南矿集团,18.11,10.024301528930664,106572249,2272521650.94,3694440000.0,4.788166522979736,1,101327,101327,66385827,0,专用设备,1,1,0
20260820,601118,海南橡胶,6.2,9.929078102111816,1162765616,26532452341.4,26532452310.4,4.568532943725586,1,101729,133350,127146872,2,种植业,1,1,1
20260820,603578,三星新材,13.75,10.0,75630301,2479909190.0,3218332755.0,3.1493165493011475,1,102031,102031,43057080,0,家电零部,1,1,1
20260820,002811,郑中设计,13.32,9.991743087768555,214846231,3764058280.56,4102160400.0,5.86566686630249,1,102057,102057,84123658,0,装修装饰,1,1,0
20260820,603580,艾艾精工,74.79,10.001470565795898,957283136,9773048628.0,9773048628.0,10.11898422241211,1,103057,103057,41725341,0,塑料,4,3,1
20260820,605080,浙江自然,22.34,9.995076179504395,222597846,3135445808.0,3147911974.8,7.246250629425049,1,104150,145505,1840816,3,文娱用品,1,1,1
20260820,688433,华曙高科,103.25,20.0023250579834,1071039360,42908381727.75,42908382244.0,2.637620449066162,1,104245,105442,33105976,2,通用设备,1,1,1
20260820,300710,万隆光电,32.27,20.007436752319336,201260048,2406697019.51,3210551981.0000005,8.853050231933594,1,104512,104512,49507020,0,通信设备,1,1,0
20260820,603626,科森科技,16.95,9.993510246276855,814107504,9405210745.5,9405210847.199999,8.90273666381836,1,105149,112313,110161609,2,消费电子,1,1,1
20260820,002313,日海智能,8.78,10.025062561035156,179593968,3287050253.9999995,3287231999.9999995,5.598814010620117,1,110730,112206,1966720,2,通信设备,1,1,0
20260820,600327,大东方,4.24,10.129870414733887,215283196,3751465156.32,3751465164.8,5.872880458831787,1,111455,111558,10367308,1,一般零售,1,1,1
20260820,600211,西藏药业,41.86,10.013140678405762,596200864,13492281544.56,13492281712.0,4.501248836517334,1,112906,112906,42161224,0,生物制品,1,1,1
20260820,002903,宇环数控,30.67,10.007173538208008,638273888,3299047655.8300004,4774138205.0,20.08041763305664,1,130021,130306,65649135,2,通用设备,1,1,0
20260820,300009,安科生物,10.15,19.976360321044922,1966375312,12487009404.800001,16957612145.6,16.316110610961914,1,130033,140848,60124509,3,生物制品,1,1,0
20260820,600683,京投发展,10.65,10.020661354064941,795905648,7889281408.05,7889281440.0,10.396149635314941,1,130555,144452,64654020,5,房地产开,9,5,1
20260820,002172,澳洋健康,4.44,9.90099048614502,829644048,3397224841.2000003,3399851713.92,26.35906410217285,1,131045,131045,101419368,0,医疗服务,7,5,0
20260820,001333,光华股份,22.19,10.014873504638672,110018984,2840320000.0,2840320000.0,3.982527256011963,1,132736,135321,27082895,2,塑料,1,1,0
20260820,003010,若羽臣,29.16,9.996228218078613,437117568,6594306027.12,9070494203.52,6.867952346801758,1,141715,141715,46919373,0,互联网电,1,1,0
20260820,000523,红棉股份,3.53,9.968847274780273,646299424,4677815343.62,6479203677.92,15.011350631713867,1,142251,144927,22625711,1,综合Ⅱ,1,1,0
20260820,603666,亿嘉和,26.07,10.0,160637436,5358178049.4,5358178049.4,3.1280040740966797,1,145534,145534,49621638,0,自动化设,1,1,1
20260821,002412,汉森制药,10.19,10.043196678161621,229530341,5073040550.0,5127608000.0,4.52451229095459,3,92500,92500,150393618,0,中药Ⅱ,3,3,0
20260821,002038,双鹭药业,7.08,9.937888145446777,414613840,6031532117.28,7273638000.0,6.875837326049805,2,92500,93906,127471619,1,化学制药,2,2,0
20260821,000017,深中华A,7.11,10.061920166015625,294182288,3134244071.61,4900104838.08,9.430132865905762,2,92500,93909,39809601,1,饰品,2,2,0
20260821,002209,达 意 隆,13.16,10.033445358276367,206290574,2077290050.08,2691615458.0,9.93818187713623,1,92500,94236,23922248,1,专用设备,1,1,0
20260821,600785,新华百货,9.74,10.056497573852539,49663325,3076708134.08,3076708134.08,1.614170789718628,1,92502,92502,136694237,0,一般零售,1,1,1
20260821,688356,键凯科技,107.34,20.0,351028208,6510246138.0,6510246138.0,5.391934394836426,2,92504,92504,472387024,0,化学制药,2,2,1
20260821,000931,中 关 村,5.09,9.935205459594727,318517408,3822740317.88,3833416307.8399997,8.352328300476074,2,93000,94409,28100948,1,化学制药,2,2,0
20260821,601177,杭齿前进,13.95,10.015772819519043,128693980,5613710175.0,5687603380.799999,2.2931883335113525,1,93002,93002,38831220,0,通用设备,1,1,1
20260821,000710,贝瑞基因,10.31,10.03201675415039,591543040,3459287060.98,3644806376.32,17.333370208740234,2,93003,94833,75897065,2,医疗服务,2,2,0
20260821,003040,楚天龙,12.79,9.974205017089844,397633808,5843114799.82,5897929030.719999,6.819206237792969,1,93003,94033,86539698,2,通信设备,1,1,0
20260821,603958,哈森股份,20.55,10.010706901550293,313260448,4507848000.0,4507848000.0,6.9939961433410645,2,93039,93357,57480405,2,服装家纺,5,4,1
20260821,603333,福华尚纬,9.85,10.055866241455078,182185418,6122046722.099999,6122046702.4,2.9935343265533447,1,93105,93150,58961115,1,电网设备,1,1,1
20260821,002686,亿利达,6.72,9.983633041381836,237551515,3512737925.7599998,3805126993.92,6.814033031463623,1,93157,94554,33017712,2,通用设备,1,1,0
20260821,002971,和远气体,46.61,10.007080078125,323853600,7504421889.059999,9817231250.0,4.408772945404053,1,93200,93200,120107677,0,化学制品,1,1,0
20260821,603626,科森科技,18.65,10.029498100280762,800520928,10348506218.5,10348506330.4,7.867527008056641,2,93421,112015,144720270,2,消费电子,2,2,1
20260821,603095,越剑智能,15.26,10.021629333496094,116838526,3941187992.0,3941187992.0,3.028225898742676,1,93536,93536,65965378,0,专用设备,8,4,1
20260821,600460,士兰微,35.89,9.990806579589844,2699276816,59723538517.05,59723538337.6,4.633241176605225,1,93609,93609,483488617,0,半导体,1,1,1
20260821,603079,圣达生物,14.03,10.039215087890625,160811789,2652085624.72,2652085624.72,6.300671577453613,1,93729,93729,267394964,0,化学制品,6,3,1
20260821,603318,水发燃气,9.54,10.034602165222168,416796176,4379536614.96,5291582480.639999,9.625664710998535,1,93826,93856,38095051,1,燃气Ⅱ,1,1,1
20260821,603052,可川科技,61.46,10.005370140075684,271758768,11548166951.72,11548166951.72,2.4086990356445312,1,94050,94050,157220826,0,消费电子,1,1,1
20260821,601212,白银有色,6.09,9.9277982711792,2015909280,45095076771.99,45095076096.0,4.543975830078125,1,94119,100810,138522531,4,工业金属,1,1,1
20260821,002536,飞龙股份,46.97,10.0,1653153392,25613805762.93,26997693159.36,6.593226909637451,1,94133,94133,241451210,0,汽车零部,1,1,0
20260821,603803,瑞斯康达,11.32,10.00971794128418,261119318,4809681865.24,4809681808.64,5.583726406097412,1,94314,94314,77434312,0,通信设备,1,1,1
20260821,002396,星网锐捷,33.17,10.016583442687988,2406313232,25123459066.02,25227588386.56,9.801044464111328,1,94430,104445,239018840,1,通信设备,1,1,0
20260821,003018,金富科技,43.02,9.997443199157715,376032224,12239687010.060001,13506128311.68,3.1604175567626953,1,94515,94515,58269686,0,包装印刷,1,1,0
20260821,002017,东信和平,14.53,9.992429733276367,470577312,8429904812.17,8433675565.12,5.699089050292969,1,94554,104157,30427273,3,通信设备,1,1,0
20260821,600397,江钨装备,18.14,10.006064414978027,1812964032,17957872259.48,17957872368.32,10.35189437866211,1,94816,112049,115029368,3,专用设备,1,1,1
20260821,603065,宿迁联盛,17.33,10.031745910644531,585270272,7260708022.759999,7260707953.44,8.27791976928711,1,94943,100246,16865556,2,化学制品,4,2,1
20260821,603045,福达合金,57.24,9.992313385009766,477820944,7752880672.2,7752880672.2,6.307802677154541,1,95612,100806,69409224,1,金属新材,1,1,1
20260821,300839,博汇股份,12.47,20.019248962402344,225948952,3531272033.06,3593030181.92,6.74155855178833,1,95618,95618,44995501,0,炼化及贸,1,1,0
20260821,600353,旭光电子,38.28,10.0,3782619184,31726891166.52,31726890898.56,12.329224586486816,1,95619,105143,107624602,4,其他电子,6,4,1
20260821,002655,共达电声,37.77,9.988351821899414,1201894592,13720787217.000002,13770904532.160002,9.012497901916504,1,95733,100403,112784997,1,消费电子,1,1,0
20260821,002988,豪美新材,24.11,9.990876197814941,280388784,6022786398.559999,6022786398.559999,4.749703884124756,1,100639,101848,14796307,3,工业金属,1,1,0
20260821,603330,天洋新材,9.97,10.044150352478027,1127323856,4054930903.1000004,4313756270.56,28.838470458984375,1,100644,104320,36467169,10,塑料,8,5,1
20260821,002192,融捷股份,72.51,9.996966361999512,1971905872,18788620148.91,18827598769.530003,10.75625228881836,1,101545,132651,80008476,4,能源金属,1,1,0
20260821,300214,日科化学,12.9,20.0,790411152,5997243720.6,5997243643.2,14.1696138381958,1,101736,143436,33102690,1,化学制品,1,1,0
20260821,688137,近岸蛋白,80.99,20.00296401977539,794653568,5662614518.469999,5662614518.469999,15.122529983520508,2,101819,102619,27153112,2,生物制品,2,2,1
20260821,600577,精达股份,8.66,10.038119316101074,1025608080,19327512167.08,19327512149.760002,5.4658002853393555,1,103910,110334,139346154,1,电网设备,1,1,1
20260821,002716,湖南白银,10.42,10.031679153442383,4312985600,24200196523.079998,29416583628.8,18.292190551757812,1,104036,132336,163236802,1,贵金属,1,1,0
20260821,000628,高新发展,45.35,9.99272346496582,731645344,8718019829.75,15975898000.0,8.720420837402344,1,110042,110042,116098040,0,房屋建设,1,1,0
20260821,002903,宇环数控,33.74,10.009780883789062,857018768,3629275119.26,5252019010.0,24.663387298583984,2,110212,110212,51301670,0,通用设备,2,2,0
20260821,002449,国星光电,7.07,9.953344345092773,305651200,4372633584.83,4372633577.76,7.121939182281494,1,112951,131957,41063592,3,光学光电,1,1,0
20260821,688328,深科达,91.16,19.994733810424805,1103203328,8610635852.199999,8610635852.199999,13.532352447509766,1,130226,135426,121109615,1,专用设备,1,1,1
20260821,003031,中瓷电子,142.04,9.997676849365234,2202510032,48315857099.84,64067548802.56,4.7383880615234375,1,131230,131815,134898370,1,通信设备,6,3,0
20260821,600110,诺德股份,10.74,10.040983200073242,2285226624,18635843209.68,18635843166.72,12.695115089416504,1,132708,141702,185503428,1,电池,1,1,1
20260821,603758,秦安股份,11.76,10.009354591369629,383461392,5093444736.24,5093444724.48,7.971820831298828,1,133631,133631,34234536,0,汽车零部,11,6,1
20260821,000603,盛达资源,36.61,10.006010055541992,3354818496,24408485902.989998,25259777683.84,14.267595291137695,1,135645,140024,42009975,3,贵金属,1,1,0
20260821,002638,勤上股份,4.13,10.133333206176758,317387504,5586568437.17,5933134673.76,5.900334358215332,1,141106,141106,32699275,0,照明设备,4,2,0
20260821,002045,国光电器,9.11,10.024154663085938,490236848,5117313675.0199995,5124221368.96,9.886504173278809,1,142630,142630,110878037,0,消费电子,1,1,0
20260821,002491,通鼎互联,21.2,10.015567779541016,7263185920,24941138475.2,26075883315.2,30.457759857177734,2,142709,144954,151230136,2,通信设备,2,2,0
20260821,300016,北陆药业,10.44,20.0,1230292512,5868990207.719999,6072840760.32,22.65367317199707,1,143009,143009,56110750,0,化学制药,1,1,0
20260821,002886,沃特股份,21.24,9.994821548461914,350051264,4440820203.36,5590443720.599999,8.295536041259766,1,143230,143230,103426056,0,塑料,1,1,0
20260821,002631,德尔未来,9.54,10.034602165222168,376896752,7570680238.079999,7606078675.199999,5.176490306854248,1,143454,143454,111458682,0,家居用品,1,1,0
20260821,301591,肯特股份,37.78,20.012706756591797,381200704,1688567579.44,4131469680.0,24.903371810913086,1,143727,143727,92171488,0,塑料,1,1,0
