next_date,date,code,name,auction_pct,buy_open,sell_high,sell_low,sell_close,ret,exit,win,rank_in_day,vol_ratio,float_mv_yi,range_pct,y_one_word,market_fb_n,idx_open_pct
20230131,20230130,002713,东易日盛,-0.020289855072463836,6.76,6.86,6.58,6.75,-0.0029792899408283544,close,False,1,1.4592837860456733,49.5289675755,0.09569377990430632,False,24,-0.0009726793339288609
20231020,20231019,603178,圣龙股份,-0.03373155305692199,27.5,31.31,27.26,31.31,0.0135,tp,True,1,1.4306473469871641,42.1049560061,0.07189795129493619,False,25,-0.0033373372507393695
20231023,20231020,605151,西上海,-0.04241585984324581,20.77,21.65,20.06,20.85,0.0135,tp,True,1,2.339512352382245,25.8882323128,0.09989858012170398,False,37,-0.004448452260430558
20231023,20231020,002490,山东墨龙,-0.0423728813559322,4.52,4.73,4.43,4.59,0.0135,tp,True,2,4.778837100086682,45.2879592,0.08857808857808855,False,37,-0.004448452260430558
20231023,20231020,002337,赛象科技,-0.034653465346534684,5.85,6.01,5.71,5.88,0.0135,tp,True,3,2.349200270307257,28.332807597000002,0.12341197822141556,False,37,-0.004448452260430558
20231024,20231023,002363,隆基机械,-0.024676850763807212,8.3,8.69,8.18,8.29,0.0135,tp,True,1,2.053665583753865,29.061495873299997,0.1304909560723514,False,34,0.0017078954441378524
20231025,20231024,300798,锦鸡股份,-0.03648269410664162,10.3,12.79,9.94,11.99,0.0135,tp,True,1,1.8346651342482123,38.4201295942,0.1952861952861953,False,62,0.008159365885276104
20231025,20231024,605319,无锡振华,-0.03605891315388521,18.98,21.58,18.66,20.16,0.0135,tp,True,2,1.545065738406404,93.339529752,0.09608938547486048,False,62,0.008159365885276104
20231025,20231024,300045,华力创通,-0.024787997390737115,29.9,33.08,29.6,32.12,0.0135,tp,True,3,1.5812826120188015,65.5469483352,0.08375733855185911,False,62,0.008159365885276104
20231026,20231025,002374,中锐股份,-0.02393617021276595,3.67,3.96,3.6,3.86,0.0135,tp,True,1,4.331238255831162,34.8352179843,0.09649122807017534,False,62,-0.004710652934827642
20231026,20231025,002707,众信旅游,-0.021676300578034713,6.77,6.85,6.65,6.7,-0.011839734121122545,close,False,2,2.2838908334371686,49.320847824000005,0.0874403815580286,False,62,-0.004710652934827642
20231027,20231026,002457,青龙管业,-0.030274361400189242,10.25,11.63,9.51,11.63,0.0135,tp,True,1,4.37370338604092,38.88456088,0.021852237252861693,False,41,-0.003312920389519136
20231027,20231026,002886,沃特股份,-0.02987777274784975,21.43,22.0,19.88,20.38,0.0135,tp,True,2,2.086938867677494,58.625517185599996,0.12001992031872512,False,41,-0.003312920389519136
20231027,20231026,603679,华体科技,-0.029714978775015055,16.0,16.2,15.41,15.59,-0.02712500000000001,close,False,3,2.5738438086807456,40.8145240449,0.09606404269512993,False,41,-0.003312920389519136
20231030,20231027,002388,新亚制程,-0.040843214756258184,7.28,7.43,7.0,7.17,0.0135,tp,True,1,3.719724400791615,33.511995369,0.11304347826086959,False,71,-0.0027072881389631487
20231030,20231027,605588,冠石科技,-0.03697334479793635,56.0,57.48,54.59,56.68,0.0135,tp,True,2,1.8342198995224985,34.4152733188,0.13469542186908812,False,71,-0.0027072881389631487
20231030,20231027,002791,坚朗五金,-0.02476343869538966,48.44,49.55,48.44,48.69,0.0135,tp,True,3,2.6949069339333196,31.7010312891,0.09102990033222591,False,71,-0.0027072881389631487
20231031,20231030,002457,青龙管业,-0.07036747458952297,11.89,12.64,11.51,11.51,0.0135,tp,True,1,2.430467851971278,38.88456088,0.09458297506448836,False,64,-0.0006288163359865484
20231031,20231030,000829,天音控股,-0.023887079261672217,8.99,9.08,8.79,8.84,-0.01818520578420474,close,False,2,3.306107506762391,93.8102776804,0.10991636798088432,False,64,-0.0006288163359865484
20231101,20231031,603158,腾龙股份,-0.06581532416502944,9.51,10.07,9.36,9.71,0.0135,tp,True,1,1.137752692549849,54.6717944872,0.07351351351351348,False,34,0.006429771065698864
20231101,20231031,002596,海南瑞泽,-0.030405405405405372,2.87,2.93,2.81,2.88,0.0135,tp,True,2,4.985377244279252,39.4420268856,0.10408921933085495,False,34,0.006429771065698864
20231101,20231031,605116,奥锐特,-0.03003802281368817,25.51,26.0,24.55,24.75,0.0135,tp,True,3,4.282905400868973,81.56159338719999,0.053115851108322856,False,34,0.006429771065698864
20231102,20231101,001238,浙江正特,-0.06402096593036322,25.0,29.38,24.92,29.38,0.0135,tp,True,1,3.8769290867930213,36.937440984,0.12397034596375624,False,35,0.001845799648040991
20231102,20231101,002889,东方嘉盛,-0.02002542911633831,30.83,34.61,30.52,34.61,0.0135,tp,True,2,1.620111333015647,31.284926973,0.06853146853146856,False,35,0.001845799648040991
20231103,20231102,001238,浙江正特,-0.058543226684819594,27.66,31.55,26.44,26.55,0.0135,tp,True,1,2.707097131518878,36.937440984,0.1669786596780231,False,27,0.0010168106040717717
20231103,20231102,605577,龙版传媒,-0.04260985352862845,14.38,15.02,13.82,14.63,0.0135,tp,True,2,1.5879965056840297,51.911111176,0.12893772893772892,False,27,0.0010168106040717717
20231103,20231102,002343,慈文传媒,-0.03693181818181812,6.78,6.96,6.61,6.79,0.0135,tp,True,3,2.771392463750776,26.573464044599998,0.09687500000000002,False,27,0.0010168106040717717
20231107,20231106,605277,新亚电子,-0.024231678486997588,16.51,17.14,16.32,16.6,0.0135,tp,True,1,4.091551691826794,65.846437096,0.10338101430429139,False,56,-0.0017950503693094921
20231108,20231107,300063,天龙集团,-0.06510416666666663,7.18,9.1,7.14,8.67,0.0135,tp,True,1,1.4321332379196974,58.906692642,0.1999999999999999,False,53,-0.0020017859070347033
20231108,20231107,600520,三佳科技,-0.03944562899786774,27.03,30.95,26.5,30.95,0.0135,tp,True,2,0.8085078520784769,41.112584999999996,0.09147771696637999,False,53,-0.0020017859070347033
20231108,20231107,600360,华微电子,-0.036708860759493644,7.61,7.95,7.5,7.79,0.0135,tp,True,3,3.243755264537672,98.8143867816,0.10724233983286915,False,53,-0.0020017859070347033
20231109,20231108,300426,华智数媒,-0.07342657342657344,13.25,13.67,12.58,12.79,0.0135,tp,True,1,1.5977378719842403,30.84,0.21812080536912765,False,51,-0.0015463394018417898
20231109,20231108,002712,思美传媒,-0.04881266490765168,7.21,7.97,7.17,7.6,0.0135,tp,True,2,3.7644758928774666,28.0727241687,0.11739130434782602,False,51,-0.0015463394018417898
20231109,20231108,600860,京城股份,-0.024672320740169673,12.65,12.83,12.39,12.47,-0.015729249011857738,close,False,3,3.2513375689684,37.7878710588,0.11535199321458875,False,51,-0.0015463394018417898
20231110,20231109,603496,恒为科技,-0.0773286467486819,31.5,32.5,30.73,30.76,0.0135,tp,True,1,1.7739391938224494,74.9609837863,0.0998711340206186,False,29,-0.003183461719855507
20231110,20231109,002173,创新医疗,-0.059561128526645746,9.0,10.17,8.78,9.64,0.0135,tp,True,2,2.228808760806456,80.0906153993,0.07931034482758616,False,29,-0.003183461719855507
20231114,20231113,600792,云煤能源,-0.06457564575645747,5.07,5.19,4.88,4.88,0.0135,tp,True,1,1.5213774905972228,49.05862312,0.08519269776876266,False,38,9.519026564652755e-05
20231114,20231113,000936,华西股份,-0.02448979591836742,9.56,10.17,9.43,10.15,0.0135,tp,True,2,2.39783115121732,50.6727556764,0.09876543209876552,False,38,9.519026564652755e-05
20231115,20231114,301448,开创电气,-0.03675819309123107,43.5,54.19,41.94,54.19,0.0135,tp,True,1,2.703045272178322,31.3869924,0.17698644698378943,False,37,0.006858481644726799
20231116,20231115,002238,天威视讯,-0.06676449009537788,12.72,13.48,12.27,12.27,0.0135,tp,True,1,2.024864630939356,54.252999216,0.1678773204196933,False,56,-0.0019428344555344479
20231116,20231115,301448,开创电气,-0.05886694962170136,51.0,51.59,43.55,46.11,-0.09738235294117653,close,False,2,1.9505888712117625,31.3869924,0.27125775022143495,False,56,-0.0019428344555344479
20231116,20231115,002584,西陇科学,-0.050051072522982465,9.3,10.77,9.0,10.77,0.0135,tp,True,3,1.3397147773577702,40.3194765244,0.13932584269662904,False,56,-0.0019428344555344479
20231117,20231116,000925,众合科技,-0.04580152671755733,10.0,10.21,9.85,10.02,0.0135,tp,True,1,1.2455566060915522,61.4104576845,0.13011542497376707,False,32,-0.0023959907306951855
20231117,20231116,603726,朗迪集团,-0.03547671840354771,17.4,19.8,16.95,18.2,0.0135,tp,True,2,1.1297473540264569,45.17511921,0.10609756097560967,False,32,-0.0023959907306951855
20231121,20231120,002725,跃岭股份,-0.04755043227665712,13.22,15.27,13.22,15.27,0.0135,tp,True,1,3.587601354479438,29.029136171199998,0.06893819334389865,False,58,0.0021216822234968458
20231121,20231120,300210,森远股份,-0.04081632653061218,10.34,10.93,9.13,9.13,0.0135,tp,True,2,1.3920654804124786,40.2871000896,0.22939866369710452,False,58,0.0021216822234968458
20231122,20231121,003032,传智教育,-0.061545801526717514,19.67,19.88,18.86,18.86,-0.042679461108286854,close,False,1,1.6358533751295954,33.5119334224,0.10866141732283466,False,52,-0.0024218283989529965
20231122,20231121,002866,传艺科技,-0.042728019720624455,23.3,25.38,22.83,23.85,0.0135,tp,True,2,4.6321531848378275,27.657218547000003,0.07004066877541802,False,52,-0.0024218283989529965
20231122,20231121,000676,智度股份,-0.02116935483870963,9.71,10.54,9.48,9.83,0.0135,tp,True,3,1.2137520363399812,90.52413707080001,0.11197339246119732,False,52,-0.0024218283989529965
20231123,20231122,301262,海看股份,-0.06520215003505492,40.0,40.5,36.88,38.0,-0.051500000000000046,close,False,1,2.0834819254798957,26.24620928,0.23219293325855306,False,49,-0.0006341154090044876
20231123,20231122,000058,深 赛 格,-0.05907172995780596,8.92,9.2,8.53,8.53,0.0135,tp,True,2,1.5570864114421499,70.21191059270001,0.035962877030162474,False,49,-0.0006341154090044876
20231123,20231122,603586,金麒麟,-0.04770813844714683,20.36,21.0,19.24,19.24,0.0135,tp,True,3,3.900555673363477,27.290546976,0.06995884773662549,False,49,-0.0006341154090044876
20231124,20231123,000829,天音控股,-0.04707668944570986,12.55,12.58,11.85,11.85,-0.05727689243027895,close,False,1,2.231367498725191,93.8102776804,0.09356725146198823,False,41,-0.0004996962630559043
20231124,20231123,301215,中汽股份,-0.02917771883289122,7.32,7.39,6.81,7.01,-0.04384972677595639,close,False,2,4.2304462719029425,72.20304,0.20700636942675155,False,41,-0.0004996962630559043
20231124,20231123,002712,思美传媒,-0.021582733812949617,8.16,8.5,7.51,7.51,0.0135,tp,True,3,3.9674636600426156,28.0727241687,0.06982872200263496,False,41,-0.0004996962630559043
20231127,20231124,300291,百纳千成,-0.053811659192825156,8.44,8.46,7.93,8.22,-0.027566350710900356,close,False,1,1.7610553705068577,51.564028877599995,0.17765814266487218,False,32,-0.0009141819879839863
20231127,20231124,603721,中广天择,-0.05354391371340528,24.57,26.0,23.36,23.65,0.0135,tp,True,2,1.4224837927386245,27.313,0.15084745762711874,False,32,-0.0009141819879839863
20231128,20231127,601929,吉视传媒,-0.05179282868525892,2.38,2.38,2.26,2.26,-0.051920168067226935,close,False,1,2.360478869109535,91.78142881839999,0.10087719298245613,False,33,-0.0010225286143087375
20231128,20231127,301169,零点有数,-0.042518662771827254,59.0,59.38,56.0,58.5,-0.009974576271186418,close,False,2,2.0099805122124352,39.496956245999996,0.19668938656280416,False,33,-0.0010225286143087375
20231128,20231127,605218,伟时电子,-0.0234375,30.0,33.79,27.65,30.33,0.0135,tp,True,3,1.817573911376737,32.13785246,0.10812746151092015,False,33,-0.0010225286143087375
20231129,20231128,002855,捷荣技术,-0.05057675244010651,32.1,32.5,30.76,31.49,-0.02050311526479759,close,False,1,1.4631958686466853,43.606842787199994,0.15224463240078084,False,40,-2.9619390827906322e-05
20231129,20231128,002962,五方光电,-0.04020752269779504,14.8,15.08,14.66,14.69,0.0135,tp,True,2,3.801917167227735,27.470025348999997,0.10627674750356635,False,40,-2.9619390827906322e-05
20231129,20231128,603386,骏亚科技,-0.037800687285223455,14.0,15.8,13.88,14.55,0.0135,tp,True,3,3.1970365895219506,46.435700288,0.10128495842781556,False,40,-2.9619390827906322e-05
20231130,20231129,600822,上海物贸,-0.039215686274509776,12.25,13.09,12.12,12.14,0.0135,tp,True,1,2.1719404630650496,34.2271792512,0.1320103537532355,False,29,-0.0001952549732103792
20231130,20231129,003004,声迅股份,-0.021131137352392804,31.5,32.0,29.6,31.03,0.0135,tp,True,2,2.2527543328393786,49.6598124456,0.10427350427350429,False,29,-0.0001952549732103792
20231204,20231201,603697,有友食品,-0.037871033776867846,9.4,10.5,9.25,10.2,0.0135,tp,True,1,4.968358179296008,41.058441408,0.1103603603603604,False,49,0.0005475584172263126
20231204,20231201,002575,群兴玩具,-0.032496307237813826,6.55,6.81,6.27,6.61,0.0135,tp,True,2,4.640465869326787,32.4884978,0.113821138211382,False,49,0.0005475584172263126
20231204,20231201,002269,美邦服饰,-0.02010050251256279,1.95,1.99,1.92,1.95,0.0135,tp,True,3,3.121903283948035,35.155936125000004,0.11049723756906074,False,49,0.0005475584172263126
20231205,20231204,002313,日海智能,-0.07063829787234044,10.92,12.69,10.58,10.59,0.0135,tp,True,1,1.136548451305952,33.35719563,0.032771535580524314,False,53,-0.0019517617130512255
20231205,20231204,601798,蓝科高新,-0.037735849056603765,8.16,8.65,8.01,8.12,0.0135,tp,True,2,3.5369767979820677,27.972274822200003,0.07003891050583658,False,53,-0.0019517617130512255
20231205,20231204,300822,贝仕达克,-0.03450327186198676,16.23,16.47,15.26,15.3,-0.05880129390018479,close,False,3,3.0932608853796526,35.5736887547,0.1991434689507494,False,53,-0.0019517617130512255
20231206,20231205,000759,中百集团,-0.04615384615384621,4.96,5.72,4.93,5.28,0.0135,tp,True,1,2.3505255486678203,41.834044395,0.10782241014799149,False,39,-0.001799952898428936
20231206,20231205,600604,市北高新,-0.040307101727447225,5.0,5.1,4.94,4.95,0.0135,tp,True,2,2.55127257851081,68.6837944352,0.11181434599156123,False,39,-0.001799952898428936
20231206,20231205,600661,昂立教育,-0.03769045709703289,12.0,13.72,11.42,13.72,0.0135,tp,True,3,3.0642648049841386,26.07594353,0.08553791887125226,False,39,-0.001799952898428936
20231207,20231206,600386,北巴传媒,-0.06370656370656369,4.85,5.69,4.78,5.14,0.0135,tp,True,1,3.9842589978459544,28.949759999999998,0.11040339702760076,False,39,-0.0011047751210031542
20231207,20231206,300781,因赛集团,-0.05833115354433682,36.0,38.99,34.88,36.98,0.0135,tp,True,2,2.480361657479052,35.2750315008,0.1999372253609541,False,39,-0.0011047751210031542
20231207,20231206,002766,索菱股份,-0.052333804809052364,6.7,6.88,6.67,6.77,0.0135,tp,True,3,1.8586324583717022,38.0173655387,0.1259720062208399,False,39,-0.0011047751210031542
20231208,20231207,600661,昂立教育,-0.07090788601722997,14.02,14.38,13.58,13.58,0.0135,tp,True,1,3.0192957419748505,26.07594353,0.18950437317784252,False,37,-0.0002764470485906445
20231208,20231207,603598,引力传媒,-0.04458598726114649,16.5,19.0,15.58,19.0,0.0135,tp,True,2,1.1352735839570196,50.679373340000005,0.1560509554140127,False,37,-0.0002764470485906445
20231208,20231207,601595,上海电影,-0.026100506427736758,25.0,26.78,24.21,26.4,0.0135,tp,True,3,1.6015081065782557,84.7098,0.05484147386461016,False,37,-0.0002764470485906445
20231211,20231208,002878,元隆雅图,-0.05360623781676399,19.42,20.39,19.16,20.32,0.0135,tp,True,1,1.2779048241315474,30.8834100498,0.1158176943699732,False,32,-0.004468675494012531
20231211,20231208,600218,全柴动力,-0.04958677685950419,10.35,10.78,10.1,10.49,0.0135,tp,True,2,2.594211069095909,33.7154337306,0.10000000000000002,False,32,-0.004468675494012531
20231211,20231208,600375,汉马科技,-0.03708791208791218,7.01,7.16,6.81,6.96,0.0135,tp,True,3,3.5028180940648443,57.629818944,0.11933534743202417,False,32,-0.004468675494012531
20231212,20231211,600178,东安动力,-0.02088305489260156,16.41,18.27,15.95,16.52,0.0135,tp,True,1,0.9110816999794479,46.181139939,0.08923884514435704,False,38,-0.0017082074185008622
20231214,20231213,600715,文投控股,-0.057644110275689275,3.76,4.2,3.64,3.67,0.0135,tp,True,1,3.99876063932786,50.0915142175,0.09917355371900835,False,35,0.003685040218811775
20231214,20231213,603153,上海建科,-0.04761904761904767,22.0,25.41,20.79,25.41,0.0135,tp,True,2,1.9035334374608046,54.2680547136,0.10000000000000006,False,35,0.003685040218811775
20231214,20231213,000570,苏常柴Ａ,-0.025974025974025983,6.75,7.1,6.72,6.74,0.0135,tp,True,3,1.4139985718305013,29.507272121699998,0.1079365079365079,False,35,0.003685040218811775
20231215,20231214,603803,瑞斯康达,-0.037238873751135326,10.6,10.68,10.12,10.15,-0.04395283018867918,close,False,1,1.6409418129531879,48.2667720752,0.12187812187812194,False,38,0.0024704375479471796
20231215,20231214,001210,金房能源,-0.030316540347748555,21.75,22.38,21.24,21.26,0.0135,tp,True,2,4.46766760279398,38.4516125862,0.09857773418342315,False,38,0.0024704375479471796
20231218,20231215,603153,上海建科,-0.04221824686940967,26.77,29.98,25.5,25.5,0.0135,tp,True,1,1.6496874276452882,54.2680547136,0.06887052341597796,False,44,-0.0020322440324072044
20231218,20231215,002150,正泰电源,-0.030094043887147204,15.47,16.1,15.23,15.26,0.0135,tp,True,2,3.0814123647111664,76.8992146065,0.0875862068965517,False,44,-0.0020322440324072044
20231218,20231215,002640,跨境通,-0.02546296296296302,4.21,4.52,4.17,4.31,0.0135,tp,True,3,3.389031331692709,54.34398847799999,0.13231552162849883,False,44,-0.0020322440324072044
20231219,20231218,600358,国旅联合,-0.0677506775067751,6.88,8.05,6.64,6.78,0.0135,tp,True,1,2.2564666254734784,26.458680984,0.03576751117734728,False,36,-0.0006960556844547439
20231219,20231218,605333,沪光股份,-0.045727482678983744,20.66,22.56,20.66,21.78,0.0135,tp,True,2,3.923747470197499,84.5017579326,0.10699797160243424,False,36,-0.0006960556844547439
20231219,20231218,600769,祥龙电业,-0.025592417061611528,10.28,10.3,9.71,9.82,-0.04624708171206221,close,False,3,1.7273164958173683,56.0590914,0.12304483837330568,False,36,-0.0006960556844547439
20231220,20231219,603106,恒银科技,-0.037878787878787845,8.89,9.44,8.54,9.3,0.0135,tp,True,1,1.663426999765095,42.734691999999995,0.11428571428571438,False,25,-9.207506504926855e-05
20231220,20231219,002660,茂硕电源,-0.02878365831012064,10.46,10.99,10.3,10.35,0.0135,tp,True,2,3.410399641706201,27.3271860552,0.1389172625127681,False,25,-9.207506504926855e-05
20231221,20231220,002786,银宝山新,-0.039057656540607555,15.5,17.74,15.01,17.08,0.0135,tp,True,1,1.3215186461830317,39.889947375,0.10027285129604357,False,30,-0.0034767806871552898
20231221,20231220,605286,同力天启,-0.03305203938115331,27.5,31.28,27.42,31.28,0.0135,tp,True,2,3.7276938800209782,46.704,0.10638297872340426,False,30,-0.0034767806871552898
20231221,20231220,603779,威龙股份,-0.032258064516129004,11.4,12.96,11.2,12.96,0.0135,tp,True,3,2.6984328542768514,27.695701683600003,0.11484593837535001,False,30,-0.0034767806871552898
20231222,20231221,002292,奥飞娱乐,-0.024679170779861814,9.88,9.98,9.12,9.12,-0.0784230769230771,close,False,1,1.2476817333437669,89.573746328,0.10206297502714454,False,34,0.00019871792675529854
20231225,20231222,002915,中欣氟材,-0.06364749082007337,15.3,16.24,14.71,15.34,0.0135,tp,True,1,3.3265844660705,55.1221460373,0.13670033670033666,False,21,-0.0016810874234076678
20231225,20231222,002103,广博股份,-0.053047404063205295,8.39,8.93,8.28,8.43,0.0135,tp,True,2,1.7318293039831008,26.975423366,0.1006211180124222,False,21,-0.0016810874234076678
20231227,20231226,002855,捷荣技术,-0.044383096198768346,45.0,46.59,42.38,42.38,0.0135,tp,True,1,1.2008324776558976,43.606842787199994,0.14225648213034345,False,37,0.0004381002318136762
20231227,20231226,600769,祥龙电业,-0.03517110266159684,10.15,10.42,10.1,10.17,0.0135,tp,True,2,2.6443781024071606,56.0590914,0.108786610878661,False,37,0.0004381002318136762
20231227,20231226,603518,锦泓集团,-0.03288201160541582,10.0,10.22,9.65,9.87,0.0135,tp,True,3,4.509186336210459,28.4205110784,0.10531914893617023,False,37,0.0004381002318136762
20231228,20231227,603779,威龙股份,-0.03917220990391712,13.0,13.0,12.18,12.18,-0.06457692307692314,close,False,1,1.1144507470946319,27.695701683600003,0.11951219512195112,False,28,-0.0005146486150805485
20231229,20231228,600610,中毅达,-0.04024767801857576,9.3,9.61,9.16,9.39,0.0135,tp,True,1,1.3789876585169463,66.478564929,0.12372304199772984,False,57,-0.0013063932040476844
20231229,20231228,002442,龙星科技,-0.0401785714285714,6.45,7.38,6.45,6.87,0.0135,tp,True,2,1.4476073190776706,26.3449771112,0.09983633387888698,False,57,-0.0013063932040476844
20231229,20231228,603926,铁流股份,-0.029968454258675004,12.3,12.51,12.0,12.51,0.0135,tp,True,3,3.0828713414156534,39.5195702032,0.10407632263660012,False,57,-0.0013063932040476844
20240103,20240102,002578,闽发铝业,-0.04665314401622711,4.7,5.34,4.46,4.56,0.0135,tp,True,1,4.39983226531307,35.5660137693,0.15848214285714282,False,51,-0.0017452772864144928
20240103,20240102,600505,西昌电力,-0.03640256959314769,9.0,9.8,8.91,9.08,0.0135,tp,True,2,4.286744695218022,38.97226575,0.12249705535924607,False,51,-0.0017452772864144928
20240103,20240102,600257,大湖股份,-0.027982326951399128,6.6,6.76,6.57,6.57,0.0135,tp,True,3,2.8296731414228358,28.681736404800002,0.07455429497568881,False,51,-0.0017452772864144928
20240104,20240103,600892,大晟文化,-0.04211956521739135,7.05,7.15,6.68,6.69,-0.05256382978723401,close,False,1,4.041769154645103,27.1829294496,0.11360239162929756,False,34,-0.0005864015502569098
20240109,20240108,605158,华达新材,-0.03825717321997868,9.05,9.59,8.51,8.64,0.0135,tp,True,1,3.405781267203632,41.987582,0.05730994152046786,False,33,-0.00014891568601638205
20240109,20240108,002819,东方中科,-0.02577319587628879,35.91,35.91,33.17,33.17,-0.07780186577554987,close,False,2,2.0225957998117674,51.399709273199996,0.046553267681289236,False,33,-0.00014891568601638205
20240109,20240108,605287,德才股份,-0.021390374331550777,18.3,18.3,17.41,17.9,-0.023357923497267896,close,False,3,1.3693171307177452,56.14,0.10647058823529404,False,33,-0.00014891568601638205
20240110,20240109,603333,福华尚纬,-0.02310231023102305,5.92,6.67,5.6,6.67,0.0135,tp,True,1,1.3308858104375656,62.525675151600005,0.1451905626134301,False,43,-0.0021671131080964745
20240111,20240110,600844,金煤科技,-0.04922279792746109,3.67,3.99,3.56,3.72,0.0135,tp,True,1,1.1337240745247559,33.8142290574,0.13105413105413105,False,35,-0.0013552489835630954
20240111,20240110,000532,华金资本,-0.028676470588235192,13.21,13.85,12.86,13.1,0.0135,tp,True,2,1.5524283807941492,39.9891904344,0.12459546925566337,False,35,-0.0013552489835630954
20240112,20240111,603219,富佳股份,-0.036924939467312345,15.91,17.0,15.51,15.85,0.0135,tp,True,1,3.039735180946337,76.01356,0.10252996005326226,False,51,-0.002289851558034406
20240112,20240111,002577,雷柏科技,-0.028870084619213476,19.51,20.5,19.38,19.43,0.0135,tp,True,2,1.4297643315807544,55.152244499999995,0.11391018619934272,False,51,-0.002289851558034406
20240112,20240111,002882,金龙羽,-0.022482893450635477,20.0,22.51,19.79,21.17,0.0135,tp,True,3,1.711126752455662,58.7095320326,0.14193548387096777,False,51,-0.002289851558034406
20240116,20240115,600844,金煤科技,-0.0646651270207853,4.05,4.08,3.9,3.9,-0.03853703703703698,close,False,1,1.623723367739491,33.8142290574,0.10659898477157359,False,34,-0.0016387819657761593
20240117,20240116,603097,江苏华辰,-0.054351240967640546,30.1,34.9,28.7,29.18,0.0135,tp,True,1,1.7742391607258812,44.261323296,0.19488597097442975,False,31,-0.0023151427613777864
20240117,20240116,002952,亚世光电,-0.029925187032418976,38.9,39.89,36.09,36.52,0.0135,tp,True,2,1.410706600236348,28.611547808799997,0.1484224965706448,False,31,-0.0023151427613777864
20240117,20240116,603628,清源股份,-0.029659465397290363,26.5,28.3,24.58,25.82,0.0135,tp,True,3,0.996948025445253,27.4078888711,0.08940797422472811,False,31,-0.0023151427613777864
20240118,20240117,002357,富临运业,-0.06744186046511624,8.02,8.35,7.74,8.08,0.0135,tp,True,1,2.830771205851639,35.454337596600006,0.08951406649616359,False,33,-0.0038643149046095893
20240118,20240117,603038,华立股份,-0.06253832004904969,15.29,17.94,15.29,17.94,0.0135,tp,True,2,2.58039681419163,47.01849355,0.1692515171948751,False,33,-0.0038643149046095893
20240118,20240117,000532,华金资本,-0.031230082855321917,15.2,17.1,14.12,15.7,0.0135,tp,True,3,1.3762804523156231,39.9891904344,0.04908835904628326,False,33,-0.0038643149046095893
20240119,20240118,603628,清源股份,-0.048943661971830865,27.01,27.77,25.56,25.56,0.0135,tp,True,1,1.1536719475072257,27.4078888711,0.09295120061967461,False,38,-0.003095812044501156
20240122,20240119,600935,华塑股份,-0.040935672514619936,3.28,3.76,3.26,3.57,0.0135,tp,True,1,2.3708805919291245,83.1254229444,0.10932475884244369,False,39,-0.0020407586820512247
20240122,20240119,603066,音飞储存,-0.033141210374639796,13.42,15.27,13.4,14.04,0.0135,tp,True,2,2.142351054371139,27.211656845000004,0.13391442155309044,False,39,-0.0020407586820512247
20240122,20240119,001217,华尔泰,-0.030285035629453727,16.33,16.55,15.16,15.16,-0.0731472749540722,close,False,3,1.3434648251653756,35.355073177200005,0.1345525800130634,False,39,-0.0020407586820512247
20240125,20240124,301315,威士顿,-0.05701885662975148,63.01,70.49,62.22,65.86,0.0135,tp,True,1,2.1688205039547044,33.6128,0.22180316091954014,False,73,0.0010848101759448614
20240125,20240124,600191,华资实业,-0.03536977491961413,6.0,6.43,6.0,6.23,0.0135,tp,True,2,1.0242899725201562,51.645258,0.1327433628318584,False,73,0.0010848101759448614
20240129,20240126,603232,格尔软件,-0.06640625000000011,11.95,12.38,11.52,11.52,0.0135,tp,True,1,1.741677043732115,36.2909692155,0.06958762886597943,False,58,0.00013401048717986974
20240129,20240126,603778,国晟科技,-0.045553145336225564,4.4,4.49,4.15,4.15,0.0135,tp,True,2,1.207624097354153,62.8071427734,0.10501193317422443,False,58,0.00013401048717986974
20240129,20240126,000886,海南高速,-0.02123142250530774,4.61,4.65,4.38,4.38,-0.05139154013015196,close,False,3,3.3673818215258144,46.936171104,0.10981308411214946,False,58,0.00013401048717986974
20240130,20240129,603153,上海建科,-0.0767903364969802,21.4,22.0,20.86,20.86,0.0135,tp,True,1,1.6514085072392213,54.2680547136,0.09302325581395353,False,28,-0.005923644636812608
20240130,20240129,002952,亚世光电,-0.05385301993454328,31.8,31.98,30.25,30.25,-0.05024213836477992,close,False,2,1.8317621100020123,28.611547808799997,0.13780687397708677,False,28,-0.005923644636812608
20240130,20240129,600708,光明地产,-0.028469750889679735,2.73,2.79,2.53,2.53,0.0135,tp,True,3,1.724147651790685,68.3160275697,0.06666666666666664,False,28,-0.005923644636812608
20240131,20240130,600284,浦东建设,-0.03466666666666662,7.24,7.35,6.75,6.95,0.0135,tp,True,1,1.404925483205148,50.744388799999996,0.14369501466275666,False,22,-0.0053099596188700415
20240131,20240130,603767,中马传动,-0.027798647633358486,12.94,14.64,12.76,14.64,0.0135,tp,True,2,2.508750483874254,43.270136300000004,0.1148760330578513,False,22,-0.0053099596188700415
20240201,20240131,600622,光大嘉宝,-0.03536977491961413,3.0,3.23,2.8,2.92,0.0135,tp,True,1,2.0342997670450624,35.3925754872,0.1625441696113074,False,26,-0.005425758906958844
20240201,20240131,003007,直真科技,-0.030038230475150085,35.52,40.28,35.3,40.28,0.0135,tp,True,2,0.993962602408368,29.020545268599996,0.12195854610994278,False,26,-0.005425758906958844
20240208,20240207,301306,西测测试,-0.03490259740259738,23.78,24.8,19.96,23.7,0.0135,tp,True,1,2.314200901369388,58.96165,0.2765335929892892,False,120,0.0009859702441954443
20240208,20240207,300067,安诺其,-0.02136752136752129,2.29,2.46,2.12,2.3,0.0135,tp,True,2,3.1458186501156824,53.6240665532,0.1743589743589743,False,120,0.0009859702441954443
20240221,20240220,300788,中信出版,-0.0755498884284348,29.0,32.09,28.51,29.9,0.0135,tp,True,1,1.865435476439225,48.260454507,0.23450650344299934,False,104,-0.005717257495560624
20240221,20240220,301568,思泰克,-0.06779661016949146,33.0,35.5,32.91,34.33,0.0135,tp,True,2,1.3505473956918705,32.317039199999996,0.19999999999999996,False,104,-0.005717257495560624
20240221,20240220,002235,安妮股份,-0.04850746268656725,5.1,5.58,5.08,5.31,0.0135,tp,True,3,1.1740953742358748,50.2649098216,0.11498973305954835,False,104,-0.005717257495560624
20240222,20240221,300067,安诺其,-0.06801007556675065,3.7,4.0,3.51,3.85,0.0135,tp,True,1,3.050668664320713,53.6240665532,0.1691842900302115,False,120,-0.0018671889825684351
20240222,20240221,300530,领湃科技,-0.05084745762711862,15.68,18.59,15.52,17.1,0.0135,tp,True,2,1.1798161334630775,36.367711371,0.20479302832244012,False,120,-0.0018671889825684351
20240222,20240221,000565,渝三峡Ａ,-0.030905077262693315,4.39,4.58,4.31,4.51,0.0135,tp,True,3,1.2228087906635294,28.183494300000003,0.14077669902912623,False,120,-0.0018671889825684351
20240223,20240222,601996,丰林集团,-0.03361344537815125,2.3,2.4,2.26,2.33,0.0135,tp,True,1,3.567910500094746,30.3767806736,0.10185185185185174,False,76,0.0015225742547750887
20240226,20240223,300560,中富通,-0.07345679012345674,15.01,16.2,14.85,15.5,0.0135,tp,True,1,3.2236226452624965,34.756753531499996,0.13259259259259254,False,104,-0.0009185058970742066
20240226,20240223,002094,青岛金王,-0.03114186851211087,2.8,2.93,2.77,2.83,0.0135,tp,True,2,1.4128540905141542,39.7010790675,0.09885931558935371,False,104,-0.0009185058970742066
20240226,20240223,003029,吉大正元,-0.028368794326241176,16.44,17.48,16.4,16.96,0.0135,tp,True,3,1.0546443577136073,30.481215396800003,0.11508452535760737,False,104,-0.0009185058970742066
20240227,20240226,301368,丰立智能,-0.07273851226045747,45.0,47.48,44.04,46.4,0.0135,tp,True,1,2.7914731215424475,45.998934165,0.09940652818991107,False,98,-0.003560607587453246
20240227,20240226,301112,信邦智能,-0.06994047619047616,25.0,26.46,25.0,26.22,0.0135,tp,True,2,3.356077392855213,33.56515304,0.19375,False,98,-0.003560607587453246
20240227,20240226,301337,亚华电子,-0.059982094897045646,42.0,47.66,41.2,45.05,0.0135,tp,True,3,1.5104096041367217,27.09400404,0.16357775987107162,False,98,-0.003560607587453246
20240228,20240227,301226,祥明智能,-0.051348547717842474,18.29,18.94,16.38,16.7,0.0135,tp,True,1,1.8311290382726946,32.66176,0.22339763534536414,False,92,0.00025866528711859793
20240228,20240227,301119,正强股份,-0.04079861111111105,22.1,22.98,19.6,19.74,0.0135,tp,True,2,2.421301375643514,30.356981199999996,0.20781249999999993,False,92,0.00025866528711859793
20240228,20240227,002403,爱仕达,-0.03190319031903177,8.8,8.9,8.18,8.21,-0.06854545454545452,close,False,3,2.916604582189205,27.8143120944,0.07142857142857141,False,92,0.00025866528711859793
20240229,20240228,001225,和泰机电,-0.048977650974798004,40.0,42.5,37.85,41.16,0.0135,tp,True,1,1.7993682793379016,30.0850524,0.05073221757322188,False,31,-0.0048109268556553175
20240301,20240229,600571,信雅达,-0.03150092649783831,15.68,16.07,14.57,14.93,0.0135,tp,True,1,1.662125428977986,50.9935397142,0.08559782608695662,False,102,-0.00044773594855340715
20240304,20240301,002403,爱仕达,-0.07653575025176229,9.17,9.4,8.94,8.94,0.0135,tp,True,1,2.3420122272543766,27.8143120944,0.09966777408637878,False,69,-0.00013544674300136617
20240304,20240301,002662,峰璟股份,-0.026946107784431073,3.25,3.26,3.02,3.1,-0.0476538461538461,close,False,2,2.654812543137086,49.79937252,0.09539473684210527,False,69,-0.00013544674300136617
20240305,20240304,603660,苏州科达,-0.06139315230224329,7.95,9.27,7.85,8.28,0.0135,tp,True,1,1.7331202272877513,61.492614089599996,0.06103896103896112,False,72,-0.004017359203240201
20240305,20240304,000890,法尔胜,-0.04255319148936165,3.6,3.77,3.53,3.55,0.0135,tp,True,2,1.6850834718002943,38.4253798136,0.14035087719298245,False,72,-0.004017359203240201
20240305,20240304,603380,易德龙,-0.040711277491811027,20.5,20.83,19.8,19.98,0.0135,tp,True,3,4.275268269924078,54.8708904,0.06536284096757589,False,72,-0.004017359203240201
20240306,20240305,002369,卓翼科技,-0.07581227436823101,5.12,5.86,5.12,5.33,0.0135,tp,True,1,4.36933865756407,36.625375688,0.09523809523809532,False,49,-0.001981763835434802
20240306,20240305,003015,日久光电,-0.029288702928870314,11.6,11.81,11.05,11.55,0.0135,tp,True,2,1.8409047109656265,30.633309308,0.12338858195211785,False,49,-0.001981763835434802
20240307,20240306,001298,好上好,-0.03614457831325302,28.0,31.96,28.0,31.96,0.0135,tp,True,1,2.746852006512834,77.613404844,0.14653540325634234,False,83,9.210738405163177e-05
20240307,20240306,002165,红 宝 丽,-0.030927835051546393,3.76,3.86,3.52,3.56,0.0135,tp,True,2,2.68358569624945,66.29942757559999,0.11898016997167138,False,83,9.210738405163177e-05
20240307,20240306,002849,威星智能,-0.028460543337645583,15.02,15.2,14.22,14.38,-0.04410985352862845,close,False,3,1.7226136106452494,40.0642538544,0.11814946619217083,False,83,9.210738405163177e-05
20240308,20240307,300904,威力传动,-0.05815958614202854,60.08,63.49,57.71,58.02,0.0135,tp,True,1,3.3471628826665727,30.647060428799996,0.1841610233258089,False,61,-0.00040628922507768284
20240308,20240307,600715,文投控股,-0.0565371024734983,2.67,2.94,2.55,2.55,0.0135,tp,True,2,2.1133393402089746,50.0915142175,0.09727626459143969,False,61,-0.00040628922507768284
20240308,20240307,603508,思维列控,-0.04185577407967722,19.0,21.81,18.2,21.81,0.0135,tp,True,3,1.2256613994366057,81.7833538665,0.08097615085967816,False,61,-0.00040628922507768284
20240311,20240308,603131,上海沪工,-0.05610907184058733,18.0,19.08,17.16,17.94,0.0135,tp,True,1,2.206220108442242,49.491670618,0.15109573241061136,False,59,-0.0011162106617815803
20240311,20240308,300686,智动力,-0.02511415525114158,8.54,9.48,8.5,8.8,0.0135,tp,True,2,1.4472676028138318,39.302207075999995,0.20958904109589033,False,59,-0.0011162106617815803
20240313,20240312,300107,建新股份,-0.048913043478260754,5.25,5.29,4.99,5.03,-0.04340476190476189,close,False,1,3.8882004652586724,25.3507613301,0.23913043478260865,False,70,-0.0008508020445426867
20240313,20240312,000042,中洲控股,-0.04665314401622711,4.7,5.42,4.69,5.09,0.0135,tp,True,2,4.138582833625496,57.846787971699996,0.15848214285714282,False,70,-0.0008508020445426867
20240313,20240312,301398,星源卓镁,-0.036513334526579566,53.83,59.8,52.01,55.3,0.0135,tp,True,3,2.2356211383829256,38.6176578372,0.21842783505154625,False,70,-0.0008508020445426867
20240314,20240313,300781,因赛集团,-0.04957997035084827,57.7,64.55,56.85,59.3,0.0135,tp,True,1,1.961982563515259,35.2750315008,0.21249258746787902,False,56,-0.0004665175124760612
20240314,20240313,002425,凯撒文化,-0.04807692307692313,3.96,4.25,3.8,3.91,0.0135,tp,True,2,3.1209347240839826,33.126693228,0.1243386243386244,False,56,-0.0004665175124760612
20240314,20240313,605588,冠石科技,-0.034294936453500124,47.87,48.6,45.04,45.82,0.0135,tp,True,3,2.1533858267716535,34.4152733188,0.05348424323124731,False,56,-0.0004665175124760612
20240315,20240314,002229,鸿博股份,-0.040504648074369265,28.9,29.7,28.5,29.48,0.0135,tp,True,1,2.2132766874759717,59.9194625715,0.12490869247626012,False,37,-0.0022085227254026174
20240315,20240314,002256,兆新股份,-0.027999999999999914,2.43,2.66,2.36,2.5,0.0135,tp,True,2,2.7905449666207405,68.487795484,0.057268722466960305,False,37,-0.0022085227254026174
20240318,20240315,603190,亚通精工,-0.04501915708812265,29.91,31.49,29.41,30.69,0.0135,tp,True,1,4.342284197913834,28.6104,0.1341763259571479,False,67,0.0008413430060498772
20240318,20240315,605056,咸亨国际,-0.04282115869017644,15.2,16.0,15.0,15.86,0.0135,tp,True,2,4.260233556715158,56.11199412,0.1087257617728532,False,67,0.0008413430060498772
20240318,20240315,002961,瑞达期货,-0.030619865571321903,12.98,14.0,12.88,13.44,0.0135,tp,True,3,3.0747015109357942,97.770892515,0.11092851273623676,False,67,0.0008413430060498772
20240319,20240318,603261,立航科技,-0.0498855835240275,41.52,45.99,41.15,43.0,0.0135,tp,True,1,1.210918782942022,43.9298464696,0.1049584696702744,False,80,-0.002252887423701666
20240319,20240318,000524,岭南控股,-0.03296703296703285,8.8,9.08,8.77,8.82,0.0135,tp,True,2,1.5678127220943572,70.4178940857,0.1039903264812575,False,80,-0.002252887423701666
20240319,20240318,600215,派斯林,-0.03162055335968361,9.8,9.93,9.61,9.78,-0.0035408163265307478,close,False,3,1.932032966149989,31.022347552,0.11086956521739126,False,80,-0.002252887423701666
20240320,20240319,603331,百达精工,-0.036401098901098994,14.03,15.1,13.81,14.26,0.0135,tp,True,1,1.5244129353515776,25.797611153600002,0.11782477341389731,False,58,-0.0013419268894723224
20240320,20240319,600506,统一股份,-0.029391660970608413,14.2,15.89,14.05,14.69,0.0135,tp,True,2,1.840432212077623,41.7871603836,0.11353383458646628,False,58,-0.0013419268894723224
20240320,20240319,300552,万集科技,-0.0249609984399376,25.0,27.99,24.62,26.98,0.0135,tp,True,3,1.6219896290679934,31.4957488458,0.1764155357978474,False,58,-0.0013419268894723224
20240321,20240320,000571,新大洲A,-0.06933333333333325,3.49,3.6,3.38,3.38,0.0135,tp,True,1,4.121162225504577,49.897718794999996,0.15835777126099707,False,75,0.0015326217898554706
20240321,20240320,603373,安邦护卫,-0.03992596509783175,36.31,41.51,35.68,37.52,0.0135,tp,True,2,3.1375435452459106,27.336204499800004,0.07242582897033165,False,75,0.0015326217898554706
20240321,20240320,605005,合兴股份,-0.02219755826859038,17.62,18.29,17.26,17.74,0.0135,tp,True,3,4.751357633603489,65.1224,0.10317460317460325,False,75,0.0015326217898554706
20240322,20240321,300542,新晨科技,-0.049792531120331995,13.74,13.95,13.01,13.14,0.0135,tp,True,1,3.7936594455500767,33.761505958,0.21825726141078844,False,67,-0.0021318704888677598
20240322,20240321,603042,华脉科技,-0.04895104895104907,13.6,15.1,13.6,14.04,0.0135,tp,True,2,3.178951642006496,29.9162812936,0.08230769230769233,False,67,-0.0021318704888677598
20240322,20240321,603261,立航科技,-0.03183023872679036,47.45,47.45,44.11,44.11,-0.07188988408851432,close,False,3,0.8400456441605914,43.9298464696,0.1349046015712682,False,67,-0.0021318704888677598
20240325,20240322,002213,大为股份,-0.06653620352250489,14.31,14.57,13.8,13.8,0.0135,tp,True,1,2.465504975364955,60.754390516099996,0.07030129124820664,False,56,-0.0024704481255106714
20240325,20240322,600234,科新发展,-0.04022988505747127,6.68,7.48,6.26,6.71,0.0135,tp,True,2,3.1028919817048553,55.6806983733,0.09794628751974725,False,56,-0.0024704481255106714
20240325,20240322,301306,西测测试,-0.040072039621791955,42.64,42.64,38.15,38.92,-0.08874202626641653,close,False,3,1.8334940561391067,58.96165,0.18368449486763921,False,56,-0.0024704481255106714
20240326,20240325,600683,京投发展,-0.041916167664670656,4.8,5.51,4.76,5.51,0.0135,tp,True,1,4.458256633383537,77.1890256074,0.13406593406593395,False,40,0.00020156560299500192
20240326,20240325,002735,王子新材,-0.03696741854636598,15.37,15.96,14.36,14.36,0.0135,tp,True,2,3.0074767053263036,33.6940141062,0.14197105444521024,False,40,0.00020156560299500192
20240326,20240325,003029,吉大正元,-0.03240740740740755,18.81,19.38,18.31,18.4,0.0135,tp,True,3,1.6106873374944737,30.481215396800003,0.11092246745897004,False,40,0.00020156560299500192
20240327,20240326,300242,佳云科技,-0.0633245382585752,3.55,3.83,3.45,3.48,0.0135,tp,True,1,3.0447314978590105,27.0320378028,0.20569620253164553,False,57,-0.0015405016691517615
20240327,20240326,603037,凯众股份,-0.02985611510791375,26.97,26.99,25.02,25.02,-0.0738025583982202,close,False,2,1.7479904386167202,27.892528069599997,0.1424614166996439,False,57,-0.0015405016691517615
20240327,20240326,002708,光洋股份,-0.02456778889899902,10.72,10.82,9.97,10.0,-0.0686641791044777,close,False,3,1.3439995411722128,65.58942617369999,0.14014014014014017,False,57,-0.0015405016691517615
20240328,20240327,603933,睿能科技,-0.06437221159974504,14.68,15.83,14.67,15.4,0.0135,tp,True,1,1.455139080537773,40.222138635,0.08555399719495084,False,43,-0.0015201427263675793
20240328,20240327,002869,金溢科技,-0.04716073147256983,19.8,22.8,19.6,21.78,0.0135,tp,True,2,1.4252769957783484,26.874015318399998,0.09952355743779791,False,43,-0.0015201427263675793
20240328,20240327,600463,空港股份,-0.03953488372093017,8.26,9.41,8.26,8.7,0.0135,tp,True,3,4.0291266077692605,25.38,0.1163682864450127,False,43,-0.0015201427263675793
20240329,20240328,605162,新中港,-0.04439252336448607,8.18,9.09,7.75,7.98,0.0135,tp,True,1,4.710037444858599,48.3588171612,0.06940874035989729,False,74,-0.0007573090285850625
20240329,20240328,603221,爱丽家居,-0.03002793296089379,13.89,15.75,12.89,12.89,0.0135,tp,True,2,3.3188690196511983,74.013485,0.02380952380952385,False,74,-0.0007573090285850625
20240329,20240328,600191,华资实业,-0.028301886792452713,5.15,5.55,5.08,5.25,0.0135,tp,True,3,2.169008197928764,51.645258,0.11410788381742734,False,74,-0.0007573090285850625
20240401,20240329,603037,凯众股份,-0.03618774632748123,26.9,30.7,26.03,29.3,0.0135,tp,True,1,1.5079057010356582,27.892528069599997,0.039810800157666595,False,66,0.0025812434030323406
20240402,20240401,603657,春光科技,-0.022727272727272596,12.9,13.15,12.4,12.56,0.0135,tp,True,1,3.685948176713348,33.581208419999996,0.1224999999999999,False,80,-0.0001624758723329789
20240403,20240402,600463,空港股份,-0.04718875502008035,9.49,9.65,9.08,9.18,0.0135,tp,True,1,2.76605700436007,25.38,0.1082872928176796,False,57,-2.2764523766261036e-05
20240403,20240402,600319,亚星化学,-0.024048096192384794,4.87,5.1,4.71,4.76,0.0135,tp,True,2,2.5457028948355154,26.0540706048,0.09911894273127757,False,57,-2.2764523766261036e-05
20240408,20240403,603967,中创物流,-0.07092819614711032,10.61,10.65,10.28,10.28,-0.03260273327049951,close,False,1,1.9403075701491144,40.594671741,0.14547206165703272,False,49,-0.003899912032059527
20240408,20240403,000850,华茂股份,-0.05352798053527985,3.89,3.95,3.7,3.7,0.0135,tp,True,2,4.714132341949928,41.0367854865,0.1096256684491979,False,49,-0.003899912032059527
20240408,20240403,301118,恒光股份,-0.04417122040072874,20.99,23.05,20.33,20.33,0.0135,tp,True,3,3.7417725553230703,25.6570590654,0.21639344262295085,False,49,-0.003899912032059527
20240409,20240408,600250,南京商旅,-0.04800724637681153,10.51,11.24,10.28,10.35,0.0135,tp,True,1,1.942552412451928,32.592864296799995,0.19521912350597603,False,56,-0.0008007745196173532
20240409,20240408,300310,宜通世纪,-0.043824701195219085,4.8,4.93,4.62,4.64,0.0135,tp,True,2,2.715408021983789,37.022566006800005,0.17464114832535876,False,56,-0.0008007745196173532
20240409,20240408,000751,锌业股份,-0.04065040650406504,3.54,3.69,3.41,3.62,0.0135,tp,True,3,4.821634075194162,85.305267696,0.09850746268656718,False,56,-0.0008007745196173532
20240410,20240409,002718,友邦吊顶,-0.04014336917562711,13.39,13.53,12.56,12.84,-0.04257542942494402,close,False,1,2.4645769538924194,82.4180114178,0.10962145110410085,False,58,-0.0008463067566769622
20240410,20240409,002196,方正电机,-0.03650793650793649,6.07,6.28,5.96,6.12,0.0135,tp,True,2,1.5160781367392937,52.20408693,0.09075043630017444,False,58,-0.0008463067566769622
20240410,20240409,600822,上海物贸,-0.030384271671134888,10.85,10.95,10.56,10.57,-0.027306451612903182,close,False,3,3.0681796360863234,34.2271792512,0.1091445427728613,False,58,-0.0008463067566769622
20240411,20240410,000421,南京公用,-0.03476821192052981,5.83,5.99,5.65,5.85,0.0135,tp,True,1,2.7149694223612886,33.591169287,0.11111111111111116,False,28,-0.0045452593539521136
20240412,20240411,301092,争光股份,-0.04577464788732388,27.1,30.5,26.5,27.71,0.0135,tp,True,1,1.7661756573324618,27.1926246956,0.1994085340092944,False,47,0.0004383290763780856
20240412,20240411,601121,宝地矿业,-0.0393258426966292,6.84,7.55,6.75,7.36,0.0135,tp,True,2,2.4819800708642457,59.36,0.0942812982998455,False,47,0.0004383290763780856
20240412,20240411,603721,中广天择,-0.029535864978902815,32.2,34.17,32.0,33.21,0.0135,tp,True,3,1.1095976588609977,27.313,0.10908488063660475,False,47,0.0004383290763780856
20240415,20240412,002476,新叶股份,-0.07031250000000011,4.76,4.93,4.61,4.61,0.0135,tp,True,1,1.6743239939522014,31.212,0.09892473118279568,False,57,-0.0019208669071061335
20240415,20240412,002574,明牌珠宝,-0.058479532163742576,6.44,6.54,6.16,6.16,0.0135,tp,True,2,2.3145511283286058,27.5088,0.09003215434083596,False,57,-0.0019208669071061335
20240415,20240412,600815,厦工股份,-0.0434782608695653,2.86,3.11,2.69,2.69,0.0135,tp,True,3,4.657347358575359,81.076117736,0.06617647058823535,False,57,-0.0019208669071061335
20240416,20240415,002927,泰永长征,-0.027128862094951023,12.91,13.88,11.94,11.94,0.0135,tp,True,1,2.1446569246976286,37.017734426400004,0.09286898839137639,False,25,-0.004523480888865561
20240417,20240416,000520,凤凰航运,-0.050193050193050204,2.46,2.6,2.46,2.55,0.0135,tp,True,1,1.768997866825699,42.811130146500005,0.11063829787234034,False,20,0.00032922412847047333
20240419,20240418,603357,设计总院,-0.06660899653979246,10.79,12.5,10.6,12.06,0.0135,tp,True,1,4.189241720356103,34.3613014089,0.06279733587059945,False,62,-0.004527977828522212
20240419,20240418,600738,丽尚国潮,-0.0488372093023256,4.09,4.09,3.9,3.93,-0.040619804400977955,close,False,2,3.100703357396373,32.9368462868,0.048593350383631585,False,62,-0.004527977828522212
20240419,20240418,603065,宿迁联盛,-0.03992210321324252,9.86,10.73,9.78,9.94,0.0135,tp,True,3,1.6677576362469781,68.12412720719999,0.12205567451820115,False,62,-0.004527977828522212
20240422,20240419,300164,通源石油,-0.05622489959839361,4.7,4.79,4.52,4.54,0.0135,tp,True,1,1.8515257194860975,61.9952860359,0.15662650602409645,False,56,-0.0020226669189563617
20240422,20240419,000520,凤凰航运,-0.051779935275080846,2.93,3.1,2.78,2.78,0.0135,tp,True,2,1.1401493927670576,42.811130146500005,0.13167259786476856,False,56,-0.0020226669189563617
20240422,20240419,301091,深城交,-0.0502227622519239,46.9,47.86,42.8,43.16,0.0135,tp,True,3,1.5433744462873031,99.39228,0.20704738760631844,False,56,-0.0020226669189563617
20240423,20240422,002676,顺威股份,-0.05747126436781613,4.1,4.44,4.1,4.24,0.0135,tp,True,1,2.028104002134657,38.3746533222,0.09620253164556948,False,54,-0.0019674177231819856
20240423,20240422,300581,晨曦航空,-0.04112554112554123,8.86,9.14,8.56,8.89,0.0135,tp,True,2,3.9404898199845544,58.0915680576,0.20389610389610394,False,54,-0.0019674177231819856
20240423,20240422,603848,好太太,-0.02779616148246189,14.69,14.83,14.09,14.5,-0.014433968686181018,close,False,3,1.2818893554377102,56.57835544659999,0.09825327510917028,False,54,-0.0019674177231819856
20240424,20240423,002590,万安科技,-0.051948051948051965,14.6,16.94,14.51,16.94,0.0135,tp,True,1,2.4989398779160537,50.176585087999996,0.10928571428571436,False,48,0.0024553438474113065
20240424,20240423,605003,众望布艺,-0.03975014196479265,16.91,17.24,16.45,17.15,0.0135,tp,True,2,3.6762617896622833,25.784,0.10306058713304175,False,48,0.0024553438474113065
20240424,20240423,301368,丰立智能,-0.027212439972558844,42.54,47.01,42.42,44.4,0.0135,tp,True,3,2.3173707155490373,45.998934165,0.1995060373216245,False,48,0.0024553438474113065
20240425,20240424,002296,辉煌科技,-0.05818540433925046,9.55,9.98,9.14,9.22,0.0135,tp,True,1,3.1664260382828298,32.205411658799996,0.060737527114967514,False,46,-0.002262859545063556
20240425,20240424,300103,达刚控股,-0.05542725173210161,4.09,4.26,3.93,3.96,0.0135,tp,True,2,2.7535793213307955,27.894239619,0.0831024930747922,False,46,-0.002262859545063556
20240425,20240424,300816,艾可蓝,-0.03978052126200282,21.0,21.2,20.2,20.56,-0.022452380952381057,close,False,3,3.6511232773267888,39.9102153892,0.14215418261344986,False,46,-0.002262859545063556
20240426,20240425,600234,科新发展,-0.0625,4.35,5.1,4.21,4.52,0.0135,tp,True,1,1.128414186710151,55.6806983733,0.049763033175355444,False,40,0.0006813194012249557
20240426,20240425,600470,六国化工,-0.03177966101694907,4.57,4.88,4.54,4.71,0.0135,tp,True,2,2.4769825384078357,33.1216,0.10023310023310017,False,40,0.0006813194012249557
20240426,20240425,000524,岭南控股,-0.021139705882353033,10.65,11.11,10.25,10.35,0.0135,tp,True,3,2.017732444050171,70.4178940857,0.11931243680485352,False,40,0.0006813194012249557
20240429,20240426,603188,亚邦股份,-0.07719298245614037,2.63,2.78,2.57,2.71,0.0135,tp,True,1,2.439914333306893,28.907619,0.11583011583011595,False,65,-0.0006345835060090899
20240429,20240426,000628,高新发展,-0.05868358445678035,47.48,50.64,47.3,48.97,0.0135,tp,True,2,0.8559192738711305,95.7540391885,0.0861504907306433,False,65,-0.0006345835060090899
20240429,20240426,300210,森远股份,-0.03894927536231885,10.61,10.92,10.37,10.76,0.0135,tp,True,3,2.7583517943418077,40.2871000896,0.17717391304347815,False,65,-0.0006345835060090899
20240430,20240429,301260,格力博,-0.04099462365591411,14.27,15.44,14.1,15.22,0.0135,tp,True,1,3.1432144563415116,25.441600088999998,0.12016129032258066,False,110,-0.0009251406984812638
20240430,20240429,600228,返利科技,-0.03980099502487566,5.79,6.03,5.6,5.7,0.0135,tp,True,2,1.377803856789633,38.025797977799996,0.09489051094890519,False,110,-0.0009251406984812638
20240430,20240429,300180,华峰超纤,-0.03917050691244239,4.17,4.17,3.96,4.02,-0.037471223021582845,close,False,3,1.6860779007036728,84.3580880994,0.19613259668508284,False,110,-0.0009251406984812638
20240506,20240430,002708,光洋股份,-0.035051546391752564,9.36,10.0,9.35,9.8,0.0135,tp,True,1,2.2325901898450975,65.58942617369999,0.09070294784580486,False,54,0.008918391404332704
20240507,20240506,600727,鲁北化工,-0.045454545454545525,8.19,9.35,8.1,8.95,0.0135,tp,True,1,2.1232465958685554,42.3395091135,0.15128205128205124,False,86,-0.00033750222878825564
20240507,20240506,000608,阳光股份,-0.03846153846153855,2.0,2.06,1.93,1.98,0.0135,tp,True,2,1.4574694113968496,41.821574902500004,0.05291005291005296,False,86,-0.00033750222878825564
20240507,20240506,002367,康力电梯,-0.02734375,7.47,7.52,7.33,7.41,-0.009532128514056213,close,False,3,4.136856264546092,47.690653860000005,0.09598853868194841,False,86,-0.00033750222878825564
20240508,20240507,301209,联合化学,-0.04321808510638292,28.78,35.85,28.2,35.35,0.0135,tp,True,1,4.75842056171624,79.47621346,0.11966493817311527,False,55,-0.0019855515385641676
20240508,20240507,000532,华金资本,-0.03804737975592243,13.4,13.6,13.01,13.1,-0.023888059701492603,close,False,2,2.832820996021299,39.9891904344,0.14060031595576614,False,55,-0.0019855515385641676
20240508,20240507,002748,世龙实业,-0.0265486725663715,8.8,8.88,8.27,8.28,-0.060590909090909195,close,False,3,2.8653950145497884,29.544,0.11922141119221394,False,55,-0.0019855515385641676
20240509,20240508,300175,朗源股份,-0.07599118942731276,8.39,8.65,7.86,8.27,0.0135,tp,True,1,3.1837948272206242,28.530479999999997,0.09247027741083214,False,46,-0.00010228609420559476
20240509,20240508,000816,智慧农业,-0.035573122529644174,2.44,2.47,2.4,2.42,-0.009696721311475419,close,False,2,3.797227339921627,43.905026696,0.1,False,46,-0.00010228609420559476
20240509,20240508,600611,大众交通,-0.03548387096774186,2.99,3.01,2.94,2.97,-0.008188963210702336,close,False,3,3.905138892418736,77.8531549272,0.06028368794326239,False,46,-0.00010228609420559476
20240510,20240509,002339,积成电子,-0.025437201907790197,6.13,6.92,6.04,6.92,0.0135,tp,True,1,1.5037249642215171,36.436193264399996,0.0856643356643357,False,52,0.0013536990539957383
20240513,20240510,300511,雪榕生物,-0.06471816283924836,4.48,4.55,4.13,4.18,0.0135,tp,True,1,2.026303467509146,32.8145882688,0.13032581453634096,False,36,-0.004777226545783164
20240514,20240513,600644,乐山电力,-0.05684754521963831,7.3,8.15,7.3,7.75,0.0135,tp,True,1,3.7154085532338073,51.9910415382,0.09375000000000001,False,28,0.0002636577912464855
20240514,20240513,600505,西昌电力,-0.0366242038216561,12.1,13.82,11.81,13.82,0.0135,tp,True,2,2.1774227904236536,38.97226575,0.04903677758318743,False,28,0.0002636577912464855
20240514,20240513,002927,泰永长征,-0.029812054439403712,14.97,16.88,14.75,15.14,0.0135,tp,True,3,2.949412667872274,37.017734426400004,0.08624376336421946,False,28,0.0002636577912464855
20240515,20240514,301230,泓博医药,-0.07156580211335262,38.66,39.22,36.07,36.23,-0.06435566476978788,close,False,1,2.2664388325119837,50.126359052000005,0.18559077809798263,False,46,-0.0014368501193666727
20240515,20240514,300069,金利华电,-0.06471095772217428,10.84,13.54,10.83,12.48,0.0135,tp,True,2,4.910397094813295,30.5136,0.19565217391304354,False,46,-0.0014368501193666727
20240515,20240514,600505,西昌电力,-0.05354558610709115,13.08,13.8,12.44,12.44,0.0135,tp,True,3,1.9667094389776154,38.97226575,0.16003184713375793,False,46,-0.0014368501193666727
20240516,20240515,300641,正丹股份,-0.07608695652173914,25.5,27.58,25.2,26.8,0.0135,tp,True,1,1.3030913205449872,76.413691934,0.24304347826086956,False,30,0.0023334081220551806
20240516,20240515,002425,凯撒文化,-0.06528189910979232,3.15,3.43,3.14,3.26,0.0135,tp,True,2,2.920230351649901,33.126693228,0.07189542483660137,False,30,0.0023334081220551806
20240517,20240516,300991,创益通,-0.03786057692307687,16.01,19.0,16.0,17.29,0.0135,tp,True,1,4.596848539311916,29.35624545,0.17952415284787313,False,41,-0.00022098385857038938
20240517,20240516,002470,金正大,-0.03508771929824561,1.65,1.71,1.61,1.62,0.0135,tp,True,2,4.04863033007475,76.22929947440001,0.025806451612903247,False,41,-0.00022098385857038938
20240520,20240517,300542,新晨科技,-0.0782898389783454,16.6,17.29,15.93,16.25,0.0135,tp,True,1,2.5850253899034388,33.761505958,0.16055962691538986,False,75,0.0006721559401781096
20240520,20240517,300917,特发服务,-0.06439393939393945,37.05,44.18,36.7,40.9,0.0135,tp,True,2,1.4014025997658344,52.052,0.2266666666666668,False,75,0.0006721559401781096
20240520,20240517,600665,天地源,-0.04225352112676051,3.4,3.65,3.2,3.2,0.0135,tp,True,3,2.066115999658393,30.9355862518,0.1052631578947368,False,75,0.0006721559401781096
20240521,20240520,300159,新研股份,-0.07692307692307687,3.0,3.05,2.85,2.9,0.0135,tp,True,1,2.2078007536269886,58.5474634554,0.2398523985239852,False,44,-0.0020402693029343277
20240521,20240520,605303,园林股份,-0.05468025949953659,10.2,10.2,9.71,9.71,-0.04953921568627434,close,False,2,4.335049385407409,39.6966498496,0.04892966360856255,False,44,-0.0020402693029343277
20240521,20240520,002264,新 华 都,-0.02770780856423183,7.72,7.88,7.19,7.33,0.0135,tp,True,3,1.2123380043577123,45.4333694656,0.1024930747922438,False,44,-0.0020402693029343277
20240523,20240522,300162,雷曼光电,-0.06685236768802216,10.05,10.83,9.51,10.13,0.0135,tp,True,1,2.1122831297886,26.857639104999997,0.2015590200445433,False,39,-0.0027417730976969645
20240523,20240522,600775,南京熊猫,-0.04011461318051579,10.05,10.3,9.9,9.97,0.0135,tp,True,2,4.18360085819432,67.1838529,0.11134453781512611,False,39,-0.0027417730976969645
20240523,20240522,000560,我爱我家,-0.034574468085106336,3.63,3.79,3.45,3.69,0.0135,tp,True,3,2.203153815377315,74.73175099609999,0.07309941520467836,False,39,-0.0027417730976969645
20240524,20240523,301366,一博科技,-0.0505050505050505,37.6,38.56,35.2,35.22,0.0135,tp,True,1,3.1096716712619044,64.46499436,0.06363636363636369,False,23,-0.0018097863232778844
20240524,20240523,600843,上工申贝,-0.039433771486349856,9.5,9.96,8.9,8.9,0.0135,tp,True,2,1.242257262234445,33.924803379000004,0.06006674082313692,False,23,-0.0018097863232778844
20240524,20240523,000514,渝 开 发,-0.02982107355864816,4.88,4.9,4.53,4.53,-0.07322131147540972,close,False,3,3.0622241649857997,35.6915118195,0.17505470459518593,False,23,-0.0018097863232778844
20240527,20240524,603190,亚通精工,-0.03985507246376818,29.15,29.44,28.1,28.82,-0.01282075471698113,close,False,1,2.716552511415525,28.6104,0.10724637681159423,False,35,0.0017061255410555365
20240527,20240524,002886,沃特股份,-0.024930747922437657,17.6,17.6,16.25,16.35,-0.0725227272727273,close,False,2,2.2897395251986157,58.625517185599996,0.03351614868982332,False,35,0.0017061255410555365
20240529,20240528,600505,西昌电力,-0.05397301349325345,12.62,12.85,12.01,12.44,0.0135,tp,True,1,1.6726459175820254,38.97226575,0.12036273701566357,False,28,-0.0004952453233083576
20240529,20240528,300215,电科院,-0.030261348005502064,7.05,7.45,6.8,7.08,0.0135,tp,True,2,1.6778874115597944,49.215488085900006,0.17656765676567648,False,28,-0.0004952453233083576
20240529,20240528,002843,泰嘉股份,-0.023157894736842155,18.56,19.16,17.92,18.29,0.0135,tp,True,3,1.7363159533165349,41.2713356576,0.08859293572669376,False,28,-0.0004952453233083576
20240531,20240530,301517,陕西华达,-0.04259747467739683,69.0,82.88,68.5,75.06,0.0135,tp,True,1,2.010651117589893,37.583926674,0.24908424908424898,False,28,0.000996222118718748
20240603,20240531,002037,保利联合,-0.03546099290780147,6.8,6.85,6.54,6.62,-0.027970588235294025,close,False,1,1.9309592614664972,34.2105681162,0.10108864696734066,False,31,-0.0002688860020538808
20240605,20240604,301176,逸豪新材,-0.0425411230856495,16.88,19.87,16.57,18.8,0.0135,tp,True,1,4.469520536790332,74.80844570400001,0.10415248468345797,False,31,-0.0016660196687369178
20240605,20240604,300822,贝仕达克,-0.04143019296254258,16.89,17.62,15.8,16.71,0.0135,tp,True,2,2.4423721797304543,35.5736887547,0.12397820163487741,False,31,-0.0016660196687369178
20240605,20240604,300918,南山智尚,-0.0234375,12.5,13.25,11.6,12.44,0.0135,tp,True,3,3.872843344123476,53.9539299182,0.20056232427366452,False,31,-0.0016660196687369178
20240607,20240606,301176,逸豪新材,-0.06914893617021267,21.0,22.06,18.1,18.93,0.0135,tp,True,1,2.8996835251292237,74.80844570400001,0.1654255319148936,False,21,0.0016826347501797123
20240611,20240607,601929,吉视传媒,-0.02631578947368407,1.11,1.16,1.06,1.11,0.0135,tp,True,1,1.257513745136647,91.78142881839999,0.05769230769230753,False,57,-0.002998741511759051
20240611,20240607,300103,达刚控股,-0.022004889975550057,4.0,4.41,3.75,4.24,0.0135,tp,True,2,1.8554434123812984,27.894239619,0.1730205278592375,False,57,-0.002998741511759051
20240612,20240611,003026,中晶科技,-0.07680209698558327,35.22,37.88,35.16,35.89,0.0135,tp,True,1,3.1835064728586455,41.604621263999995,0.1361014994232987,False,27,-0.0009081752282822375
20240613,20240612,600653,申华控股,-0.045751633986928164,1.46,1.5,1.38,1.39,0.0135,tp,True,1,1.560696991733902,34.2562935792,0.1438848920863309,False,46,0.00020411724231039763
20240613,20240612,603386,骏亚科技,-0.03603603603603611,10.7,11.77,10.37,10.4,0.0135,tp,True,2,4.71758556735795,46.435700288,0.08622398414271548,False,46,0.00020411724231039763
20240614,20240613,002263,大东南,-0.03056768558951961,2.22,2.28,2.2,2.21,0.0135,tp,True,1,4.5833142564737885,60.85838124000001,0.09615384615384624,False,34,-0.0026279994189347677
20240614,20240613,000829,天音控股,-0.030334728033472924,9.27,9.55,9.06,9.34,0.0135,tp,True,2,1.5932939061814346,93.8102776804,0.10011507479861922,False,34,-0.0026279994189347677
20240614,20240613,002380,科远智慧,-0.025602409638554313,19.41,19.71,18.78,18.91,0.0135,tp,True,3,3.3663749157580054,41.040071514,0.09607951408061856,False,34,-0.0026279994189347677
20240617,20240614,002350,北京科锐,-0.04873646209386295,5.27,5.58,5.24,5.31,0.0135,tp,True,1,4.518608567182497,78.8930037377,0.07539682539682538,False,23,-0.004916524600759198
20240617,20240614,600830,香溢融通,-0.04695431472081224,7.51,7.82,7.43,7.71,0.0135,tp,True,2,1.4336406467427332,41.9339895481,0.10474860335195531,False,23,-0.004916524600759198
20240618,20240617,300125,聆达股份,-0.05241935483870963,2.35,2.42,2.27,2.28,0.0135,tp,True,1,1.2344739049881088,34.9576400271,0.1835748792270531,False,25,-0.00027189320565390585
20240618,20240617,600192,长城电工,-0.030131826741996104,5.15,5.32,4.82,4.96,0.0135,tp,True,2,4.7128838849496715,31.7175064,0.02484472049689425,False,25,-0.00027189320565390585
20240619,20240618,000980,众泰汽车,-0.023668639053254448,1.65,1.66,1.58,1.59,-0.037863636363636266,close,False,1,3.009955366787845,87.7392535986,0.11038961038961034,False,42,-0.0003795066413662118
20240619,20240618,300868,杰美特,-0.020087655222790435,26.83,28.48,25.55,26.27,0.0135,tp,True,2,2.062892203231307,71.11578099500001,0.15644171779141106,False,42,-0.0003795066413662118
20240620,20240619,301027,华蓝集团,-0.033975084937712396,8.53,8.88,8.04,8.11,0.0135,tp,True,1,4.7467424342539974,26.748548397,0.11005434782608702,False,37,-0.0007720216696212034
20240620,20240619,300284,苏交科,-0.028473804100227817,8.53,8.66,8.22,8.25,0.0135,tp,True,2,3.567891545440106,63.8684155161,0.2008196721311475,False,37,-0.0007720216696212034
20240621,20240620,002199,东晶电子,-0.06724511930585697,8.6,10.0,8.3,8.3,0.0135,tp,True,1,1.4551891106632946,28.5394986948,0.2004773269689738,False,24,-0.002395655877342473
20240621,20240620,301189,奥尼电子,-0.03011635865845308,28.34,28.34,26.31,26.63,-0.06183874382498239,close,False,2,4.42394745172523,85.28885658,0.2172484599589322,False,24,-0.002395655877342473
20240621,20240620,003026,中晶科技,-0.027645908963976562,34.82,34.97,32.23,33.71,-0.03337823090178055,close,False,3,1.5559112121574727,41.604621263999995,0.08233486943164363,False,24,-0.002395655877342473
20240624,20240621,000504,南华生物,-0.05961070559610704,7.73,7.8,7.4,7.4,-0.04419081500646832,close,False,1,4.778790526214855,27.2184223146,0.09906291834002681,False,32,-0.005106499362938388
20240624,20240621,002173,创新医疗,-0.030042918454935563,6.78,6.95,6.61,6.76,0.0135,tp,True,2,2.4858814938561515,80.0906153993,0.08503937007874017,False,32,-0.005106499362938388
20240626,20240625,600743,华远控股,-0.048387096774193616,1.18,1.25,1.18,1.22,0.0135,tp,True,1,3.0849751532321186,53.021879752400004,0.10619469026548663,False,55,-0.0022203389830509623
20240626,20240625,603617,君禾股份,-0.02590673575129543,5.64,6.17,5.6,6.0,0.0135,tp,True,2,1.0559841087630006,27.6509330955,0.1083650190114069,False,55,-0.0022203389830509623
20240626,20240625,600684,珠江股份,-0.025270758122743597,2.7,2.79,2.66,2.71,0.0135,tp,True,3,4.302253806674417,32.0901231848,0.0992063492063492,False,55,-0.0022203389830509623
20240627,20240626,603386,骏亚科技,-0.05660377358490576,12.0,13.99,11.76,12.29,0.0135,tp,True,1,2.992919744566837,46.435700288,0.07958477508650517,False,50,-0.003306947280599437
20240627,20240626,002134,天津普林,-0.039433771486349856,9.5,9.78,9.17,9.3,0.0135,tp,True,2,2.4925367333028072,55.50898050000001,0.14349276974416028,False,50,-0.003306947280599437
20240627,20240626,300386,飞天诚信,-0.02855051244509521,13.27,13.52,11.61,12.23,0.0135,tp,True,3,2.768039080410158,33.0511834105,0.2486818980667838,False,50,-0.003306947280599437
20240628,20240627,301112,信邦智能,-0.048031155344006926,22.0,24.73,21.57,21.69,0.0135,tp,True,1,4.711983389361281,33.56515304,0.16199376947040503,False,28,-0.0018840063139670127
20240701,20240628,600076,康欣新材,-0.054421768707483054,1.39,1.62,1.36,1.62,0.0135,tp,True,1,2.3482473117595006,44.1010224376,0.02985074626865674,False,32,-0.0007245400013480285
20240701,20240628,301326,捷邦科技,-0.030116779348494216,31.56,31.56,30.1,30.6,-0.03191825095057027,close,False,2,3.8329634488762463,76.183183041,0.23008849557522118,False,32,-0.0007245400013480285
20240702,20240701,605066,天正电气,-0.021207177814029365,6.0,6.27,5.83,6.06,0.0135,tp,True,1,4.949485274727462,36.1249416875,0.12028725314183122,False,39,-0.0006244302491376086
20240703,20240702,000520,凤凰航运,-0.03076923076923077,2.52,2.65,2.52,2.53,0.0135,tp,True,1,3.111569904760639,42.811130146500005,0.11016949152542384,False,46,-0.00045044894745105424
20240703,20240702,300579,数字认证,-0.02857142857142858,23.12,27.5,22.7,25.98,0.0135,tp,True,2,2.3274784108564415,62.204764497300005,0.1613716591023701,False,46,-0.00045044894745105424
20240704,20240703,603079,圣达生物,-0.07939053728949486,11.48,12.33,11.22,11.25,0.0135,tp,True,1,2.5317731642003123,25.4622903528,0.09435626102292771,False,34,0.000821491560431431
20240704,20240703,002279,久其软件,-0.07047619047619047,4.88,5.46,4.87,4.98,0.0135,tp,True,2,2.67920953863634,56.681492157600005,0.04612159329140456,False,34,0.000821491560431431
20240704,20240703,600881,亚泰集团,-0.05309734513274322,1.07,1.2,1.03,1.15,0.0135,tp,True,3,2.7649571921056846,63.35015936480001,0.02912621359223282,False,34,0.000821491560431431
20240708,20240705,300311,任子行,-0.04978354978354993,4.39,4.89,4.28,4.44,0.0135,tp,True,1,1.7087217801193506,30.2023910266,0.20779220779220786,False,34,-0.0034204201455626526
20240708,20240705,300287,飞利信,-0.04761904761904767,2.0,2.15,1.99,2.05,0.0135,tp,True,2,2.550697837305998,50.269141927999996,0.23428571428571437,False,34,-0.0034204201455626526
20240708,20240705,002420,毅昌科技,-0.039548022598870025,5.1,5.2,4.97,5.05,0.0135,tp,True,3,2.2564906549976116,25.60545944,0.11801242236024832,False,34,-0.0034204201455626526
20240710,20240709,600185,珠免集团,-0.023809523809523836,5.33,5.6,4.98,5.02,0.0135,tp,True,1,4.278242078585077,91.4227810575,0.05645161290322586,False,49,-0.0034939868958594467
20240710,20240709,002388,新亚制程,-0.021943573667711602,3.12,3.17,3.0,3.03,0.0135,tp,True,2,2.0016823612192347,33.511995369,0.12068965517241383,False,49,-0.0034939868958594467
20240711,20240710,301228,实朴检测,-0.07698001480384897,12.47,14.62,12.3,13.1,0.0135,tp,True,1,3.3730850265482277,81.77181903,0.15186500888099458,False,42,0.006086358935278424
20240711,20240710,300942,易瑞生物,-0.06965174129353213,7.48,8.18,7.35,7.75,0.0135,tp,True,2,3.876825067269901,27.423773491499997,0.22537313432835804,False,42,0.006086358935278424
20240711,20240710,002852,道道全,-0.02130325814536349,7.81,8.21,7.75,7.9,0.0135,tp,True,3,3.2008951668534964,25.180631522600002,0.11586206896551735,False,42,0.006086358935278424
20240715,20240712,600721,百花医药,-0.026446280991735516,5.89,5.94,5.75,5.8,-0.016780135823429465,close,False,1,2.0340698621061057,50.7218330565,0.09999999999999996,False,32,-0.0025073200282705876
20240716,20240715,603223,恒通股份,-0.029197080291970656,6.65,7.13,6.65,6.77,0.0135,tp,True,1,2.2688997059006866,72.8408503176,0.08988764044943813,False,27,-0.0033994505734682434
20240717,20240716,600611,大众交通,-0.022448979591836782,4.79,5.15,4.7,4.88,0.0135,tp,True,1,1.5863299761392398,77.8531549272,0.13707865168539332,False,26,-0.0018445721197460907
20240718,20240717,605178,时空科技,-0.06054279749478075,13.5,13.7,12.93,12.93,-0.04372222222222227,close,False,1,2.418448948703033,66.879,0.05895865237366,False,25,-0.003952275680510375
20240718,20240717,603628,清源股份,-0.023117076808352066,13.1,14.43,12.7,13.63,0.0135,tp,True,2,1.6404244257406815,27.4078888711,0.0672682526661198,False,25,-0.003952275680510375
20240719,20240718,600620,天宸股份,-0.055118110236220486,4.8,5.04,4.63,4.73,0.0135,tp,True,1,3.706042100065644,31.037805507599998,0.09956709956709955,False,38,-0.0045748758032063686
20240719,20240718,002038,双鹭药业,-0.024032042723631575,7.31,7.36,7.15,7.31,-0.0015,close,False,2,2.0487708342495274,52.154320903199995,0.11600587371512483,False,38,-0.0045748758032063686
20240719,20240718,000572,海马汽车,-0.021406727828746086,3.2,3.46,3.15,3.23,0.0135,tp,True,3,1.4635415551519564,65.1974467599,0.13468013468013465,False,38,-0.0045748758032063686
20240722,20240719,600841,动力新科,-0.05764966740576494,4.25,4.87,4.14,4.44,0.0135,tp,True,1,1.3377335844979326,60.8083274172,0.11219512195121951,False,37,-0.0013814794571992417
20240722,20240719,300611,美力科技,-0.03333333333333344,8.7,8.8,8.45,8.6,-0.012994252873563204,close,False,2,1.9467164340582062,39.329950296,0.09066666666666663,False,37,-0.0013814794571992417
20240723,20240722,002819,东方中科,-0.04332904332904319,22.3,23.35,21.61,21.7,0.0135,tp,True,1,3.759468860424028,51.399709273199996,0.04294478527607362,False,42,-0.001254967580004096
20240724,20240723,601188,龙江交通,-0.07407407407407407,3.5,3.65,3.4,3.4,0.0135,tp,True,1,1.3377684933348502,38.7724564755,0.08720930232558134,False,42,-0.0021335199305747565
20240724,20240723,601218,吉鑫科技,-0.04140127388535042,3.01,3.32,2.83,2.96,0.0135,tp,True,2,4.770152448399446,44.1879281472,0.13684210526315793,False,42,-0.0021335199305747565
20240724,20240723,301370,国科恒泰,-0.03333333333333344,11.02,11.3,10.56,10.72,0.0135,tp,True,3,3.6712627449578665,41.6481,0.21999999999999997,False,42,-0.0021335199305747565
20240725,20240724,600272,开开实业,-0.054744525547445355,10.36,10.37,9.86,9.89,-0.04686679536679522,close,False,1,2.1666402074403344,32.144,0.11445783132530125,False,30,-0.003466634504385002
20240725,20240724,603458,勘设股份,-0.03979238754325265,5.55,5.61,5.2,5.2,-0.06456306306306298,close,False,2,2.4948814867312388,29.3573408926,0.022857142857142878,False,30,-0.003466634504385002
20240725,20240724,301226,祥明智能,-0.03288201160541593,25.0,31.02,24.5,31.02,0.0135,tp,True,3,3.2537070032917583,32.66176,0.1731662024141133,False,30,-0.003466634504385002
20240726,20240725,600650,锦江在线,-0.05727204220045212,12.51,14.53,11.94,13.28,0.0135,tp,True,1,0.8771197254878546,43.5474483625,0.07296849087893856,False,42,-0.00025634452704426103
20240726,20240725,001212,中旗新材,-0.05074844833880976,26.0,26.0,24.65,24.65,-0.05342307692307696,close,False,2,2.1696519332856443,60.5821109946,0.06425702811244986,False,42,-0.00025634452704426103
20240726,20240725,301226,祥明智能,-0.04900064474532562,29.5,30.1,25.55,25.86,0.0135,tp,True,3,2.8475118139503803,32.66176,0.2522243713733075,False,42,-0.00025634452704426103
20240729,20240726,601388,怡球资源,-0.022421524663677084,2.18,2.26,2.17,2.23,0.0135,tp,True,1,4.483362531769515,77.26291382160001,0.0591133004926109,False,61,-0.0004946556435713179
20240730,20240729,001316,润贝航科,-0.030127142067440493,35.09,35.11,32.56,33.44,-0.04852194357366785,close,False,1,4.5261168717899025,40.4189184,0.09668592277287928,False,67,-0.002292650033715482
20240730,20240729,002177,御银股份,-0.02680965147453085,3.63,3.98,3.58,3.59,0.0135,tp,True,2,2.3416877348115746,42.2192974554,0.10029498525073742,False,67,-0.002292650033715482
20240730,20240729,600817,宇通重工,-0.025375939849624163,10.37,11.5,9.81,10.79,0.0135,tp,True,3,1.3258090649689567,52.2608452002,0.11995863495346434,False,67,-0.002292650033715482
20240731,20240730,603716,塞力医疗,-0.07002801120448177,6.64,7.25,6.5,6.82,0.0135,tp,True,1,1.964540565418491,39.671438289,0.1047765793528505,False,60,-0.0006112596811725934
20240801,20240731,600721,百花医药,-0.0205580029368575,6.67,7.09,6.48,6.51,0.0135,tp,True,1,4.498849614324203,50.7218330565,0.12116316639741517,False,84,0.00046618460229685965
20240801,20240731,600830,香溢融通,-0.02015677491601342,8.75,8.88,8.51,8.61,-0.017500000000000016,close,False,2,1.713150525665072,41.9339895481,0.09113300492610842,False,84,0.00046618460229685965
20240802,20240801,603988,中电电机,-0.05802562170308967,12.5,12.75,11.94,11.94,0.0135,tp,True,1,2.313742737126125,46.546079999999996,0.10862354892205628,False,58,-0.006605533370390715
20240802,20240801,601002,晋亿实业,-0.03003003003003002,3.23,3.65,3.14,3.36,0.0135,tp,True,2,3.9215850311317433,52.97145996,0.0990099009900991,False,58,-0.006605533370390715
20240802,20240801,600843,上工申贝,-0.02644230769230782,8.1,9.1,8.03,8.41,0.0135,tp,True,3,2.465478719293274,33.924803379000004,0.07539682539682543,False,58,-0.006605533370390715
20240805,20240802,301075,多瑞医药,-0.043743641912512676,18.8,18.98,17.29,17.49,-0.07118085106382993,close,False,1,4.674129580553779,32.83932,0.21184371184371178,False,49,-0.005500216842090788
20240806,20240805,600721,百花医药,-0.048223350253807085,7.5,8.67,7.18,8.0,0.0135,tp,True,1,2.0432759246370953,50.7218330565,0.08659217877094974,False,50,0.006274688013423457
20240806,20240805,301213,观想科技,-0.04594381727487529,36.34,37.46,34.92,35.73,0.0135,tp,True,2,1.8965544336620437,29.6531836928,0.21613106490233155,False,50,0.006274688013423457
20240807,20240806,301232,飞沃科技,-0.06563593932322054,32.03,35.88,31.78,32.6,0.0135,tp,True,1,1.9971949418258144,64.0580149454,0.15015750787539386,False,58,-0.001140453670377517
20240807,20240806,605098,行动教育,-0.04471544715447151,37.6,41.88,36.07,37.24,0.0135,tp,True,2,3.1186610118146016,68.53360717,0.14952487423141422,False,58,-0.001140453670377517
20240807,20240806,000560,我爱我家,-0.030100334448160626,2.9,2.94,2.78,2.81,-0.03253448275862064,close,False,3,1.2155750744083254,74.73175099609999,0.11397058823529413,False,58,-0.001140453670377517
20240808,20240807,300040,九洲集团,-0.05762711864406789,5.56,5.73,5.4,5.42,0.0135,tp,True,1,4.781712565625934,30.180795435999997,0.16666666666666674,False,50,-0.00176665516772756
20240808,20240807,603131,上海沪工,-0.05604719764011801,16.0,16.0,15.26,15.26,-0.047750000000000015,close,False,2,2.002146616352431,49.491670618,0.08955223880597009,False,50,-0.00176665516772756
20240808,20240807,600855,航天长峰,-0.0348742903487429,11.9,12.08,11.1,11.1,0.0135,tp,True,3,1.439666898721502,59.20318956479999,0.127564674397859,False,50,-0.00176665516772756
20240809,20240808,000011,深物业A,-0.0491803278688524,8.12,9.39,8.02,9.39,0.0135,tp,True,1,2.1560460342371712,48.2251597388,0.034793814432989636,False,42,0.003473988640719128
20240809,20240808,300189,神农种业,-0.042553191489361764,2.25,2.5,2.16,2.32,0.0135,tp,True,2,3.631900841521491,66.911907012,0.21428571428571436,False,42,0.003473988640719128
20240809,20240808,300647,超频三,-0.040590405904059046,5.2,5.88,5.16,5.42,0.0135,tp,True,3,3.8599195026296633,38.4036042263,0.17477876106194692,False,42,0.003473988640719128
20240812,20240809,003026,中晶科技,-0.05882352941176483,30.24,32.69,29.01,31.49,0.0135,tp,True,1,1.344370867363948,41.604621263999995,0.03765833618623764,False,30,-0.0011529632903476417
20240812,20240809,603139,康惠股份,-0.05133767172812731,13.12,15.21,13.06,14.9,0.0135,tp,True,2,1.7452024817237402,36.116608,0.02625298329355609,False,30,-0.0011529632903476417
20240812,20240809,603978,深圳新星,-0.03139013452914796,10.8,11.45,10.55,10.83,0.0135,tp,True,3,1.447678170810412,43.3798784445,0.1627218934911243,False,30,-0.0011529632903476417
20240813,20240812,301060,兰卫医学,-0.03118503118503113,9.32,9.32,8.77,9.08,-0.027251072961373468,close,False,1,4.637134979439464,39.5102548479,0.19576059850374047,False,34,0.0007732139108529434
20240813,20240812,300622,博士眼镜,-0.02413603949533738,17.79,21.88,17.79,21.88,0.0135,tp,True,2,3.1533355404734316,35.5041178824,0.2117028270874425,False,34,0.0007732139108529434
20240813,20240812,300875,捷强装备,-0.022183558068725406,22.48,25.65,21.9,23.32,0.0135,tp,True,3,2.6159559951043145,29.568234119200003,0.18789144050104373,False,34,0.0007732139108529434
20240815,20240814,301151,冠龙节能,-0.06195546950629238,19.38,22.0,19.0,19.15,0.0135,tp,True,1,4.2471167624267885,36.3384487549,0.19454123112659708,False,35,-0.002262641853612468
20240815,20240814,002037,保利联合,-0.045226130653266416,7.6,8.27,7.17,7.38,0.0135,tp,True,2,1.914000581823105,34.2105681162,0.042817679558010996,False,35,-0.002262641853612468
20240815,20240814,002272,川润股份,-0.024390243902439046,4.8,5.41,4.67,5.2,0.0135,tp,True,3,1.7773545380995928,70.42226294129999,0.02684563758389264,False,35,-0.002262641853612468
20240816,20240815,600686,金龙汽车,-0.07023749368367871,18.4,19.13,17.81,17.81,0.0135,tp,True,1,1.2178899970173034,81.8151102797,0.17065036131183994,False,47,0.00020157366474826688
20240816,20240815,600817,宇通重工,-0.055053410024650806,11.5,13.0,11.5,12.23,0.0135,tp,True,2,1.8196873547347343,52.2608452002,0.10578661844484628,False,47,0.00020157366474826688
20240816,20240815,300269,联建光电,-0.030000000000000027,3.88,4.54,3.52,3.64,0.0135,tp,True,3,2.1371138054719476,27.123298924800004,0.2552552552552553,False,47,0.00020157366474826688
20240819,20240816,603215,比依股份,-0.048913043478260865,14.0,15.82,13.85,14.63,0.0135,tp,True,1,1.5036154621588091,27.634908888,0.0695067264573992,False,39,-0.0005139906161983898
20240819,20240816,002256,兆新股份,-0.040462427745664775,1.66,1.9,1.65,1.8,0.0135,tp,True,2,3.2641165343637333,68.487795484,0.13375796178343946,False,39,-0.0005139906161983898
20240819,20240816,300968,格林精密,-0.039777983348751156,10.38,10.38,9.34,9.45,-0.0910953757225435,close,False,3,4.5255139229725545,44.64504,0.19866814650388467,False,39,-0.0005139906161983898
20240820,20240819,300511,雪榕生物,-0.06830601092896171,3.41,3.53,3.25,3.32,0.0135,tp,True,1,2.7393280639153725,32.8145882688,0.20983606557377055,False,41,0.0006496939872204788
20240820,20240819,001298,好上好,-0.051024352531890194,24.55,28.46,23.89,25.31,0.0135,tp,True,2,1.426717740315127,77.613404844,0.04889455782312934,False,41,0.0006496939872204788
20240820,20240819,002425,凯撒文化,-0.028213166144200552,3.1,3.49,3.01,3.22,0.0135,tp,True,3,1.8418086427708489,33.126693228,0.12758620689655176,False,41,0.0006496939872204788
20240822,20240821,002199,东晶电子,-0.027982326951399128,6.6,6.96,6.18,6.29,0.0135,tp,True,1,3.7502214480743143,28.5394986948,0.0777957860615884,False,39,-0.00013302620616262306
20240822,20240821,001298,好上好,-0.02155172413793105,27.24,29.44,26.66,27.65,0.0135,tp,True,2,1.661566740469224,77.613404844,0.12998814697747924,False,39,-0.00013302620616262306
20240823,20240822,600501,航天晨光,-0.058201058201058364,16.02,16.18,15.31,15.31,-0.04581960049937578,close,False,1,1.802521244362327,62.8901574,0.10852713178294583,False,28,-0.0014041147582991576
20240823,20240822,300005,探路者,-0.03960396039603953,5.82,5.94,5.48,5.52,0.0135,tp,True,2,3.8373678102678936,95.3685677568,0.20594059405940596,False,28,-0.0014041147582991576
20240823,20240822,600650,锦江在线,-0.03502501786990708,13.5,13.84,12.59,13.16,0.0135,tp,True,3,1.9490210412173934,43.5474483625,0.10691823899371064,False,28,-0.0014041147582991576
20240826,20240823,300400,劲拓股份,-0.03730846102598273,14.45,16.25,14.2,15.7,0.0135,tp,True,1,1.9795807766063696,72.63099625,0.22621902478017586,False,39,0.00038537400547222767
20240827,20240826,301326,捷邦科技,-0.06543708943911053,36.99,37.0,33.7,33.76,-0.08882089753987571,close,False,1,1.8810287587898975,76.183183041,0.18344451182534863,False,42,-0.001624922956239061
20240827,20240826,300709,精研科技,-0.02897773007781068,36.19,36.19,32.4,33.25,-0.082737911025145,close,False,2,1.732617933841209,67.4775274983,0.19285254346426278,False,42,-0.001624922956239061
20240827,20240826,002805,丰元股份,-0.026236125126135157,9.65,10.1,9.58,9.9,0.0135,tp,True,3,0.9443237752304185,51.6924990072,0.10876803551609328,False,42,-0.001624922956239061
20240829,20240828,603138,海量数据,-0.02135231316725983,11.0,11.76,10.82,11.64,0.0135,tp,True,1,2.065526940027796,38.378433335,0.13111545988258314,False,38,-0.002812404182658268
20240830,20240829,603176,汇通集团,-0.027568922305764465,3.88,4.25,3.88,3.98,0.0135,tp,True,1,3.783548609089225,25.030481671,0.07988980716253445,False,49,-0.0012255987191430728
20240902,20240830,300399,天利科技,-0.07496012759170645,11.6,12.19,11.36,11.6,0.0135,tp,True,1,2.432942752650111,42.203242859999996,0.2,False,62,-0.0034691314153423303
20240902,20240830,600156,华升股份,-0.04143646408839774,3.47,3.62,3.28,3.41,0.0135,tp,True,2,4.621768856714563,34.7021535826,0.08814589665653497,False,62,-0.0034691314153423303
20240902,20240830,600280,中央商场,-0.03731343283582089,2.58,2.66,2.5,2.54,0.0135,tp,True,3,2.304720918617129,35.7682127796,0.11475409836065584,False,62,-0.0034691314153423303
20240904,20240903,002723,小崧股份,-0.03669724770642202,5.25,5.79,5.2,5.57,0.0135,tp,True,1,2.2589465977414416,25.1983383418,0.08282828282828285,False,43,-0.005879456863766452
20240904,20240903,002565,顺灏股份,-0.03358208955223896,2.59,2.61,2.51,2.52,-0.028527027027026974,close,False,2,4.319641801707799,91.15614479199999,0.020491803278688634,False,43,-0.005879456863766452
20240904,20240903,002369,卓翼科技,-0.027184466019417597,5.01,5.66,4.64,4.97,0.0135,tp,True,3,1.9229120711270293,36.625375688,0.13675213675213688,False,43,-0.005879456863766452
20240905,20240904,000504,南华生物,-0.05548549810844883,7.49,7.93,7.42,7.6,0.0135,tp,True,1,1.926071546605582,27.2184223146,0.13730929264909839,False,38,0.00035197609435844157
20240905,20240904,003015,日久光电,-0.03125,13.33,13.68,12.55,12.91,0.0135,tp,True,2,1.7039757566606664,30.633309308,0.15907274180655478,False,38,0.00035197609435844157
20240905,20240904,600272,开开实业,-0.026653504442250897,9.86,10.3,9.7,10.03,0.0135,tp,True,3,4.892897577175636,32.144,0.11074918566775258,False,38,0.00035197609435844157
20240906,20240905,002285,世联行,-0.03076923076923077,1.89,1.95,1.87,1.89,0.0135,tp,True,1,2.1609951150502327,47.1004232678,0.07909604519774005,False,49,0.0012373086206340922
20240906,20240905,603778,国晟科技,-0.02758620689655178,2.82,2.86,2.73,2.74,-0.029868794326240955,close,False,2,4.61704128476248,62.8071427734,0.0946969696969697,False,49,0.0012373086206340922
20240906,20240905,600135,乐凯胶片,-0.02135231316725983,5.5,5.78,5.27,5.35,0.0135,tp,True,3,1.757474496240416,42.051339524,0.09784735812133072,False,49,0.0012373086206340922
20240909,20240906,300561,汇金科技,-0.056526207605344325,9.18,11.31,8.9,10.17,0.0135,tp,True,1,4.789185402203682,41.4136912132,0.1985203452527745,False,31,-0.00400967528499796
20240909,20240906,300905,宝丽迪,-0.04124457308248919,26.5,31.85,26.5,27.71,0.0135,tp,True,2,2.871549839006836,50.812935823299995,0.23404255319148937,False,31,-0.00400967528499796
20240910,20240909,002596,海南瑞泽,-0.04255319148936165,1.8,1.81,1.69,1.69,-0.06261111111111112,close,False,1,3.325155140853206,39.4420268856,0.09356725146198826,False,48,0.0005079499651015063
20240910,20240909,601096,宏盛华源,-0.02682926829268284,3.99,4.04,3.87,3.9,-0.024056390977443665,close,False,2,3.596682464828655,69.33361003019999,0.11260053619302936,False,48,0.0005079499651015063
20240910,20240909,603222,济民健康,-0.024653312788906034,6.33,6.67,5.84,5.95,0.0135,tp,True,3,3.3324771723376543,42.952412306999996,0.07796610169491525,False,48,0.0005079499651015063
20240911,20240910,002640,跨境通,-0.0604651162790697,2.02,2.11,1.94,1.94,0.0135,tp,True,1,2.301562330632405,54.34398847799999,0.13846153846153847,False,41,-0.0041760956785061865
20240911,20240910,002892,科力尔,-0.0350877192982455,8.8,9.0,8.77,8.86,0.0135,tp,True,2,2.4357865168539328,46.003177233,0.1158021712907116,False,41,-0.0041760956785061865
20240911,20240910,600838,上海九百,-0.030303030303030276,7.36,7.36,6.83,6.83,-0.07351086956521741,close,False,3,4.127486363235253,34.475850365999996,0.12028985507246377,False,41,-0.0041760956785061865
20240913,20240912,002640,跨境通,-0.06103286384976525,2.0,2.28,1.92,2.01,0.0135,tp,True,1,1.6255154361469328,54.34398847799999,0.12371134020618557,False,36,0.000688228712754535
20240913,20240912,300086,康芝药业,-0.05708245243128973,4.46,4.67,4.26,4.26,0.0135,tp,True,2,2.307492803345237,30.230821009200003,0.1776649746192894,False,36,0.000688228712754535
20240913,20240912,600336,澳柯玛,-0.03409090909090917,5.1,5.6,4.91,5.34,0.0135,tp,True,3,3.28794648800099,50.274930446999996,0.031250000000000076,False,36,0.000688228712754535
20240918,20240913,600463,空港股份,-0.06952965235173825,9.1,10.76,8.8,10.3,0.0135,tp,True,1,4.616166661422773,25.38,0.08773903262092231,False,40,0.00046596082230987435
20240918,20240913,300067,安诺其,-0.06862745098039225,3.8,3.88,3.66,3.77,0.0135,tp,True,2,2.998214593174281,53.6240665532,0.2352941176470589,False,40,0.00046596082230987435
20240918,20240913,002871,伟隆股份,-0.021151586368977626,8.33,8.33,7.7,8.01,-0.039915366146458575,close,False,3,4.2310211925012835,28.224214494700004,0.1020671834625323,False,40,0.00046596082230987435
20240919,20240918,001236,弘业期货,-0.04761904761904756,9.4,10.86,9.4,10.4,0.0135,tp,True,1,1.500317957970393,63.299494463,0.16610925306577462,False,26,0.0021823293882117234
20240919,20240918,000736,中交发展,-0.03118040089086871,8.7,9.88,8.7,9.26,0.0135,tp,True,2,3.1290976753757898,34.9642051668,0.1323529411764706,False,26,0.0021823293882117234
20240919,20240918,603421,鼎信通讯,-0.025270758122743597,5.4,5.92,5.17,5.56,0.0135,tp,True,3,2.024445136770016,39.5879640177,0.11309523809523815,False,26,0.0021823293882117234
20240923,20240920,001236,弘业期货,-0.05944055944055937,10.76,10.85,10.3,10.3,-0.0442509293680296,close,False,1,1.5792718448930227,63.299494463,0.14999999999999988,False,48,-0.0005188522403820617
20240923,20240920,000514,渝 开 发,-0.05660377358490565,3.5,3.86,3.5,3.73,0.0135,tp,True,2,4.609440655742336,35.6915118195,0.12462908011869434,False,48,-0.0005188522403820617
20240923,20240920,600858,银座股份,-0.04306220095693769,4.0,4.34,3.95,4.2,0.0135,tp,True,3,3.997514517580131,26.394949479,0.11052631578947367,False,48,-0.0005188522403820617
20240924,20240923,002644,佛慈制药,-0.024251069900142697,6.84,7.0,6.74,6.98,0.0135,tp,True,1,3.3127489883929337,44.9888817,0.1036106750392465,False,54,0.007941300583501842
20240925,20240924,603607,京华激光,-0.03784477228992944,15.0,16.59,15.0,15.51,0.0135,tp,True,1,1.7630780132336183,40.059169919999995,0.12067748764996465,False,92,0.013373475881290675
20240925,20240924,002453,华软科技,-0.03687635574837311,4.44,4.84,4.36,4.66,0.0135,tp,True,2,2.6857997105878235,29.7755984314,0.126491646778043,False,92,0.013373475881290675
20240926,20240925,603615,茶花股份,-0.03994082840236679,12.98,13.88,12.98,13.75,0.0135,tp,True,1,1.3331565461318746,44.97852,0.10089503661513428,False,55,-0.0008838832859742185
20240926,20240925,002961,瑞达期货,-0.03250188964474676,12.8,14.29,12.61,13.82,0.0135,tp,True,2,2.9295442480571583,97.770892515,0.052369077306733236,False,55,-0.0008838832859742185
20240926,20240925,300785,值得买,-0.02777777777777779,21.0,23.5,20.31,22.76,0.0135,tp,True,3,2.6430762033475417,47.422626606,0.2155555555555557,False,55,-0.0008838832859742185
20241011,20241010,300978,东箭科技,-0.07205240174672489,12.75,12.9,11.61,11.89,-0.0689509803921568,close,False,1,3.146549515398448,25.981574319499998,0.2000000000000001,False,76,-0.0042581157080858745
20241011,20241010,300847,中船汉光,-0.06908378245957869,19.0,20.1,17.62,18.01,0.0135,tp,True,2,2.333762675907501,42.063021,0.19929453262786598,False,76,-0.0042581157080858745
20241011,20241010,603978,深圳新星,-0.05900816070307591,14.99,16.95,14.34,14.34,0.0135,tp,True,3,2.2305741822289518,43.3798784445,0.0732044198895028,False,76,-0.0042581157080858745
20241014,20241011,601086,国芳集团,-0.07514450867052036,4.8,5.16,4.67,4.77,0.0135,tp,True,1,1.8917630669731806,67.1994,0.04237288135593224,False,33,0.007362310192868371
20241014,20241011,002762,金发拉比,-0.06047819971870616,6.68,7.19,6.52,7.04,0.0135,tp,True,2,1.6519666981210956,33.3137525,0.10990712074303405,False,33,0.007362310192868371
20241015,20241014,300663,科蓝软件,-0.072356215213358,25.0,29.91,24.4,25.45,0.0135,tp,True,1,1.6004665848279307,40.1458342104,0.21905609973285833,False,104,-0.005654138451795299
20241015,20241014,300810,中科海讯,-0.06330806954971013,21.01,26.6,20.61,25.04,0.0135,tp,True,2,2.7076272690777308,28.945526734999998,0.1835205992509363,False,104,-0.005654138451795299
20241015,20241014,300427,红相股份,-0.05693581780538315,9.11,11.56,9.0,10.2,0.0135,tp,True,3,2.5418798808943417,33.5504260296,0.2819875776397516,False,104,-0.005654138451795299
20241016,20241015,301357,北方长龙,-0.07117771013814089,39.67,49.0,39.67,45.55,0.0135,tp,True,1,2.7603674186140754,58.030260750000004,0.2391121101432986,False,55,-0.01003345526334698
20241016,20241015,300284,苏交科,-0.04217926186291743,10.9,13.14,10.68,11.89,0.0135,tp,True,2,1.6616404054511185,63.8684155161,0.2267932489451477,False,55,-0.01003345526334698
20241016,20241015,000520,凤凰航运,-0.02857142857142858,3.06,3.22,2.97,2.99,0.0135,tp,True,3,2.05596071314451,42.811130146500005,0.13986013986013984,False,55,-0.01003345526334698
20241017,20241016,002963,豪尔赛,-0.050105857445306934,13.46,13.97,12.75,12.95,0.0135,tp,True,1,3.3557326280477757,29.420046389000003,0.06754658385093161,False,92,0.0055511325496808706
20241017,20241016,600203,福日电子,-0.03340292275574119,9.26,10.54,9.14,10.29,0.0135,tp,True,2,2.8975118373381816,66.53326280040001,0.09070034443168781,False,92,0.0055511325496808706
20241018,20241017,600622,光大嘉宝,-0.059125964010282805,3.66,4.28,3.64,4.28,0.0135,tp,True,1,4.407790860213998,35.3925754872,0.17796610169491534,False,53,-0.0010759202115241395
20241018,20241017,600650,锦江在线,-0.024034959941733436,13.4,13.96,13.0,13.51,0.0135,tp,True,2,1.1859341269600239,43.5474483625,0.09935897435897437,False,53,-0.0010759202115241395
20241021,20241018,002199,东晶电子,-0.05974842767295585,8.97,10.49,8.97,10.49,0.0135,tp,True,1,1.4364181029296759,28.5394986948,0.08304498269896181,False,104,0.004445725358417363
20241021,20241018,600399,抚顺特钢,-0.02313624678663251,7.6,7.6,7.0,7.18,-0.05676315789473679,close,False,2,2.7892390772133067,88.15287,0.12446958981612445,False,104,0.004445725358417363
20241022,20241021,300093,金刚光伏,-0.05982905982905973,19.8,22.8,18.8,21.99,0.0135,tp,True,1,2.35468625726755,65.3450196,0.16410256410256405,False,135,-0.0013126853135297933
20241022,20241021,603909,建发合诚,-0.05953582240161448,9.32,9.6,9.23,9.45,0.0135,tp,True,2,1.4919721438546831,25.832708174,0.13651498335183135,False,135,-0.0013126853135297933
20241022,20241021,301182,凯旺科技,-0.05746652935118435,45.76,48.66,42.0,42.0,0.0135,tp,True,3,1.4074466223060083,60.627157960000005,0.09960454770143337,False,135,-0.0013126853135297933
20241023,20241022,002272,川润股份,-0.04507337526205446,9.11,10.49,8.68,10.49,0.0135,tp,True,1,1.3151932279622232,70.42226294129999,0.05190311418685113,False,107,-0.00018868671006455617
20241024,20241023,301155,海力风电,-0.06318763009217965,63.01,69.91,63.01,66.13,0.0135,tp,True,1,3.7023831390302493,49.2796652322,0.11168599464763614,False,95,-0.004535545597674662
20241024,20241023,002134,天津普林,-0.03656413232733602,16.6,18.95,16.4,18.95,0.0135,tp,True,2,1.9349667016809073,55.50898050000001,0.09003831417624522,False,95,-0.004535545597674662
20241024,20241023,603016,新宏泰,-0.032165422171165914,33.7,34.57,32.0,32.75,0.0135,tp,True,3,0.8376776007891037,48.774271999999996,0.12037914691943125,False,95,-0.004535545597674662
20241025,20241024,603106,恒银科技,-0.03966789667896675,10.41,11.92,10.08,11.92,0.0135,tp,True,1,1.3215021880628655,42.734691999999995,0.11776649746192895,False,90,0.00015242694176675897
20241025,20241024,002094,青岛金王,-0.03602058319039447,5.62,6.41,5.39,6.41,0.0135,tp,True,2,1.311941357500084,39.7010790675,0.10546139359698675,False,90,0.00015242694176675897
20241025,20241024,000890,法尔胜,-0.025352112676056304,3.46,3.8,3.4,3.7,0.0135,tp,True,3,2.4358497468609284,38.4253798136,0.10835913312693488,False,90,0.00015242694176675897
20241028,20241025,300063,天龙集团,-0.07192982456140351,10.58,12.48,10.54,11.38,0.0135,tp,True,1,1.4223436846933066,58.906692642,0.2536842105263158,False,156,0.0002303239688457026
20241030,20241029,000859,国风新材,-0.07317073170731714,5.7,5.98,5.57,5.7,0.0135,tp,True,1,1.1442681400761343,82.6038950862,0.0572450805008945,False,119,-0.003885698984606334
20241030,20241029,000058,深 赛 格,-0.03258655804480659,9.5,10.8,8.98,10.8,0.0135,tp,True,2,4.293379235389788,70.21191059270001,0.0414333706606944,False,119,-0.003885698984606334
20241030,20241029,603985,恒润股份,-0.03183023872679047,14.6,16.08,14.21,14.59,0.0135,tp,True,3,2.665291921796567,77.98778073070001,0.07731582786287385,False,119,-0.003885698984606334
20241104,20241101,600481,双良节能,-0.06935687263556112,7.38,8.35,7.14,7.71,0.0135,tp,True,1,2.6838930128710894,88.760655427,0.07628294036061024,False,93,0.0011216347138303107
20241105,20241104,600199,金种子酒,-0.03886925795053009,13.6,14.25,13.52,14.14,0.0135,tp,True,1,2.7611459336963544,48.8085243408,0.11275272161741844,False,144,-0.0010271251672855364
20241105,20241104,001330,博纳影业,-0.026604068857589924,6.22,7.0,6.19,6.8,0.0135,tp,True,2,0.9398737869977568,71.7476797674,0.1153184165232358,False,144,-0.0010271251672855364
20241105,20241104,002295,精艺股份,-0.023383768913342484,7.1,7.43,6.85,7.4,0.0135,tp,True,3,2.5171587361474117,26.59533678,0.11329305135951662,False,144,-0.0010271251672855364
20241107,20241106,000572,海马汽车,-0.04290429042904287,5.8,5.8,5.45,5.48,-0.05667241379310334,close,False,1,1.2506556167630618,65.1974467599,0.11070780399274037,False,130,-0.007039402330509148
20241107,20241106,000566,海南海药,-0.03407155025553665,5.67,6.46,5.66,6.46,0.0135,tp,True,2,2.091191989919547,65.870101432,0.07116104868913856,False,130,-0.007039402330509148
20241111,20241108,600467,好当家,-0.07342657342657344,2.65,2.85,2.57,2.69,0.0135,tp,True,1,1.4908481227726758,36.232658739200005,0.08076923076923075,False,110,-0.005772962952234839
20241111,20241108,000518,四环生物,-0.03529411764705881,3.28,3.44,3.15,3.22,0.0135,tp,True,2,2.2980776547928525,40.9755205814,0.08090614886731393,False,110,-0.005772962952234839
20241111,20241108,300380,安硕信息,-0.031259867382380846,61.36,68.4,58.18,60.7,0.0135,tp,True,3,1.979728275515316,40.9159155165,0.09738537324744222,False,110,-0.005772962952234839
20241113,20241112,002208,合肥城建,-0.06503198294243084,8.77,9.1,8.44,8.74,0.0135,tp,True,1,2.465990797007559,84.6402796124,0.055099648300117314,False,80,-0.004398051414828186
20241113,20241112,000518,四环生物,-0.05932203389830504,3.33,3.45,3.2,3.25,0.0135,tp,True,2,1.633297305361979,40.9755205814,0.09937888198757758,False,80,-0.004398051414828186
20241113,20241112,603123,翠微股份,-0.04315196998123838,10.2,10.32,9.66,9.76,-0.04463725490196074,close,False,3,2.153785186327496,68.0976090756,0.05779153766769871,False,80,-0.004398051414828186
20241114,20241113,002882,金龙羽,-0.024975024975025018,19.52,19.59,18.08,18.11,-0.0737336065573771,close,False,1,2.1553674100258,58.7095320326,0.11978021978021977,False,62,-0.002840710846456207
20241114,20241113,300785,值得买,-0.02315357561547482,33.33,35.0,29.8,29.99,0.0135,tp,True,2,2.4839813346227126,47.422626606,0.18009145269081947,False,62,-0.002840710846456207
20241114,20241113,600228,返利科技,-0.02298850574712641,6.8,6.85,6.29,6.34,-0.0691470588235294,close,False,3,2.7654098566052734,38.025797977799996,0.07266982622432859,False,62,-0.002840710846456207
20241115,20241114,002037,保利联合,-0.04299999999999993,9.57,9.71,9.1,9.15,-0.045387147335423206,close,False,1,2.382897354325851,34.2105681162,0.11964873765093303,False,34,-0.0029675960992237016
20241115,20241114,300386,飞天诚信,-0.033203125,19.8,22.0,19.5,20.75,0.0135,tp,True,2,2.3082452601374803,33.0511834105,0.23315758640890452,False,34,-0.0029675960992237016
20241115,20241114,002605,姚记科技,-0.029789719626168276,33.22,37.66,32.6,33.5,0.0135,tp,True,3,1.3791794020689812,59.528950288100006,0.04625762929649871,False,34,-0.0029675960992237016
20241118,20241115,300959,线上线下,-0.027158774373259087,41.91,43.03,38.35,40.24,0.0135,tp,True,1,3.018135850180964,56.4661483308,0.19220055710306402,False,65,0.0041912733845133054
20241118,20241115,600822,上海物贸,-0.025182778229082103,12.0,13.54,11.08,13.54,0.0135,tp,True,2,2.703033151849416,34.2271792512,0.18230563002680975,False,65,0.0041912733845133054
20241119,20241118,600822,上海物贸,-0.0760709010339734,12.51,13.95,12.19,12.19,0.0135,tp,True,1,2.5443846143751725,34.2271792512,0.1998375304630381,False,83,0.00030988161318967755
20241119,20241118,600400,红豆股份,-0.07540983606557372,2.82,3.05,2.75,2.92,0.0135,tp,True,2,2.8085251379617038,67.1371952636,0.10469314079422384,False,83,0.00030988161318967755
20241119,20241118,003010,若羽臣,-0.05447996398018917,21.0,22.19,19.99,21.4,0.0135,tp,True,3,1.2861188581039817,69.9683908014,0.14561664190193171,False,83,0.00030988161318967755
20241120,20241119,301082,久盛电气,-0.0634723086496577,15.05,18.74,14.7,16.49,0.0135,tp,True,1,2.904821971533072,27.8434716892,0.2554144884241972,False,93,-0.00248953230863036
20241120,20241119,600676,久事动娱,-0.05940594059405935,5.7,6.59,5.65,6.18,0.0135,tp,True,2,4.14146149716959,71.0688624304,0.15607985480943729,False,93,-0.00248953230863036
20241120,20241119,605577,龙版传媒,-0.03793293018141841,17.5,19.3,17.38,18.6,0.0135,tp,True,3,2.1406443313549506,51.911111176,0.11064087061668694,False,93,-0.00248953230863036
20241121,20241120,002657,中科金财,-0.06508450197770577,26.0,27.38,25.03,25.05,0.0135,tp,True,1,2.2798290756774633,55.897993272,0.19976265822784797,False,148,-0.0014994106277036456
20241121,20241120,603200,上海洗霸,-0.035513361462728654,27.43,28.95,26.81,28.02,0.0135,tp,True,2,1.7142657890716841,75.14058010459999,0.12959381044487434,False,148,-0.0014994106277036456
20241121,20241120,002757,南兴股份,-0.0317848410757946,19.8,20.4,18.41,19.0,0.0135,tp,True,3,3.0607021610284253,50.6166693526,0.18558364712210862,False,148,-0.0014994106277036456
20241122,20241121,603955,大千生态,-0.07306073361395071,30.83,36.58,30.76,32.0,0.0135,tp,True,1,1.6213068658057128,27.591876,0.09986772486772486,False,103,-0.0007002136244956825
20241122,20241121,002184,海得控制,-0.06051437216338884,12.42,12.94,11.9,11.9,0.0135,tp,True,2,2.4249240283529496,25.3999976406,0.1006655574043262,False,103,-0.0007002136244956825
20241122,20241121,002878,元隆雅图,-0.04719387755102045,14.94,15.36,14.11,14.11,0.0135,tp,True,3,2.4982382242176437,30.8834100498,0.09614035087719293,False,103,-0.0007002136244956825
20241125,20241122,000795,英洛华,-0.06510851419031727,11.2,12.48,11.2,12.01,0.0135,tp,True,1,1.686896995117853,97.113665349,0.1450872359963269,False,71,0.00235370455957562
20241125,20241122,002255,海陆重工,-0.039301310043668214,6.6,6.94,6.24,6.58,0.0135,tp,True,2,4.675438866242748,50.6528125942,0.04952076677316288,False,71,0.00235370455957562
20241125,20241122,603318,水发燃气,-0.02505694760820032,8.56,9.66,8.06,9.24,0.0135,tp,True,3,2.3041104319306,45.3562072912,0.1115288220551378,False,71,0.00235370455957562
20241126,20241125,600135,乐凯胶片,-0.07594936708860767,7.3,7.57,7.2,7.46,0.0135,tp,True,1,2.900910123478456,42.051339524,0.11281337047353768,False,156,-0.0021141260386793315
20241126,20241125,603366,日出东方,-0.0638569604086845,14.66,17.23,14.5,16.68,0.0135,tp,True,2,1.2447086962476575,62.7673133972,0.17064606741573032,False,156,-0.0021141260386793315
20241126,20241125,003041,真爱美家,-0.0604142692750288,16.33,19.12,16.33,19.12,0.0135,tp,True,3,2.353768819388775,53.7552767152,0.09746835443037968,False,156,-0.0021141260386793315
20241127,20241126,002292,奥飞娱乐,-0.07908992416034677,8.5,9.89,8.31,9.5,0.0135,tp,True,1,1.1183876267291044,89.573746328,0.05482717520858174,False,91,-0.0028130905342724777
20241127,20241126,002570,贝因美,-0.053030303030303094,5.0,5.1,4.75,4.93,0.0135,tp,True,2,2.3899888981973487,51.4077778508,0.13333333333333347,False,91,-0.0028130905342724777
20241127,20241126,002681,奋达科技,-0.05164319248826288,6.06,6.2,5.75,6.12,0.0135,tp,True,3,2.146709597805199,81.2749397625,0.12736660929432003,False,91,-0.0028130905342724777
20241129,20241128,001308,康冠科技,-0.05660377358490565,26.5,28.58,25.86,27.08,0.0135,tp,True,1,0.9211699985800987,97.766115255,0.016836335160532487,False,88,-0.000148678581181505
20241129,20241128,002006,精工科技,-0.05213270142180082,18.0,19.33,17.87,18.66,0.0135,tp,True,2,1.3154801164493422,69.897425101,0.06546929316338349,False,88,-0.000148678581181505
20241129,20241128,000421,南京公用,-0.043927648578811374,7.4,8.3,7.01,7.46,0.0135,tp,True,3,1.271404999993918,33.591169287,0.06818181818181825,False,88,-0.000148678581181505
20241202,20241129,002846,英联股份,-0.052540913006029255,11.0,11.25,10.45,10.45,0.0135,tp,True,1,2.571040152751155,30.0159331906,0.12417061611374394,False,126,0.0006072521539415288
20241202,20241129,002095,生 意 宝,-0.04652754019842631,27.87,32.15,27.87,30.02,0.0135,tp,True,2,1.4030965763064558,37.8317747745,0.125705683101242,False,126,0.0006072521539415288
20241202,20241129,605398,新炬网络,-0.037396794560466184,19.82,21.08,19.82,20.5,0.0135,tp,True,3,2.0161735845482815,35.0328363987,0.12339743589743583,False,126,0.0006072521539415288
20241204,20241203,000892,欢瑞世纪,-0.0744920993227991,4.1,4.19,3.99,3.99,0.0135,tp,True,1,2.0546929023120017,33.620783429199996,0.12406947890818847,False,114,-0.0006629553008307143
20241204,20241203,603332,苏州龙杰,-0.0366441658630664,9.99,11.16,9.85,10.2,0.0135,tp,True,2,1.216883471162532,26.459260603199997,0.12089077412513242,False,114,-0.0006629553008307143
20241204,20241203,002350,北京科锐,-0.030470914127423754,7.0,7.38,6.8,6.81,0.0135,tp,True,3,4.760236404385868,78.8930037377,0.04878048780487796,False,114,-0.0006629553008307143
20241205,20241204,002640,跨境通,-0.050000000000000044,5.89,6.82,5.88,6.82,0.0135,tp,True,1,2.2969802439293,54.34398847799999,0.19503546099290792,False,85,-0.0034446376294711145
20241205,20241204,300984,金沃股份,-0.046456692913385944,36.33,45.72,35.52,44.9,0.0135,tp,True,2,4.9599449991032465,39.6646331406,0.21417322834645672,False,85,-0.0034446376294711145
20241205,20241204,603015,弘讯科技,-0.04003267973856206,11.75,12.24,11.16,11.62,0.0135,tp,True,3,1.3654350988468336,45.919278399999996,0.11680143755615459,False,85,-0.0034446376294711145
20241206,20241205,301102,兆讯传媒,-0.03851351351351351,14.23,14.85,13.55,13.6,0.0135,tp,True,1,3.3792018282891814,39.9504,0.15652879156528804,False,125,0.000617419542515929
20241206,20241205,603353,和顺石油,-0.03418803418803429,16.95,18.0,16.36,16.56,0.0135,tp,True,2,4.214501568725579,55.845978599999995,0.09843260188087777,False,125,0.000617419542515929
20241206,20241205,002283,天润工业,-0.030254777070063743,6.09,6.24,5.86,5.98,0.0135,tp,True,3,4.371572137610461,82.8473999772,0.07880910683012263,False,125,0.000617419542515929
20241209,20241206,002177,御银股份,-0.07537688442211055,5.52,6.48,5.42,5.8,0.0135,tp,True,1,3.4355436110245154,42.2192974554,0.11786372007366477,False,117,-0.00042595943691092764
20241209,20241206,600191,华资实业,-0.021645021645021578,6.78,6.88,6.56,6.7,-0.01329941002949858,close,False,2,2.08889551708671,51.645258,0.1079365079365079,False,117,-0.00042595943691092764
20241210,20241209,301600,慧翰股份,-0.03444215484250812,131.2,140.0,121.2,124.0,0.0135,tp,True,1,1.3100205214989449,27.3874665,0.21089817186258053,False,104,0.02579257199789553
20241211,20241210,002362,汉王科技,-0.07653812187224018,31.37,31.69,30.57,30.57,-0.02700207204335353,close,False,1,2.6482258524463274,34.9305434304,0.15123056994818648,False,106,-0.0019195596407471927
20241211,20241210,600545,卓郎智能,-0.06948640483383683,3.08,3.64,3.05,3.64,0.0135,tp,True,2,1.6444394900214747,76.880225546,0.16943521594684394,False,106,-0.0019195596407471927
20241211,20241210,002177,御银股份,-0.0658307210031348,5.96,6.93,5.9,6.63,0.0135,tp,True,3,1.5450389716945494,42.2192974554,0.0827586206896551,False,106,-0.0019195596407471927
20241212,20241211,002681,奋达科技,-0.06863679694947578,9.77,10.19,9.44,9.44,0.0135,tp,True,1,2.1074798509669628,81.2749397625,0.08595387840670864,False,141,-6.118007627109456e-05
20241212,20241211,600527,江南高纤,-0.06666666666666665,3.22,3.5,3.12,3.15,0.0135,tp,True,2,4.199633353468181,40.0036768362,0.044585987261146535,False,141,-6.118007627109456e-05
20241212,20241211,002915,中欣氟材,-0.05642815590459582,16.22,17.49,15.52,15.97,0.0135,tp,True,3,3.3371489128367786,55.1221460373,0.04926423544465768,False,141,-6.118007627109456e-05
20241213,20241212,300561,汇金科技,-0.07235621521335822,60.0,64.64,58.5,58.93,0.0135,tp,True,1,1.2982667625236222,41.4136912132,0.23525046382189252,False,139,-0.005364726274736387
20241213,20241212,600408,安泰集团,-0.04195804195804187,2.74,2.8,2.61,2.64,0.0135,tp,True,2,4.095541940148503,32.01624,0.08076923076923075,False,139,-0.005364726274736387
20241213,20241212,002899,英派斯,-0.03235172127747832,23.33,26.52,23.33,24.26,0.0135,tp,True,3,4.896889268586853,29.278580945599998,0.09671532846715332,False,139,-0.005364726274736387
20241216,20241213,002235,安妮股份,-0.028806584362139898,7.08,7.15,6.77,6.81,-0.039635593220338994,close,False,1,1.7964051981727873,50.2649098216,0.11764705882352945,False,98,-0.0005306791513851605
20241216,20241213,000520,凤凰航运,-0.021943573667711602,6.24,6.45,5.96,6.03,0.0135,tp,True,2,1.1839728546729618,42.811130146500005,0.10000000000000002,False,98,-0.0005306791513851605
20241216,20241213,002045,国光电器,-0.020454545454545392,21.55,21.93,19.8,19.8,0.0135,tp,True,3,1.1745132331126769,53.4864903664,0.08350000000000009,False,98,-0.0005306791513851605
20241217,20241216,600828,茂业商业,-0.0707269155206286,4.73,4.83,4.58,4.58,0.0135,tp,True,1,1.648110768260685,75.6604399097,0.14686825053995675,False,104,-0.0013347783588723017
20241217,20241216,603216,梦天家居,-0.04505716207128452,14.2,14.2,13.38,13.38,-0.05924647887323936,close,False,2,1.0760670607300666,48.76911,0.051035502958579844,False,104,-0.0013347783588723017
20241217,20241216,000159,国际实业,-0.04502369668246431,8.06,8.15,7.6,7.6,-0.058571960297766845,close,False,3,3.7591064193104504,28.647842182799998,0.10039113428943931,False,104,-0.0013347783588723017
20241218,20241217,002395,双象股份,-0.03925619834710736,18.6,18.96,17.75,18.61,0.0135,tp,True,1,0.8146185146304707,36.6909912,0.06420454545454539,False,27,0.0029183487084598614
20241218,20241217,002235,安妮股份,-0.03871829105473967,7.2,8.2,7.1,7.53,0.0135,tp,True,2,1.3554614318959706,50.2649098216,0.0969162995594714,False,27,0.0029183487084598614
20241219,20241218,000863,三湘印象,-0.040307101727447225,5.0,5.45,4.69,4.7,0.0135,tp,True,1,2.3583102939596134,49.0386722628,0.09915611814345986,False,97,-0.007778937440312661
20241219,20241218,002291,遥望科技,-0.040074557315936565,10.3,10.69,9.66,9.66,0.0135,tp,True,2,1.7364954606488394,52.234428726999994,0.15589743589743585,False,97,-0.007778937440312661
20241219,20241218,600724,宁波富达,-0.030037546933667114,7.75,8.06,7.19,7.19,0.0135,tp,True,3,1.9097193624923654,74.2700529296,0.14600550964187334,False,97,-0.007778937440312661
20241220,20241219,300688,创业黑马,-0.07090464547677255,38.0,40.34,36.68,38.48,0.0135,tp,True,1,1.8518174983210538,46.961781957,0.2259389671361501,False,71,-0.0016468696124367632
20241220,20241219,300153,科泰电源,-0.055851063829787106,10.65,13.0,10.2,12.25,0.0135,tp,True,2,2.5613818570735334,70.4146221016,0.22021276595744665,False,71,-0.0016468696124367632
20241220,20241219,600793,宜宾纸业,-0.051292090837901316,24.23,26.86,23.45,25.6,0.0135,tp,True,3,1.5342950978253334,27.1016931064,0.12876830318690777,False,71,-0.0016468696124367632
20241223,20241220,603721,中广天择,-0.03802386899805732,34.66,34.66,32.43,32.43,-0.065839296018465,close,False,1,1.0409068815593283,27.313,0.11694656488549614,False,80,-5.047401033830834e-05
20241223,20241220,002640,跨境通,-0.03474903474903468,5.0,5.11,4.66,4.67,0.0135,tp,True,2,1.0601022125469102,54.34398847799999,0.09766454352441613,False,80,-5.047401033830834e-05
20241223,20241220,000823,超声电子,-0.02076124567474047,11.32,11.6,10.72,10.98,0.0135,tp,True,3,2.3692202747928213,91.6790469347,0.11227402473834441,False,80,-5.047401033830834e-05
20241224,20241223,601908,京运通,-0.026162790697674354,3.35,3.78,3.3,3.78,0.0135,tp,True,1,4.651306205427031,73.40392697440001,0.10543130990415338,False,31,0.0006803411254274749
20241225,20241224,603421,鼎信通讯,-0.04961832061068694,9.96,9.96,9.43,9.43,-0.0547128514056226,close,False,1,1.6217325528858113,39.5879640177,0.08079748163693595,False,73,0.0004655918763056821
20241225,20241224,002272,川润股份,-0.035563082133784896,11.39,12.08,10.63,11.15,0.0135,tp,True,2,1.9213387170354632,70.42226294129999,0.11731843575418992,False,73,0.0004655918763056821
20241225,20241224,002796,世嘉科技,-0.026576019777503124,15.75,15.95,14.56,14.56,-0.07705555555555549,close,False,3,1.2461860054722227,66.6716442384,0.13460231135282122,False,73,0.0004655918763056821
20241226,20241225,300853,申昊科技,-0.04970104633781769,25.43,27.36,24.8,26.6,0.0135,tp,True,1,3.498875456075186,27.3903018522,0.20896860986547086,False,35,-0.0011817230760162722
20241226,20241225,002843,泰嘉股份,-0.04636048526863068,22.01,25.29,22.01,23.93,0.0135,tp,True,2,1.6075425261050682,41.2713356576,0.1301239275500475,False,35,-0.0011817230760162722
20241226,20241225,000880,潍柴重机,-0.038004750593824244,16.2,18.52,16.2,18.52,0.0135,tp,True,3,2.7942861303016717,52.011839880000004,0.09993468321358584,False,35,-0.0011817230760162722
20241227,20241226,603682,锦和商管,-0.042424242424242364,6.32,7.2,6.22,6.44,0.0135,tp,True,1,1.3582985695999652,52.11675,0.13999999999999999,False,94,-0.00023248422638666444
20241227,20241226,600785,新华百货,-0.040462427745664775,13.28,14.14,13.11,13.34,0.0135,tp,True,2,1.8370615485002875,39.9908880672,0.12877583465818754,False,94,-0.00023248422638666444
20241227,20241226,600693,东百集团,-0.028571428571428692,5.1,5.78,4.92,5.78,0.0135,tp,True,3,1.7908874733707334,88.9807648768,0.11740041928721166,False,94,-0.00023248422638666444
20241230,20241227,002631,德尔未来,-0.03157894736842115,4.6,4.76,4.53,4.61,0.0135,tp,True,1,1.037512499080858,82.146899682,0.10648148148148147,False,66,-0.0013940602445781103
20241230,20241227,002334,英威腾,-0.021712907117008462,8.11,8.11,7.85,7.91,-0.026160912453760676,close,False,2,3.375448308860409,49.8338199732,0.03448275862068963,False,66,-0.0013940602445781103
20241230,20241227,300141,和顺电气,-0.021543985637342944,10.9,11.31,10.5,11.22,0.0135,tp,True,3,3.508251767333512,26.230572765,0.2058189655172414,False,66,-0.0013940602445781103
20241231,20241230,600693,东百集团,-0.04088050314465419,6.1,7.0,6.1,7.0,0.0135,tp,True,1,1.400926930528545,88.9807648768,0.10034602076124569,False,41,-0.00010565457410938173
20250102,20241231,600714,金瑞矿业,-0.02880658436214001,9.44,9.52,9.14,9.24,-0.022686440677966047,close,False,1,3.6038703901380806,53.9465983056,0.11764705882352952,False,45,-0.0011396997398381847
20250103,20250102,600579,中化装备,-0.05961251862891215,12.62,13.13,12.08,12.08,0.0135,tp,True,1,1.4466169138606573,34.848213585399996,0.12786885245901644,False,59,0.0013854151341277099
20250103,20250102,002697,红旗连锁,-0.043076923076923124,6.22,6.28,5.85,5.85,-0.06098553054662387,close,False,2,3.0597718103051554,54.764006287499996,0.09983079526226732,False,59,0.0013854151341277099
20250103,20250102,600255,鑫科材料,-0.029255319148936088,3.65,3.75,3.45,3.59,0.0135,tp,True,3,1.1297213004055096,61.047767079,0.15497076023391806,False,59,0.0013854151341277099
20250106,20250103,600288,大恒科技,-0.04746835443037989,9.03,9.18,8.63,9.12,0.0135,tp,True,1,2.5033560114018703,49.7952,0.10788863109048721,False,45,-0.0005137898070328717
20250106,20250103,600693,东百集团,-0.046044864226682525,8.08,9.0,7.62,7.62,0.0135,tp,True,2,1.5843643423175826,88.9807648768,0.1545454545454546,False,45,-0.0005137898070328717
20250106,20250103,002117,东港股份,-0.045968882602545946,13.49,13.79,12.73,12.73,0.0135,tp,True,3,1.4749776050154402,44.24037046,0.13929961089494172,False,45,-0.0005137898070328717
20250107,20250106,002793,罗欣药业,-0.04139433551198246,4.4,4.47,4.13,4.26,0.0135,tp,True,1,3.880255118602814,53.753415903,0.1127098321342925,False,60,-0.0011256906938745814
20250107,20250106,002038,双鹭药业,-0.031515151515151496,7.99,8.05,7.5,7.85,-0.019021902377972577,close,False,2,1.9019627156062664,52.154320903199995,0.058588548601864236,False,60,-0.0011256906938745814
20250107,20250106,605378,野马电池,-0.030502885408079217,23.52,26.69,22.89,23.9,0.0135,tp,True,3,1.0838015308365427,38.44405544,0.1419501133786849,False,60,-0.0011256906938745814
20250108,20250107,603500,祥和实业,-0.0608875128998968,9.1,9.5,8.88,9.0,0.0135,tp,True,1,2.1928927876996394,32.5624278551,0.10783200908059015,False,96,-0.0033378333188837095
20250108,20250107,002213,大为股份,-0.05660377358490565,15.0,15.95,14.31,14.75,0.0135,tp,True,2,1.7932173913043479,60.754390516099996,0.1328719723183391,False,96,-0.0033378333188837095
20250108,20250107,603320,迪贝电气,-0.05585683297180044,17.41,18.15,16.6,17.55,0.0135,tp,True,3,3.9267980464259216,26.398877931,0.14439140811455856,False,96,-0.0033378333188837095
20250109,20250108,301187,欧圣电气,-0.056169429097605805,41.0,43.54,40.23,42.9,0.0135,tp,True,1,2.248380702163944,37.83213511,0.19917127071823204,False,65,-0.0029255426185000877
20250109,20250108,002162,悦心健康,-0.048128342245989386,3.56,3.85,3.55,3.61,0.0135,tp,True,2,1.7953899193083183,38.2021794336,0.03823529411764716,False,65,-0.0029255426185000877
20250109,20250108,002173,创新医疗,-0.04495614035087703,8.71,9.15,8.71,8.76,0.0135,tp,True,3,2.980393068574318,80.0906153993,0.07478890229191788,False,65,-0.0029255426185000877
20250110,20250109,002730,电光科技,-0.055099648300117154,16.12,18.6,15.35,15.48,0.0135,tp,True,1,1.114163884746636,81.524639728,0.07479045776918107,False,87,9.964532492157119e-05
20250110,20250109,002713,东易日盛,-0.026970954356846488,4.69,4.72,4.45,4.51,-0.03987953091684443,close,False,2,0.8127472008220695,49.5289675755,0.13013698630136994,False,87,9.964532492157119e-05
20250110,20250109,002030,达安基因,-0.021381578947368363,5.95,5.98,5.72,5.73,-0.03847478991596637,close,False,3,2.5983085566152617,77.7509101728,0.11934900542495482,False,87,9.964532492157119e-05
20250113,20250110,002346,柘中股份,-0.04855129209083786,12.15,12.33,11.55,11.77,-0.03277572016460911,close,False,1,1.2494652608268955,87.65272007600001,0.11800172265288539,False,38,-0.0062142577607211535
20250113,20250110,603777,来伊份,-0.04285714285714304,16.08,18.48,15.12,18.48,0.0135,tp,True,2,1.3728658221042687,47.0200377396,0.041912246234446664,False,38,-0.0062142577607211535
20250113,20250110,603068,博通集成,-0.04186602870813394,32.04,32.5,30.1,30.1,-0.06204931335830205,close,False,3,2.242460027366961,61.428327999299995,0.04243421052631576,False,38,-0.0062142577607211535
20250114,20250113,002582,好想你,-0.02619047619047632,8.18,8.97,8.17,8.65,0.0135,tp,True,1,1.4682597333384464,36.8610973038,0.162303664921466,False,46,0.001392070261582612
20250116,20250115,300299,富春股份,-0.04023845007451554,6.44,6.97,6.37,6.59,0.0135,tp,True,1,3.942372753485148,39.712598496,0.1878354203935599,False,66,0.003690597188824807
20250116,20250115,000795,英洛华,-0.039200614911606424,12.5,13.09,12.35,12.38,0.0135,tp,True,2,1.7467548032541778,97.113665349,0.13863060016906176,False,66,0.003690597188824807
20250116,20250115,605339,南侨食品,-0.038989566172432766,17.5,18.2,17.44,17.85,0.0135,tp,True,3,3.1419240312662438,58.9339665624,0.10996978851963747,False,66,0.003690597188824807
20250117,20250116,603598,引力传媒,-0.055860349127182074,18.93,19.5,18.05,18.05,0.0135,tp,True,1,4.4074977063946905,50.679373340000005,0.03346132748217221,False,70,-0.0028646211561697
20250117,20250116,603068,博通集成,-0.04969918911849325,36.33,40.09,34.41,34.76,0.0135,tp,True,2,1.9406053308657298,61.428327999299995,0.1277697841726618,False,70,-0.0028646211561697
20250117,20250116,000759,中百集团,-0.04245283018867918,10.15,11.0,9.75,9.9,0.0135,tp,True,3,1.4229552677800628,41.834044395,0.12655601659751026,False,70,-0.0028646211561697
20250120,20250117,600714,金瑞矿业,-0.07254623044096742,13.04,13.54,12.65,12.65,0.0135,tp,True,1,3.6311124616420263,53.9465983056,0.07042253521126764,False,56,0.004420356466429354
20250120,20250117,603166,福达股份,-0.061919504643962786,9.09,9.94,9.09,9.53,0.0135,tp,True,2,1.4097836070562206,72.4649401281,0.16231555051078317,False,56,0.004420356466429354
20250120,20250117,002578,闽发铝业,-0.03846153846153855,3.5,3.77,3.33,3.4,0.0135,tp,True,3,2.199352593016925,35.5660137693,0.0392749244712992,False,56,0.004420356466429354
20250121,20250120,603511,爱慕股份,-0.07587336244541487,16.93,18.5,16.49,16.49,0.0135,tp,True,1,3.2904501912577238,52.044406904,0.12132132132132131,False,70,0.0038374049895510964
20250121,20250120,600981,苏豪汇鸿,-0.035031847133758065,3.03,3.08,2.83,2.97,0.0135,tp,True,2,1.9797476111827153,56.733559757600005,0.13684210526315793,False,70,0.0038374049895510964
20250121,20250120,605086,龙高股份,-0.030303030303030387,30.4,32.0,30.0,30.85,0.0135,tp,True,3,1.232497646534212,46.48448,0.08245614035087724,False,70,0.0038374049895510964
20250124,20250123,603211,晋拓股份,-0.07205542725173208,20.09,23.82,20.01,23.82,0.0135,tp,True,1,1.28297989811825,58.84643199999999,0.11788617886178863,False,39,-0.0022537583277607576
20250124,20250123,002582,好想你,-0.0440771349862259,10.41,10.93,10.05,10.36,0.0135,tp,True,2,1.0413932790593292,36.8610973038,0.1525252525252525,False,39,-0.0022537583277607576
20250124,20250123,600622,光大嘉宝,-0.04024767801857587,3.1,3.16,3.05,3.07,0.0135,tp,True,3,0.8493311369827409,35.3925754872,0.09523809523809518,False,39,-0.0022537583277607576
20250127,20250124,603286,日盈电子,-0.07024793388429751,22.5,23.0,21.78,21.78,0.0135,tp,True,1,4.817842124085881,54.117394323,0.1590909090909091,False,64,0.0012236251894621741
20250127,20250124,605060,联德股份,-0.05515370705244138,20.9,20.9,19.91,19.91,-0.048868421052631505,close,False,2,1.3661878467835893,99.1846368,0.10542018896071612,False,64,0.0012236251894621741
20250127,20250124,000882,华联股份,-0.053333333333333344,3.55,3.61,3.38,3.38,0.0135,tp,True,3,1.594861735067661,42.4023601855,0.1407624633431085,False,64,0.0012236251894621741
20250205,20250127,002112,三变科技,-0.07076483202287354,13.0,13.19,12.59,12.59,-0.03303846153846152,close,False,1,1.1916271217037204,40.255488,0.047169811320754686,False,42,0.006017350642958164
20250206,20250205,002819,东方中科,-0.04828065300451545,27.4,28.83,26.81,28.45,0.0135,tp,True,1,2.7861804539014887,51.399709273199996,0.07986243790599923,False,66,-0.0009010710669485889
20250207,20250206,002530,金财互联,-0.0364212193190816,12.17,13.37,11.99,12.23,0.0135,tp,True,1,1.0402676840204543,53.211615392700004,0.1411149825783973,False,81,-0.0004372206221373576
20250207,20250206,301261,恒工精密,-0.03494176372712143,58.0,62.55,56.86,61.9,0.0135,tp,True,2,1.8624838343065406,57.8638290505,0.20766773162939295,False,81,-0.0004372206221373576
20250207,20250206,603311,金海高科,-0.02183406113537123,11.2,11.37,10.86,11.32,0.0135,tp,True,3,1.858173939797959,63.45277098299999,0.062439961575408126,False,81,-0.0004372206221373576
20250210,20250207,002865,钧达股份,-0.02889993784959599,62.5,66.13,61.34,65.98,0.0135,tp,True,1,0.8582687307895034,89.7895377648,0.08152452572209871,False,75,0.0013227713421739562
20250211,20250210,300846,首都在线,-0.0324032403240323,21.5,26.52,20.47,22.31,0.0135,tp,True,1,2.442501234772966,80.7905509776,0.15226781857451405,False,107,0.00045151211407001846
20250211,20250210,300603,立昂技术,-0.025487256371814038,13.0,14.6,12.58,13.35,0.0135,tp,True,2,3.6476023441844547,30.6249860826,0.19244604316546768,False,107,0.00045151211407001846
20250211,20250210,603095,越剑智能,-0.0211985324092947,24.01,24.88,23.63,23.8,0.0135,tp,True,3,4.122939209510196,42.7435526,0.11345291479820632,False,107,0.00045151211407001846
20250212,20250211,000890,法尔胜,-0.048128342245989386,3.56,3.63,3.5,3.63,0.0135,tp,True,1,2.2416752708128396,38.4253798136,0.13235294117647065,False,66,-0.0017480093789743467
20250212,20250211,603286,日盈电子,-0.043917605907500934,24.6,26.39,24.51,26.31,0.0135,tp,True,2,1.1502751814487842,54.117394323,0.09277469003847805,False,66,-0.0017480093789743467
20250212,20250211,002115,三维通信,-0.04151404151404148,7.85,8.37,7.76,8.03,0.0135,tp,True,3,2.074038298456593,82.3131626321,0.11946308724832211,False,66,-0.0017480093789743467
20250213,20250212,603390,通达电气,-0.02037617554858928,12.5,12.5,11.68,11.85,-0.05350000000000005,close,False,1,2.3289726499714667,36.0201891168,0.12758620689655176,False,75,-0.0009443011723080375
20250214,20250213,603300,海南华铁,-0.049162011173184306,8.51,8.9,8.06,8.53,0.0135,tp,True,1,2.39421256109017,99.5595732066,0.14619164619164612,False,60,-0.0012003072786633817
20250214,20250213,603278,大业股份,-0.03526220614828213,10.67,11.24,10.43,11.03,0.0135,tp,True,2,1.1045329016369383,31.749447516799997,0.043781094527363305,False,60,-0.0012003072786633817
20250214,20250213,600081,东风科技,-0.02863278453829632,13.57,15.37,13.45,13.7,0.0135,tp,True,3,1.9456604020788144,57.625326914,0.11102362204724411,False,60,-0.0012003072786633817
20250217,20250214,600843,上工申贝,-0.06282383419689108,14.47,16.89,14.21,15.8,0.0135,tp,True,1,2.8415317024588354,33.924803379000004,0.15740740740740736,False,73,0.0025995601663719725
20250217,20250214,603803,瑞斯康达,-0.042205582028590816,14.07,14.2,13.22,13.22,-0.061912224591329,close,False,2,1.4617572544212623,48.2667720752,0.13408239700374525,False,73,0.0025995601663719725
20250217,20250214,002208,合肥城建,-0.04045512010113783,7.59,8.2,7.55,7.85,0.0135,tp,True,3,3.5110941367155863,84.6402796124,0.11821974965229493,False,73,0.0025995601663719725
20250218,20250217,000948,南天信息,-0.04531037607612143,21.07,21.09,20.3,20.93,-0.008144518272425292,close,False,1,3.047738781706685,56.6131131255,0.11884634510193937,False,102,-0.002041223780704038
20250218,20250217,002757,南兴股份,-0.04397705544933084,20.0,23.01,19.9,23.01,0.0135,tp,True,2,1.782658114034728,50.6166693526,0.06834910620399583,False,102,-0.002041223780704038
20250218,20250217,601789,宁波建工,-0.038461538461538436,5.5,5.67,5.15,5.15,0.0135,tp,True,3,1.716874313589493,47.167058806,0.06730769230769224,False,102,-0.002041223780704038
20250219,20250218,603086,先达股份,-0.027565084226646386,6.35,6.35,5.88,5.88,-0.07551574803149602,close,False,1,1.7128461377148627,28.4367795522,0.08922558922558926,False,44,-0.0011159606435873215
20250219,20250218,002328,新朋股份,-0.025036818851251863,6.62,7.26,6.62,6.91,0.0135,tp,True,2,4.608617387443415,50.5627703856,0.09724473257698536,False,44,-0.0011159606435873215
20250220,20250219,300491,通合科技,-0.02172096908939014,23.42,23.82,22.12,22.56,0.0135,tp,True,1,1.2512471333818094,53.4579766464,0.21754385964912282,False,105,-0.0011785626905840285
20250221,20250220,000096,广聚能源,-0.05900430239704968,15.31,15.74,14.9,15.23,0.0135,tp,True,1,3.9431660078385256,42.655808,0.1595672751859364,False,91,0.001763768436005897
20250221,20250220,002219,新里程,-0.040000000000000036,2.88,2.97,2.84,2.91,0.0135,tp,True,2,3.4793719237972898,72.968227386,0.10622710622710624,False,91,0.001763768436005897
20250221,20250220,600861,北京人力,-0.023653749370911026,19.4,20.34,19.11,20.08,0.0135,tp,True,3,1.705778591524137,72.8020955348,0.10022148394241431,False,91,0.001763768436005897
20250224,20250221,603956,威派格,-0.04035433070866146,9.75,10.91,9.18,10.0,0.0135,tp,True,1,1.7916354433838733,35.2202084748,0.1655844155844155,False,105,-0.0014885576379579657
20250225,20250224,600797,浙大网新,-0.06769494430162803,10.88,11.67,10.69,11.0,0.0135,tp,True,1,1.2221968154578287,72.748866996,0.14797360980207355,False,82,-0.008117330708591441
20250225,20250224,002757,南兴股份,-0.06644924582144318,22.9,24.61,22.08,23.3,0.0135,tp,True,2,0.896827361439223,50.6166693526,0.13363228699551571,False,82,-0.008117330708591441
20250225,20250224,600376,首开股份,-0.055374592833876246,2.9,2.97,2.83,2.84,0.0135,tp,True,3,2.385962462635478,87.70521822799999,0.10752688172043004,False,82,-0.008117330708591441
20250226,20250225,300488,恒锋工具,-0.05074037512339591,48.08,56.07,48.06,49.93,0.0135,tp,True,1,1.2407898099947225,51.448733620199995,0.24994077232883197,False,57,0.001545110040525488
20250226,20250225,000529,广弘控股,-0.020537124802527673,6.2,6.3,6.02,6.15,0.0135,tp,True,2,3.5873881720747587,29.1210916647,0.07999999999999999,False,57,0.001545110040525488
20250227,20250226,300214,日科化学,-0.05840286054827182,7.9,8.0,7.35,7.56,-0.04453797468354442,close,False,1,3.0375392886060495,56.1137455098,0.16165951359084416,False,95,-0.0005206777093731407
20250227,20250226,002522,浙江众成,-0.053811659192825156,6.33,6.91,6.02,6.07,0.0135,tp,True,2,2.0675333286018636,48.0666380436,0.11513157894736845,False,95,-0.0005206777093731407
20250227,20250226,600590,泰豪科技,-0.04959514170040491,9.39,9.79,8.89,9.37,0.0135,tp,True,3,1.9402958434936957,71.7877664073,0.12026726057906459,False,95,-0.0005206777093731407
20250228,20250227,605208,永茂泰,-0.05163511187607572,11.02,12.33,10.95,11.16,0.0135,tp,True,1,2.481913017462114,48.369203999999996,0.06818181818181807,False,74,-0.003955065730831264
20250228,20250227,301366,一博科技,-0.047751168224299256,65.21,65.46,59.0,61.66,-0.05593950314368962,close,False,2,1.9668020480585497,64.46499436,0.1958997722095673,False,74,-0.003955065730831264
20250228,20250227,603278,大业股份,-0.0414878397711016,13.4,14.44,12.58,12.58,0.0135,tp,True,3,1.5394928768165073,31.749447516799997,0.12824547600314717,False,74,-0.003955065730831264
20250303,20250228,605178,时空科技,-0.03977591036414574,17.14,18.21,17.14,17.59,0.0135,tp,True,1,2.602510021746535,66.879,0.09735058533579802,False,43,0.002258423921226216
20250303,20250228,002692,远程股份,-0.023465703971119134,5.41,5.73,5.18,5.29,0.0135,tp,True,2,2.138644433988179,30.868052025,0.11111111111111104,False,43,0.002258423921226216
20250304,20250303,603496,恒为科技,-0.05750417561441179,39.5,39.97,37.72,37.72,-0.04656329113924057,close,False,1,1.9270532824708433,74.9609837863,0.19947506561679773,False,61,-0.004953375561136286
20250304,20250303,603200,上海洗霸,-0.05362776025236593,39.0,44.09,38.0,41.42,0.0135,tp,True,2,1.325982712549927,75.14058010459999,0.09022957821676461,False,61,-0.004953375561136286
20250304,20250303,600400,红豆股份,-0.047970479704797064,2.58,2.74,2.56,2.66,0.0135,tp,True,3,4.420532013525305,67.1371952636,0.08536585365853658,False,61,-0.004953375561136286
20250305,20250304,301112,信邦智能,-0.0341274951706374,30.0,30.05,28.73,28.91,-0.03783333333333333,close,False,1,2.054015550297001,33.56515304,0.2105873261205564,False,74,0.00014740344322405896
20250305,20250304,002631,德尔未来,-0.03157894736842115,4.6,4.7,4.46,4.53,0.0135,tp,True,2,2.3729298968989867,82.146899682,0.11342592592592597,False,74,0.00014740344322405896
20250305,20250304,605208,永茂泰,-0.027955271565495154,12.17,13.33,12.17,12.98,0.0135,tp,True,3,0.8802211319019915,48.369203999999996,0.12917398945518443,False,74,0.00014740344322405896
20250306,20250305,605066,天正电气,-0.06890130353817503,10.0,11.28,9.69,10.07,0.0135,tp,True,1,4.2770536880560135,36.1249416875,0.1393442622950819,False,63,0.0034740092640246356
20250306,20250305,600318,新力金融,-0.03218390804597693,8.42,9.09,8.42,8.81,0.0135,tp,True,2,4.94009326647424,38.4032996368,0.13147914032869773,False,63,0.0034740092640246356
20250307,20250306,002575,群兴玩具,-0.06181533646322368,11.99,12.1,11.5,11.5,-0.04236738949124269,close,False,1,2.5756199579115857,32.4884978,0.09638554216867463,False,103,-0.0023424329360267615
20250307,20250306,601177,杭齿前进,-0.05979921431689228,21.54,25.1,21.11,23.97,0.0135,tp,True,2,1.1214660888034214,57.143143,0.13874219875180033,False,103,-0.0023424329360267615
20250307,20250306,605100,华丰股份,-0.05350089766606825,26.36,26.9,25.07,25.07,0.0135,tp,True,3,1.178890965291642,76.10574552,0.12164296998420228,False,103,-0.0023424329360267615
20250310,20250307,603300,海南华铁,-0.06235385814497274,12.03,12.09,11.55,11.55,-0.04140024937655845,close,False,1,3.7608130012592524,99.5595732066,0.05746140651801029,False,53,0.00021052319461545288
20250310,20250307,003033,征和工业,-0.040467250730079174,46.0,46.71,43.15,43.55,0.0135,tp,True,2,1.4468654229585576,55.2464709974,0.1363010555300596,False,53,0.00021052319461545288
20250311,20250310,600960,渤海汽车,-0.05555555555555547,3.74,4.22,3.74,4.01,0.0135,tp,True,1,2.4534996333375845,38.971136238,0.09722222222222224,False,73,-0.009126125912018335
20250311,20250310,002277,友阿股份,-0.05213270142180093,6.0,6.61,5.98,6.47,0.0135,tp,True,2,3.0460006106192696,87.27521727999999,0.07652173913043485,False,73,-0.009126125912018335
20250311,20250310,002104,恒宝股份,-0.037138927097661534,7.0,7.1,6.95,7.06,0.0070714285714284526,close,True,3,2.749397631931546,74.6159381288,0.12102874432677757,False,73,-0.009126125912018335
20250313,20250312,603716,塞力医疗,-0.040632054176072185,12.75,14.62,12.51,14.62,0.0135,tp,True,1,3.0614020898709198,39.671438289,0.08360927152317879,False,80,-0.00024615056110466327
20250313,20250312,300042,朗科科技,-0.036207345662933044,37.0,37.14,33.48,34.8,-0.06095945945945952,close,False,2,1.314089334654965,79.11063594,0.13723038449515476,False,80,-0.00024615056110466327
20250313,20250312,601929,吉视传媒,-0.0357142857142857,2.16,2.17,2.08,2.1,-0.02927777777777779,close,False,3,1.9911708479958088,91.78142881839999,0.08333333333333351,False,80,-0.00024615056110466327
20250314,20250313,000880,潍柴重机,-0.05682382133995034,38.01,39.47,36.27,38.2,0.0135,tp,True,1,1.8532718481090509,52.011839880000004,0.09989082969432304,False,42,0.0008812854858830654
20250314,20250313,603206,嘉环科技,-0.055374592833876246,23.2,25.2,22.1,22.1,0.0135,tp,True,2,3.6661851086892834,43.2468382996,0.0452306314375279,False,42,0.0008812854858830654
20250314,20250313,603716,塞力医疗,-0.05266757865937066,13.85,14.47,13.16,13.42,0.0135,tp,True,3,2.006500628314482,39.671438289,0.1587659894657637,False,42,0.0008812854858830654
20250317,20250314,002093,国脉科技,-0.0712328767123287,13.56,14.75,13.14,14.06,0.0135,tp,True,1,1.9209313968099566,70.7265,0.14544084400904295,False,81,0.003289896945805948
20250317,20250314,600738,丽尚国潮,-0.02684563758389269,5.8,5.97,5.59,5.59,0.0135,tp,True,2,4.696261485080232,32.9368462868,0.09409594095940955,False,81,0.003289896945805948
20250318,20250317,300191,潜能恒信,-0.04669464847848881,18.17,19.57,17.51,18.67,0.0135,tp,True,1,4.78645862991857,82.505735,0.15806045340050365,False,64,0.0024634208275808867
20250318,20250317,002042,华孚时尚,-0.0273972602739726,7.1,7.58,7.1,7.43,0.0135,tp,True,2,1.025967773112774,69.387799284,0.12048192771084336,False,64,0.0024634208275808867
20250318,20250317,600892,大晟文化,-0.02127659574468077,3.68,3.71,3.6,3.64,-0.012369565217391352,close,False,3,3.137897276360399,27.1829294496,0.09064327485380105,False,64,0.0024634208275808867
20250319,20250318,002574,明牌珠宝,-0.0403690888119953,8.32,9.35,7.8,8.0,0.0135,tp,True,1,3.5114957733951475,27.5088,0.18654822335025378,False,65,-0.001629851651427594
20250319,20250318,600797,浙大网新,-0.037878787878787845,12.7,13.27,12.3,12.36,0.0135,tp,True,2,1.9494251583694409,72.748866996,0.08333333333333333,False,65,-0.001629851651427594
20250319,20250318,000779,甘咨询,-0.034038638454461756,10.5,10.83,10.3,10.38,0.0135,tp,True,3,1.632607641535704,47.1286607688,0.11234817813765176,False,65,-0.001629851651427594
20250320,20250319,002093,国脉科技,-0.030470914127423754,14.0,15.88,13.4,15.88,0.0135,tp,True,1,1.1294336609763067,70.7265,0.13252094440213252,False,47,-0.00035313723029506416
20250320,20250319,002173,创新医疗,-0.025223759153783498,11.98,13.29,11.78,12.44,0.0135,tp,True,2,1.533037883865739,80.0906153993,0.10384959713518338,False,47,-0.00035313723029506416
20250321,20250320,603677,奇精机械,-0.07158980973879403,28.79,29.75,27.91,27.91,0.0135,tp,True,1,2.725306146025878,27.002641273,0.14508691025186235,False,64,-0.0021091538450255243
20250321,20250320,600758,辽宁能源,-0.030516431924882625,4.13,4.36,4.08,4.11,0.0135,tp,True,2,2.3647244474123905,51.244843687199996,0.10335917312661497,False,64,-0.0021091538450255243
20250321,20250320,000608,阳光股份,-0.025531914893617058,2.29,2.35,2.22,2.24,0.0135,tp,True,3,2.6095347569483076,41.821574902500004,0.10280373831775709,False,64,-0.0021091538450255243
20250324,20250321,300084,海默科技,-0.0615224191866528,9.0,10.45,8.45,10.42,0.0135,tp,True,1,2.8758854753867142,48.6118091864,0.19774718397997498,False,48,0.0
20250324,20250321,603767,中马传动,-0.06118453255017131,19.18,19.91,18.39,18.58,0.0135,tp,True,2,1.8550354726014433,43.270136300000004,0.07108239095315026,False,48,0.0
20250324,20250321,002406,远东传动,-0.044117647058823595,10.4,10.52,9.79,9.79,-0.06015384615384628,close,False,3,3.5409444333105538,38.283866279099996,0.07077856420626906,False,48,0.0
20250325,20250324,601890,亚星锚链,-0.0735551663747811,10.58,10.98,10.28,10.28,0.0135,tp,True,1,2.4406397050482345,84.81096,0.08477842003853571,False,45,-8.901997905153003e-06
20250325,20250324,603090,宏盛股份,-0.06073838824930533,23.66,24.29,23.13,23.52,0.0135,tp,True,2,1.7276541656258793,39.69,0.12620087336244545,False,45,-8.901997905153003e-06
20250325,20250324,002724,海洋王,-0.06002143622722411,8.77,8.93,8.4,8.4,0.0135,tp,True,3,1.442252182801463,40.5031976635,0.20047169811320756,False,45,-8.901997905153003e-06
20250326,20250325,002735,王子新材,-0.06412478336221827,10.8,11.18,10.39,10.52,0.0135,tp,True,1,3.4266741486990653,33.6940141062,0.05243088655862716,False,48,-0.0012789393408862981
20250326,20250325,300885,海昌新材,-0.02346041055718484,16.65,18.25,16.35,17.98,0.0135,tp,True,2,1.6551672606046672,32.986010562500006,0.1850809289232935,False,48,-0.0012789393408862981
20250326,20250325,002570,贝因美,-0.02131782945736438,5.05,5.42,4.98,5.28,0.0135,tp,True,3,1.162164175769645,51.4077778508,0.14072494669509597,False,48,-0.0012789393408862981
20250327,20250326,603072,天和磁材,-0.03731639539499809,48.5,54.7,47.6,48.22,0.0135,tp,True,1,1.5562318902898875,40.721798,0.15676855895196506,False,74,-0.0017781339982781974
20250327,20250326,600571,信雅达,-0.03731343283582078,15.48,15.95,14.9,15.14,0.0135,tp,True,2,2.4259468084047318,50.9935397142,0.12653898768809835,False,74,-0.0017781339982781974
20250327,20250326,600789,鲁抗医药,-0.034038638454461756,10.5,11.51,10.5,10.88,0.0135,tp,True,3,2.8887508935964035,79.9145873827,0.07287449392712539,False,74,-0.0017781339982781974
20250328,20250327,002272,川润股份,-0.044719314938154175,10.04,10.17,9.59,9.59,-0.046320717131474065,close,False,1,2.6664592914430214,70.42226294129999,0.09528795811518326,False,49,-0.0005068543905150102
20250328,20250327,301118,恒光股份,-0.043159257660768224,22.17,24.17,20.5,22.45,0.0135,tp,True,2,4.282016597813768,25.6570590654,0.11082340756084934,False,49,-0.0005068543905150102
20250328,20250327,600227,赤天化,-0.02371541501976271,2.47,2.63,2.37,2.4,0.0135,tp,True,3,3.3734743031437704,66.0519098151,0.1,False,49,-0.0005068543905150102
20250331,20250328,002631,德尔未来,-0.04140786749482406,4.63,4.78,4.6,4.62,0.0135,tp,True,1,3.5703863976447194,82.146899682,0.12300683371298407,False,33,-0.002378174504895081
20250331,20250328,002639,雪人集团,-0.026905829596412634,8.68,9.3,8.51,8.54,0.0135,tp,True,2,1.679859817585184,79.60866975360001,0.08138101109741062,False,33,-0.002378174504895081
20250331,20250328,600318,新力金融,-0.02487562189054726,9.8,10.63,9.66,9.9,0.0135,tp,True,3,1.5721440976703804,38.4032996368,0.11159737417943122,False,33,-0.002378174504895081
20250401,20250331,600081,东风科技,-0.03475935828877019,14.44,16.42,14.35,15.35,0.0135,tp,True,1,2.160228043504574,57.625326914,0.09264705882352953,False,34,0.001486921981563416
20250401,20250331,600173,卧龙新能,-0.03193033381712629,6.67,7.48,6.63,6.97,0.0135,tp,True,2,2.553916664574184,43.8460568744,0.0732484076433121,False,34,0.001486921981563416
20250403,20250402,600571,信雅达,-0.07017543859649111,16.96,18.16,16.88,17.67,0.0135,tp,True,1,1.119148011731132,50.9935397142,0.1049457177322074,False,39,-0.00911009423514908
20250403,20250402,002923,润都股份,-0.055118110236220486,16.8,19.56,16.8,19.42,0.0135,tp,True,2,1.195521742832627,28.877370887700003,0.11509900990099017,False,39,-0.00911009423514908
20250403,20250402,002453,华软科技,-0.023090586145648295,5.5,5.8,5.46,5.5,0.0135,tp,True,3,2.4312723132552176,29.7755984314,0.10351562500000004,False,39,-0.00911009423514908
20250408,20250407,603967,中创物流,-0.05361131794489937,12.71,14.53,12.33,13.96,0.0135,tp,True,1,4.339201040873267,40.594671741,0.04914004914004911,False,23,-0.0007492136486058065
20250408,20250407,002549,凯美特气,-0.028776978417266008,10.8,12.23,10.5,12.23,0.0135,tp,True,2,1.7533867263206904,98.9381762654,0.19980217606330364,False,23,-0.0007492136486058065
20250409,20250408,002549,凯美特气,-0.07604251839738341,11.3,11.84,11.01,11.01,0.0135,tp,True,1,1.2932119582210408,98.9381762654,0.15557553956834538,False,121,-0.011298501057048882
20250409,20250408,002165,红 宝 丽,-0.04628330995792429,6.8,7.47,6.42,7.1,0.0135,tp,True,2,1.2260331196830774,66.29942757559999,0.07098765432098765,False,121,-0.011298501057048882
20250409,20250408,000715,中兴商业,-0.03584229390680993,8.07,8.97,7.68,8.26,0.0135,tp,True,3,1.4110975855792138,27.812416346000003,0.15243101182654392,False,121,-0.011298501057048882
20250410,20250409,001212,中旗新材,-0.05571621361095047,48.98,51.1,46.68,50.16,0.0135,tp,True,1,3.5002198372674496,60.5821109946,0.10349946977730637,False,112,0.012874943909426673
20250410,20250409,600371,万向德农,-0.05128205128205121,11.1,12.8,10.88,12.2,0.0135,tp,True,2,1.758079109240171,40.843888799999995,0.01785714285714281,False,112,0.012874943909426673
20250410,20250409,600094,大名城,-0.045845272206303744,3.33,3.58,3.29,3.41,0.0135,tp,True,3,3.1370039724665455,84.411329015,0.14826498422712941,False,112,0.012874943909426673
20250411,20250410,603076,乐惠国际,-0.07982261640798227,20.75,22.44,20.75,21.9,0.0135,tp,True,1,0.9565157585240462,25.250721164799998,0.09219512195121954,False,152,-0.0012811604273429422
20250411,20250410,002427,尤夫股份,-0.03590664272890487,5.37,6.13,5.33,5.65,0.0135,tp,True,2,1.247249796427904,50.5057726818,0.1304347826086957,False,152,-0.0012811604273429422
20250411,20250410,600590,泰豪科技,-0.02962206332992845,9.5,9.99,9.25,9.58,0.0135,tp,True,3,1.7897056064004913,71.7877664073,0.10337078651685393,False,152,-0.0012811604273429422
20250415,20250414,001212,中旗新材,-0.023150660155543568,54.01,55.94,52.32,55.29,0.0135,tp,True,1,1.4377291849176181,60.5821109946,0.10525268603263031,False,102,-0.0006497466907359195
20250415,20250414,002163,海南发展,-0.02149321266968318,8.65,8.69,8.18,8.21,-0.05236705202312136,close,False,2,1.3598973824682288,69.8283972375,0.11318407960199008,False,102,-0.0006497466907359195
20250416,20250415,002882,金龙羽,-0.040046430644225306,16.54,17.24,16.54,16.77,0.0135,tp,True,1,1.3906298405738389,58.7095320326,0.09961685823754793,False,55,3.0602939107282623e-06
20250416,20250415,300927,江天化学,-0.03021248339973437,29.21,32.98,28.32,30.61,0.0135,tp,True,2,1.720627489630816,49.198414356,0.20318725099601598,False,55,3.0602939107282623e-06
20250416,20250415,603607,京华激光,-0.03013698630136985,17.7,18.21,16.96,17.7,0.0135,tp,True,3,2.6789794209238225,40.059169919999995,0.015672091621458804,False,55,3.0602939107282623e-06
20250417,20250416,603110,东方材料,-0.05571347356452527,16.61,19.27,16.52,17.93,0.0135,tp,True,1,4.982385949019904,47.690735484,0.12945590994371484,False,45,-0.004358974358974366
20250417,20250416,002909,集泰股份,-0.034596375617792385,5.86,5.9,5.72,5.86,-0.0015,close,False,2,2.405036873506465,25.184292754599998,0.0724637681159421,False,45,-0.004358974358974366
20250417,20250416,002343,慈文传媒,-0.029661016949152574,6.87,7.2,6.77,6.98,0.0135,tp,True,3,3.7245030064156044,26.573464044599998,0.12422360248447202,False,45,-0.004358974358974366
20250418,20250417,603128,华贸物流,-0.05653266331658291,7.51,7.76,7.16,7.16,0.0135,tp,True,1,4.30529674003215,73.961126911,0.09116022099447516,False,85,-0.0030454160239488104
20250418,20250417,600644,乐山电力,-0.050632911392405,9.75,11.17,9.29,10.69,0.0135,tp,True,2,3.5612653707870203,51.9910415382,0.12847965738758022,False,85,-0.0030454160239488104
20250418,20250417,300805,电声股份,-0.025044722719141266,10.9,11.07,10.43,10.55,0.0135,tp,True,3,4.112698992217064,26.2399907398,0.21030042918454925,False,85,-0.0030454160239488104
20250421,20250418,000025,特 力Ａ,-0.04011326097215673,20.34,21.21,19.5,20.09,0.0135,tp,True,1,3.565843521387807,65.240478952,0.05970924195223271,False,57,-0.0010956044593237735
20250421,20250418,603696,安记食品,-0.03542673107890493,11.98,13.66,11.49,13.66,0.0135,tp,True,2,1.2637301129795144,33.8688,0.035429583702391534,False,57,-0.0010956044593237735
20250421,20250418,002177,御银股份,-0.03205128205128194,4.53,5.15,4.51,4.94,0.0135,tp,True,3,2.1839676960383567,42.2192974554,0.10823529411764705,False,57,-0.0010956044593237735
20250422,20250421,603637,镇海股份,-0.054054054054053946,9.8,10.01,9.7,9.84,0.0135,tp,True,1,3.9889301022354586,36.017698839299996,0.11358811040339706,False,99,-0.0006866316464271272
20250422,20250421,603696,安记食品,-0.04538799414348471,13.04,15.03,12.37,15.03,0.0135,tp,True,2,2.776870380754257,33.8688,0.1747181964573269,False,99,-0.0006866316464271272
20250422,20250421,603237,五芳斋,-0.03859964093357271,21.42,21.85,21.01,21.37,0.0135,tp,True,3,1.9363672533035357,30.141339848799998,0.14123456790123454,False,99,-0.0006866316464271272
20250423,20250422,002564,天沃科技,-0.042857142857142705,5.36,5.45,5.04,5.14,0.0135,tp,True,1,1.9840739630871924,39.1660441512,0.16502946954813358,False,81,0.0025426091594540345
20250423,20250422,600939,重庆建工,-0.023255813953488302,2.94,3.11,2.87,2.87,0.0135,tp,True,2,2.447626975030412,51.366823488,0.10218978102189773,False,81,0.0025426091594540345
20250423,20250422,603697,有友食品,-0.021818181818181848,13.45,14.5,12.73,13.18,0.0135,tp,True,3,1.8274384393359075,41.058441408,0.12879999999999994,False,81,0.0025426091594540345
20250424,20250423,600860,京城股份,-0.057454545454545425,12.96,14.55,12.81,13.92,0.0135,tp,True,1,2.5198481518933,37.7878710588,0.11840000000000003,False,61,-0.00036707155771820155
20250424,20250423,002313,日海智能,-0.02611534276387384,8.95,9.04,8.65,8.69,-0.03055027932960891,close,False,2,1.8506832298136646,33.35719563,0.09461077844311368,False,61,-0.00036707155771820155
20250425,20250424,001316,润贝航科,-0.057655038759690025,38.9,41.11,37.78,38.25,0.0135,tp,True,1,1.5493479454854326,40.4189184,0.14068745003996805,False,55,0.0009401660151215907
20250425,20250424,002582,好想你,-0.044166666666666576,11.47,12.6,11.4,12.01,0.0135,tp,True,2,1.245056727425644,36.8610973038,0.04399633363886347,False,55,0.0009401660151215907
20250425,20250424,002469,三维化学,-0.04233870967741937,9.5,10.36,9.3,9.6,0.0135,tp,True,3,4.620527309666198,42.0161920548,0.09977827050997787,False,55,0.0009401660151215907
20250428,20250425,001367,海森药业,-0.05397022332506207,30.5,30.85,29.22,30.29,-0.008385245901639414,close,False,1,3.0388064513392212,25.23477469,0.12657795974070288,False,65,-0.000910453830886282
20250428,20250425,603648,畅联股份,-0.04517271922054911,10.78,11.11,10.61,10.67,0.0135,tp,True,2,2.168289887453686,34.2480096,0.111111111111111,False,65,-0.000910453830886282
20250428,20250425,300746,汉嘉数智,-0.04341736694677867,13.66,14.08,13.11,13.28,0.0135,tp,True,3,3.5782112545248905,33.12943569,0.22941176470588223,False,65,-0.000910453830886282
20250429,20250428,000993,闽东电力,-0.05104602510460243,11.34,11.37,10.76,10.88,-0.042064373897707175,close,False,1,1.9150570680643673,46.1157115185,0.1443014705882353,False,43,-0.0021165243993297445
20250429,20250428,600822,上海物贸,-0.03796376186367556,11.15,11.77,10.72,10.98,0.0135,tp,True,2,2.557977746210149,34.2271792512,0.09203036053130936,False,43,-0.0021165243993297445
20250430,20250429,002365,永安药业,-0.07949790794979084,13.2,13.77,12.91,12.91,0.0135,tp,True,1,1.2312823824643606,38.811530958,0.10276073619631901,False,60,-0.0007819512269332529
20250430,20250429,300571,平治信息,-0.028958718422674057,31.52,35.65,31.2,33.17,0.0135,tp,True,2,4.351197840806461,34.6564613475,0.1648798521256932,False,60,-0.0007819512269332529
20250430,20250429,603335,迪生力,-0.02505694760820032,4.28,4.63,4.19,4.48,0.0135,tp,True,3,1.1149212563972086,28.38598698,0.11027568922305751,False,60,-0.0007819512269332529
20250506,20250430,600793,宜宾纸业,-0.03058350100603624,24.09,24.95,23.9,24.62,0.0135,tp,True,1,1.6062689503012326,27.1016931064,0.1478530323151837,False,69,0.004946584813191546
20250508,20250507,000565,渝三峡Ａ,-0.07549234135667404,8.45,9.3,8.23,8.76,0.0135,tp,True,1,1.779864596088338,28.183494300000003,0.09386281588447666,False,64,-0.003428397059835442
20250508,20250507,300879,大叶股份,-0.0466992665036674,38.99,39.84,37.28,39.12,0.0135,tp,True,2,1.3966077994895856,34.6975101248,0.15610328638497653,False,64,-0.003428397059835442
20250508,20250507,600611,大众交通,-0.039823008849557584,6.51,6.66,6.41,6.5,0.0135,tp,True,3,4.9532865304650615,77.8531549272,0.10551948051948057,False,64,-0.003428397059835442
20250509,20250508,300032,金龙机电,-0.07939189189189189,5.45,5.58,5.17,5.17,0.0135,tp,True,1,4.50353149213842,31.5645655944,0.18052738336713992,False,63,-0.00047434367541765443
20250509,20250508,002828,贝肯能源,-0.03977900552486202,8.69,8.97,8.6,8.68,0.0135,tp,True,2,2.160956617406074,25.143548759999998,0.06682867557715683,False,63,-0.00047434367541765443
20250509,20250508,603109,神驰机电,-0.027811366384522307,24.12,24.28,23.29,23.36,-0.03300912106135995,close,False,3,1.3111407409297666,36.33961464,0.09179600886917962,False,63,-0.00047434367541765443
20250512,20250509,002651,利君股份,-0.06152125279642051,8.39,9.83,8.39,9.83,0.0135,tp,True,1,3.5950023306299235,49.5911613157,0.03444034440344395,False,36,0.0032824655894674315
20250512,20250509,603331,百达精工,-0.05226480836236935,10.88,11.18,10.44,10.62,0.0135,tp,True,2,3.803652350199978,25.797611153600002,0.045019157088122666,False,36,0.0032824655894674315
20250514,20250513,300840,酷特智能,-0.0606308889799263,22.93,25.33,22.62,25.16,0.0135,tp,True,1,2.4068101832154047,36.479401342500005,0.08800393313667645,False,48,-0.00018667385706716555
20250514,20250513,603331,百达精工,-0.04109589041095896,11.2,11.98,11.11,11.37,0.0135,tp,True,2,2.613474742893683,25.797611153600002,0.11393596986817318,False,48,-0.00018667385706716555
20250514,20250513,002549,凯美特气,-0.02959183673469401,9.51,10.24,9.51,9.98,0.0135,tp,True,3,1.50940781631817,98.9381762654,0.11335578002244687,False,48,-0.00018667385706716555
20250515,20250514,603967,中创物流,-0.045214770158251705,12.67,13.26,12.3,12.4,0.0135,tp,True,1,3.2053948143428976,40.594671741,0.1218905472636815,False,61,-0.001621645441325481
20250515,20250514,600644,乐山电力,-0.03769045709703289,12.0,13.58,11.88,12.97,0.0135,tp,True,2,1.6085227357638614,51.9910415382,0.12962962962962968,False,61,-0.001621645441325481
20250515,20250514,605055,迎丰股份,-0.03427895981087481,8.17,9.31,8.17,9.31,0.0135,tp,True,3,3.9068401571234324,44.22,0.18205461638491563,False,61,-0.001621645441325481
20250516,20250515,601083,锦江航运,-0.05878236529041292,13.45,13.8,12.89,13.02,0.0135,tp,True,1,3.050767134813461,25.449132000000002,0.05080831408775969,False,50,-0.0018072538614892775
20250516,20250515,605138,盛泰集团,-0.05300353356890475,8.04,8.5,7.64,7.86,0.0135,tp,True,2,2.952634681021953,35.445473184,0.08808290155440422,False,50,-0.0018072538614892775
20250516,20250515,002427,尤夫股份,-0.0442374854481955,8.21,9.28,8.05,8.57,0.0135,tp,True,3,2.1137616693625403,50.5057726818,0.10115236875800257,False,50,-0.0018072538614892775
20250519,20250516,300963,中洲特材,-0.049067315490673225,23.45,29.59,22.69,29.59,0.0135,tp,True,1,1.5008833709334088,39.8155065189,0.17907542579075425,False,57,-0.00046919636758857575
20250519,20250516,603839,安正时尚,-0.04685408299866123,7.12,7.42,6.86,7.05,0.0135,tp,True,2,4.574087531251893,26.62671456,0.11782032400589099,False,57,-0.00046919636758857575
20250520,20250519,605055,迎丰股份,-0.03070624360286578,9.47,10.75,8.79,10.75,0.0135,tp,True,1,1.5332271393857988,44.22,0.1722972972972972,False,82,0.0012204609838519787
20250520,20250519,002651,利君股份,-0.025016035920461865,15.2,15.28,14.03,14.03,-0.0784736842105263,close,False,2,1.4232683613933899,49.5911613157,0.15384615384615383,False,82,0.0012204609838519787
20250520,20250519,002811,郑中设计,-0.024271844660194053,12.06,13.6,12.06,13.6,0.0135,tp,True,3,4.741879996553845,39.091040210900005,0.15391459074733083,False,82,0.0012204609838519787
20250521,20250520,605055,迎丰股份,-0.046511627906976716,10.25,11.6,9.94,10.79,0.0135,tp,True,1,1.4803588738228344,44.22,0.2006141248720574,False,74,-7.98703142749213e-05
20250521,20250520,603163,圣晖集成,-0.03347016103568057,30.61,30.61,28.5,28.56,-0.06847157791571384,close,False,2,3.598562500518728,78.36,0.10003473428273715,False,74,-7.98703142749213e-05
20250521,20250520,002522,浙江众成,-0.02766798418972327,4.92,5.04,4.86,4.9,0.0135,tp,True,3,3.5399453954295454,48.0666380436,0.11086956521739126,False,74,-7.98703142749213e-05
20250522,20250521,301662,宏工科技,-0.06362545018007204,78.0,79.84,73.89,74.59,0.0135,tp,True,1,1.4706048256314075,31.5533119368,0.2463267070008642,False,53,-0.001682622056518479
20250522,20250521,600279,重庆港,-0.044515103338632844,6.01,6.92,5.92,6.92,0.0135,tp,True,2,1.5152980009101609,52.103429823700004,0.12762237762237771,False,53,-0.001682622056518479
20250522,20250521,002900,哈三联,-0.036817882971729166,14.65,16.2,14.2,14.9,0.0135,tp,True,3,0.9689230196666064,25.79199896,0.1402747650036154,False,53,-0.001682622056518479
20250523,20250522,603607,京华激光,-0.03614457831325302,23.2,26.48,23.05,26.48,0.0135,tp,True,1,1.9902405827393452,40.059169919999995,0.11745886654478978,False,40,-0.0009821933086602286
20250526,20250523,002735,王子新材,-0.07542194092827004,17.53,20.34,17.13,18.32,0.0135,tp,True,1,1.8374710446150917,33.6940141062,0.16009280742459409,False,42,-0.0005405615269519215
20250526,20250523,300584,海辰药业,-0.06598407281001117,32.84,33.01,30.0,31.8,-0.03316869671132777,close,False,2,1.8086753640615745,26.4134971536,0.16245733788395897,False,42,-0.0005405615269519215
20250526,20250523,002882,金龙羽,-0.05741216795201376,22.0,25.39,21.55,23.77,0.0135,tp,True,3,2.325981108349558,58.7095320326,0.16211121583411883,False,42,-0.0005405615269519215
20250527,20250526,603681,永冠新材,-0.05489964580873674,16.01,18.63,15.94,18.63,0.0135,tp,True,1,4.403555381007935,43.435432341,0.07597402597402608,False,60,-0.00010158836394935644
20250528,20250527,603949,雪龙集团,-0.0440582053354891,23.65,25.62,23.08,23.89,0.0135,tp,True,1,2.0679265082311264,30.185477346400003,0.1522414558366622,False,62,0.00034723365532274286
20250528,20250527,000561,烽火电子,-0.036144578313252906,10.4,10.59,9.71,9.91,0.0135,tp,True,2,2.1244931924684276,61.401166176000004,0.15698267074413855,False,62,0.00034723365532274286
20250528,20250527,301137,哈焊华通,-0.031068451629199356,38.36,42.5,36.5,39.96,0.0135,tp,True,3,2.4670999115938206,58.52573346,0.19369505910882087,False,62,0.00034723365532274286
20250529,20250528,605033,美邦股份,-0.061433447098976135,22.0,22.77,21.33,21.34,0.0135,tp,True,1,1.6051581217924085,27.8512,0.05584232754575323,False,56,0.0001407215121276284
20250529,20250528,002639,雪人集团,-0.05903083700440526,10.68,11.86,10.62,11.33,0.0135,tp,True,2,1.8673576257874833,79.60866975360001,0.09593023255813955,False,56,0.0001407215121276284
20250529,20250528,002427,尤夫股份,-0.05238540692235727,10.13,11.23,9.62,10.48,0.0135,tp,True,3,1.526379202306411,50.5057726818,0.06275720164609047,False,56,0.0001407215121276284
20250530,20250529,301082,久盛电气,-0.0731886723059949,25.2,25.68,22.61,22.62,0.0135,tp,True,1,1.7374842641177322,27.8434716892,0.24580759046778466,False,101,-0.0013795358932048307
20250530,20250529,601086,国芳集团,-0.06150919467343052,14.8,15.36,14.19,14.19,0.0135,tp,True,2,2.006954014569205,67.1994,0.09135285913528582,False,101,-0.0013795358932048307
20250530,20250529,300698,万马科技,-0.043039192113488944,39.8,40.41,38.05,38.33,0.0135,tp,True,3,4.927574598384272,32.7984769485,0.18984420080784783,False,101,-0.0013795358932048307
20250603,20250530,300149,睿智医药,-0.0788704965920155,9.46,12.18,9.45,11.62,0.0135,tp,True,1,2.4917303615436337,44.642955826800005,0.14836448598130836,False,39,-0.0022165861585843327
20250603,20250530,002734,利民股份,-0.02101769911504414,17.7,17.89,17.32,17.52,-0.011669491525423679,close,False,2,1.5377263972202584,72.7386156936,0.1293260473588343,False,39,-0.0022165861585843327
20250603,20250530,003041,真爱美家,-0.020658682634730474,32.71,32.73,30.5,31.11,-0.05041470498318562,close,False,3,4.333167305016918,53.7552767152,0.07872200263504602,False,39,-0.0022165861585843327
20250604,20250603,002537,海联金汇,-0.07205240174672489,8.5,9.0,8.26,8.49,0.0135,tp,True,1,3.224911501122264,74.7957228705,0.049219687875150075,False,68,0.00041939571324034475
20250604,20250603,603017,中衡设计,-0.04263206672845221,10.33,11.87,10.33,11.87,0.0135,tp,True,2,4.36804100166586,27.922838622300002,0.06014271151885829,False,68,0.00041939571324034475
20250604,20250603,300238,冠昊生物,-0.04080522306855283,17.63,17.79,16.68,16.75,-0.051414917753828615,close,False,3,4.095111979441535,31.020687593999998,0.22454308093994774,False,68,0.00041939571324034475
20250605,20250604,603221,爱丽家居,-0.0249597423510467,12.11,12.29,11.46,11.73,-0.03287902559867867,close,False,1,3.0182255516729692,74.013485,0.1089459698848539,False,71,0.0005983057875718067
20250605,20250604,600684,珠江股份,-0.024449877750611138,3.99,4.0,3.79,3.98,-0.004006265664160456,close,False,2,2.13908116917599,32.0901231848,0.07526881720430102,False,71,0.0005983057875718067
20250606,20250605,603518,锦泓集团,-0.07169529499626592,12.43,13.0,12.05,12.38,0.0135,tp,True,1,1.068317197180463,28.4205110784,0.12121212121212124,False,65,5.614491297545321e-05
20250606,20250605,300082,奥克股份,-0.05561385099685201,9.0,9.36,8.55,8.59,0.0135,tp,True,2,2.080001920607078,60.2324262144,0.18513853904282102,False,65,5.614491297545321e-05
20250606,20250605,002370,亚太药业,-0.04556962025316458,3.77,3.87,3.7,3.73,0.0135,tp,True,3,3.993882465464163,41.009239150000006,0.1169916434540391,False,65,5.614491297545321e-05
20250609,20250606,603042,华脉科技,-0.05195500803427977,17.7,20.5,17.66,19.5,0.0135,tp,True,1,3.865741627894499,29.9162812936,0.06599882144961704,False,49,0.001010232294349711
20250609,20250606,603017,中衡设计,-0.04915390813859788,11.8,12.46,11.65,12.13,0.0135,tp,True,2,2.001690027608535,27.922838622300002,0.056737588652482324,False,49,0.001010232294349711
20250609,20250606,000701,厦门信达,-0.03153153153153154,6.45,7.19,6.4,6.59,0.0135,tp,True,3,2.820796222859227,34.856374138199996,0.05785123966942158,False,49,0.001010232294349711
20250610,20250609,300204,舒泰神,-0.07469948483113908,32.33,34.9,31.66,31.9,0.0135,tp,True,1,1.196628195369982,96.7212716132,0.22115384615384606,False,69,0.0006588680999009
20250610,20250609,600468,百利电气,-0.03314285714285703,8.46,9.63,8.46,9.63,0.0135,tp,True,2,1.1477746632654058,70.2677017366,0.12830188679245277,False,69,0.0006588680999009
20250610,20250609,002104,恒宝股份,-0.03300330033003285,11.72,12.2,11.13,11.14,0.0135,tp,True,3,1.1519400190037026,74.6159381288,0.08802177858439192,False,69,0.0006588680999009
20250611,20250610,600468,百利电气,-0.03530633437175512,9.29,9.35,8.67,8.68,-0.06716200215285245,close,False,1,1.113060740468875,70.2677017366,0.1337142857142857,False,44,0.00018907947837698558
20250611,20250610,300340,科恒股份,-0.03181336161187687,18.26,20.85,17.85,18.5,0.0135,tp,True,2,1.9319252201404902,25.1023589568,0.22964376590330784,False,44,0.00018907947837698558
20250611,20250610,002298,中电鑫龙,-0.028402366863905182,8.21,8.57,7.62,7.75,0.0135,tp,True,3,3.0144485096065012,54.6897159864,0.0833333333333333,False,44,0.00018907947837698558
20250612,20250611,603258,电魂网络,-0.047098402018503016,22.66,23.78,22.6,23.1,0.0135,tp,True,1,2.478809673277584,32.943094275,0.10314523589269196,False,49,-0.0012785393496204112
20250612,20250611,003040,楚天龙,-0.04687499999999989,18.3,20.5,18.12,18.92,0.0135,tp,True,2,2.9926804846811477,89.4512805164,0.16618911174785092,False,49,-0.0012785393496204112
20250612,20250611,000948,南天信息,-0.03441682600382423,20.2,21.05,20.01,20.59,0.0135,tp,True,3,1.5885602485901715,56.6131131255,0.107255520504732,False,49,-0.0012785393496204112
20250613,20250612,301110,青木科技,-0.05164319248826288,68.68,68.8,61.5,63.81,-0.07240856144437974,close,False,1,3.279593884348622,34.5156957548,0.17829328914664466,False,61,-0.0015223384058353773
20250613,20250612,603335,迪生力,-0.04399323181049064,5.65,5.88,5.32,5.32,0.0135,tp,True,2,4.922470569616401,28.38598698,0.08007448789571689,False,61,-0.0015223384058353773
20250613,20250612,603818,曲美家居,-0.04086021505376347,4.46,4.79,4.4,4.6,0.0135,tp,True,3,1.3960884736763859,26.7065559595,0.11820330969267138,False,61,-0.0015223384058353773
20250616,20250613,600281,华阳新材,-0.07713498622589532,6.7,7.99,6.55,7.68,0.0135,tp,True,1,2.043461723015368,25.411460035,0.08333333333333331,False,55,-0.002259401835949082
20250616,20250613,002172,澳洋健康,-0.04125736738703334,4.88,5.04,4.68,4.76,0.0135,tp,True,2,1.3768542371952104,36.267670601999995,0.15766738660907118,False,55,-0.002259401835949082
20250616,20250613,002550,千红制药,-0.030303030303030387,9.92,9.92,9.21,9.43,-0.05089516129032262,close,False,3,1.577021299342116,64.17505109129999,0.07419354838709691,False,55,-0.002259401835949082
20250617,20250616,300164,通源石油,-0.060955518945634335,5.7,7.28,5.56,7.04,0.0135,tp,True,1,4.714429311047574,61.9952860359,0.1442687747035574,False,54,-0.0001623026915689163
20250617,20250616,603988,中电电机,-0.02204836415362732,27.5,29.36,26.86,28.66,0.0135,tp,True,2,2.971204153524433,46.546079999999996,0.09859154929577464,False,54,-0.0001623026915689163
20250618,20250617,300016,北陆药业,-0.0604026845637583,9.8,10.28,9.22,9.23,0.0135,tp,True,1,1.1070159764132754,49.2482305788,0.16225546605293442,False,44,-0.0003719667001240712
20250618,20250617,600281,华阳新材,-0.04970414201183426,8.03,8.35,7.61,7.61,0.0135,tp,True,2,1.5477462360211582,25.411460035,0.14973958333333326,False,44,-0.0003719667001240712
20250618,20250617,603585,苏利股份,-0.042464612822647796,23.0,23.46,21.62,21.62,0.0135,tp,True,3,1.5105590508790137,30.3833124342,0.0796703296703296,False,44,-0.0003719667001240712
20250619,20250618,002235,安妮股份,-0.03970223325062039,7.74,8.75,7.25,8.21,0.0135,tp,True,1,2.2204921750626765,50.2649098216,0.12687585266030021,False,38,-0.0013338015409538606
20250619,20250618,002828,贝肯能源,-0.03201787043931492,13.0,14.69,12.36,13.48,0.0135,tp,True,2,2.6159157252334366,25.143548759999998,0.06961506961506958,False,38,-0.0013338015409538606
20250620,20250619,600714,金瑞矿业,-0.04475524475524484,13.66,14.25,12.87,12.87,0.0135,tp,True,1,1.58778814575454,53.9465983056,0.13846153846153852,False,34,-0.0009517832551583227
20250620,20250619,603918,金桥信息,-0.038559107052257846,18.95,19.19,18.13,18.67,-0.016275725593667467,close,False,2,1.5698002700742577,42.535026779,0.08370535714285714,False,34,-0.0009517832551583227
20250623,20250620,300340,科恒股份,-0.06734496124031009,19.25,20.09,18.65,19.77,0.0135,tp,True,1,1.5479355182369374,25.1023589568,0.24593023255813956,False,44,-0.00310723533438495
20250623,20250620,002579,中京电子,-0.05504587155963303,10.3,11.86,10.18,11.5,0.0135,tp,True,2,4.702991525116484,82.14810658559999,0.018163471241170504,False,44,-0.00310723533438495
20250623,20250620,301038,深水规院,-0.028389339513325673,16.77,16.9,16.12,16.29,-0.030122540250447305,close,False,3,3.291334184928969,38.949768,0.19888734353268436,False,44,-0.00310723533438495
20250624,20250623,601008,连云港,-0.05124653739612195,6.85,7.3,6.85,6.93,0.0135,tp,True,1,1.3217253947745848,55.5805826688,0.050304878048780505,False,71,-0.00044357962845775756
20250624,20250623,002040,南 京 港,-0.033333333333333215,11.31,12.25,11.31,11.5,0.0135,tp,True,2,0.8053036212161445,43.503752327499996,0.02725563909774428,False,71,-0.00044357962845775756
20250624,20250623,002421,达实智能,-0.02670623145400597,3.28,3.31,3.25,3.29,0.0015487804878049917,close,True,3,4.4458969726163415,71.266970285,0.1111111111111112,False,71,-0.00044357962845775756
20250625,20250624,002017,东信和平,-0.03826674169949351,17.09,18.11,16.5,16.95,0.0135,tp,True,1,0.9547413981448413,95.728444185,0.09226006191950456,False,69,-0.00043267642527411443
20250625,20250624,002426,胜利精密,-0.03197674418604646,3.33,3.35,3.26,3.3,-0.010509009009009028,close,False,2,2.0474808011529193,90.07916863199999,0.08306709265175713,False,69,-0.00043267642527411443
20250626,20250625,300801,泰和科技,-0.06803594351732989,29.04,29.78,26.6,26.65,0.0135,tp,True,1,2.637596679598464,31.4568561912,0.23142087023488647,False,65,-0.001229756045336039
20250626,20250625,002846,英联股份,-0.029933481152993324,17.5,19.8,16.88,18.83,0.0135,tp,True,2,1.5257429792558326,30.0159331906,0.05731707317073157,False,65,-0.001229756045336039
20250627,20250626,603948,建业股份,-0.06254681647940064,25.03,26.7,24.03,24.03,0.0135,tp,True,1,2.8537568092235572,32.4815844833,0.20024721878862792,False,61,0.0006495671968567152
20250627,20250626,300591,万里马,-0.061999999999999944,9.38,11.92,9.38,11.23,0.0135,tp,True,2,1.5942668669772004,26.8482790882,0.10084033613445377,False,61,0.0006495671968567152
20250627,20250626,000892,欢瑞世纪,-0.029166666666666563,4.66,5.18,4.6,4.86,0.0135,tp,True,3,1.2231502848678613,33.620783429199996,0.16055045871559637,False,61,0.0006495671968567152
20250630,20250627,000868,安凯客车,-0.024193548387096864,6.05,6.09,5.82,5.9,-0.026293388429751985,close,False,1,4.827756622818205,34.386211851,0.1010638297872341,False,52,-0.00022194770795191943
20250630,20250627,603130,云中马,-0.020045263498221777,30.31,30.35,29.0,29.51,-0.027893929396238748,close,False,2,2.7514879246187682,54.084334860000006,0.11130867709815075,False,52,-0.00022194770795191943
20250701,20250630,002401,中远海科,-0.020737327188940058,17.0,17.3,16.64,16.74,0.0135,tp,True,1,2.285197733902344,46.4619504735,0.0925221799746514,False,77,0.00041225979334758023
20250702,20250701,600643,爱建集团,-0.06862745098039225,7.6,7.66,7.34,7.34,-0.03571052631578947,close,False,1,2.9766894754062125,66.9538072436,0.14959568733153644,False,63,0.00012146627141929045
20250702,20250701,002235,安妮股份,-0.05574614065180106,11.01,11.23,10.49,10.49,0.0135,tp,True,2,1.1112226851745468,50.2649098216,0.14811320754716983,False,63,0.00012146627141929045
20250702,20250701,002866,传艺科技,-0.02372713791398917,19.75,20.09,19.0,19.07,0.0135,tp,True,3,1.2408674444664163,27.657218547000003,0.1299619358346928,False,63,0.00012146627141929045
20250703,20250702,000026,飞亚达,-0.025330396475770955,17.7,18.99,17.3,18.8,0.0135,tp,True,1,2.2683238428967734,73.4706643104,0.12477286493034516,False,60,0.00039365634380095216
20250704,20250703,001298,好上好,-0.04989658738366076,36.75,38.58,34.81,34.81,0.0135,tp,True,1,1.2220035435163268,77.613404844,0.13452787258248,False,60,-0.0004507172471577281
20250704,20250703,301306,西测测试,-0.04638447971781312,54.07,60.76,53.02,56.95,0.0135,tp,True,2,1.0781311868433472,58.96165,0.14603174603174615,False,60,-0.0004507172471577281
20250704,20250703,002342,巨力索具,-0.029255319148936088,7.3,7.54,6.79,6.79,0.0135,tp,True,3,1.4853776750197878,74.370351,0.03654970760233918,False,60,-0.0004507172471577281
20250707,20250704,300649,杭州园林,-0.04262452107279702,19.99,24.0,19.99,22.3,0.0135,tp,True,1,1.134201768981522,27.5258255168,0.18275862068965518,False,37,-0.0012498848032439502
20250707,20250704,300921,南凌科技,-0.03139356814701377,25.3,26.98,24.89,26.0,0.0135,tp,True,2,3.3915103320634454,26.082906938100002,0.1906293063849335,False,37,-0.0012498848032439502
20250708,20250707,301234,五洲医疗,-0.04455958549222794,36.88,38.5,35.16,37.24,0.0135,tp,True,1,2.0453671035290073,40.5841249716,0.21106621075536222,False,67,0.0004318870874397973
20250708,20250707,300246,宝莱特,-0.04020100502512547,9.55,10.95,9.17,10.46,0.0135,tp,True,2,3.2439126541694345,31.598064442800002,0.2123039806996381,False,67,0.0004318870874397973
20250708,20250707,300847,中船汉光,-0.03222748815165877,20.42,22.02,19.88,21.95,0.0135,tp,True,3,3.108541403678717,42.063021,0.20193401592719004,False,67,0.0004318870874397973
20250709,20250708,600481,双良节能,-0.027257240204429323,5.71,6.17,5.66,5.79,0.0135,tp,True,1,1.7279262709037038,88.760655427,0.1161048689138577,False,66,0.0003545409837939495
20250710,20250709,605162,新中港,-0.04489436619718312,10.85,11.13,10.22,10.22,0.0135,tp,True,1,4.132948442689476,48.3588171612,0.12584704743465625,False,52,-0.00044373828029953266
20250710,20250709,600571,信雅达,-0.031694993109784186,21.08,23.76,20.9,21.68,0.0135,tp,True,2,1.5306088345916575,50.9935397142,0.1005558362809499,False,52,-0.00044373828029953266
20250711,20250710,603130,云中马,-0.020475020475020478,35.88,37.3,34.63,35.0,0.0135,tp,True,1,1.083860036899695,54.084334860000006,0.13363363363363373,False,60,0.00048152538123136246
20250714,20250711,002104,恒宝股份,-0.0420482930890923,23.01,23.7,21.89,22.2,0.0135,tp,True,1,1.3694235300156201,74.6159381288,0.13003663003663002,False,56,0.000874599023412026
20250714,20250711,000607,华媒控股,-0.037878787878787845,6.35,6.65,5.94,5.94,0.0135,tp,True,2,2.6657775640044603,34.7829432024,0.0433333333333333,False,56,0.000874599023412026
20250714,20250711,002857,三晖电气,-0.03713298791018993,22.3,25.39,22.3,24.06,0.0135,tp,True,3,2.0168744191065215,25.22840643,0.10094786729857831,False,56,0.000874599023412026
20250715,20250714,603767,中马传动,-0.03023872679045092,18.28,19.01,18.02,18.52,0.0135,tp,True,1,2.1155943088506968,43.270136300000004,0.12368728121353564,False,62,4.5459065532105214e-05
20250715,20250714,603778,国晟科技,-0.021857923497267784,5.37,5.45,4.94,4.94,-0.08157448789571692,close,False,2,2.084656697343053,62.8071427734,0.17234468937875758,False,62,4.5459065532105214e-05
20250716,20250715,003040,楚天龙,-0.04650384744061564,28.5,29.45,27.01,28.05,0.0135,tp,True,1,1.2260502828740227,89.4512805164,0.11924917188075089,False,43,-0.0005991440798858161
20250716,20250715,002086,东方海洋,-0.03583061889250816,2.96,2.99,2.9,2.94,-0.008256756756756798,close,False,2,4.69182528000998,34.939465067,0.09318996415770602,False,43,-0.0005991440798858161
20250718,20250717,600822,上海物贸,-0.07893101305158479,14.82,16.38,14.48,15.4,0.0135,tp,True,1,1.7433375779840048,34.2271792512,0.07928913192071087,False,56,0.0007535195047814192
20250718,20250717,601086,国芳集团,-0.04586404586404591,11.65,12.18,11.56,11.69,0.0135,tp,True,2,4.57961514310362,67.1994,0.07747747747747759,False,56,0.0007535195047814192
20250718,20250717,603617,君禾股份,-0.038461538461538436,8.5,9.54,8.32,8.49,0.0135,tp,True,3,4.624369972929715,27.6509330955,0.12313432835820899,False,56,0.0007535195047814192
20250721,20250718,300283,温州宏丰,-0.0683661645422945,8.04,8.35,8.03,8.12,0.0135,tp,True,1,2.1805633090772814,49.7247852101,0.16411682892906823,False,43,0.002359611597745781
20250721,20250718,002757,南兴股份,-0.04895104895104896,19.04,19.76,18.61,19.4,0.0135,tp,True,2,2.784269482358458,50.6166693526,0.024725274725274686,False,43,0.002359611597745781
20250721,20250718,002178,延华智能,-0.024390243902439046,7.6,7.72,7.25,7.28,0.0135,tp,True,3,2.326744869319571,33.8831524108,0.04661016949152543,False,43,0.002359611597745781
20250722,20250721,300683,海特生物,-0.02927215189873411,36.81,42.5,36.81,40.82,0.0135,tp,True,1,2.881883720996579,31.185338940799998,0.18765822784810135,False,115,0.0005168844229574976
20250723,20250722,000796,凯撒旅业,-0.03250478011472291,5.06,5.27,4.71,4.71,0.0135,tp,True,1,1.978972808811774,58.8199821976,0.10315789473684216,False,98,0.001959875595361149
20250724,20250723,002613,北玻股份,-0.05668934240362811,4.16,4.6,4.02,4.42,0.0135,tp,True,1,2.19138429971528,27.078517060000003,0.10972568578553615,False,50,-0.0009463194037351297
20250724,20250723,003002,壶化股份,-0.04998555330829235,32.88,34.35,31.15,31.34,0.0135,tp,True,2,3.513550260856889,30.7548825875,0.044183089637635106,False,50,-0.0009463194037351297
20250724,20250723,603937,丽岛新材,-0.04017467248908291,10.99,10.99,10.55,10.63,-0.03425705186533207,close,False,3,3.0394540168525483,25.0879281191,0.11431316042267047,False,50,-0.0009463194037351297
20250725,20250724,600682,南京新百,-0.04933814681107096,7.9,8.28,7.54,7.54,0.0135,tp,True,1,4.492932975472072,67.63190197750001,0.056953642384106044,False,71,-0.00035499052896370564
20250725,20250724,003020,立方制药,-0.020989505247376306,26.12,26.98,26.0,26.15,0.0135,tp,True,2,2.9235235607598318,30.844330664999998,0.1055670103092783,False,71,-0.00035499052896370564
20250728,20250725,003006,百亚股份,-0.053064019171516597,27.66,27.97,26.84,27.3,-0.014515184381778732,close,False,1,1.8274617909177044,60.685931843999995,0.10847457627118653,False,45,0.00015861266786521
20250728,20250725,603176,汇通集团,-0.0452196382428941,7.39,8.15,7.13,7.25,0.0135,tp,True,2,1.2763031969498613,25.030481671,0.16051136363636362,False,45,0.00015861266786521
20250728,20250725,300539,横河精密,-0.02867988190636861,23.03,28.0,23.01,24.77,0.0135,tp,True,3,2.3953189966452033,39.7863920762,0.19989878542510117,False,45,0.00015861266786521
20250729,20250728,603639,海利尔,-0.031746031746031744,15.25,15.41,14.61,14.8,-0.031008196721311443,close,False,1,3.402500265904912,37.4206047936,0.06773743016759781,False,53,-0.0005920054253267804
20250729,20250728,002012,凯恩股份,-0.025728987993139052,5.68,5.95,5.6,5.78,0.0135,tp,True,2,3.8941333770041657,34.043134216,0.0981132075471699,False,53,-0.0005920054253267804
20250729,20250728,003007,直真科技,-0.023094688221709014,42.3,42.3,38.97,39.05,-0.07833215130023646,close,False,3,1.704124646728631,29.020545268599996,0.06859756097560965,False,53,-0.0005920054253267804
20250730,20250729,301038,深水规院,-0.021845451581349873,30.0,35.28,29.02,34.0,0.0135,tp,True,1,1.2166244604651342,38.949768,0.19600938967136158,False,41,-0.000376761568103845
20250731,20250730,002644,佛慈制药,-0.03911564625850328,11.3,11.85,10.58,10.58,0.0135,tp,True,1,2.794663725297553,44.9888817,0.13938260056127225,False,47,-0.003047802374077646
20250731,20250730,301235,华康洁净,-0.025911419102139233,32.33,35.93,31.68,35.2,0.0135,tp,True,2,4.1658036724393,46.981625418,0.12725958062183645,False,47,-0.003047802374077646
20250731,20250730,000798,中水渔业,-0.020408163265306034,8.64,8.73,8.24,8.33,-0.03737962962962965,close,False,3,3.564427762364094,36.5836212,0.10473815461346632,False,47,-0.003047802374077646
20250801,20250731,600749,西藏旅游,-0.05957446808510636,26.52,30.0,25.38,28.2,0.0135,tp,True,1,4.098058833878618,34.2037034119,0.05460218408736344,False,43,-0.0013853090078668195
20250801,20250731,600684,珠江股份,-0.04428044280442811,5.18,5.26,4.88,4.88,0.0135,tp,True,2,3.37058623437047,32.0901231848,0.08113590263691692,False,43,-0.0013853090078668195
20250804,20250801,600828,茂业商业,-0.0625,4.8,4.96,4.61,4.61,0.0135,tp,True,1,2.6996317258987843,75.6604399097,0.14377682403433475,False,39,-0.003592747089144477
20250805,20250804,300830,金现代,-0.032400589101620025,13.14,13.27,12.67,12.76,-0.030419330289193358,close,False,1,2.140347427547552,28.4372947568,0.19876325088339222,False,51,0.0015348937155870157
20250806,20250805,300486,东杰智能,-0.059342815105443925,19.18,19.45,16.51,17.04,-0.11307455683003137,close,False,1,2.5682132560070747,84.7161815952,0.100058858151854,False,51,-0.0004948031844316247
20250806,20250805,000665,湖北广电,-0.02733118971061088,6.05,6.64,5.98,6.11,0.0135,tp,True,2,1.735536098510883,48.213878672,0.10619469026548665,False,51,-0.0004948031844316247
20250806,20250805,600748,上实发展,-0.026881720430107503,3.62,3.72,3.55,3.68,0.0135,tp,True,3,4.099268796168395,71.93795278799999,0.10059171597633146,False,51,-0.0004948031844316247
20250807,20250806,300731,科创新源,-0.03671477079796259,45.39,49.77,45.39,47.79,0.0135,tp,True,1,1.5435754550584844,77.143021144,0.12477718360071297,False,59,0.0010429307730621673
20250807,20250806,000890,法尔胜,-0.024553571428571508,4.37,4.4,4.27,4.38,0.0007883295194506825,close,True,2,3.628703452025007,38.4253798136,0.1081081081081082,False,59,0.0010429307730621673
20250808,20250807,002017,东信和平,-0.0234375,30.0,31.08,28.87,28.96,0.0135,tp,True,1,1.32784686305393,95.728444185,0.15216612960973863,False,58,-0.0013242958839675412
20250811,20250808,002313,日海智能,-0.0354278074866311,14.43,14.85,13.71,14.49,0.0135,tp,True,1,2.8808094399012703,33.35719563,0.13602941176470598,False,57,0.0005281791847884243
20250811,20250808,002674,兴业科技,-0.03480475382003401,11.37,12.24,11.25,11.77,0.0135,tp,True,2,4.043110769478728,71.8536329312,0.11017740429505132,False,57,0.0005281791847884243
20250811,20250808,003040,楚天龙,-0.027088897367417042,25.5,27.49,25.3,26.65,0.0135,tp,True,3,1.8144084804740361,89.4512805164,0.10616869492236682,False,57,0.0005281791847884243
20250814,20250813,600203,福日电子,-0.028841111693759913,18.52,18.72,17.17,17.4,-0.06197516198704106,close,False,1,1.1647138048645966,66.53326280040001,0.1274509803921569,False,92,0.000559256785739537
20250814,20250813,603767,中马传动,-0.02878312909660885,34.08,34.97,31.6,32.65,0.0135,tp,True,2,1.355978426006516,43.270136300000004,0.17523510971786846,False,92,0.000559256785739537
20250815,20250814,603280,南方路机,-0.06515151515151507,55.53,58.2,55.0,56.37,0.0135,tp,True,1,1.2827850966587855,29.193915423099998,0.15537037037037038,False,43,-0.0018082936036045716
20250815,20250814,002871,伟隆股份,-0.03962703962703962,12.36,14.1,11.61,14.04,0.0135,tp,True,2,1.1308528268456786,28.224214494700004,0.08376068376068364,False,43,-0.0018082936036045716
20250815,20250814,603036,如通股份,-0.022177419354838745,19.4,20.0,19.05,19.9,0.0135,tp,True,3,3.7544572761823707,32.260543514999995,0.09922394678492236,False,43,-0.0018082936036045716
20250819,20250818,002674,兴业科技,-0.025000000000000022,12.87,13.28,12.56,12.73,0.0135,tp,True,1,1.1204727421060532,71.8536329312,0.0674999999999999,False,97,0.00012338956499813314
20250819,20250818,300727,润禾材料,-0.022456461961503305,42.66,43.58,40.76,41.28,0.0135,tp,True,2,1.785159857469946,48.6673213654,0.15919714050041242,False,97,0.00012338956499813314
20250820,20250819,603222,济民健康,-0.051948051948051854,10.22,11.86,9.92,11.86,0.0135,tp,True,1,0.8386198659169056,42.952412306999996,0.05816326530612229,False,85,-0.0028465721744216355
20250820,20250819,300810,中科海讯,-0.047655414693752784,62.35,65.11,55.0,56.48,0.0135,tp,True,2,3.64793659282082,28.945526734999998,0.08211143695014657,False,85,-0.0028465721744216355
20250820,20250819,002343,慈文传媒,-0.04597701149425282,9.13,9.23,8.67,8.84,-0.033263417305586074,close,False,3,3.8391268326503667,26.573464044599998,0.07471264367816097,False,85,-0.0028465721744216355
20250821,20250820,603158,腾龙股份,-0.057991513437057995,13.32,13.75,12.73,12.73,0.0135,tp,True,1,1.245657655544479,54.6717944872,0.0824902723735409,False,85,0.0011868695585215416
20250821,20250820,600980,北矿科技,-0.035688793718772316,27.02,27.69,25.22,25.22,0.0135,tp,True,2,1.7833835615044318,37.568809911,0.059285433843737655,False,85,0.0011868695585215416
20250821,20250820,600658,电子城,-0.03301886792452846,8.2,8.9,7.63,8.43,0.0135,tp,True,3,0.9509671527221245,46.085703853999995,0.09079118028534373,False,85,0.0011868695585215416
20250822,20250821,603123,翠微股份,-0.037085230969420846,14.8,16.27,14.63,15.61,0.0135,tp,True,1,1.7040719204165544,68.0976090756,0.06943450250536856,False,41,0.00031290604863309923
20250822,20250821,600156,华升股份,-0.03100775193798444,8.75,9.9,8.25,9.5,0.0135,tp,True,2,1.3767558829154485,34.7021535826,0.025578562728379908,False,41,0.00031290604863309923
20250826,20250825,605288,凯迪股份,-0.03605366126327558,68.98,76.24,68.8,72.74,0.0135,tp,True,1,1.289881978517438,65.44363783429999,0.04242890084550354,False,76,-0.003113123010845764
20250826,20250825,002191,劲嘉股份,-0.028322440087145906,4.46,4.71,4.35,4.62,0.0135,tp,True,2,4.503881658085593,51.900474832,0.09592326139088717,False,76,-0.003113123010845764
20250826,20250825,002277,友阿股份,-0.02364394993045904,7.02,7.9,7.02,7.61,0.0135,tp,True,3,3.2274333614436292,87.27521727999999,0.09633027522935791,False,76,-0.003113123010845764
20250827,20250826,002537,海联金汇,-0.062074829931972775,11.03,11.59,10.98,11.0,0.0135,tp,True,1,0.9297727621163,74.7957228705,0.13376987839101961,False,70,0.0003179625579698975
20250827,20250826,002272,川润股份,-0.05007019185774453,20.3,20.69,19.23,19.23,0.0135,tp,True,2,1.3744688409992143,70.42226294129999,0.13124034997426665,False,70,0.0003179625579698975
20250827,20250826,002194,武汉凡谷,-0.0423572744014733,15.6,17.01,15.51,15.77,0.0135,tp,True,3,1.5298685245492303,51.77350329,0.12356515867656977,False,70,0.0003179625579698975
20250828,20250827,603697,有友食品,-0.0351239669421487,14.01,15.36,13.72,14.59,0.0135,tp,True,1,2.378064288311617,41.058441408,0.11060606060606054,False,44,-0.0009578065178207362
20250828,20250827,002909,集泰股份,-0.03394255874673624,7.4,7.63,7.09,7.34,0.0135,tp,True,2,1.6983075405933001,25.184292754599998,0.10775862068965518,False,44,-0.0009578065178207362
20250828,20250827,603222,济民健康,-0.03386454183266929,9.7,11.04,9.58,11.04,0.0135,tp,True,3,0.9109493379463537,42.952412306999996,0.09200438116100765,False,44,-0.0009578065178207362
20250829,20250828,300491,通合科技,-0.0273972602739726,35.5,39.9,33.81,38.64,0.0135,tp,True,1,1.0649644104100848,53.4579766464,0.18967784352399736,False,56,-0.00020293474867305594
20250901,20250829,301357,北方长龙,-0.03930610452349581,175.0,197.0,167.0,180.11,0.0135,tp,True,1,1.8539765431532607,58.030260750000004,0.21923583662714097,False,64,0.0030638191983785035
20250901,20250829,002735,王子新材,-0.02719907407407418,16.81,17.11,16.51,16.92,0.0135,tp,True,2,1.6139135524357593,33.6940141062,0.10630171865054117,False,64,0.0030638191983785035
20250901,20250829,002953,日丰股份,-0.02049689440993796,15.77,16.0,15.29,15.37,-0.026864616360177618,close,False,3,1.051169572190852,30.829248972800002,0.1516393442622951,False,64,0.0030638191983785035
20250902,20250901,605188,国光连锁,-0.0226586102719033,19.41,21.52,18.51,18.84,0.0135,tp,True,1,1.2363646217960946,76.0604257,0.12908587257617718,False,98,0.00040252559004838595
20250904,20250903,002210,飞马国际,-0.05213270142180093,4.0,4.11,3.8,3.96,0.0135,tp,True,1,1.5336606413299287,62.69951299,0.09374999999999997,False,32,-0.0015208886185086312
20250904,20250903,300092,科新机电,-0.029576746557878564,19.03,20.19,17.96,18.61,0.0135,tp,True,2,3.293408834998308,25.3509377248,0.18176254589963273,False,32,-0.0015208886185086312
20250904,20250903,601929,吉视传媒,-0.023508137432188048,5.4,5.4,4.98,4.98,-0.07927777777777772,close,False,3,0.8585545263214982,91.78142881839999,0.09940357852882703,False,32,-0.0015208886185086312
20250905,20250904,600828,茂业商业,-0.04166666666666674,4.6,4.6,4.32,4.46,-0.03193478260869559,close,False,1,2.7165057806007806,75.6604399097,0.12557077625570773,False,39,-0.0010621687361254128
20250905,20250904,603630,拉芳家化,-0.03815325424815652,30.0,30.57,28.07,29.73,0.0135,tp,True,2,1.259517766497462,32.429459519999995,0.1301587301587302,False,39,-0.0010621687361254128
20250905,20250904,603178,圣龙股份,-0.026290165530671872,20.0,20.45,19.8,20.17,0.0135,tp,True,3,3.77334704448507,42.1049560061,0.10873058382431695,False,39,-0.0010621687361254128
20250908,20250905,002263,大东南,-0.03628117913832207,4.25,4.36,4.12,4.3,0.0135,tp,True,1,1.6833410866767007,60.85838124000001,0.11970074812967581,False,84,-0.00022032729094489945
20250908,20250905,605068,明新旭腾,-0.02763448784082534,26.39,28.25,26.34,28.24,0.0135,tp,True,2,0.9518862443501295,33.056053281,0.09890555330360766,False,84,-0.00022032729094489945
20250908,20250905,002846,英联股份,-0.023932426091036962,20.8,20.99,19.32,20.21,-0.029865384615384627,close,False,3,1.42666901787154,30.0159331906,0.14042333505420748,False,84,-0.00022032729094489945
20250909,20250908,600158,中体产业,-0.03168316831683171,9.78,9.99,9.62,9.63,0.0135,tp,True,1,3.5999921721032178,70.3323078111,0.11437908496732015,False,63,-0.0026601582506716737
20250910,20250909,600819,耀皮玻璃,-0.03581267217630846,7.0,7.23,6.8,6.96,0.0135,tp,True,1,2.400625447202855,45.5401329967,0.07727272727272724,False,52,-0.00018648434976065165
20250910,20250909,002846,英联股份,-0.032838506522717026,21.5,23.73,21.13,22.65,0.0135,tp,True,2,1.1345425393392627,30.0159331906,0.14250371103414147,False,52,-0.00018648434976065165
20250910,20250909,002239,奥特佳,-0.02941176470588236,3.3,3.4,3.25,3.33,0.0135,tp,True,3,2.393343943524369,85.2465697056,0.11003236245954688,False,52,-0.00018648434976065165
20250911,20250910,301489,思泉新材,-0.04911454244089675,218.0,237.81,213.0,226.32,0.0135,tp,True,1,1.5826270221478762,81.6530300745,0.14791939282910227,False,48,-0.0016158563776487167
20250911,20250910,002077,大港股份,-0.03518728717366637,17.0,18.17,16.9,17.63,0.0135,tp,True,2,0.9018724700591703,73.35605204320001,0.09800249687890139,False,48,-0.0016158563776487167
20250912,20250911,002579,中京电子,-0.03273809523809523,13.0,13.32,12.77,13.02,0.0135,tp,True,1,4.55202614845595,82.14810658559999,0.11374795417348599,False,84,5.160877452392576e-05
20250912,20250911,000586,汇源通信,-0.02148997134670494,13.66,13.95,13.4,13.45,0.0135,tp,True,2,2.4227503568431175,26.441577000000002,0.10874704491725774,False,84,5.160877452392576e-05
20250916,20250915,601116,三江购物,-0.055525013743815355,17.18,18.1,16.69,16.89,0.0135,tp,True,1,1.7441203872124078,62.05196272,0.1529625151148731,False,68,0.0014195052454344381
20250916,20250915,603278,大业股份,-0.025963149078726877,11.63,12.15,11.61,11.71,0.0135,tp,True,2,3.0962321312855505,31.749447516799997,0.10967741935483867,False,68,0.0014195052454344381
20250917,20250916,600691,潞化科技,-0.03790087463556857,3.3,3.33,3.09,3.1,-0.062106060606060554,close,False,1,2.339600375839634,79.8196879872,0.09935897435897437,False,69,-0.0020197469101755905
20250917,20250916,002530,金财互联,-0.02020202020202022,12.61,13.5,12.5,13.14,0.0135,tp,True,2,1.4715952011898352,53.211615392700004,0.09316239316239315,False,69,-0.0020197469101755905
20250918,20250917,300368,汇金股份,-0.05337243401759528,16.14,17.01,15.73,16.4,0.0135,tp,True,1,3.604796946920192,53.10592489,0.21574139142656348,False,65,-7.223308584902721e-05
20250918,20250917,605178,时空科技,-0.031391698639693155,27.77,30.0,27.61,29.17,0.0135,tp,True,2,2.5041645827344077,66.879,0.10245587106676907,False,65,-7.223308584902721e-05
20250919,20250918,002905,金逸影视,-0.05569948186528495,14.58,14.89,13.9,13.9,0.0135,tp,True,1,1.19434169002141,29.248128,0.12962962962962965,False,53,-0.00031839985802495363
20250922,20250919,603036,如通股份,-0.05307386112339674,21.41,22.99,21.35,22.72,0.0135,tp,True,1,1.2612627065222726,32.260543514999995,0.1201946472019464,False,50,0.0005026059595454324
20250922,20250919,000014,沙河股份,-0.024390243902438935,18.0,19.77,17.61,19.15,0.0135,tp,True,2,1.306841287114947,26.504061528,0.11627906976744182,False,50,0.0005026059595454324
20250923,20250922,600376,首开股份,-0.05506883604505641,7.55,8.6,7.19,7.66,0.0135,tp,True,1,1.2915511139633,87.70521822799999,0.17217630853994492,False,64,0.00040746177433925723
20250923,20250922,002059,云南旅游,-0.03584672435105063,7.8,8.0,7.28,7.28,0.0135,tp,True,2,2.266232296812152,47.2417578342,0.06394557823129249,False,64,0.00040746177433925723
20250924,20250923,301421,波长光电,-0.06635802469135799,121.0,142.09,116.03,127.7,0.0135,tp,True,1,1.3350799453533735,47.010682075,0.22777777777777772,False,52,-0.0045397100341982854
20250924,20250923,301629,矽电股份,-0.03475758246623861,218.0,268.0,215.75,254.0,0.0135,tp,True,2,1.5799538124733021,56.6324935308,0.22937144678816207,False,52,-0.0045397100341982854
20250924,20250923,600798,宁波海运,-0.03167420814479627,4.28,4.75,4.21,4.42,0.0135,tp,True,3,2.7819212709258867,40.1775888933,0.11940298507462688,False,52,-0.0045397100341982854
20250925,20250924,002040,南 京 港,-0.06761268781302177,11.17,11.89,10.82,11.24,0.0135,tp,True,1,0.9049657793008138,43.503752327499996,0.08172635445362723,False,74,-0.0003139888520983236
20250925,20250924,600400,红豆股份,-0.06005221932114879,3.6,3.84,3.45,3.61,0.0135,tp,True,2,1.1344815772896943,67.1371952636,0.18103448275862066,False,74,-0.0003139888520983236
20250925,20250924,600857,宁波中百,-0.040804257835600266,16.22,17.88,16.21,16.94,0.0135,tp,True,3,3.4014023393750294,46.568815184399995,0.11711125569290831,False,74,-0.0003139888520983236
20250926,20250925,300818,耐普矿机,-0.03004438374871965,28.41,30.47,27.4,27.62,0.0135,tp,True,1,4.579506068712853,26.5923213062,0.11020073740270371,False,40,-0.0034879194456699514
20250926,20250925,002298,中电鑫龙,-0.02102973168963007,13.5,14.99,12.85,12.86,0.0135,tp,True,2,1.8199399207952147,54.6897159864,0.09409888357256777,False,40,-0.0034879194456699514
20250929,20250926,002803,吉宏股份,-0.06961113778204508,19.38,20.0,18.75,18.76,0.0135,tp,True,1,1.4122504667528364,61.2684638384,0.02164730728616666,False,45,1.5673530802340352e-05
20250929,20250926,600769,祥龙电业,-0.047407407407407454,12.86,14.0,12.86,13.05,0.0135,tp,True,2,3.9196382399433607,56.0590914,0.07986960065199677,False,45,1.5673530802340352e-05
20250929,20250926,603216,梦天家居,-0.04437400950871628,18.09,18.95,17.04,18.39,0.0135,tp,True,3,0.9154888199771504,48.76911,0.1098198721673446,False,45,1.5673530802340352e-05
20250930,20250929,601218,吉鑫科技,-0.044871794871794934,5.96,6.05,5.61,5.61,0.0135,tp,True,1,2.0833841139792892,44.1879281472,0.06172839506172849,False,52,0.0018562962617765244
20251016,20251015,605188,国光连锁,-0.03971291866028703,20.07,22.8,19.22,20.82,0.0135,tp,True,1,2.341092384172403,76.0604257,0.15263157894736834,False,65,-0.002947183305599732
20251016,20251015,002664,信质集团,-0.031142946122703186,31.11,31.53,30.74,30.87,-0.009214561234329786,close,False,2,1.3842990438520295,62.5374268576,0.10380267214799592,False,65,-0.002947183305599732
20251017,20251016,605318,法狮龙,-0.020292347377472097,56.97,58.87,54.09,54.31,0.0135,tp,True,1,1.6566493586551911,97.9303399092,0.11634506242905786,False,40,-0.0010699065172372624
20251020,20251017,600408,安泰集团,-0.05723905723905731,2.8,3.27,2.8,3.27,0.0135,tp,True,1,2.5723514710802746,32.01624,0.05925925925925931,False,37,0.0067165656186845
20251021,20251020,603933,睿能科技,-0.06733393994540493,20.5,22.86,20.5,21.3,0.0135,tp,True,1,4.277395882847636,40.222138635,0.10360360360360361,False,76,0.0017754128611322528
20251021,20251020,300120,经纬辉开,-0.06006493506493504,11.58,11.87,11.33,11.48,0.0135,tp,True,2,2.670676537840988,42.2753249104,0.11295034079844209,False,76,0.0017754128611322528
20251021,20251020,001314,亿道信息,-0.03837230055327501,53.88,53.88,51.07,52.32,-0.03045322939866374,close,False,3,1.589137800301381,65.4624266425,0.01982724774244205,False,76,0.0017754128611322528
20251022,20251021,601956,东贝集团,-0.04381161007667034,8.73,8.8,8.45,8.51,-0.026700458190148935,close,False,1,1.6357371646555843,31.453799454,0.11686746987951814,False,74,-0.005173210633424574
20251022,20251021,002748,世龙实业,-0.03463203463203468,11.15,12.71,11.15,12.71,0.0135,tp,True,2,1.3491209307711696,29.544,0.10952380952380955,False,74,-0.005173210633424574
20251022,20251021,002961,瑞达期货,-0.02135231316725983,22.0,22.1,21.53,21.75,-0.012863636363636353,close,False,3,4.927663056141054,97.770892515,0.09344422700587084,False,74,-0.005173210633424574
20251023,20251022,605255,天普股份,-0.04534606205250602,88.0,100.0,86.24,95.57,0.0135,tp,True,1,1.9685453857022803,88.318496,0.09164677804295951,False,55,-0.002452884182985282
20251023,20251022,002084,海鸥住工,-0.04081632653061229,4.7,4.77,4.41,4.41,-0.0632021276595745,close,False,2,1.5192401580435275,45.2533378284,0.11685393258426977,False,55,-0.002452884182985282
20251023,20251022,600231,凌钢股份,-0.037735849056603765,2.55,2.56,2.41,2.44,-0.04463725490196074,close,False,3,1.7840378545582496,50.4876241818,0.12033195020746888,False,55,-0.002452884182985282
20251024,20251023,600758,辽宁能源,-0.031712473572938715,4.58,4.65,4.27,4.28,0.0135,tp,True,1,0.9813965985164573,51.244843687199996,0.09534883720930236,False,58,0.0017106829729680584
20251024,20251023,600408,安泰集团,-0.031347962382445194,3.09,3.09,2.87,2.87,-0.07269741100323618,close,False,2,0.9067699624109521,32.01624,0.14482758620689654,False,58,0.0017106829729680584
20251024,20251023,000090,天健集团,-0.02676399026763998,4.0,4.0,3.84,3.85,-0.03899999999999998,close,False,3,3.742732371192676,66.1434816636,0.04545454545454555,False,58,0.0017106829729680584
20251027,20251024,603030,全筑股份,-0.024590163934426257,3.57,3.66,3.47,3.47,0.0135,tp,True,1,3.5424276099974237,28.577457384000002,0.1081081081081082,False,55,0.004786966086205879
20251028,20251027,002278,神开股份,-0.07052896725440816,14.76,15.66,14.29,14.36,0.0135,tp,True,1,2.5724264201577225,30.069209185600002,0.19944598337950145,False,52,-0.0025144235340035515
20251028,20251027,600686,金龙汽车,-0.041935483870967794,14.85,15.42,14.49,15.21,0.0135,tp,True,2,0.8322008325508947,81.8151102797,0.05039034776437196,False,52,-0.0025144235340035515
20251028,20251027,600121,郑州煤电,-0.023090586145648295,5.5,6.08,5.5,5.99,0.0135,tp,True,3,1.5711837576012126,65.794250052,0.15234375000000006,False,52,-0.0025144235340035515
20251029,20251028,603232,格尔软件,-0.05042773525438993,21.09,24.43,21.09,23.35,0.0135,tp,True,1,2.507864383082838,36.2909692155,0.13372956909361067,False,57,0.0005140137705543779
20251029,20251028,002474,榕基软件,-0.04205607476635531,8.2,8.46,8.15,8.19,0.0135,tp,True,2,0.856807370010308,35.456878512,0.12853470437018005,False,57,0.0005140137705543779
20251029,20251028,300128,锦富技术,-0.026497695852534586,8.45,8.6,7.85,8.15,0.0135,tp,True,3,3.1556493942005797,66.5485498431,0.21715076071922534,False,57,0.0005140137705543779
20251030,20251029,300964,本川智能,-0.03495743524723782,53.28,59.5,53.02,55.5,0.0135,tp,True,1,3.2964793731759263,50.222481348100004,0.17583134101282338,False,56,-0.002118849795708977
20251030,20251029,600408,安泰集团,-0.030985915492957705,3.44,3.64,3.2,3.2,0.0135,tp,True,2,1.3793306278821411,32.01624,0.07739938080495357,False,56,-0.002118849795708977
20251030,20251029,603739,蔚蓝生物,-0.025789813023855634,15.11,15.65,14.81,15.26,0.0135,tp,True,3,2.953890138561231,33.146781446000006,0.06382978723404258,False,56,-0.002118849795708977
20251031,20251030,002903,宇环数控,-0.06165540540540548,22.22,23.55,22.22,22.93,0.0135,tp,True,1,1.7381101769356255,32.484916598,0.10450534138411519,False,46,-0.0004615114499987305
20251031,20251030,000593,德龙汇能,-0.05123339658444015,10.0,10.16,9.49,9.49,0.0135,tp,True,2,2.3412523982381392,80.4077411617,0.06367432150313146,False,46,-0.0004615114499987305
20251031,20251030,603232,格尔软件,-0.04982483456597897,24.41,26.7,23.28,23.4,0.0135,tp,True,3,1.5001585419237806,36.2909692155,0.1725910064239829,False,46,-0.0004615114499987305
20251104,20251103,600556,天下秀,-0.03660322108345537,6.58,6.77,6.54,6.65,0.0135,tp,True,1,0.9471606893428349,90.9297063926,0.08373590982286643,False,66,-0.0007695170651725869
20251104,20251103,002163,海南发展,-0.02018093249826025,14.08,15.75,13.68,15.02,0.0135,tp,True,2,1.9057050441833263,69.8283972375,0.116385911179173,False,66,-0.0007695170651725869
20251105,20251104,300300,海峡创新,-0.06707787201233628,12.1,13.65,11.52,12.3,0.0135,tp,True,1,1.2138377151193644,52.6779584,0.27474560592044406,False,51,-0.009497019082417846
20251105,20251104,002578,闽发铝业,-0.041564792176039145,3.92,3.97,3.76,3.89,-0.00915306122448972,close,False,2,0.8824699313686232,35.5660137693,0.11290322580645158,False,51,-0.009497019082417846
20251105,20251104,002679,福建金森,-0.04029062087186275,14.53,15.88,14.14,14.76,0.0135,tp,True,3,1.568004275150384,30.4360996,0.1824127906976744,False,51,-0.009497019082417846
20251106,20251105,002638,勤上股份,-0.04731861198738163,3.02,3.15,2.96,2.99,0.0135,tp,True,1,1.6987697596428302,63.711228423899996,0.09722222222222215,False,65,0.0010329407318763195
20251106,20251105,600756,浪潮软件,-0.03083247687564239,18.86,19.4,18.29,18.92,0.0135,tp,True,2,2.3415794572408255,48.2258944464,0.12492933860938388,False,65,0.0010329407318763195
20251107,20251106,002300,太阳电缆,-0.06030150753768837,7.48,8.5,7.38,7.86,0.0135,tp,True,1,3.371608979314459,50.127051614,0.04972375690607739,False,61,-0.0033534942212108954
20251107,20251106,603188,亚邦股份,-0.028037383177569986,5.2,5.2,5.02,5.08,-0.024576923076923107,close,False,2,1.2367377881376047,28.907619,0.11934156378600824,False,61,-0.0033534942212108954
20251107,20251106,002160,常铝股份,-0.023923444976076458,6.12,6.22,5.95,6.0,0.0135,tp,True,3,1.087828381050223,42.6722008446,0.12631578947368416,False,61,-0.0033534942212108954
20251110,20251107,603122,合富中国,-0.04882688649334177,15.0,17.35,14.3,16.6,0.0135,tp,True,1,2.7470510072384564,49.2391107021,0.1931659693165969,False,54,0.0010581454687359493
20251110,20251107,603169,兰石重装,-0.03412969283276457,11.32,12.1,10.98,11.42,0.0135,tp,True,2,1.469938546172241,86.3458878478,0.14272300469483581,False,54,0.0010581454687359493
20251111,20251110,002136,安 纳 达,-0.03198976327575176,15.13,17.19,14.9,16.5,0.0135,tp,True,1,1.9093336162922365,28.158041288000003,0.07600281491907107,False,67,0.0013138904095955084
20251111,20251110,600078,澄星股份,-0.023610053313023682,12.82,13.88,12.14,13.4,0.0135,tp,True,2,1.5608885015727154,74.00938857370001,0.051926298157454025,False,67,0.0013138904095955084
20251112,20251111,605580,恒盛能源,-0.038461538461538436,43.0,43.0,40.25,41.13,-0.04498837209302314,close,False,1,1.5828551465480203,50.12,0.1001230012300123,False,63,-0.0015489312374462605
20251112,20251111,600094,大名城,-0.020725388601036343,5.67,5.92,5.46,5.46,0.0135,tp,True,2,3.762393303409483,84.411329015,0.07984790874524714,False,63,-0.0015489312374462605
20251113,20251112,000593,德龙汇能,-0.0402097902097901,10.98,11.1,10.3,10.5,-0.04521584699453557,close,False,1,1.9632031824858804,80.4077411617,0.08653846153846156,False,58,-0.0009074682386115418
20251113,20251112,600376,首开股份,-0.021207177814029365,6.0,6.09,5.84,5.91,0.0135,tp,True,2,1.3129202676040022,87.70521822799999,0.125673249551167,False,58,-0.0009074682386115418
20251113,20251112,605100,华丰股份,-0.021134593993325956,44.0,46.5,42.5,44.11,0.0135,tp,True,3,1.3684909503683564,76.10574552,0.11600587371512487,False,58,-0.0009074682386115418
20251114,20251113,002451,摩恩电气,-0.05859117840684658,14.3,15.1,13.67,13.67,0.0135,tp,True,1,1.0693181770344586,35.4832392,0.08616944243301951,False,86,-0.005551557265169316
20251114,20251113,002208,合肥城建,-0.043545878693623585,12.3,13.06,11.94,11.94,0.0135,tp,True,2,1.609569683028814,84.6402796124,0.14884516680923868,False,86,-0.005551557265169316
20251114,20251113,603978,深圳新星,-0.041699041699041706,37.0,39.82,35.89,36.12,0.0135,tp,True,3,1.4114170116342388,43.3798784445,0.12250712250712242,False,86,-0.005551557265169316
20251117,20251114,603778,国晟科技,-0.07176470588235295,7.89,8.37,7.65,7.9,0.0135,tp,True,1,2.364356068791461,62.8071427734,0.08796895213454071,False,70,-0.00048364987758386935
20251117,20251114,300483,首华燃气,-0.05696202531645578,17.88,18.2,17.19,17.3,0.0135,tp,True,2,2.4625205999235735,95.248511998,0.17721518987341775,False,70,-0.00048364987758386935
20251117,20251114,601279,英利汽车,-0.05108055009823176,4.83,5.01,4.82,4.97,0.0135,tp,True,3,1.4916199906493153,54.0753020885,0.09719222462203028,False,70,-0.00048364987758386935
20251118,20251117,600408,安泰集团,-0.05660377358490565,6.5,6.9,6.2,6.23,0.0135,tp,True,1,1.5552573316627245,32.01624,0.19808306709265167,False,86,-0.0024143825701216093
20251118,20251117,002218,拓日新能,-0.03162055335968361,4.9,4.9,4.55,4.55,-0.07292857142857151,close,False,2,1.6640201143509818,55.78464952980001,0.05434782608695653,False,86,-0.0024143825701216093
20251119,20251118,301201,诚达药业,-0.0394957983193277,57.15,61.11,56.03,57.5,0.0135,tp,True,1,1.6411952121266926,39.314746908800004,0.13916901976603466,False,43,-0.00047971856510842237
20251119,20251118,002813,路畅科技,-0.03781228899392308,28.5,31.9,28.34,30.21,0.0135,tp,True,2,1.7241471215351811,26.136468208,0.09468993687337544,False,43,-0.00047971856510842237
20251119,20251118,002029,七 匹 狼,-0.02480752780153972,11.4,11.68,10.52,10.83,0.0135,tp,True,3,1.3037088438309117,61.9492947829,0.11665098777046097,False,43,-0.00047971856510842237
20251120,20251119,300589,江龙船艇,-0.07924921793534934,17.66,20.7,17.66,19.58,0.0135,tp,True,1,2.024317875790126,30.398657879399998,0.19586983729662072,False,55,0.0035370964390863957
20251120,20251119,002208,合肥城建,-0.037138927097661534,14.0,14.46,13.41,13.78,0.0135,tp,True,2,0.9434001768356917,84.6402796124,0.1248108925869893,False,55,0.0035370964390863957
20251120,20251119,301116,益客食品,-0.03060498220640584,13.62,14.75,12.49,13.29,0.0135,tp,True,3,4.559292191214015,44.0895750826,0.20324508966695137,False,55,0.0035370964390863957
20251121,20251120,301092,争光股份,-0.04924427108727458,39.0,40.8,37.56,37.64,0.0135,tp,True,1,4.179696481949874,27.1926246956,0.2047981275599766,False,41,-0.008748298800575038
20251121,20251120,603978,深圳新星,-0.04325408192494984,33.4,34.0,31.42,31.42,0.0135,tp,True,2,0.8730330367441094,43.3798784445,0.09766855702583485,False,41,-0.008748298800575038
20251124,20251121,002069,獐子岛,-0.06105263157894736,4.46,5.23,4.45,5.2,0.0135,tp,True,1,2.014806319891508,27.0592369914,0.12962962962962954,False,26,0.0035907157702046444
20251124,20251121,002285,世联行,-0.024390243902439157,2.8,3.16,2.71,3.16,0.0135,tp,True,2,3.835573182029342,47.1004232678,0.1149425287356323,False,26,0.0035907157702046444
20251125,20251124,002285,世联行,-0.05063291139240511,3.0,3.05,2.84,2.84,0.0135,tp,True,1,2.282282245027823,47.1004232678,0.15679442508710806,False,62,0.003596775412651798
20251125,20251124,002279,久其软件,-0.043743641912512676,9.4,10.8,9.39,10.14,0.0135,tp,True,2,2.4271394443568632,56.681492157600005,0.09284116331096198,False,62,0.003596775412651798
20251125,20251124,000892,欢瑞世纪,-0.029813664596273437,7.81,8.86,7.81,8.86,0.0135,tp,True,3,3.7567086080238377,33.620783429199996,0.11748633879781424,False,62,0.003596775412651798
20251126,20251125,300192,科德教育,-0.060960334029227625,22.49,23.5,22.3,22.67,0.0135,tp,True,1,1.6510209577396104,77.151498732,0.16432865731462912,False,74,-0.0006692471873530614
20251126,20251125,603216,梦天家居,-0.05100830367734277,24.0,25.3,23.6,23.69,0.0135,tp,True,2,2.7559278716456057,48.76911,0.11004784688995206,False,74,-0.0006692471873530614
20251126,20251125,003041,真爱美家,-0.04996657754010703,56.85,60.99,53.86,59.02,0.0135,tp,True,3,1.2356124000510378,53.7552767152,0.11470588235294121,False,74,-0.0006692471873530614
20251127,20251126,000892,欢瑞世纪,-0.07692307692307687,9.0,9.04,8.78,8.78,-0.025944444444444492,close,False,1,3.174987954133931,33.620783429199996,0.13205417607223477,False,64,0.000781537091957496
20251127,20251126,000788,北大医药,-0.03698630136986292,7.03,7.74,6.8,7.37,0.0135,tp,True,2,2.716962793537721,34.388474422499996,0.06475903614457827,False,64,0.000781537091957496
20251128,20251127,002187,广百股份,-0.05063291139240511,7.5,8.02,7.11,7.61,0.0135,tp,True,1,1.2780166480428834,40.5117097874,0.016713091922005586,False,50,-0.0011147639126148912
20251128,20251127,002083,孚日股份,-0.04003724394785846,10.31,10.46,9.9,10.17,-0.015079049466537429,close,False,2,1.3590272022941194,98.2268027856,0.12500000000000006,False,50,-0.0011147639126148912
20251128,20251127,002811,郑中设计,-0.03167961745367609,16.2,16.58,15.5,16.18,0.0135,tp,True,3,1.154329990236615,39.091040210900005,0.11308349769888235,False,50,-0.0011147639126148912
20251201,20251128,002795,永和智控,-0.028818443804034644,6.74,6.85,6.56,6.65,0.0135,tp,True,1,1.0502600846950765,32.114397678,0.13153724247226625,False,68,0.001442678598981617
20251201,20251128,000695,滨海能源,-0.024415584415584335,18.78,19.25,17.33,17.34,0.0135,tp,True,2,1.014229912570133,33.2051275083,0.12285714285714278,False,68,0.001442678598981617
20251203,20251202,603122,合富中国,-0.06103286384976525,24.0,25.79,23.0,23.0,0.0135,tp,True,1,1.0207060677248634,49.2391107021,0.11187607573149734,False,47,-0.0009107912081709468
20251203,20251202,603933,睿能科技,-0.027289048473967736,27.09,28.42,25.08,26.1,0.0135,tp,True,2,3.092882660071448,40.222138635,0.12203791469194313,False,47,-0.0009107912081709468
20251204,20251203,002084,海鸥住工,-0.05609284332688591,4.88,4.92,4.65,4.65,-0.048631147540983466,close,False,1,2.064716295549979,45.2533378284,0.10212765957446798,False,48,0.00044868488911808946
20251204,20251203,002515,金字火腿,-0.04405286343612336,6.51,6.88,6.43,6.61,0.0135,tp,True,2,2.8163667494255833,88.3685243048,0.11308562197092072,False,48,0.00044868488911808946
20251205,20251204,301232,飞沃科技,-0.04688752337697044,71.35,79.48,71.35,77.8,0.0135,tp,True,1,1.7769679722517904,64.0580149454,0.23674121405750798,False,39,-0.0006888918130238952
20251205,20251204,603696,安记食品,-0.02033898305084747,17.34,19.47,17.34,19.47,0.0135,tp,True,2,1.510574616118948,33.8688,0.04350528278433805,False,39,-0.0006888918130238952
20251208,20251205,300421,力星股份,-0.02710215427380125,28.0,33.22,26.9,32.61,0.0135,tp,True,1,1.6110696051166615,39.2583756854,0.23269391159299424,False,72,0.0016449686251700513
20251209,20251208,002589,瑞康医药,-0.05543710021321979,4.43,4.5,4.22,4.22,0.0135,tp,True,1,4.037203160079358,47.79570418,0.1502347417840377,False,72,-0.001929114595013326
20251209,20251208,000701,厦门信达,-0.034682080924855585,8.35,8.49,8.02,8.14,0.0135,tp,True,2,1.787664834319466,34.856374138199996,0.10178117048346065,False,72,-0.001929114595013326
20251210,20251209,301517,陕西华达,-0.060060538473793224,59.0,61.3,58.0,59.58,0.0135,tp,True,1,2.209581348892164,37.583926674,0.16708086407952594,False,52,-0.0021460435040618897
20251211,20251210,002390,信邦制药,-0.0626506024096386,3.89,3.97,3.74,3.74,0.0135,tp,True,1,3.790137956863786,59.95514707740001,0.10344827586206912,False,56,0.0008691193436738409
20251211,20251210,003016,欣贺股份,-0.0500390930414385,12.15,12.65,11.51,11.51,0.0135,tp,True,2,1.1335560178956547,29.830094329199998,0.04213241616509015,False,56,0.0008691193436738409
20251211,20251210,000759,中百集团,-0.034157832744405314,8.2,8.27,7.64,7.74,-0.057597560975609696,close,False,3,3.90991927766508,41.834044395,0.07642487046632122,False,56,0.0008691193436738409
20251212,20251211,600693,东百集团,-0.06166219839142095,14.0,15.82,13.43,14.9,0.0135,tp,True,1,2.571170383740334,88.9807648768,0.10250737463126848,False,30,-0.0010094699121168116
20251212,20251211,002235,安妮股份,-0.04264705882352937,13.02,14.34,12.68,12.85,0.0135,tp,True,2,1.5081792255807718,50.2649098216,0.05906148867313919,False,30,-0.0010094699121168116
20251215,20251212,001330,博纳影业,-0.051685393258426915,12.66,12.9,12.02,12.02,0.0135,tp,True,1,1.2496338968311977,71.7476797674,0.1227347611202636,False,76,-0.0061578412845333386
20251215,20251212,002682,龙洲股份,-0.04331797235023027,10.38,11.94,10.0,11.93,0.0135,tp,True,2,2.024840573639728,28.680798294000002,0.1612576064908722,False,76,-0.0061578412845333386
20251215,20251212,603163,圣晖集成,-0.02623995146367364,64.2,65.96,59.55,59.69,0.0135,tp,True,3,0.996029173861179,78.36,0.11044377711044386,False,76,-0.0061578412845333386
20251216,20251215,300118,东方日升,-0.05011219147344803,12.7,13.09,11.75,11.84,0.0135,tp,True,1,3.0030279586450437,89.87239926,0.10682226211849187,False,59,-0.0016572214523568052
20251217,20251216,002300,太阳电缆,-0.0587326120556414,12.18,12.49,11.65,11.65,0.0135,tp,True,1,1.8218368419904518,50.127051614,0.09863945578231294,False,40,-0.0006013370598800805
20251217,20251216,600828,茂业商业,-0.036262203626220346,6.91,7.12,6.45,6.46,0.0135,tp,True,2,1.3780164058000357,75.6604399097,0.1180981595092024,False,40,-0.0006013370598800805
20251217,20251216,002285,世联行,-0.029585798816568087,3.28,3.53,3.2,3.34,0.0135,tp,True,3,1.153848733030157,47.1004232678,0.10749185667752446,False,40,-0.0006013370598800805
20251218,20251217,601366,利群股份,-0.02550091074681249,5.35,6.04,5.21,6.04,0.0135,tp,True,1,3.9897610005418183,36.7580846279,0.05210420841683362,False,49,-0.0033640976880225937
20251219,20251218,601366,利群股份,-0.056291390728476776,5.7,6.46,5.5,5.91,0.0135,tp,True,1,3.991351370497842,36.7580846279,0.15118397085610202,False,58,0.00047983035675125407
20251219,20251218,600865,百大集团,-0.051724137931034364,16.5,19.13,16.0,18.01,0.0135,tp,True,2,1.609415221452422,36.5329346836,0.12579013906447525,False,58,0.00047983035675125407
20251219,20251218,002865,钧达股份,-0.02602854743912686,46.4,49.0,46.4,48.05,0.0135,tp,True,3,1.6433908690468515,89.7895377648,0.08289078734703309,False,58,0.00047983035675125407
20251222,20251219,000419,通程控股,-0.03546099290780147,6.8,6.96,6.76,6.86,0.0135,tp,True,1,4.253475536260656,27.8857902015,0.10608424336973474,False,72,0.0025935303114035246
20251223,20251222,300321,同大股份,-0.03398149896167635,51.17,53.5,43.83,44.0,0.0135,tp,True,1,3.8646637652674434,29.1717630216,0.18583069262109553,False,80,0.0004467294300243285
20251224,20251223,002361,神剑股份,-0.032355915065722995,9.57,10.88,9.57,10.88,0.0135,tp,True,1,2.4115818253189905,89.6883409008,0.04226918798665192,False,53,9.438823667462515e-05
20251224,20251223,002394,联发股份,-0.027465667915106073,15.58,16.79,15.58,16.63,0.0135,tp,True,2,3.2101531416317886,35.4111179475,0.09065934065934067,False,53,9.438823667462515e-05
20251224,20251223,002843,泰嘉股份,-0.0220661985957874,19.5,19.9,19.24,19.78,0.0135,tp,True,3,4.276820334009736,41.2713356576,0.10700496414782136,False,53,9.438823667462515e-05
20251225,20251224,603311,金海高科,-0.02352150537634423,14.53,15.26,14.52,14.75,0.0135,tp,True,1,3.07919423214132,63.45277098299999,0.11308203991130829,False,73,-0.0008195993351857167
20251226,20251225,002935,天奥电子,-0.03893164327750109,21.23,22.09,21.23,21.56,0.0135,tp,True,1,1.9334833369596516,65.9164322204,0.10408366533864542,False,81,-0.00045206358185889695
20251226,20251225,000859,国风新材,-0.038927335640138505,11.11,11.42,10.9,11.0,0.0135,tp,True,2,1.232345451623473,82.6038950862,0.10275927687916271,False,81,-0.00045206358185889695
20251226,20251225,002197,证通电子,-0.027027027027026973,10.8,11.17,10.47,10.5,0.0135,tp,True,3,2.4726012788338925,37.7538008484,0.11000991080277497,False,81,-0.00045206358185889695
20251229,20251226,603069,海汽集团,-0.045424621461487735,29.0,31.58,28.45,28.47,0.0135,tp,True,1,1.8793376319804118,42.6916,0.11803041274438805,False,80,0.00024472207645431787
20251229,20251226,605598,上海港湾,-0.03598178880892944,65.64,73.76,65.64,70.65,0.0135,tp,True,2,1.2093415885532446,63.7338445254,0.08465266558966078,False,80,0.00024472207645431787
20251229,20251226,301246,宏源药业,-0.0345982142857143,25.95,26.5,22.9,23.93,0.0135,tp,True,3,1.7218119021549145,32.703384202500004,0.1281249999999999,False,80,0.00024472207645431787
20251230,20251229,002361,神剑股份,-0.03588681849551412,13.97,14.28,13.04,13.04,0.0135,tp,True,1,0.9851539111989273,89.6883409008,0.03264996203492784,False,71,-0.004390610499132586
20251230,20251229,605123,派克新材,-0.03184079601990042,107.03,108.9,101.12,102.0,0.0135,tp,True,2,1.4180398392489573,95.9188781072,0.11313432835820886,False,71,-0.004390610499132586
20251230,20251229,002571,德力股份,-0.030120481927710774,11.27,12.46,10.73,12.08,0.0135,tp,True,3,1.1967705651661333,32.0380845912,0.06628787878787872,False,71,-0.004390610499132586
20251231,20251230,603216,梦天家居,-0.04267241379310338,44.42,47.69,44.2,47.0,0.0135,tp,True,1,1.215474974626234,48.76911,0.12458550450023681,False,53,0.0009104390283269925
20251231,20251230,603458,勘设股份,-0.04214559386973171,10.0,10.29,9.58,10.02,0.0135,tp,True,2,1.5725823091195976,29.3573408926,0.12012644889357205,False,53,0.0009104390283269925
20251231,20251230,600506,统一股份,-0.03399725274725285,28.13,28.33,26.21,26.21,-0.06975453252755065,close,False,3,3.4498261163943003,41.7871603836,0.11673592746505478,False,53,0.0009104390283269925
20260105,20251231,002177,御银股份,-0.054197662061636565,8.9,9.3,8.47,8.62,0.0135,tp,True,1,4.213502015594097,42.2192974554,0.12280701754385973,False,56,0.004568085385150189
20260105,20251231,603278,大业股份,-0.04870892018779338,16.21,18.17,15.43,16.1,0.0135,tp,True,2,3.1219465553737065,31.749447516799997,0.19948353776630082,False,56,0.004568085385150189
20260105,20251231,605003,众望布艺,-0.023909985935302247,34.7,34.92,32.0,32.0,-0.0793097982708934,close,False,3,1.4393813431400355,25.784,0.12190594059405933,False,56,0.004568085385150189
20260106,20260105,300599,雄塑科技,-0.02249488752556228,9.56,9.75,8.9,9.04,0.0135,tp,True,1,4.096536636409131,38.043009600000005,0.19877300613496923,False,96,0.0006462164029605866
20260107,20260106,301330,熵基科技,-0.07228409329691121,44.15,45.1,41.28,42.92,0.0135,tp,True,1,3.489838212344278,53.193374338,0.11573373676248118,False,114,4.162922077455278e-05
20260107,20260106,002177,御银股份,-0.049578059071730074,9.01,9.35,8.85,8.9,0.0135,tp,True,2,1.4568856561377652,42.2192974554,0.1473317865429234,False,114,4.162922077455278e-05
20260107,20260106,002757,南兴股份,-0.04286926994906615,22.55,24.6,21.61,21.61,0.0135,tp,True,3,1.7640972373493642,50.6166693526,0.0378151260504201,False,114,4.162922077455278e-05
20260108,20260107,603175,超颖电子,-0.027703782631859353,73.0,77.54,72.99,74.58,0.0135,tp,True,1,2.6611826129188927,41.645308992,0.0741119719339277,False,73,-0.001970252853195409
20260108,20260107,600135,乐凯胶片,-0.02422145328719738,11.28,12.72,11.27,12.72,0.0135,tp,True,2,1.680217230030386,42.051339524,0.13891531874405336,False,73,-0.001970252853195409
20260109,20260108,002971,和远气体,-0.04846862920011896,32.0,32.44,31.09,32.23,0.005687499999999903,close,True,1,3.5992340546248283,70.3750870566,0.04677788681714098,False,91,0.0009257943952700742
20260109,20260108,600838,上海九百,-0.0331890331890331,13.4,14.86,13.03,13.51,0.0135,tp,True,2,1.3102513456698859,34.475850365999996,0.146031746031746,False,91,0.0009257943952700742
20260109,20260108,002757,南兴股份,-0.032393773664282643,23.0,26.15,22.5,25.0,0.0135,tp,True,3,1.0171201162405172,50.6166693526,0.09254974548819991,False,91,0.0009257943952700742
20260112,20260109,300536,农尚环境,-0.0547945205479452,8.97,9.21,8.86,8.96,0.0135,tp,True,1,4.9810939080370344,26.0714248319,0.18963337547408343,False,95,0.0035093424715382238
20260114,20260113,300063,天龙集团,-0.0653008962868118,14.6,18.39,14.6,17.43,0.0135,tp,True,1,2.4234722839313294,58.906692642,0.06298003072196609,False,65,-2.6578008872402137e-05
20260114,20260113,600721,百花医药,-0.03349282296650713,10.1,10.37,9.9,9.98,0.0135,tp,True,2,2.336846199768096,50.7218330565,0.09684210526315788,False,65,-2.6578008872402137e-05
20260114,20260113,002574,明牌珠宝,-0.030042918454935563,6.78,7.69,6.66,7.69,0.0135,tp,True,3,2.887654149825276,27.5088,0.12755905511811033,False,65,-2.6578008872402137e-05
20260115,20260114,300792,壹网壹创,-0.07991886409736304,45.36,46.49,42.36,43.97,0.0135,tp,True,1,1.8575848997676636,58.2155240418,0.2164070107108082,False,98,-0.004815697185470924
20260115,20260114,002446,盛路通信,-0.0779610194902548,12.3,14.67,12.01,14.67,0.0135,tp,True,2,1.4768896545234393,71.5524037824,0.08408903544929922,False,98,-0.004815697185470924
20260115,20260114,603918,金桥信息,-0.07532701849345969,20.5,20.99,19.95,19.95,0.0135,tp,True,3,1.8855011739802237,42.535026779,0.10868486352357327,False,98,-0.004815697185470924
20260116,20260115,300758,七彩化学,-0.05786350148367947,19.05,19.8,16.51,17.17,0.0135,tp,True,1,1.8654101964747214,44.1763048288,0.03679525222551913,False,55,0.003516023926469991
20260116,20260115,600593,大连圣亚,-0.02954025379654679,46.65,48.66,43.93,44.12,0.0135,tp,True,2,2.284069465860011,54.18616,0.08169336384439359,False,55,0.003516023926469991
20260116,20260115,002446,盛路通信,-0.025221540558963862,14.3,14.57,13.2,13.2,0.0135,tp,True,3,1.514042996659078,71.5524037824,0.19940029985007499,False,55,0.003516023926469991
20260119,20260116,600266,城建发展,-0.05247813411078717,6.5,7.2,6.17,6.47,0.0135,tp,True,1,0.872581560340142,88.2190990475,0.0977564102564103,False,54,-0.002727997445092667
20260119,20260116,603038,华立股份,-0.039145907473309816,18.9,19.4,18.1,18.61,0.0135,tp,True,2,2.520159278257919,47.01849355,0.1062639821029084,False,54,-0.002727997445092667
20260120,20260119,601700,风范股份,-0.07578008915304613,6.22,6.95,6.22,6.61,0.0135,tp,True,1,2.507255668685939,95.6556132,0.13725490196078444,False,86,0.0005760816723383577
20260120,20260119,002112,三变科技,-0.03049613108784699,21.3,24.17,20.36,22.9,0.0135,tp,True,2,1.4302217870859237,40.255488,0.20030045067601404,False,86,0.0005760816723383577
20260120,20260119,002426,胜利精密,-0.026726057906458767,4.37,4.55,4.11,4.25,0.0135,tp,True,3,0.9181862363664468,90.07916863199999,0.12500000000000006,False,86,0.0005760816723383577
20260121,20260120,002208,合肥城建,-0.05031446540880502,15.1,16.72,14.92,15.85,0.0135,tp,True,1,0.8804479556284539,84.6402796124,0.0996539792387543,False,53,-0.002460102342202175
20260121,20260120,002546,新联电子,-0.03599999999999992,9.64,10.33,9.3,9.68,0.0135,tp,True,2,1.8645678931961707,64.3385578913,0.0781078107810782,False,53,-0.002460102342202175
20260121,20260120,603320,迪贝电气,-0.03572965992251409,22.4,23.29,21.95,23.07,0.0135,tp,True,3,0.8831076296787913,26.398877931,0.0819128787878788,False,53,-0.002460102342202175
20260123,20260122,600192,长城电工,-0.02049910873440286,10.99,11.99,10.87,11.35,0.0135,tp,True,1,1.3650392711750328,31.7175064,0.09901960784313724,False,74,0.0018265261074374983
20260126,20260123,002658,雪迪龙,-0.040968342644320255,10.3,10.68,10.22,10.44,0.0135,tp,True,1,1.3022187025649732,27.939438647099998,0.10758196721311483,False,100,0.0020840586437662623
20260126,20260123,000565,渝三峡Ａ,-0.039772727272727404,8.45,9.22,8.36,8.67,0.0135,tp,True,2,3.57091848986969,28.183494300000003,0.10875000000000012,False,100,0.0020840586437662623
20260127,20260126,002165,红 宝 丽,-0.041284403669724856,10.45,10.86,9.94,10.21,0.0135,tp,True,1,0.9852656334646708,66.29942757559999,0.08980827447023214,False,72,-0.0017882161636348926
20260127,20260126,600078,澄星股份,-0.02386278896346017,13.09,13.88,12.91,13.51,0.0135,tp,True,2,0.8201787003434432,74.00938857370001,0.06562756357670227,False,72,-0.0017882161636348926
20260127,20260126,601226,华电科工,-0.021657250470809686,10.39,11.68,10.01,11.4,0.0135,tp,True,3,1.8909953579557557,76.93920894,0.1191709844559584,False,72,-0.0017882161636348926
20260128,20260127,002291,遥望科技,-0.02657004830917864,8.06,8.18,7.77,7.89,-0.022591811414392204,close,False,1,1.1375078934217109,52.234428726999994,0.04913678618857891,False,52,0.00249281383608313
20260129,20260128,300798,锦鸡股份,-0.04906054279749483,9.11,10.06,9.08,9.92,0.0135,tp,True,1,3.081518097717173,38.4201295942,0.19799498746867167,False,84,0.0011273739894586132
20260129,20260128,002119,康强电子,-0.029012118986411983,26.44,27.88,25.41,25.61,0.0135,tp,True,2,1.519917468183993,86.3528484,0.06181818181818186,False,84,0.0011273739894586132
20260130,20260129,300191,潜能恒信,-0.07317751808569828,33.31,36.5,30.77,31.33,0.0135,tp,True,1,1.912410491614514,82.505735,0.23171953255425703,False,88,-0.006250631316167876
20260130,20260129,300063,天龙集团,-0.051834595224228286,16.28,17.1,15.7,16.45,0.0135,tp,True,2,1.9673028944646154,58.906692642,0.24388539482879118,False,88,-0.006250631316167876
20260130,20260129,002828,贝肯能源,-0.037138927097661534,14.0,14.26,13.09,13.09,0.0135,tp,True,3,2.236726139859838,25.143548759999998,0.12462235649546831,False,88,-0.006250631316167876
20260202,20260130,600313,农发种业,-0.04869762174405434,8.4,8.63,8.02,8.11,0.0135,tp,True,1,2.232195242246087,85.493694377,0.1095890410958904,False,45,-0.009286173945773912
20260202,20260130,600354,敦煌种业,-0.02020202020202022,7.76,7.8,7.28,7.46,-0.040159793814432965,close,False,2,3.0198288684424663,48.135549696000005,0.10694444444444438,False,45,-0.009286173945773912
20260203,20260202,603919,金徽酒,-0.03794829024186819,23.07,25.61,23.07,24.86,0.0135,tp,True,1,3.2989988947209126,88.8212254747,0.11788990825688074,False,35,0.0070123887194173395
20260203,20260202,002575,群兴玩具,-0.02777777777777779,7.7,8.7,7.55,8.11,0.0135,tp,True,2,1.0557821669298646,32.4884978,0.09999999999999996,False,35,0.0070123887194173395
20260203,20260202,600828,茂业商业,-0.026243093922652005,7.05,7.53,6.84,6.88,0.0135,tp,True,3,3.523951740087053,75.6604399097,0.14133738601823717,False,35,0.0070123887194173395
20260205,20260204,600072,中船科技,-0.03975993998499616,12.8,13.03,12.68,12.85,0.0135,tp,True,1,3.5905764620987624,95.875352466,0.09818481848184815,False,66,-0.006623275315684185
20260205,20260204,601226,华电科工,-0.03692065985860182,12.26,12.54,11.46,11.46,0.0135,tp,True,2,1.8176557650268401,76.93920894,0.0993949870354365,False,66,-0.006623275315684185
20260205,20260204,300985,致远新能,-0.035458167330677304,24.21,24.85,22.94,23.1,0.0135,tp,True,3,3.3033306690323316,70.31520496,0.2103250478011473,False,66,-0.006623275315684185
20260206,20260205,600382,广东明珠,-0.05170630816959665,9.17,9.47,9.05,9.27,0.0135,tp,True,1,1.8045461724374845,42.270276289200005,0.0955631399317406,False,45,-0.008739131288150848
20260206,20260205,601116,三江购物,-0.03960396039603964,19.4,19.6,18.18,18.62,-0.04170618556701017,close,False,2,1.460371152218815,62.05196272,0.10620915032679736,False,45,-0.008739131288150848
20260206,20260205,000822,山东海化,-0.031746031746031744,6.1,6.72,5.74,6.39,0.0135,tp,True,3,1.0125191006899716,40.8161918256,0.036649214659685854,False,45,-0.008739131288150848
20260209,20260206,002072,凯瑞德,-0.036904761904761996,8.09,8.19,7.62,7.77,-0.0410550061804697,close,False,1,3.8334739560912614,33.371887439999995,0.11387434554973824,False,59,0.00933692117729823
20260209,20260206,002054,德美化工,-0.022885572139303534,9.82,11.06,9.61,11.06,0.0135,tp,True,2,2.4317439621198673,28.7897376081,0.1126914660831511,False,59,0.00933692117729823
20260210,20260209,300982,苏文电能,-0.04587155963302747,24.96,25.39,24.16,24.41,0.0135,tp,True,1,3.632151075474635,29.336638189800002,0.17889908256880727,False,83,0.0011350710268269726
20260210,20260209,600683,京投发展,-0.03903903903903905,6.4,6.77,6.33,6.68,0.0135,tp,True,2,1.7712584781967133,77.1890256074,0.10743801652892568,False,83,0.0011350710268269726
20260211,20260210,301085,亚康股份,-0.07311745052685681,72.13,76.7,72.13,73.35,0.0135,tp,True,1,2.524725522829018,36.4078266,0.16515034695451034,False,60,-0.0009543718222929654
20260211,20260210,300528,幸福蓝海,-0.06483367277664631,27.55,29.34,26.1,26.17,0.0135,tp,True,2,1.8698913990606338,50.5629129278,0.21792260692464363,False,60,-0.0009543718222929654
20260211,20260210,000859,国风新材,-0.030874785591766707,11.3,11.65,11.1,11.44,0.0135,tp,True,3,1.5699651267620809,82.6038950862,0.10660377358490573,False,60,-0.0009543718222929654
20260212,20260211,002455,百川股份,-0.055293324342548855,14.01,15.15,13.61,14.1,0.0135,tp,True,1,0.9186115749538398,52.7327954454,0.04302670623145401,False,51,0.0012124937681208259
20260212,20260211,603980,吉华集团,-0.03669724770642202,8.4,8.96,8.1,8.64,0.0135,tp,True,2,1.784574441235289,53.60520211200001,0.10340479192938214,False,51,0.0012124937681208259
20260212,20260211,603682,锦和商管,-0.02587322121604141,7.53,7.98,7.37,7.83,0.0135,tp,True,3,1.850937780399849,52.11675,0.09103840682788059,False,51,0.0012124937681208259
20260213,20260212,605287,德才股份,-0.027612826603325424,65.5,67.94,60.62,60.62,0.0135,tp,True,1,3.1050722624273845,56.14,0.15986283474853036,False,59,-0.0043783048945095215
20260213,20260212,605006,山东玻纤,-0.027450980392156765,9.92,10.0,9.18,9.44,-0.04988709677419362,close,False,2,2.4275899860821624,94.8375492104,0.07227615965480043,False,59,-0.0043783048945095215
20260213,20260212,002478,常宝股份,-0.027409372236958496,11.0,11.19,10.36,10.39,0.0135,tp,True,3,1.8761292822382474,52.480352053800004,0.09824902723735407,False,59,-0.0043783048945095215
20260224,20260213,000859,国风新材,-0.03258145363408527,11.58,12.4,11.58,12.2,0.0135,tp,True,1,1.9012319173061338,82.6038950862,0.10753676470588235,False,32,0.011528464725004683
20260224,20260213,000798,中水渔业,-0.03049759229534521,12.08,12.88,11.9,12.39,0.0135,tp,True,2,1.2475518681284488,36.5836212,0.10150044130626658,False,32,0.011528464725004683
20260225,20260224,603466,风语筑,-0.03268482490272373,12.43,14.0,12.41,12.97,0.0135,tp,True,1,1.8113016660532077,71.02252194479999,0.0941780821917808,False,94,0.0015470890681277272
20260226,20260225,605007,五洲特纸,-0.02901915264074284,16.73,17.98,16.31,17.5,0.0135,tp,True,1,1.3363239230970871,74.55606288130001,0.10025542784163476,False,75,0.000925919228014882
20260226,20260225,300788,中信出版,-0.02269536733738886,41.77,46.5,41.77,44.16,0.0135,tp,True,2,1.4261046248301545,48.260454507,0.2262773722627738,False,75,0.000925919228014882
20260227,20260226,300739,明阳电路,-0.06996587030716706,32.7,33.04,31.69,32.31,-0.013426605504587128,close,False,1,2.0129711229801126,69.3511278873,0.23754266211604086,False,62,-0.004275761280847501
20260227,20260226,002286,保龄宝,-0.03962101636520232,11.15,11.26,10.86,11.12,-0.004190582959641307,close,False,2,2.6929717350547024,31.2017995392,0.11563981042654017,False,62,-0.004275761280847501
20260227,20260226,600078,澄星股份,-0.03241053342336264,14.33,14.95,13.76,14.16,0.0135,tp,True,3,1.9197680627485134,74.00938857370001,0.01560178306092131,False,62,-0.004275761280847501
20260302,20260227,002734,利民股份,-0.03069395017793597,21.79,21.99,21.15,21.58,-0.011137448370812373,close,False,1,2.9793699930386333,72.7386156936,0.11203522504892363,False,73,-0.0026616188792374373
20260302,20260227,002177,御银股份,-0.028895768833849256,9.41,9.64,9.08,9.28,0.0135,tp,True,2,1.239724447836999,42.2192974554,0.09080590238365481,False,73,-0.0026616188792374373
20260302,20260227,300830,金现代,-0.02553763440860224,14.5,14.96,13.96,14.2,0.0135,tp,True,3,1.248049313072333,28.4372947568,0.16290322580645172,False,73,-0.0026616188792374373
20260304,20260303,002040,南 京 港,-0.07365223993925596,12.2,12.41,11.85,11.85,0.0135,tp,True,1,4.196423839570629,43.503752327499996,0.08270676691729324,False,81,-0.008501751287997128
20260304,20260303,603727,博迈科,-0.05920146856356123,20.5,20.61,19.61,19.63,-0.04393902439024394,close,False,2,3.1905061697305466,51.836346968,0.07016658253407373,False,81,-0.008501751287997128
20260304,20260303,600792,云煤能源,-0.05719557195571945,5.11,5.12,4.88,4.88,-0.04650978473581219,close,False,3,2.193413729904344,49.05862312,0.11133603238866392,False,81,-0.008501751287997128
20260305,20260304,603318,水发燃气,-0.05435801312089972,10.09,10.75,9.6,9.6,0.0135,tp,True,1,4.927225029776248,45.3562072912,0.09072164948453618,False,42,0.006689577633148591
20260305,20260304,600313,农发种业,-0.04761904761904756,8.8,9.02,8.47,8.48,0.0135,tp,True,2,1.7523651040512107,85.493694377,0.08809523809523812,False,42,0.006689577633148591
20260306,20260305,300072,海新能科,-0.056122448979591844,5.55,5.7,5.47,5.54,0.0135,tp,True,1,2.9203321909698268,86.7267325416,0.2163265306122448,False,65,-0.0055177348809926086
20260306,20260305,300241,瑞丰光电,-0.05006765899864685,7.02,7.1,6.72,6.88,-0.021443019943019948,close,False,2,3.1096681770344947,35.6073071756,0.12175324675324675,False,65,-0.0055177348809926086
20260306,20260305,300895,铜牛信息,-0.046473838154046154,58.68,65.64,58.68,62.86,0.0135,tp,True,3,2.388028228103568,36.345015647500006,0.19871294851794066,False,65,-0.0055177348809926086
20260309,20260306,002843,泰嘉股份,-0.06910132474042252,26.0,27.25,25.14,26.66,0.0135,tp,True,1,1.5234642642038265,41.2713356576,0.12997243009058687,False,73,-0.006180607585974385
20260309,20260306,600545,卓郎智能,-0.06506024096385554,3.88,4.09,3.76,3.89,0.0135,tp,True,2,1.5146294570861785,76.880225546,0.08488063660477461,False,73,-0.006180607585974385
20260309,20260306,603316,诚邦股份,-0.06493506493506507,15.84,16.76,15.82,15.98,0.0135,tp,True,3,1.2854207968582991,36.6269904,0.09935064935064943,False,73,-0.006180607585974385
20260310,20260309,600227,赤天化,-0.03314917127071826,3.5,3.98,3.4,3.83,0.0135,tp,True,1,1.1293203020273799,66.0519098151,0.048632218844984844,False,39,0.0004857686862276278
20260310,20260309,000601,韶能股份,-0.022222222222222254,6.6,6.75,6.42,6.51,0.0135,tp,True,2,3.2031364401619085,64.7747444832,0.1221498371335505,False,39,0.0004857686862276278
20260311,20260310,600135,乐凯胶片,-0.029837251356238714,10.73,11.02,10.63,11.0,0.0135,tp,True,1,4.668505411393473,42.051339524,0.09154228855721391,False,52,0.00012854280960628017
20260311,20260310,300629,新劲刚,-0.021099965409892785,28.3,28.5,27.51,27.98,-0.012807420494699682,close,False,2,4.499610388099973,39.3717127155,0.1046077210460772,False,52,0.00012854280960628017
20260312,20260311,300504,天邑股份,-0.049689440993788914,18.36,19.29,18.19,18.28,0.0135,tp,True,1,3.716715620711058,39.7939749961,0.1832298136645962,False,53,-5.564385994205612e-05
20260312,20260311,002733,雄韬股份,-0.038817005545286554,26.0,26.18,25.15,25.68,-0.013807692307692352,close,False,2,2.0437418023523115,67.20679468979999,0.11956079707198053,False,53,-5.564385994205612e-05
20260312,20260311,002248,华东数控,-0.037869062901155326,14.99,15.27,14.65,14.71,0.0135,tp,True,3,2.1227293834849355,31.24155296,0.02471751412429376,False,53,-5.564385994205612e-05
20260316,20260313,603803,瑞斯康达,-0.07200000000000006,12.76,13.14,12.51,12.97,0.0135,tp,True,1,1.9488305702193083,48.2667720752,0.13760000000000006,False,59,-0.000781354918262922
20260316,20260313,600756,浪潮软件,-0.036868973340896116,16.98,17.38,16.88,17.32,0.0135,tp,True,2,4.355494662724048,48.2258944464,0.11353711790393003,False,59,-0.000781354918262922
20260316,20260313,002084,海鸥住工,-0.030303030303030276,4.16,4.26,4.11,4.13,0.0135,tp,True,3,3.640365188128187,45.2533378284,0.10512820512820517,False,59,-0.000781354918262922
20260317,20260316,600227,赤天化,-0.043659043659043606,4.6,5.29,4.6,5.29,0.0135,tp,True,1,1.1804146632051367,66.0519098151,0.08924485125858116,False,47,0.00036966404637706063
20260318,20260317,603992,松霖科技,-0.027027027027026973,32.4,33.29,31.72,32.99,0.0135,tp,True,1,1.1735480212167377,95.076774572,0.09580442682523947,False,38,0.0008395248289467805
20260318,20260317,600691,潞化科技,-0.025423728813559365,4.6,4.63,4.25,4.42,-0.04063043478260869,close,False,2,2.717006173674669,79.8196879872,0.12121212121212112,False,38,0.0008395248289467805
20260319,20260318,600590,泰豪科技,-0.050518134715025864,14.66,15.31,14.44,14.81,0.0135,tp,True,1,1.3308821945530536,71.7877664073,0.11253561253561255,False,56,-0.008476536926098621
20260319,20260318,300042,朗科科技,-0.047642436149312295,58.17,60.59,55.63,56.27,0.0135,tp,True,2,1.6251497105066546,79.11063594,0.17799607072691542,False,56,-0.008476536926098621
20260323,20260320,600310,广西能源,-0.05942622950819676,4.59,5.36,4.53,5.08,0.0135,tp,True,1,4.464620653826172,64.3447006958,0.11711711711711702,False,30,-0.01316637394018283
20260323,20260320,605299,舒华体育,-0.047743623283191594,14.56,15.58,14.45,14.66,0.0135,tp,True,2,1.3090355533413829,54.05562424080001,0.08920863309352506,False,30,-0.01316637394018283
20260323,20260320,600683,京投发展,-0.03314917127071815,10.5,11.28,10.4,10.54,0.0135,tp,True,3,0.8777176215275008,77.1890256074,0.16109422492401215,False,30,-0.01316637394018283
20260325,20260324,000809,和展能源,-0.027431421446383997,3.9,4.13,3.83,4.06,0.0135,tp,True,1,4.237695365201599,28.702736996400002,0.09315068493150669,False,84,0.002831540110479036
20260326,20260325,600982,宁波能源,-0.04202898550724643,6.61,7.4,6.22,6.68,0.0135,tp,True,1,2.7601705458995855,55.099035010499996,0.09569377990430632,False,84,-0.0017498168796289404
20260326,20260325,002580,圣阳股份,-0.03474903474903468,15.0,16.98,14.89,15.8,0.0135,tp,True,2,2.0021626310397327,97.7051808,0.10898796886058026,False,84,-0.0017498168796289404
20260326,20260325,301419,阿莱德,-0.027631879424526162,42.58,43.35,40.39,40.58,0.0135,tp,True,3,0.9486999297259311,41.971456800000006,0.17210194573855853,False,84,-0.0017498168796289404
20260327,20260326,600780,通宝能源,-0.059311981020166105,7.93,8.13,7.67,7.99,0.0135,tp,True,1,3.4407433093436257,73.37616147199999,0.13151041666666652,False,40,-0.009511246875867796
20260327,20260326,000965,天保基建,-0.05023923444976064,3.97,4.0,3.82,3.88,-0.02417002518891692,close,False,2,3.045236889634907,38.178182788,0.02105263157894739,False,40,-0.009511246875867796
20260327,20260326,603937,丽岛新材,-0.0460893854748603,13.66,13.98,13.15,13.86,0.0135,tp,True,3,1.8706625646051138,25.0879281191,0.08986175115207373,False,40,-0.009511246875867796
20260330,20260327,600666,奥瑞德,-0.046052631578947456,5.8,6.47,5.47,6.24,0.0135,tp,True,1,2.0110833041606813,94.38673641930001,0.17179023508137434,False,78,-0.0075222550412394895
20260330,20260327,600982,宁波能源,-0.03401360544217691,7.1,7.25,6.62,6.62,0.0135,tp,True,2,1.2806909693363195,55.099035010499996,0.16017964071856278,False,78,-0.0075222550412394895
20260330,20260327,002386,天原股份,-0.03169572107765439,6.11,6.25,6.0,6.11,0.0135,tp,True,3,2.352830397628395,78.4735248465,0.12369337979094075,False,78,-0.0075222550412394895
20260331,20260330,002038,双鹭药业,-0.06327372764786798,6.81,7.8,6.81,7.59,0.0135,tp,True,1,3.875641013963402,52.154320903199995,0.04084720121028738,False,61,0.0001988127311516319
20260331,20260330,600996,贵广网络,-0.047186932849364704,10.5,11.1,10.31,10.34,0.0135,tp,True,2,2.1666595815121266,90.1436294442,0.0998003992015968,False,61,0.0001988127311516319
20260331,20260330,600539,狮头股份,-0.028790786948176605,15.18,15.8,14.5,14.67,0.0135,tp,True,3,2.2896264833534774,34.247,0.10063335679099236,False,61,0.0001988127311516319
20260401,20260331,002263,大东南,-0.055432372505543226,4.26,4.51,4.15,4.3,0.0135,tp,True,1,2.316792241168434,60.85838124000001,0.12195121951219513,False,53,0.012258919899482468
20260401,20260331,000037,深南电A,-0.032258064516129004,12.6,12.8,11.72,11.85,0.0135,tp,True,2,1.1045963695024512,32.704636475,0.1385135135135134,False,53,0.012258919899482468
20260401,20260331,000720,新能泰山,-0.02930402930402931,5.3,5.39,4.91,4.91,0.0135,tp,True,3,1.924766794529607,48.8790781119,0.17540322580645162,False,53,0.012258919899482468
20260402,20260401,002730,电光科技,-0.037735849056603654,28.05,30.86,26.56,29.49,0.0135,tp,True,1,1.1577617480391218,81.524639728,0.11886792452830183,False,58,-0.0019627458180850876
20260402,20260401,002083,孚日股份,-0.02239382239382237,12.66,12.81,12.25,12.44,-0.01887756714060035,close,False,2,1.0755284669820453,98.2268027856,0.11894647408666088,False,58,-0.0019627458180850876
20260402,20260401,605006,山东玻纤,-0.020682523267838593,9.47,9.53,9.2,9.48,-0.00044403379091878395,close,False,3,1.010070602710133,94.8375492104,0.0648464163822526,False,58,-0.0019627458180850876
20260403,20260402,603798,康普顿,-0.03969270166453265,15.0,15.46,14.63,14.89,0.0135,tp,True,1,3.0292192140824485,34.082158485,0.10211267605633799,False,27,0.002117730507311233
20260403,20260402,600644,乐山电力,-0.03639240506329122,12.18,12.43,11.38,11.38,0.0135,tp,True,2,1.7666454212670817,51.9910415382,0.038294168842471825,False,27,0.002117730507311233
20260403,20260402,002263,大东南,-0.031712473572938715,4.58,5.18,4.42,4.66,0.0135,tp,True,3,1.5582520775649218,60.85838124000001,0.12558139534883722,False,27,0.002117730507311233
20260407,20260403,300608,思特奇,-0.022480620155038822,12.61,12.79,12.31,12.37,-0.020532513877874747,close,False,1,4.311603833566889,31.349703973999997,0.16279069767441862,False,32,0.0010437875312492295
20260407,20260403,300812,易天股份,-0.022222222222222143,39.6,40.16,38.38,38.52,-0.028772727272727228,close,False,2,2.9592881277433345,34.5558850792,0.1632592592592592,False,32,0.0010437875312492295
20260408,20260407,300927,江天化学,-0.059035749426041284,28.69,31.53,28.69,31.25,0.0135,tp,True,1,2.3362272417914696,49.198414356,0.19637937819755996,False,92,0.010305488720258271
20260408,20260407,603353,和顺石油,-0.047442550037064546,38.55,42.46,38.55,40.98,0.0135,tp,True,2,2.0915684212178776,55.845978599999995,0.1473226420222887,False,92,0.010305488720258271
20260408,20260407,600075,新疆天业,-0.044117647058823484,6.5,6.59,6.2,6.4,-0.01688461538461533,close,False,3,1.2136841927085489,84.7067482128,0.13268608414239472,False,92,0.010305488720258271
20260409,20260408,605016,百龙创园,-0.06094808126410822,24.96,28.64,24.96,28.07,0.0135,tp,True,1,2.1967112287053796,86.396534224,0.030629139072847616,False,122,-0.006851063829787174
20260409,20260408,605162,新中港,-0.050387596899224896,14.7,14.86,13.93,14.15,-0.03891496598639449,close,False,2,1.190475729864522,48.3588171612,0.09594882729211085,False,122,-0.006851063829787174
20260409,20260408,300571,平治信息,-0.043977055449330726,35.0,35.5,34.46,34.96,-0.002642857142857112,close,False,3,2.488568487329575,34.6564613475,0.16355293346443783,False,122,-0.006851063829787174
20260413,20260410,001269,欧晶科技,-0.02070750647109576,22.7,25.38,22.24,23.83,0.0135,tp,True,1,1.750085478055452,37.558893843199996,0.028951115329852842,False,58,-0.003767980693489048
20260413,20260410,002263,大东南,-0.020408163265306256,4.8,5.17,4.76,4.99,0.0135,tp,True,2,0.8156778742033529,60.85838124000001,0.1325842696629215,False,58,-0.003767980693489048
20260414,20260413,605255,天普股份,-0.03409875690607733,111.89,123.94,111.0,120.15,0.0135,tp,True,1,3.5364991334488733,88.318496,0.14091729180514673,False,56,0.004555528812403509
20260415,20260414,002083,孚日股份,-0.07088781830695112,13.5,13.75,13.08,13.08,0.0135,tp,True,1,1.5826031504094982,98.2268027856,0.10446631339894011,False,55,0.0031887707586739644
20260415,20260414,301292,海科新源,-0.045480067377877575,102.0,103.4,92.86,93.32,-0.08659803921568637,close,False,2,1.4491397903832977,53.4391581861,0.22751263335204946,False,55,0.0031887707586739644
20260416,20260415,600488,津药药业,-0.04385964912280704,6.54,6.69,6.16,6.29,0.0135,tp,True,1,1.0810221143867105,59.289446724,0.1414790996784566,False,57,0.0007275508354418481
20260416,20260415,000889,中嘉博创,-0.03586497890295359,4.57,5.21,4.38,5.0,0.0135,tp,True,2,2.3705607315215236,35.400837655699995,0.16473317865429235,False,57,0.0007275508354418481
20260416,20260415,605222,起帆电缆,-0.02674418604651163,25.11,27.9,25.11,26.61,0.0135,tp,True,3,1.4017469843722146,87.8667698384,0.10660980810234542,False,57,0.0007275508354418481
20260417,20260416,300798,锦鸡股份,-0.03427719821162434,12.96,13.1,11.84,11.95,-0.07943209876543217,close,False,1,1.8967900583127486,38.4201295942,0.20930232558139533,False,77,-0.0030008260285288024
20260417,20260416,002333,罗普斯金,-0.031298904538341055,6.19,6.21,5.75,5.93,-0.043503231017770705,close,False,2,4.359122491997814,38.1239551836,0.11703958691910495,False,77,-0.0030008260285288024
20260417,20260416,600284,浦东建设,-0.026666666666666727,7.3,7.52,7.25,7.51,0.0135,tp,True,3,4.969795444588472,50.744388799999996,0.10410557184750732,False,77,-0.0030008260285288024
20260420,20260417,301237,和顺科技,-0.040185471406491535,68.31,70.32,66.13,69.47,0.0135,tp,True,1,4.262031576945025,31.358366804000003,0.21244309559939303,False,65,0.0004788432726223757
20260421,20260420,603912,佳力图,-0.042277825711820594,11.1,11.1,10.43,10.54,-0.05195045045045049,close,False,1,1.166992687405652,49.188994503,0.09962049335863385,False,75,-0.0015384125444315444
20260421,20260420,002692,远程股份,-0.026170798898071612,7.07,7.07,6.85,6.92,-0.022716407355021284,close,False,2,1.0597372782438785,30.868052025,0.10606060606060609,False,75,-0.0015384125444315444
20260422,20260421,002342,巨力索具,-0.05135387488328669,20.32,21.31,20.02,20.15,0.0135,tp,True,1,1.055445474625541,74.370351,0.15151515151515166,False,50,-0.0025140266530887523
20260423,20260422,605588,冠石科技,-0.027113237639553422,61.0,62.0,57.89,58.37,0.0135,tp,True,1,1.8550779391598802,34.4152733188,0.10614035087719306,False,53,0.001103193660411117
20260424,20260423,000715,中兴商业,-0.04689863842662645,6.3,6.48,6.17,6.23,0.0135,tp,True,1,3.184393601419716,27.812416346000003,0.13810316139767057,False,50,-0.002985402797288206
20260424,20260423,002448,中原内配,-0.029680365296803624,17.0,17.3,15.77,16.18,0.0135,tp,True,2,4.041171787286419,69.7772428616,0.06340238543628361,False,50,-0.002985402797288206
20260424,20260423,603220,中贝通信,-0.029506281040023286,33.22,33.5,30.94,31.84,-0.04304124021673689,close,False,3,1.270937917894309,99.2799041157,0.10636246786632375,False,50,-0.002985402797288206
20260427,20260424,600545,卓郎智能,-0.044303797468354444,4.53,4.99,4.5,4.95,0.0135,tp,True,1,1.5999728659213674,76.880225546,0.11368909512761027,False,57,-0.0012475795975391835
20260427,20260424,300283,温州宏丰,-0.040000000000000036,11.28,11.49,10.7,11.42,0.0135,tp,True,2,2.1939749142193756,49.7247852101,0.15628192032686408,False,57,-0.0012475795975391835
20260427,20260424,000546,金圆股份,-0.030726256983240163,6.94,7.5,6.94,7.24,0.0135,tp,True,3,2.2394869246791846,33.7205319704,0.11981566820276501,False,57,-0.0012475795975391835
20260429,20260428,002218,拓日新能,-0.045534150612959734,5.45,5.7,5.39,5.61,0.0135,tp,True,1,0.8816385109168685,55.78464952980001,0.017341040462427716,False,58,-0.004123923660828033
20260429,20260428,600770,综艺股份,-0.044386422976501305,7.32,8.39,7.17,7.89,0.0135,tp,True,2,2.0766408115856283,67.34,0.14942528735632185,False,58,-0.004123923660828033
20260429,20260428,605287,德才股份,-0.03947611141855745,52.07,57.73,52.07,55.63,0.0135,tp,True,3,2.0615082671406615,56.14,0.08543019480519481,False,58,-0.004123923660828033
20260430,20260429,600545,卓郎智能,-0.034990791896869156,5.24,5.5,4.89,4.89,0.0135,tp,True,1,0.983931642438216,76.880225546,0.10526315789473675,False,98,-5.112586457489687e-05
20260506,20260430,002235,安妮股份,-0.020535714285714213,10.97,12.02,10.93,11.92,0.0135,tp,True,1,2.5658409513480014,50.2649098216,0.0972495088408643,False,74,0.0056636901287887564
20260507,20260506,002989,中天精装,-0.028944911297852594,31.2,33.61,30.53,32.14,0.0135,tp,True,1,1.7550260809242386,46.5308606784,0.06983909619993162,False,97,0.0019903032808754606
20260508,20260507,600815,厦工股份,-0.04665314401622711,4.7,4.93,4.7,4.93,0.0135,tp,True,1,0.8057906316838838,81.076117736,0.10714285714285703,False,98,-0.00388508381398478
20260508,20260507,603095,越剑智能,-0.046616541353383556,25.36,27.2,24.42,25.86,0.0135,tp,True,2,2.1406428338098777,42.7435526,0.10752688172043016,False,98,-0.00388508381398478
20260508,20260507,601996,丰林集团,-0.025974025974025983,3.0,3.2,2.98,3.13,0.0135,tp,True,3,2.1340230501879445,30.3767806736,0.10357142857142859,False,98,-0.00388508381398478
20260511,20260508,002930,宏川智慧,-0.04052369077306728,15.39,16.5,15.26,16.25,0.0135,tp,True,1,0.8122603523770643,41.3480792034,0.06378600823045265,False,95,0.005119678465053568
20260511,20260508,000036,华联控股,-0.02471169686985175,5.92,6.43,5.85,6.33,0.0135,tp,True,2,1.9241837726671323,56.11924924,0.07427536231884062,False,95,0.005119678465053568
20260513,20260512,301197,工大科雅,-0.04010826771653553,39.01,39.88,35.71,36.0,0.0135,tp,True,1,1.2033001299565533,28.296554849999996,0.2235016238559197,False,57,-0.0052627957356642385
20260513,20260512,001359,平安电工,-0.022300036859565053,106.1,114.9,104.0,114.4,0.0135,tp,True,2,1.3671641791044775,51.892276067400005,0.10785605676634566,False,57,-0.0052627957356642385
20260513,20260512,301196,唯科科技,-0.02082651123190782,149.51,170.63,148.0,169.0,0.0135,tp,True,3,2.8813703009947034,97.01612639999999,0.20182332599811376,False,57,-0.0052627957356642385
20260514,20260513,002843,泰嘉股份,-0.04510524557300377,28.58,29.18,26.94,28.15,0.0135,tp,True,1,1.0931679494878268,41.2713356576,0.10437339213524438,False,106,0.0032032470884393316
20260514,20260513,000925,众合科技,-0.038851351351351315,11.38,11.59,10.66,10.66,0.0135,tp,True,2,1.476771031007909,61.4104576845,0.087360594795539,False,106,0.0032032470884393316
20260514,20260513,300210,森远股份,-0.028215767634854783,11.71,12.42,11.61,12.02,0.0135,tp,True,3,4.945217444388615,40.2871000896,0.20816733067729085,False,106,0.0032032470884393316
20260515,20260514,001210,金房能源,-0.04761904761904756,28.0,30.7,27.38,30.21,0.0135,tp,True,1,2.9758953802134607,38.4516125862,0.09988776655443315,False,51,-0.0008951822916666297
20260515,20260514,603610,麒盛科技,-0.022823779193205884,18.41,19.68,18.41,19.3,0.0135,tp,True,2,3.919219413917451,51.5014775039,0.10391126678342097,False,51,-0.0008951822916666297
20260515,20260514,603016,新宏泰,-0.022222222222222254,55.0,56.25,50.85,51.9,0.0135,tp,True,3,1.287273923347962,48.774271999999996,0.11497849041845919,False,51,-0.0008951822916666297
20260518,20260515,002918,蒙娜丽莎,-0.05797101449275355,17.55,17.97,16.77,16.77,0.0135,tp,True,1,2.262504211970063,25.0834012844,0.06080283353010611,False,54,-0.0036876812102365486
20260518,20260515,300878,维康药业,-0.032596685082872945,35.02,36.38,34.26,34.4,0.0135,tp,True,2,3.3124352248135285,46.8976090042,0.22074908849850855,False,54,-0.0036876812102365486
20260518,20260515,301081,严牌股份,-0.029064039408867037,19.71,19.8,18.4,18.95,-0.04005910705225785,close,False,3,2.3742057818318054,35.9396506515,0.18498817966903067,False,54,-0.0036876812102365486
20260519,20260518,002374,中锐股份,-0.053708439897698246,3.7,3.97,3.66,3.81,0.0135,tp,True,1,2.7101044495641986,34.8352179843,0.07323943661971838,False,79,-0.0020742920903393802
20260520,20260519,002208,合肥城建,-0.043391719745222934,24.03,26.36,23.59,25.88,0.0135,tp,True,1,2.1135403757138866,84.6402796124,0.08406304728546417,False,85,-0.004038814833291049
20260520,20260519,603311,金海高科,-0.04150268336314844,26.79,29.32,25.51,28.61,0.0135,tp,True,2,2.8782885596052603,63.45277098299999,0.07752853207398658,False,85,-0.004038814833291049
20260520,20260519,000586,汇源通信,-0.024793388429752095,20.06,20.45,19.82,19.98,0.0135,tp,True,3,0.8740366649982233,26.441577000000002,0.08235294117647055,False,85,-0.004038814833291049
20260521,20260520,301013,利和兴,-0.05968096809680978,34.19,37.2,33.9,35.7,0.0135,tp,True,1,3.2602546701080986,72.2146090608,0.1267326732673266,False,59,0.0029311562690705895
20260521,20260520,605288,凯迪股份,-0.039957939011566745,100.43,115.0,100.43,113.65,0.0135,tp,True,2,3.4020487639688453,65.44363783429999,0.11272344900105152,False,59,0.0029311562690705895
20260521,20260520,603375,盛景微,-0.022580645161290436,51.51,53.98,50.2,50.96,0.0135,tp,True,3,1.5918722335094773,25.123307933099998,0.1183469004383219,False,59,0.0029311562690705895
20260522,20260521,603316,诚邦股份,-0.02752293577981646,26.5,27.98,24.53,26.9,0.0135,tp,True,1,3.6615871513661977,36.6269904,0.13766653209527654,False,35,0.004632990621198374
20260522,20260521,003007,直真科技,-0.02465955097534056,53.0,54.34,51.7,52.64,0.0135,tp,True,2,1.0632938953162685,29.020545268599996,0.09028340080971661,False,35,0.004632990621198374
20260522,20260521,600360,华微电子,-0.02402651201325612,11.78,12.07,11.39,11.92,0.0135,tp,True,3,3.611246436796418,98.8143867816,0.10756608933454874,False,35,0.004632990621198374
20260525,20260522,605500,森林包装,-0.06433823529411775,10.18,11.95,9.92,11.52,0.0135,tp,True,1,4.102600012776476,31.08,0.13043478260869573,False,112,0.0032677672688372628
20260525,20260522,000518,四环生物,-0.06295399515738498,3.87,4.54,3.72,4.54,0.0135,tp,True,2,2.5635393683933216,40.9755205814,0.04266666666666659,False,112,0.0032677672688372628
20260525,20260522,300907,康平科技,-0.04329846752614941,39.33,43.53,39.33,42.8,0.0135,tp,True,3,1.6958763489261204,49.7472,0.18213660245183894,False,112,0.0032677672688372628
20260526,20260525,600539,狮头股份,-0.04528763769889843,15.6,16.98,15.44,16.16,0.0135,tp,True,1,1.8219824130674416,34.247,0.0942760942760943,False,101,-0.0036724245467264494
20260526,20260525,000518,四环生物,-0.03524229074889873,4.38,4.52,4.09,4.09,0.0135,tp,True,2,3.295731122041453,40.9755205814,0.198547215496368,False,101,-0.0036724245467264494
20260526,20260525,002951,金时科技,-0.02212138400453778,17.24,17.39,16.57,16.65,-0.03572273781902552,close,False,3,0.8838572784633425,64.8614102598,0.09731752963194003,False,101,-0.0036724245467264494
20260527,20260526,002585,双星新材,-0.040478380864765406,10.43,11.23,10.25,10.75,0.0135,tp,True,1,2.5719853258461667,84.8468341116,0.10829959514170025,False,47,-0.0015824884147854767
20260527,20260526,603608,天创时尚,-0.02564102564102555,18.62,19.49,18.25,18.79,0.0135,tp,True,2,1.2700033766349603,84.3258893056,0.1168681635002879,False,47,-0.0015824884147854767
20260527,20260526,003004,声迅股份,-0.021556448666423034,53.56,60.18,52.1,54.91,0.0135,tp,True,3,1.2049544798724257,49.6598124456,0.14509646302250803,False,47,-0.0015824884147854767
20260528,20260527,605167,利柏特,-0.026903262736118982,17.0,17.22,16.45,16.52,-0.029735294117647137,close,False,1,1.0320030098463302,74.34452720520001,0.11146095717884127,False,46,-0.003280626714512125
20260528,20260527,002881,美格智能,-0.020084354288009587,48.79,49.99,46.88,49.54,0.0135,tp,True,2,2.16329563846095,81.9018796,0.11577551922227138,False,46,-0.003280626714512125
20260529,20260528,601588,北辰实业,-0.03398058252427183,1.99,2.16,1.99,2.11,0.0135,tp,True,1,1.4523896924304345,47.348,0.1176470588235294,False,101,0.0028985224367108486
20260601,20260529,002251,步步高,-0.055327868852458884,4.61,5.2,4.61,5.0,0.0135,tp,True,1,1.7907362930630408,86.0096710053,0.12612612612612603,False,49,-0.0003465591104492294
20260601,20260529,000926,福星股份,-0.042471042471042386,2.48,2.74,2.43,2.48,0.0135,tp,True,2,1.8481420137554725,35.082563933500005,0.0978723404255319,False,49,-0.0003465591104492294
20260601,20260529,603324,盛剑科技,-0.03762029746281714,33.0,34.98,32.33,32.87,0.0135,tp,True,3,1.1049247153766002,38.307673092,0.06448508180943208,False,49,-0.0003465591104492294
20260602,20260601,603232,格尔软件,-0.03888160768894722,22.0,22.54,21.5,22.49,0.0135,tp,True,1,1.387742692441734,36.2909692155,0.10541447053186388,False,120,0.0009167664759202054
20260602,20260601,600280,中央商场,-0.02840909090909094,3.42,3.87,3.37,3.87,0.0135,tp,True,2,2.580224269533064,35.7682127796,0.071875,False,120,0.0009167664759202054
20260602,20260601,600463,空港股份,-0.02497598463016326,10.15,10.4,9.72,9.82,0.0135,tp,True,3,1.3834428949468645,25.38,0.11627906976744182,False,120,0.0009167664759202054
20260603,20260602,001210,金房能源,-0.05046120455778624,35.0,37.95,34.31,35.9,0.0135,tp,True,1,1.2544146798116722,38.4516125862,0.048940614741868116,False,66,-0.0016588549974233535
20260603,20260602,600280,中央商场,-0.03100775193798455,3.75,4.2,3.62,3.99,0.0135,tp,True,2,3.214710200953563,35.7682127796,0.14204545454545456,False,66,-0.0016588549974233535
20260603,20260602,002404,嘉欣丝绸,-0.02837837837837842,7.19,7.72,7.09,7.55,0.0135,tp,True,3,2.32248117130598,26.8002812448,0.053491827637444325,False,66,-0.0016588549974233535
20260604,20260603,002119,康强电子,-0.030277892990460353,23.38,24.79,23.38,24.5,0.0135,tp,True,1,0.9456832642341486,86.3528484,0.10533515731874156,False,67,-0.007419251365705315
20260604,20260603,600936,北投科技,-0.021505376344086002,6.37,6.66,6.11,6.17,0.0135,tp,True,2,1.599621554270747,87.2275696758,0.08614864864864862,False,67,-0.007419251365705315
20260605,20260604,002951,金时科技,-0.06212182331585314,23.25,24.28,22.31,22.31,0.0135,tp,True,1,0.9858262465684313,64.8614102598,0.15838509316770188,False,73,-0.0031914002237677375
20260605,20260604,600237,铜峰电子,-0.030278232405892114,11.85,12.6,11.45,12.07,0.0135,tp,True,2,1.5480889837228413,53.217265734,0.12511251125112516,False,73,-0.0031914002237677375
20260605,20260604,002570,贝因美,-0.027972027972028024,5.56,5.97,5.44,5.6,0.0135,tp,True,3,2.736266060648938,51.4077778508,0.11923076923076925,False,73,-0.0031914002237677375
20260609,20260608,300197,节能铁汉,-0.03642384105960261,2.91,3.04,2.79,2.94,0.0135,tp,True,1,1.559397129573569,63.159251604000005,0.24603174603174607,False,53,0.0045967257169123865
20260609,20260608,603500,祥和实业,-0.03271375464684012,13.01,13.7,12.11,13.37,0.0135,tp,True,2,4.672676554294173,32.5624278551,0.04170073589533931,False,53,0.0045967257169123865
20260610,20260609,000608,阳光股份,-0.04375000000000007,6.12,7.04,6.05,6.94,0.0135,tp,True,1,1.4147288393340127,41.821574902500004,0.12542955326460486,False,120,-0.006211923601569191
20260610,20260609,002575,群兴玩具,-0.024311183144246407,6.02,6.57,6.02,6.18,0.0135,tp,True,2,1.0186145623915996,32.4884978,0.09447415329768274,False,120,-0.006211923601569191
20260610,20260609,603124,江南新材,-0.02002164502164494,162.99,172.5,161.0,167.88,0.0135,tp,True,3,1.5268033375201866,92.12165747,0.1269179894179894,False,120,-0.006211923601569191
20260611,20260610,002669,康达新材,-0.06847882906429681,17.82,18.22,17.22,17.22,0.0135,tp,True,1,1.8391035470249848,36.29586422,0.07360552041403091,False,65,-0.0033857303486150014
20260611,20260610,603636,南威软件,-0.03416149068322982,9.33,9.5,8.72,8.84,0.0135,tp,True,2,1.679384342739624,41.902029760599994,0.052391799544419235,False,65,-0.0033857303486150014
20260612,20260611,002165,红 宝 丽,-0.07347447073474456,7.44,8.26,7.44,7.73,0.0135,tp,True,1,3.853531296289313,66.29942757559999,0.07260273972602731,False,65,0.007737627946757142
20260612,20260611,002490,山东墨龙,-0.06191588785046742,8.03,9.23,8.03,8.84,0.0135,tp,True,2,2.289215029099579,45.2879592,0.032133676092544985,False,65,0.007737627946757142
20260612,20260611,603155,新亚强,-0.052547770700636987,23.8,24.88,22.61,22.61,0.0135,tp,True,3,3.9211320004308594,63.18893868,0.0731173380035027,False,65,0.007737627946757142
20260615,20260612,301323,新莱福,-0.06889574099055695,96.63,109.86,95.5,108.8,0.0135,tp,True,1,2.183739906917655,46.142840449,0.1969241443108233,False,91,0.005474375606162374
20260615,20260612,002976,瑞玛精密,-0.059306569343065774,30.93,32.0,29.59,29.59,0.0135,tp,True,2,0.8429173717268477,30.0428277664,0.08062897290063578,False,91,0.005474375606162374
20260615,20260612,600229,城市传媒,-0.05815831987075937,5.83,5.93,5.74,5.81,0.0135,tp,True,3,2.0737455370565816,35.678220335999995,0.13143872113676736,False,91,0.005474375606162374
20260617,20260616,301176,逸豪新材,-0.06429447852760728,76.26,82.0,76.26,79.89,0.0135,tp,True,1,2.2814689256101737,74.80844570400001,0.08539458186101291,False,119,-0.004301190892228246
20260617,20260616,603045,福达合金,-0.05863672450947033,83.0,85.4,82.1,84.49,0.0135,tp,True,2,1.1334739738343673,76.32334484249999,0.08696194635059262,False,119,-0.004301190892228246
20260617,20260616,300964,本川智能,-0.035379444542720684,109.06,117.53,108.01,113.92,0.0135,tp,True,3,1.6687947031006891,50.222481348100004,0.2129059647633199,False,119,-0.004301190892228246
20260618,20260617,001218,丽臣实业,-0.03010279001468419,26.42,26.49,24.52,24.66,-0.06811619984859957,close,False,1,2.662507701786814,29.587398176,0.12570507655116844,False,82,-0.0033714046464528025
20260618,20260617,300386,飞天诚信,-0.029911075181891622,12.0,12.28,11.6,11.68,0.0135,tp,True,2,4.672376253515425,33.0511834105,0.20853540252182332,False,82,-0.0033714046464528025
20260618,20260617,300737,科顺股份,-0.02941176470588236,7.92,8.1,7.6,7.68,0.0135,tp,True,3,1.1284246393505655,43.47168427,0.19264705882352948,False,82,-0.0033714046464528025
20260622,20260618,300522,世名科技,-0.027069234773555384,18.69,23.05,18.48,23.05,0.0135,tp,True,1,1.721331364141922,36.3371769254,0.14865708931917565,False,85,0.0008483112006414384
20260623,20260622,300522,世名科技,-0.05206073752711493,21.85,23.5,21.66,23.04,0.0135,tp,True,1,2.1307084123228326,36.3371769254,0.23789692868297763,False,135,-0.002284355408229466
20260623,20260622,603380,易德龙,-0.034566807001994326,43.57,45.18,42.8,42.88,0.0135,tp,True,2,4.505021269643056,54.8708904,0.06507433585181578,False,135,-0.002284355408229466
20260623,20260622,002885,京泉华,-0.027096223597183666,45.6,48.5,44.69,45.85,0.0135,tp,True,3,2.633607799892586,65.450962775,0.07908941563013372,False,135,-0.002284355408229466
20260624,20260623,002047,宝鹰股份,-0.06498951781970641,4.46,4.83,4.46,4.74,0.0135,tp,True,1,0.9190317052107422,52.307924064,0.09907834101382482,False,97,-0.003933028919330339
20260624,20260623,603318,水发燃气,-0.059880239520958,10.99,10.99,10.52,10.52,-0.04426615104640591,close,False,2,1.6750215729051097,45.3562072912,0.1204139228598306,False,97,-0.003933028919330339
20260624,20260623,002141,贤丰控股,-0.048484848484848575,4.71,5.04,4.48,4.76,0.0135,tp,True,3,1.6411432300443898,71.6857443812,0.12888888888888891,False,97,-0.003933028919330339
20260625,20260624,002550,千红制药,-0.03686635944700467,6.27,6.46,6.22,6.37,0.0135,tp,True,1,2.9481875244904145,64.17505109129999,0.1064189189189189,False,95,-0.001783103573261946
20260625,20260624,002687,乔治白,-0.027613412228796985,4.93,5.13,4.56,4.56,0.0135,tp,True,2,3.7523112608750555,26.636906657199997,0.08459869848156194,False,95,-0.001783103573261946
20260625,20260624,002427,尤夫股份,-0.025316455696202556,4.62,4.78,4.5,4.66,0.0135,tp,True,3,1.4737903557503003,50.5057726818,0.10440835266821351,False,95,-0.001783103573261946
20260626,20260625,002068,黑猫股份,-0.04180714767363447,14.21,15.63,14.2,14.6,0.0135,tp,True,1,0.9939758039410044,59.167968590499996,0.06676557863501487,False,86,-0.0052399351500383995
20260626,20260625,603335,迪生力,-0.0219780219780219,8.9,9.56,8.72,9.04,0.0135,tp,True,2,1.2209565698705689,28.38598698,0.0652962515114872,False,86,-0.0052399351500383995
20260629,20260626,301051,信濠光电,-0.05152671755725202,19.88,20.55,17.26,17.38,0.0135,tp,True,1,4.502764824659334,40.7410157264,0.21408128219805395,False,57,-0.00014153543600370355
20260629,20260626,002965,祥鑫科技,-0.03623747108712416,50.0,53.38,49.29,49.51,0.0135,tp,True,2,1.357865123590429,73.7146627108,0.07124681933842239,False,57,-0.00014153543600370355
20260629,20260626,603687,大胜达,-0.02392344497607657,18.36,20.69,18.3,20.35,0.0135,tp,True,3,0.9761008898535747,89.655193832,0.06198830409356717,False,57,-0.00014153543600370355
20260630,20260629,603155,新亚强,-0.045568711876569745,26.6,30.6,26.31,28.58,0.0135,tp,True,1,1.6680209194388673,63.18893868,0.10142067876874508,False,100,-0.0038611649770490253
20260630,20260629,603318,水发燃气,-0.037151702786377694,9.33,9.69,8.97,9.54,0.0135,tp,True,2,1.0709362436116607,45.3562072912,0.07264472190692381,False,100,-0.0038611649770490253
20260630,20260629,600857,宁波中百,-0.034587995930823956,18.98,20.84,18.71,19.92,0.0135,tp,True,3,1.2167013214763895,46.568815184399995,0.14157806379406832,False,100,-0.0038611649770490253
20260701,20260630,603459,红板科技,-0.020764637732822333,109.88,122.1,103.22,104.69,0.0135,tp,True,1,1.775861835391021,72.4194071138,0.1343985883736888,False,132,-0.0008890191481046861
20260702,20260701,300481,濮阳惠成,-0.07975460122699385,21.0,21.91,20.24,20.48,0.0135,tp,True,1,2.1616783582471317,41.767528320000004,0.2166140904311252,False,149,-0.014191053994577318
20260702,20260701,300852,四会富仕,-0.061138524491515245,78.01,79.09,72.09,72.59,-0.07097827201640822,close,False,2,1.7204645632293762,70.2416957763,0.2225592143269786,False,149,-0.014191053994577318
20260702,20260701,300175,朗源股份,-0.04136690647482011,5.33,5.72,5.33,5.36,0.0135,tp,True,3,2.2127991225345855,28.530479999999997,0.2008639308855291,False,149,-0.014191053994577318
20260703,20260702,002559,亚威股份,-0.07672301690507166,14.2,15.05,13.84,14.24,0.0135,tp,True,1,0.9505218114774292,46.7177840855,0.05150214592274682,False,90,0.0006056243639702696
20260703,20260702,300071,福石控股,-0.06590909090909092,4.11,4.21,3.92,3.96,0.0135,tp,True,2,4.5961491837173885,42.6380266741,0.18528610354223438,False,90,0.0006056243639702696
20260703,20260702,603928,兴业股份,-0.052398989898989945,15.01,15.87,14.68,14.7,0.0135,tp,True,3,2.097735153710989,41.054832,0.19791666666666663,False,90,0.0006056243639702696
20260706,20260703,002292,奥飞娱乐,-0.060802069857697316,7.26,7.59,7.23,7.4,0.0135,tp,True,1,1.183490186487165,89.573746328,0.01849217638691334,False,104,0.003845545102927117
20260706,20260703,000576,甘化科工,-0.039312039312039304,7.82,7.99,7.46,7.69,0.0135,tp,True,2,2.7725485834645993,36.6573895545,0.09324324324324329,False,104,0.003845545102927117
20260706,20260703,000908,石药景峰,-0.036337209302325535,6.63,7.56,6.33,7.17,0.0135,tp,True,3,2.9188850247260665,56.92140050970001,0.07840000000000004,False,104,0.003845545102927117
20260707,20260706,301191,菲菱科思,-0.031034738167543097,130.82,134.0,123.22,125.0,0.0135,tp,True,1,1.8821691817864619,63.304526511000006,0.21331437205581713,False,70,-0.005382011461828595
20260707,20260706,603931,格林达,-0.02008704385671245,58.54,60.71,56.15,56.3,0.0135,tp,True,2,1.0109620675400208,69.885344676,0.11121340452955254,False,70,-0.005382011461828595
20260708,20260707,603065,宿迁联盛,-0.03753086419753093,19.49,22.28,19.48,21.91,0.0135,tp,True,1,1.7685355658818205,68.12412720719999,0.10483432916892992,False,33,0.0016465175027067236
20260709,20260708,600488,津药药业,-0.06921675774134783,5.11,5.55,5.11,5.29,0.0135,tp,True,1,1.3861171993451358,59.289446724,0.13627254509018047,False,57,0.001679728422918858
20260709,20260708,301251,威尔高,-0.06434668417596856,57.0,60.92,54.51,58.01,0.0135,tp,True,2,3.8856981141247924,40.8638069568,0.041166042938743416,False,57,0.001679728422918858
20260709,20260708,600749,西藏旅游,-0.03457273320287013,14.8,15.29,14.05,14.65,0.0135,tp,True,3,1.9804228516278888,34.2037034119,0.03802008608321373,False,57,0.001679728422918858
20260710,20260709,002490,山东墨龙,-0.046936114732724965,7.31,7.88,7.31,7.68,0.0135,tp,True,1,3.3500017214112057,45.2879592,0.07317073170731704,False,67,-0.0012510559655550813
20260710,20260709,603928,兴业股份,-0.03555555555555556,17.36,19.8,17.0,18.8,0.0135,tp,True,2,1.2596130081080938,41.054832,0.10085574572127132,False,67,-0.0012510559655550813
20260713,20260710,600293,三峡新材,-0.03942652329749097,2.68,2.77,2.51,2.51,0.0135,tp,True,1,1.0571540485057016,35.384423903,0.03149606299212601,False,91,-0.0075422405509288915
20260713,20260710,002865,钧达股份,-0.03468001430103673,54.0,55.79,50.35,50.35,0.0135,tp,True,2,1.3313462446133715,89.7895377648,0.10599803343166175,False,91,-0.0075422405509288915
20260713,20260710,600376,首开股份,-0.030054644808743203,3.55,3.62,3.33,3.33,0.0135,tp,True,3,0.9883260232800855,87.70521822799999,0.13213213213213212,False,91,-0.0075422405509288915
20260714,20260713,000920,沃顿科技,-0.023521026372059883,13.7,14.19,13.23,13.8,0.0135,tp,True,1,2.793022522150215,54.821352688000005,0.10588235294117644,False,32,-0.00115489078361386
20260715,20260714,000759,中百集团,-0.059259259259259345,6.35,7.22,6.3,6.87,0.0135,tp,True,1,0.9289110399270594,41.834044395,0.07328990228013033,False,87,-0.0008570427487881727
20260715,20260714,300164,通源石油,-0.046572934973638014,10.85,11.5,10.4,10.83,0.0135,tp,True,2,1.4077854666342005,61.9952860359,0.17932489451476805,False,87,-0.0008570427487881727
20260715,20260714,603065,宿迁联盛,-0.021240441801189447,23.04,23.54,21.19,21.19,0.0135,tp,True,3,0.8956763348582144,68.12412720719999,0.13177570093457946,False,87,-0.0008570427487881727
20260716,20260715,605255,天普股份,-0.06984745957105176,81.1,85.0,78.47,78.47,0.0135,tp,True,1,1.0454393761087595,88.318496,0.06409285894524348,False,72,-0.010921280823545376
20260716,20260715,001388,信通电子,-0.046804932735426075,34.01,35.68,32.11,33.78,0.0135,tp,True,2,4.3786394405690645,27.325896124799996,0.06165228113440198,False,72,-0.010921280823545376
20260716,20260715,603669,灵康药业,-0.04438964241676935,7.75,8.4,7.3,7.3,0.0135,tp,True,3,2.019027762248341,38.323416677000004,0.15135135135135147,False,72,-0.010921280823545376
20260717,20260716,000829,天音控股,-0.046052631578947345,8.7,9.35,8.62,8.67,0.0135,tp,True,1,2.0484574079817546,93.8102776804,0.11821471652593471,False,48,-0.004401905002305195
20260717,20260716,002788,鹭燕医药,-0.04065040650406504,11.8,11.95,11.07,11.07,-0.0633644067796611,close,False,2,2.2907196763739965,42.1564542864,0.1285714285714287,False,48,-0.004401905002305195
20260717,20260716,600203,福日电子,-0.02348993288590595,11.64,11.8,10.73,10.73,-0.07967869415807566,close,False,3,0.8588053494536474,66.53326280040001,0.05719557195571948,False,48,-0.004401905002305195
20260720,20260717,600310,广西能源,-0.04222222222222227,4.31,4.91,4.26,4.83,0.0135,tp,True,1,2.6860703924507723,64.3447006958,0.10731707317073182,False,34,0.0073084228843165455
20260720,20260717,002829,星网宇达,-0.034266409266409115,20.01,21.54,19.08,20.02,0.0135,tp,True,2,1.5610043669046627,32.500329600600004,0.15074309978768577,False,34,0.0073084228843165455
20260721,20260720,600227,赤天化,-0.07121661721068251,3.13,3.15,3.03,3.03,-0.03344888178913746,close,False,1,1.6598748392324887,66.0519098151,0.15359477124183013,False,56,0.00418304234671818
20260721,20260720,000899,赣能股份,-0.054421768707483054,11.12,11.33,10.6,11.05,0.0135,tp,True,2,4.486804924550798,92.494251648,0.11028037383177568,False,56,0.00418304234671818
20260721,20260720,000722,湖南发展,-0.038132807363576604,14.63,14.98,13.69,14.33,0.0135,tp,True,3,2.804290338402637,60.7583191138,0.1431670281995662,False,56,0.00418304234671818
20260722,20260721,301580,爱迪特,-0.0545289855072465,52.19,56.3,52.19,53.83,0.0135,tp,True,1,2.1149193775247266,55.5337424304,0.17826086956521744,False,104,-0.00639172750021344
20260722,20260721,001399,惠科股份,-0.038033728022963786,26.81,27.96,25.6,26.12,0.0135,tp,True,2,1.5163136719238204,96.57611776329999,0.19968429360694565,False,104,-0.00639172750021344
20260722,20260721,300093,金刚光伏,-0.02193419740777658,19.62,21.63,19.62,20.3,0.0135,tp,True,3,2.1904864370536736,65.3450196,0.2206937799043061,False,104,-0.00639172750021344
20260723,20260722,600644,乐山电力,-0.037735849056603765,10.2,11.5,10.01,10.43,0.0135,tp,True,1,1.958031439630882,51.9910415382,0.13692946058091288,False,49,0.0002741121739422425
20260723,20260722,301583,托伦斯,-0.03597756915128225,153.0,164.97,143.88,145.0,0.0135,tp,True,2,1.1709273422696624,37.225799760200005,0.09564494178133984,False,49,0.0002741121739422425
20260724,20260723,002197,证通电子,-0.06649282920469357,7.16,7.37,6.9,6.9,0.0135,tp,True,1,2.9418688748592876,37.7538008484,0.09612625538020085,False,126,-0.005971450533690303
20260724,20260723,001388,信通电子,-0.06381192275398828,22.3,23.11,21.44,21.44,0.0135,tp,True,2,1.6134661709934757,27.325896124799996,0.163972286374134,False,126,-0.005971450533690303
20260724,20260723,002088,鲁阳节能,-0.025099075297225992,7.38,7.57,6.97,6.98,0.0135,tp,True,3,1.970354279931131,41.4385034427,0.06104651162790697,False,126,-0.005971450533690303
20260727,20260724,600698,湖南天雁,-0.049707602339181256,6.5,7.17,6.38,7.08,0.0135,tp,True,1,4.302120586309374,61.204293311700006,0.09967845659163989,False,42,-0.0013895443343295844
20260727,20260724,300480,光力科技,-0.03632343651295,30.51,31.31,28.33,31.18,0.0135,tp,True,2,1.3018881421659985,81.972732616,0.21834723275208498,False,42,-0.0013895443343295844
20260727,20260724,002189,中光学,-0.03141361256544506,18.5,20.24,18.41,20.0,0.0135,tp,True,3,2.7249308302950377,51.4030427664,0.1215437788018435,False,42,-0.0013895443343295844
20260728,20260727,603459,红板科技,-0.02648648648648655,90.05,98.37,87.0,88.55,0.0135,tp,True,1,0.9439833818295522,72.4194071138,0.12129860863360688,False,120,-0.009102572409771192
20260728,20260727,603988,中电电机,-0.02161862527716185,17.65,18.4,17.45,17.66,0.0135,tp,True,2,1.8372844456978559,46.546079999999996,0.14390243902439023,False,120,-0.009102572409771192
20260728,20260727,603110,东方材料,-0.021359223300970953,20.16,21.95,20.16,21.08,0.0135,tp,True,3,1.2822842452472083,47.690735484,0.10357714895888954,False,120,-0.009102572409771192
20260729,20260728,002388,新亚制程,-0.045454545454545525,5.04,5.29,4.81,4.94,0.0135,tp,True,1,2.213329029589184,33.511995369,0.06458333333333344,False,66,0.0026171488811557175
20260729,20260728,600775,南京熊猫,-0.04347826086956519,9.9,9.98,9.46,9.63,-0.028772727272727228,close,False,2,2.6292494707432037,67.1838529,0.06907545164718389,False,66,0.0026171488811557175
20260729,20260728,002199,东晶电子,-0.025472473294987696,11.86,13.39,11.5,13.39,0.0135,tp,True,3,1.0148600132821355,28.5394986948,0.13110307414104874,False,66,0.0026171488811557175
20260730,20260729,300359,全通教育,-0.06320541760722331,4.15,4.64,4.09,4.6,0.0135,tp,True,1,4.030070886406509,27.611953989199996,0.15718157181571807,False,85,-0.004273247537528002
20260730,20260729,605136,丽人丽妆,-0.04066985645933008,8.02,8.19,7.87,7.94,0.0135,tp,True,2,1.8738209635837646,34.39938515,0.10789473684210518,False,85,-0.004273247537528002
20260730,20260729,301112,信邦智能,-0.038596491228070184,32.88,33.5,29.86,30.27,0.0135,tp,True,3,3.2987320857727815,33.56515304,0.2105263157894738,False,85,-0.004273247537528002
20260731,20260730,000526,学大教育,-0.06138177814478385,34.1,36.19,34.1,35.55,0.0135,tp,True,1,1.1953018898326544,46.281406929,0.08870723584620041,False,56,0.007582746557538211
20260731,20260730,000721,西安饮食,-0.058737151248164365,6.41,6.71,6.31,6.65,0.0135,tp,True,2,1.9879089858528858,38.8881473772,0.09854604200323092,False,56,0.007582746557538211
20260731,20260730,605388,均瑶健康,-0.05718954248366026,5.77,6.34,5.65,6.21,0.0135,tp,True,3,1.607200567404191,37.8905404,0.050359712230215875,False,56,0.007582746557538211
20260803,20260731,603696,安记食品,-0.0401785714285714,12.9,13.8,12.41,13.21,0.0135,tp,True,1,3.91359164380166,33.8688,0.1751227495908346,False,102,-0.005127522662867312
20260803,20260731,000428,华天酒店,-0.038004750593824244,4.05,4.08,3.79,3.99,-0.016314814814814727,close,False,2,2.631196142717348,46.7687034,0.11227154046997392,False,102,-0.005127522662867312
20260804,20260803,603682,锦和商管,-0.024621212121212155,10.3,10.44,9.75,10.18,-0.013150485436893287,close,False,1,2.347150893435118,52.11675,0.06979166666666667,False,82,0.0017613120330948195
20260805,20260804,002659,凯文教育,-0.06114398422090739,4.76,5.2,4.7,5.0,0.0135,tp,True,1,2.0922056313732207,28.4182180625,0.11279826464208252,False,137,-0.001873227497724006
20260805,20260804,300592,华凯易佰,-0.03947368421052633,14.6,16.94,14.6,16.69,0.0135,tp,True,2,0.9440666362785126,57.3258168708,0.19652722967640082,False,137,-0.001873227497724006
20260805,20260804,300270,中威电子,-0.03730158730158717,12.13,13.32,12.1,13.25,0.0135,tp,True,3,1.65567480558403,30.201056390399998,0.1885714285714286,False,137,-0.001873227497724006
20260806,20260805,600556,天下秀,-0.04873646209386295,5.27,5.68,5.13,5.21,0.0135,tp,True,1,2.141792194801892,90.9297063926,0.11507936507936509,False,105,-0.0036509618582776238
20260806,20260805,300552,万集科技,-0.03536977491961413,24.0,24.68,23.17,23.6,0.0135,tp,True,2,4.47312308556573,31.4957488458,0.09068982151471293,False,105,-0.0036509618582776238
20260806,20260805,300248,新开普,-0.03177755710029795,9.75,10.38,9.56,9.95,0.0135,tp,True,3,3.1414133917195484,37.5161352957,0.2050059594755662,False,105,-0.0036509618582776238
20260807,20260806,603106,恒银科技,-0.07370517928286835,9.3,9.52,9.04,9.04,0.0135,tp,True,1,3.9248121800754494,42.734691999999995,0.16100766703176328,False,81,-0.00098965477457158
20260807,20260806,603221,爱丽家居,-0.04881000403388469,23.58,25.0,22.58,24.82,0.0135,tp,True,2,3.1057756870781565,74.013485,0.02173913043478254,False,81,-0.00098965477457158
20260807,20260806,601700,风范股份,-0.04050279329608941,6.87,6.94,6.44,6.44,-0.06409097525473068,close,False,3,2.83641087536167,95.6556132,0.039938556067588296,False,81,-0.00098965477457158
20260810,20260807,002194,武汉凡谷,-0.04954954954954949,10.55,10.77,9.99,10.0,0.0135,tp,True,1,3.1368080068415725,51.77350329,0.06342913776015846,False,69,0.0009593811230343974
20260810,20260807,002037,保利联合,-0.04941482444733425,7.31,7.62,7.07,7.57,0.0135,tp,True,2,1.7448978374525423,34.2105681162,0.08154506437768244,False,69,0.0009593811230343974
20260810,20260807,603102,百合股份,-0.04025593175153286,36.0,41.26,35.18,39.75,0.0135,tp,True,3,3.2278557234900944,25.8816,0.12170087976539584,False,69,0.0009593811230343974
20260811,20260810,601700,风范股份,-0.06779661016949157,6.6,7.1,6.59,6.9,0.0135,tp,True,1,2.462673248793992,95.6556132,0.12111801242236028,False,102,-0.004003438721924879
20260811,20260810,002474,榕基软件,-0.03977272727272729,6.76,6.95,6.62,6.68,0.0135,tp,True,2,1.6275126617017386,35.456878512,0.10781250000000006,False,102,-0.004003438721924879
20260811,20260810,002900,哈三联,-0.03573836817262299,14.3,15.8,14.3,14.58,0.0135,tp,True,3,2.309908647506229,25.79199896,0.04154302670623149,False,102,-0.004003438721924879
20260812,20260811,000779,甘咨询,-0.06048703849175174,11.96,12.72,11.64,11.92,0.0135,tp,True,1,3.8148191481869382,47.1286607688,0.20051858254105448,False,60,-0.0001372617301587109
20260812,20260811,603188,亚邦股份,-0.04508196721311475,4.66,5.09,4.58,4.91,0.0135,tp,True,2,1.754889305206929,28.907619,0.02702702702702705,False,60,-0.0001372617301587109
20260812,20260811,300426,华智数媒,-0.03717948717948716,7.51,7.98,7.26,7.35,0.0135,tp,True,3,2.904817309426269,30.84,0.14769230769230768,False,60,-0.0001372617301587109
20260813,20260812,301315,威士顿,-0.05545927209705359,43.6,48.45,43.6,44.58,0.0135,tp,True,1,4.274611022248073,33.6128,0.14972706004678965,False,94,0.0026553964344715464
20260813,20260812,002589,瑞康医药,-0.04225352112676051,3.4,3.9,3.27,3.71,0.0135,tp,True,2,1.9388995367428814,47.79570418,0.11455108359133116,False,94,0.0026553964344715464
20260813,20260812,002437,誉衡药业,-0.033678756476683946,3.73,4.25,3.69,4.25,0.0135,tp,True,3,1.9000599124287294,91.46641992,0.09971509971509974,False,94,0.0026553964344715464
20260814,20260813,000593,德龙汇能,-0.04352517985611515,26.59,26.97,25.02,25.02,-0.06054475366679207,close,False,1,1.0401944125638893,80.4077411617,0.10130589631974683,False,61,0.0007792287163608247
20260814,20260813,000006,深振业Ａ,-0.025974025974025983,7.5,7.64,7.29,7.52,0.0135,tp,True,2,1.9919920895343266,97.19964331199999,0.11571428571428578,False,61,0.0007792287163608247
20260814,20260813,000972,中基健康,-0.020942408376963262,3.74,3.78,3.53,3.6,-0.038933155080213944,close,False,3,1.7086476779186817,30.311444654700004,0.10662824207492785,False,61,0.0007792287163608247
20260817,20260814,300120,经纬辉开,-0.057235421166306644,8.73,9.7,8.61,9.55,0.0135,tp,True,1,3.2912137943215973,42.2753249104,0.2020725388601036,False,60,0.0007435360742313879
20260817,20260814,300404,博济医药,-0.030565167243367997,16.81,17.71,16.52,17.6,0.0135,tp,True,2,1.5058460319509774,37.0313748764,0.1238754325259515,False,60,0.0007435360742313879
20260817,20260814,600288,大恒科技,-0.021180030257186178,12.94,13.33,12.7,13.22,0.0135,tp,True,3,1.5508092541317142,49.7952,0.10149750415973384,False,60,0.0007435360742313879
20260818,20260817,000551,创元科技,-0.05093488072211472,14.72,14.76,13.96,14.0,-0.050413043478260866,close,False,1,2.2555358197052398,60.545247124999996,0.10638297872340426,False,106,-0.0007934415527350858
20260818,20260817,002863,今飞凯达,-0.038076152304609256,4.8,5.06,4.7,4.9,0.0135,tp,True,2,4.085485844455345,29.2547974352,0.050660792951541946,False,106,-0.0007934415527350858
20260818,20260817,603095,越剑智能,-0.03712720632988431,15.82,16.37,15.24,15.52,0.0135,tp,True,3,1.3985567881494245,42.7435526,0.0796519410977242,False,106,-0.0007934415527350858
20260819,20260818,603065,宿迁联盛,-0.06294864715626725,16.97,18.28,16.3,16.3,0.0135,tp,True,1,1.6741040876044335,68.12412720719999,0.09173754556500595,False,78,-0.009568202892013211
20260819,20260818,002515,金字火腿,-0.059701492537313605,8.19,8.69,7.99,8.09,0.0135,tp,True,2,1.8592799599101277,88.3685243048,0.05555555555555572,False,78,-0.009568202892013211
20260819,20260818,603739,蔚蓝生物,-0.05865314989138304,13.0,13.12,12.43,12.43,-0.04534615384615387,close,False,3,1.672437781255096,33.146781446000006,0.10119521912350608,False,78,-0.009568202892013211
20260820,20260819,000505,京粮控股,-0.0789825970548862,6.88,8.1,6.72,7.49,0.0135,tp,True,1,2.7004139693166325,51.2368844274,0.08247422680412365,False,38,0.0032841860918955135
20260820,20260819,300069,金利华电,-0.05481823427582222,32.76,33.58,29.62,30.71,0.0135,tp,True,2,3.0952816005180335,30.5136,0.18905817174515227,False,38,0.0032841860918955135
20260820,20260819,300911,亿田智能,-0.05251312828207044,25.26,26.22,24.25,24.66,0.0135,tp,True,3,2.2243561019718747,49.6555842258,0.19351935193519357,False,38,0.0032841860918955135
20260821,20260820,002172,澳洋健康,-0.06981981981981988,4.13,4.26,4.0,4.04,0.0135,tp,True,1,1.5256404456950434,36.267670601999995,0.16584158415841593,False,74,-0.0032123205557775814
20260821,20260820,300841,康华生物,-0.06897695241253532,56.15,59.27,55.68,56.5,0.0135,tp,True,2,1.5672907440048582,64.11883115159999,0.04596100278551537,False,74,-0.0032123205557775814
20260821,20260820,300363,博腾股份,-0.04697712418300659,23.33,23.33,21.38,21.89,-0.06322310330047137,close,False,3,1.496961433173761,95.281569535,0.14068627450980398,False,74,-0.0032123205557775814
20260824,20260821,000710,贝瑞基因,-0.07274490785645005,9.56,10.5,9.37,9.7,0.0135,tp,True,1,3.5830673879024606,30.700753257,0.07577374599786563,False,54,-0.0006401720782546194
20260824,20260821,300839,博汇股份,-0.03769045709703289,12.0,14.2,11.63,14.12,0.0135,tp,True,2,3.4531858781649865,36.388809642999995,0.20692974013474497,False,54,-0.0006401720782546194
20260824,20260821,603758,秦安股份,-0.027210884353741527,11.44,11.73,10.88,11.02,0.0135,tp,True,3,1.0919943020663865,53.2299624221,0.11693171188026193,False,54,-0.0006401720782546194
20260825,20260824,002017,东信和平,-0.03692115143929908,15.39,17.27,15.23,16.95,0.0135,tp,True,1,2.9119528388093254,95.728444185,0.06125258086717141,False,49,-0.004801636265749032
20260825,20260824,600613,神奇制药,-0.03535353535353536,9.55,10.28,9.06,10.27,0.0135,tp,True,2,0.955540696485608,53.4921095448,0.09555555555555569,False,49,-0.004801636265749032
20260825,20260824,600272,开开实业,-0.02975206611570247,17.61,19.97,16.67,19.18,0.0135,tp,True,3,1.085753526664798,32.144,0.1406060606060605,False,49,-0.004801636265749032
20260826,20260825,600470,六国化工,-0.038785834738617075,5.7,6.27,5.69,6.06,0.0135,tp,True,1,0.9633439589047668,33.1216,0.09461966604823745,False,69,-0.0019797194454729272
20260826,20260825,603113,金能科技,-0.03284671532846728,5.3,5.43,5.23,5.27,0.0135,tp,True,2,0.8953458352268353,51.4185313296,0.12248995983935748,False,69,-0.0019797194454729272
20260826,20260825,603318,水发燃气,-0.0244140625,9.99,10.17,9.66,10.05,0.0135,tp,True,3,1.385506531187386,45.3562072912,0.09559613319011821,False,69,-0.0019797194454729272
20260827,20260826,002721,金一文化,-0.038961038961038974,2.96,3.11,2.92,2.99,0.0135,tp,True,1,1.1437620055394577,84.568239957,0.1178571428571429,False,55,-0.00016102154110397837
20260827,20260826,002047,宝鹰股份,-0.03581267217630846,3.5,3.6,3.45,3.54,0.0135,tp,True,2,0.9122007577356395,52.307924064,0.09696969696969693,False,55,-0.00016102154110397837
20260827,20260826,000533,顺钠股份,-0.030146425495262696,11.26,11.82,11.13,11.66,0.0135,tp,True,3,1.9279484928013517,80.88697343999999,0.10521327014218003,False,55,-0.00016102154110397837
20260828,20260827,603137,恒尚节能,-0.0331423895253683,23.63,24.3,22.69,22.75,0.0135,tp,True,1,1.1445272932589552,40.336800147000005,0.10711071107110723,False,75,-0.00159987059498512
20260828,20260827,605258,协和电子,-0.028213166144200552,31.0,32.16,30.37,30.42,0.0135,tp,True,2,1.8484986387551596,26.972,0.11206896551724138,False,75,-0.00159987059498512
20260828,20260827,600721,百花医药,-0.020983213429256686,16.33,16.67,15.01,15.44,0.0135,tp,True,3,1.349607871898143,50.7218330565,0.07058047493403696,False,75,-0.00159987059498512
20260831,20260828,002212,天融信,-0.06349206349206338,6.49,6.57,6.3,6.51,0.0015816640986131016,close,True,1,3.542741485113677,79.5791142806,0.055555555555555504,False,80,-0.0064900890141642575
20260831,20260828,002229,鸿博股份,-0.052074857607811165,11.65,12.29,11.6,12.19,0.0135,tp,True,2,1.9308352608926969,59.9194625715,0.10116383169203214,False,80,-0.0064900890141642575
20260831,20260828,002578,闽发铝业,-0.050808314087759765,4.11,4.34,4.08,4.12,0.0135,tp,True,3,1.9394189143626746,35.5660137693,0.10406091370558379,False,80,-0.0064900890141642575
20260901,20260831,002098,浔兴股份,-0.03926380368098159,7.83,7.98,7.71,7.85,0.0135,tp,True,1,3.2824741761246674,28.103,0.047233468286099936,False,87,-0.001610516017359509
20260901,20260831,603113,金能科技,-0.02471169686985175,5.92,6.38,5.88,6.06,0.0135,tp,True,2,1.8049827657521025,51.4185313296,0.11775362318840588,False,87,-0.001610516017359509
20260901,20260831,300911,亿田智能,-0.02365752910251595,26.0,30.11,26.0,28.98,0.0135,tp,True,3,2.3734371094305224,49.6555842258,0.2289319513294276,False,87,-0.001610516017359509
