cat,open_lo,open_hi,zbc_max,fbt_max,hs_max,mv_lo,mv_hi,top_n,hold_days,cost,prefer_open,n,days,win_rate,avg_ret,median_ret,comp_ret,max_dd,raw_n,raw_wr
一进二,0.5,1.5,0,103000,16,30,90,1,3,0.0015,1.0,18,18,0.7777777777777778,0.04120348608685831,0.03439240561513651,0.9176477665010605,-0.1696723419041002,19,0.7368421052631579
一进二,0.5,1.5,0,103000,16,30,90,2,3,0.0015,1.0,18,18,0.7777777777777778,0.0327941039586257,0.03439240561513651,0.6762933115468928,-0.1696723419041002,21,0.7142857142857143
二进三,0.0,2.2,1,103000,8,25,100,1,3,0.0015,1.0,24,24,0.75,0.07321249054418051,0.07632141257402275,3.4972075037226187,-0.35626436025492514,26,0.7307692307692307
二进三,0.0,2.2,2,103000,8,25,100,1,3,0.0015,1.0,24,24,0.75,0.07321249054418051,0.07632141257402275,3.4972075037226187,-0.35626436025492514,26,0.7307692307692307
二进三,0.0,2.2,1,103000,8,25,100,2,3,0.0015,1.0,24,24,0.75,0.07321249054418051,0.07632141257402275,3.4972075037226187,-0.35626436025492514,26,0.7307692307692307
二进三,0.0,2.2,2,103000,8,25,100,2,3,0.0015,1.0,24,24,0.75,0.07321249054418051,0.07632141257402275,3.4972075037226187,-0.35626436025492514,26,0.7307692307692307
一进二,0.5,1.5,0,103000,16,20,120,2,3,0.0015,1.0,24,24,0.75,0.03583573513832591,0.03439240561513651,1.1351620022515272,-0.17865891262419764,30,0.6666666666666666
一进二,0.5,1.5,0,103000,16,25,100,2,3,0.0015,1.0,20,20,0.75,0.02867260521023025,0.030400660816812863,0.6485637546805416,-0.17865891262419775,26,0.6538461538461539
一进二,0.5,1.5,1,103000,16,20,120,1,3,0.0015,1.0,33,33,0.7272727272727273,0.0457234528207769,0.028967988300292513,2.860149432055081,-0.1696723419041002,44,0.6363636363636364
二进三,0.3,1.8,1,103000,8,30,90,1,3,0.0015,1.0,11,11,0.7272727272727273,0.06820610019795631,0.07920500927643787,0.9151632534947898,-0.21015122826086963,11,0.7272727272727273
二进三,0.3,1.8,2,103000,8,30,90,1,3,0.0015,1.0,11,11,0.7272727272727273,0.06820610019795631,0.07920500927643787,0.9151632534947898,-0.21015122826086963,11,0.7272727272727273
二进三,0.3,1.8,1,103000,8,30,90,2,3,0.0015,1.0,11,11,0.7272727272727273,0.06820610019795631,0.07920500927643787,0.9151632534947898,-0.21015122826086963,11,0.7272727272727273
二进三,0.3,1.8,2,103000,8,30,90,2,3,0.0015,1.0,11,11,0.7272727272727273,0.06820610019795631,0.07920500927643787,0.9151632534947898,-0.21015122826086963,11,0.7272727272727273
二进三,0.0,2.0,1,103000,8,30,90,1,3,0.0015,1.0,18,18,0.7222222222222222,0.07651811111248424,0.08039096617668046,2.2825063059555455,-0.25403052962059347,18,0.7222222222222222
二进三,0.0,2.0,2,103000,8,30,90,1,3,0.0015,1.0,18,18,0.7222222222222222,0.07651811111248424,0.08039096617668046,2.2825063059555455,-0.25403052962059347,18,0.7222222222222222
二进三,0.0,2.0,1,103000,8,30,90,2,3,0.0015,1.0,18,18,0.7222222222222222,0.07651811111248424,0.08039096617668046,2.2825063059555455,-0.25403052962059347,18,0.7222222222222222
二进三,0.0,2.0,2,103000,8,30,90,2,3,0.0015,1.0,18,18,0.7222222222222222,0.07651811111248424,0.08039096617668046,2.2825063059555455,-0.25403052962059347,18,0.7222222222222222
一进二,0.5,1.5,1,103000,16,25,100,1,3,0.0015,1.0,28,28,0.7142857142857143,0.0434541583655497,0.028625287707179814,1.9644270271283824,-0.1696723419041002,37,0.6216216216216216
一进二,0.5,1.5,1,103000,16,25,100,2,3,0.0015,1.0,28,28,0.7142857142857143,0.03669256332568459,0.025509785478038893,1.4961919397628622,-0.1696723419041002,43,0.5813953488372093
二进三,0.0,2.0,1,103000,8,25,100,1,3,0.0015,1.0,21,21,0.7142857142857143,0.07611377029741238,0.08157692307692305,2.854408306192208,-0.4003046751037218,21,0.7142857142857143
二进三,0.0,2.0,2,103000,8,25,100,1,3,0.0015,1.0,21,21,0.7142857142857143,0.07611377029741238,0.08157692307692305,2.854408306192208,-0.4003046751037218,21,0.7142857142857143
二进三,0.0,2.0,1,103000,8,25,100,2,3,0.0015,1.0,21,21,0.7142857142857143,0.07611377029741238,0.08157692307692305,2.854408306192208,-0.4003046751037218,21,0.7142857142857143
二进三,0.0,2.0,2,103000,8,25,100,2,3,0.0015,1.0,21,21,0.7142857142857143,0.07611377029741238,0.08157692307692305,2.854408306192208,-0.4003046751037218,21,0.7142857142857143
二进三,0.0,2.2,1,103000,8,30,90,1,3,0.0015,1.0,21,21,0.7142857142857143,0.06664262059090624,0.07343781587160764,2.322534520546116,-0.28404426096987057,22,0.7272727272727273
二进三,0.0,2.2,2,103000,8,30,90,1,3,0.0015,1.0,21,21,0.7142857142857143,0.06664262059090624,0.07343781587160764,2.322534520546116,-0.28404426096987057,22,0.7272727272727273
二进三,0.0,2.2,1,103000,8,30,90,2,3,0.0015,1.0,21,21,0.7142857142857143,0.06664262059090624,0.07343781587160764,2.322534520546116,-0.28404426096987057,22,0.7272727272727273
二进三,0.0,2.2,2,103000,8,30,90,2,3,0.0015,1.0,21,21,0.7142857142857143,0.06664262059090624,0.07343781587160764,2.322534520546116,-0.28404426096987057,22,0.7272727272727273
一进二,0.5,1.5,1,103000,16,30,90,1,3,0.0015,1.0,24,24,0.7083333333333334,0.04460647019355585,0.030400660816812863,1.5798062174898635,-0.1696723419041002,32,0.65625
一进二,0.5,1.5,0,103000,16,20,120,1,3,0.0015,1.0,24,24,0.7083333333333334,0.04152461393910588,0.03439240561513651,1.4068240779461596,-0.19068379288144977,27,0.6666666666666666
一进二,0.5,1.5,1,103000,16,30,90,2,3,0.0015,1.0,24,24,0.7083333333333334,0.03671794264704655,0.025852486071151592,1.1723224850255094,-0.1696723419041003,37,0.5945945945945946
一进二,0.5,1.5,3,103000,16,20,120,1,3,0.0015,1.0,34,34,0.7058823529411765,0.04226621654236695,0.028625287707179814,2.5829035381689316,-0.1696723419041002,45,0.6222222222222222
一进二,0.5,1.5,5,103000,16,20,120,1,3,0.0015,1.0,34,34,0.7058823529411765,0.04226621654236695,0.028625287707179814,2.5829035381689316,-0.1696723419041002,45,0.6222222222222222
二进三,0.0,2.2,0,103000,8,25,100,1,3,0.0015,1.0,17,17,0.7058823529411765,0.0645550019066995,0.05462682090831189,1.518643454207194,-0.4003046751037219,18,0.6666666666666666
二进三,0.0,2.2,0,103000,8,25,100,2,3,0.0015,1.0,17,17,0.7058823529411765,0.0645550019066995,0.05462682090831189,1.518643454207194,-0.4003046751037219,18,0.6666666666666666
一进二,0.5,1.5,0,103000,16,25,100,1,3,0.0015,1.0,20,20,0.7,0.03549925977116621,0.030400660816812863,0.8583147014654655,-0.1906837928814501,23,0.6521739130434783
一进二,0.5,1.5,1,103000,12,30,90,2,3,0.0015,1.0,20,20,0.7,0.023568302411114277,0.014883751063523744,0.5058191436113364,-0.1696723419041002,31,0.5483870967741935
一进二,0.5,1.5,0,100000,16,30,90,1,3,0.0015,1.0,10,10,0.7,0.027163548233064015,0.042180027960289246,0.2550234150203077,-0.1696723419041002,11,0.6363636363636364
一进二,0.5,1.5,0,100000,16,30,90,2,3,0.0015,1.0,10,10,0.7,0.012026660402245315,0.04013958715039362,0.09706662150570611,-0.1696723419041002,13,0.6153846153846154
一进二,0.5,1.5,1,103000,16,20,120,2,3,0.0015,1.0,33,33,0.696969696969697,0.03954717377172287,0.028282587114067115,2.2036418951534675,-0.1696723419041002,50,0.6
一进二,0.5,1.5,1,103000,12,25,100,2,3,0.0015,1.0,23,23,0.6956521739130435,0.021636637190224472,0.014373015873015817,0.5450880830293654,-0.1696723419041002,36,0.5277777777777778
二进三,0.0,2.0,0,103000,8,30,90,1,3,0.0015,1.0,13,13,0.6923076923076923,0.0771927066810055,0.08157692307692305,1.3925131982586527,-0.25403052962059347,13,0.6923076923076923
二进三,0.0,2.0,0,103000,8,30,90,2,3,0.0015,1.0,13,13,0.6923076923076923,0.0771927066810055,0.08157692307692305,1.3925131982586527,-0.25403052962059347,13,0.6923076923076923
二进三,0.3,1.8,1,103000,8,25,100,1,3,0.0015,1.0,13,13,0.6923076923076923,0.05837878206117496,0.07920500927643787,0.8548544351320704,-0.3650294890136563,13,0.6923076923076923
二进三,0.3,1.8,2,103000,8,25,100,1,3,0.0015,1.0,13,13,0.6923076923076923,0.05837878206117496,0.07920500927643787,0.8548544351320704,-0.3650294890136563,13,0.6923076923076923
二进三,0.3,1.8,1,103000,8,25,100,2,3,0.0015,1.0,13,13,0.6923076923076923,0.05837878206117496,0.07920500927643787,0.8548544351320704,-0.3650294890136563,13,0.6923076923076923
二进三,0.3,1.8,2,103000,8,25,100,2,3,0.0015,1.0,13,13,0.6923076923076923,0.05837878206117496,0.07920500927643787,0.8548544351320704,-0.3650294890136563,13,0.6923076923076923
一进二,0.5,1.5,0,103000,12,30,90,1,3,0.0015,1.0,13,13,0.6923076923076923,0.02030425828399924,0.028967988300292513,0.24291442629199067,-0.1696723419041002,14,0.6428571428571429
一进二,0.5,1.5,0,103000,12,30,90,2,3,0.0015,1.0,13,13,0.6923076923076923,0.008660498414138702,0.028967988300292513,0.0864816657231795,-0.1696723419041002,16,0.625
一进二,0.5,1.5,3,103000,16,25,100,1,3,0.0015,1.0,29,29,0.6896551724137931,0.03902326792805894,0.028282587114067115,1.7148573535736036,-0.1696723419041002,39,0.5897435897435898
一进二,0.5,1.5,5,103000,16,25,100,1,3,0.0015,1.0,29,29,0.6896551724137931,0.03902326792805894,0.028282587114067115,1.7148573535736036,-0.1696723419041002,39,0.5897435897435898
二进三,0.0,2.2,1,100000,8,25,100,1,3,0.0015,1.0,16,16,0.6875,0.06329204690326824,0.05617178174665266,1.3203885810965583,-0.41319812458899174,16,0.6875
二进三,0.0,2.2,2,100000,8,25,100,1,3,0.0015,1.0,16,16,0.6875,0.06329204690326824,0.05617178174665266,1.3203885810965583,-0.41319812458899174,16,0.6875
二进三,0.0,2.2,1,100000,8,25,100,2,3,0.0015,1.0,16,16,0.6875,0.06329204690326824,0.05617178174665266,1.3203885810965583,-0.41319812458899174,16,0.6875
二进三,0.0,2.2,2,100000,8,25,100,2,3,0.0015,1.0,16,16,0.6875,0.06329204690326824,0.05617178174665266,1.3203885810965583,-0.41319812458899174,16,0.6875
二进三,0.3,1.8,1,103000,12,30,90,1,3,0.0015,1.0,16,16,0.6875,0.050147881521637974,0.049144382020801014,0.9581572662460756,-0.3714422977904198,17,0.7058823529411765
二进三,0.3,1.8,2,103000,12,30,90,1,3,0.0015,1.0,16,16,0.6875,0.050147881521637974,0.049144382020801014,0.9581572662460756,-0.3714422977904198,17,0.7058823529411765
二进三,0.3,1.8,1,103000,12,30,90,2,3,0.0015,1.0,16,16,0.6875,0.050147881521637974,0.049144382020801014,0.9581572662460756,-0.3714422977904198,17,0.7058823529411765
二进三,0.3,1.8,2,103000,12,30,90,2,3,0.0015,1.0,16,16,0.6875,0.050147881521637974,0.049144382020801014,0.9581572662460756,-0.3714422977904198,17,0.7058823529411765
二进三,0.3,1.8,1,103000,12,25,100,2,3,0.0015,1.0,19,19,0.6842105263157895,0.05599829420902719,0.06515020982473457,1.478892947933828,-0.3587651346887418,21,0.7142857142857143
二进三,0.3,1.8,2,103000,12,25,100,2,3,0.0015,1.0,19,19,0.6842105263157895,0.05599829420902719,0.06515020982473457,1.478892947933828,-0.3587651346887418,21,0.7142857142857143
二进三,0.3,1.8,1,103000,12,25,100,1,3,0.0015,1.0,19,19,0.6842105263157895,0.04854633220111082,0.06515020982473457,1.1076827746115465,-0.4547890092537503,20,0.7
二进三,0.3,1.8,2,103000,12,25,100,1,3,0.0015,1.0,19,19,0.6842105263157895,0.04854633220111082,0.06515020982473457,1.1076827746115465,-0.4547890092537503,20,0.7
一进二,0.5,1.5,3,103000,16,30,90,1,3,0.0015,1.0,25,25,0.68,0.03942054481294632,0.028967988300292513,1.3626170643612676,-0.1696723419041002,34,0.6176470588235294
一进二,0.5,1.5,5,103000,16,30,90,1,3,0.0015,1.0,25,25,0.68,0.03942054481294632,0.028967988300292513,1.3626170643612676,-0.1696723419041002,34,0.6176470588235294
二进三,0.0,2.2,1,103000,10,25,100,1,3,0.0015,1.0,28,28,0.6785714285714286,0.052998696764101814,0.05988851536652323,2.3403377120205633,-0.44726292032224535,30,0.6666666666666666
二进三,0.0,2.2,2,103000,10,25,100,1,3,0.0015,1.0,28,28,0.6785714285714286,0.052998696764101814,0.05988851536652323,2.3403377120205633,-0.44726292032224535,30,0.6666666666666666
二进三,0.0,2.2,1,103000,10,25,100,2,3,0.0015,1.0,28,28,0.6785714285714286,0.052998696764101814,0.05988851536652323,2.3403377120205633,-0.44726292032224535,30,0.6666666666666666
二进三,0.0,2.2,2,103000,10,25,100,2,3,0.0015,1.0,28,28,0.6785714285714286,0.052998696764101814,0.05988851536652323,2.3403377120205633,-0.44726292032224535,30,0.6666666666666666
二进三,-0.5,1.8,1,103000,8,30,90,1,3,0.0015,1.0,30,30,0.6666666666666666,0.0512861469961831,0.058139957224314476,2.4633120039925065,-0.32221867178013974,33,0.6666666666666666
二进三,-0.5,1.8,2,103000,8,30,90,1,3,0.0015,1.0,30,30,0.6666666666666666,0.0512861469961831,0.058139957224314476,2.4633120039925065,-0.32221867178013974,33,0.6666666666666666
二进三,-0.5,1.8,1,103000,8,30,90,2,3,0.0015,1.0,30,30,0.6666666666666666,0.0512861469961831,0.058139957224314476,2.4633120039925065,-0.32221867178013974,34,0.6764705882352942
二进三,-0.5,1.8,2,103000,8,30,90,2,3,0.0015,1.0,30,30,0.6666666666666666,0.0512861469961831,0.058139957224314476,2.4633120039925065,-0.32221867178013974,34,0.6764705882352942
一进二,0.5,1.5,0,103000,22,20,120,2,3,0.0015,1.0,30,30,0.6666666666666666,0.021748933525708915,0.028297100946262754,0.7120406919340792,-0.23267362574241246,37,0.5945945945945946
一进二,0.5,1.5,1,103000,12,20,120,1,3,0.0015,1.0,27,27,0.6666666666666666,0.0271823985422426,0.014373015873015817,0.9019014121406375,-0.1696723419041002,37,0.5675675675675675
一进二,0.5,1.5,1,103000,12,20,120,2,3,0.0015,1.0,27,27,0.6666666666666666,0.02157614379008753,0.014373015873015817,0.6625287876563628,-0.1696723419041002,42,0.5476190476190477
一进二,0.5,1.5,0,103000,22,30,90,1,3,0.0015,1.0,24,24,0.6666666666666666,0.02315154039511073,0.02856978123961401,0.5723708329139436,-0.3042601354788079,25,0.64
一进二,0.5,1.5,0,103000,22,30,90,2,3,0.0015,1.0,24,24,0.6666666666666666,0.01684450379893627,0.02856978123961401,0.37447280805601624,-0.3042601354788079,27,0.6296296296296297
一进二,0.5,1.5,0,103000,12,20,120,2,3,0.0015,1.0,18,18,0.6666666666666666,0.01053325094765981,0.021151887694880134,0.16025424272435562,-0.19429501402075522,23,0.5652173913043478
二进三,0.0,2.0,0,103000,8,25,100,1,3,0.0015,1.0,15,15,0.6666666666666666,0.06747748343138844,0.08157692307692305,1.3171725485041792,-0.4003046751037219,15,0.6666666666666666
二进三,0.0,2.0,0,103000,8,25,100,2,3,0.0015,1.0,15,15,0.6666666666666666,0.06747748343138844,0.08157692307692305,1.3171725485041792,-0.4003046751037219,15,0.6666666666666666
二进三,0.0,2.0,1,100000,8,25,100,1,3,0.0015,1.0,15,15,0.6666666666666666,0.06546845269450262,0.07920500927643787,1.2513924966225223,-0.41319812458899186,15,0.6666666666666666
二进三,0.0,2.0,2,100000,8,25,100,1,3,0.0015,1.0,15,15,0.6666666666666666,0.06546845269450262,0.07920500927643787,1.2513924966225223,-0.41319812458899186,15,0.6666666666666666
二进三,0.0,2.0,1,100000,8,25,100,2,3,0.0015,1.0,15,15,0.6666666666666666,0.06546845269450262,0.07920500927643787,1.2513924966225223,-0.41319812458899186,15,0.6666666666666666
二进三,0.0,2.0,2,100000,8,25,100,2,3,0.0015,1.0,15,15,0.6666666666666666,0.06546845269450262,0.07920500927643787,1.2513924966225223,-0.41319812458899186,15,0.6666666666666666
二进三,0.0,2.2,0,103000,8,30,90,1,3,0.0015,1.0,15,15,0.6666666666666666,0.06348242689105192,0.05462682090831189,1.2560118897906531,-0.3330254175470897,15,0.6666666666666666
二进三,0.0,2.2,0,103000,8,30,90,2,3,0.0015,1.0,15,15,0.6666666666666666,0.06348242689105192,0.05462682090831189,1.2560118897906531,-0.3330254175470897,15,0.6666666666666666
一进二,0.5,1.5,1,100000,16,20,120,1,3,0.0015,1.0,15,15,0.6666666666666666,0.026782248949699047,0.022736983842010672,0.4004660870058008,-0.19185244910753363,19,0.5789473684210527
一进二,0.5,1.5,1,100000,16,20,120,2,3,0.0015,1.0,15,15,0.6666666666666666,0.014225077658003852,0.01945336687481708,0.1813414755445939,-0.19185244910753363,22,0.5
一进二,0.5,1.5,0,103000,12,25,100,2,3,0.0015,1.0,15,15,0.6666666666666666,0.006382980822209705,0.013335787089467754,0.06850888319974602,-0.17865891262419775,20,0.55
二进三,0.0,2.0,1,100000,8,30,90,1,3,0.0015,1.0,12,12,0.6666666666666666,0.06341363451638295,0.05617178174665266,0.9173397004857697,-0.27006887323375073,12,0.6666666666666666
二进三,0.0,2.0,2,100000,8,30,90,1,3,0.0015,1.0,12,12,0.6666666666666666,0.06341363451638295,0.05617178174665266,0.9173397004857697,-0.27006887323375073,12,0.6666666666666666
二进三,0.0,2.0,1,100000,8,30,90,2,3,0.0015,1.0,12,12,0.6666666666666666,0.06341363451638295,0.05617178174665266,0.9173397004857697,-0.27006887323375073,12,0.6666666666666666
二进三,0.0,2.0,2,100000,8,30,90,2,3,0.0015,1.0,12,12,0.6666666666666666,0.06341363451638295,0.05617178174665266,0.9173397004857697,-0.27006887323375073,12,0.6666666666666666
二进三,0.0,2.2,1,100000,8,30,90,1,3,0.0015,1.0,12,12,0.6666666666666666,0.06341363451638295,0.05617178174665266,0.9173397004857697,-0.27006887323375073,12,0.6666666666666666
二进三,0.0,2.2,2,100000,8,30,90,1,3,0.0015,1.0,12,12,0.6666666666666666,0.06341363451638295,0.05617178174665266,0.9173397004857697,-0.27006887323375073,12,0.6666666666666666
二进三,0.0,2.2,1,100000,8,30,90,2,3,0.0015,1.0,12,12,0.6666666666666666,0.06341363451638295,0.05617178174665266,0.9173397004857697,-0.27006887323375073,12,0.6666666666666666
二进三,0.0,2.2,2,100000,8,30,90,2,3,0.0015,1.0,12,12,0.6666666666666666,0.06341363451638295,0.05617178174665266,0.9173397004857697,-0.27006887323375073,12,0.6666666666666666
二进三,0.3,1.8,0,103000,12,30,90,1,3,0.0015,1.0,12,12,0.6666666666666666,0.046698311824986516,0.049144382020801014,0.5939099707372961,-0.33638556733857394,12,0.6666666666666666
二进三,0.3,1.8,0,103000,12,30,90,2,3,0.0015,1.0,12,12,0.6666666666666666,0.046698311824986516,0.049144382020801014,0.5939099707372961,-0.33638556733857394,12,0.6666666666666666
一进二,0.5,1.5,0,100000,16,25,100,1,3,0.0015,1.0,12,12,0.6666666666666666,0.023409682007085496,0.025852486071151592,0.26665061798018375,-0.170917833391244,15,0.6
一进二,0.5,1.5,0,100000,16,25,100,2,3,0.0015,1.0,12,12,0.6666666666666666,0.010795608814736577,0.025852486071151592,0.10723042890251544,-0.170917833391244,17,0.5882352941176471
二进三,0.5,1.5,1,103000,12,25,100,1,3,0.0015,1.0,9,9,0.6666666666666666,0.04356356377031181,0.06515020982473457,0.34991066628839707,-0.32180436110227284,9,0.6666666666666666
二进三,0.5,1.5,1,103000,12,30,90,1,3,0.0015,1.0,9,9,0.6666666666666666,0.04356356377031181,0.06515020982473457,0.34991066628839707,-0.32180436110227284,9,0.6666666666666666
二进三,0.5,1.5,2,103000,12,25,100,1,3,0.0015,1.0,9,9,0.6666666666666666,0.04356356377031181,0.06515020982473457,0.34991066628839707,-0.32180436110227284,9,0.6666666666666666
二进三,0.5,1.5,2,103000,12,30,90,1,3,0.0015,1.0,9,9,0.6666666666666666,0.04356356377031181,0.06515020982473457,0.34991066628839707,-0.32180436110227284,9,0.6666666666666666
二进三,0.5,1.5,1,103000,12,25,100,2,3,0.0015,1.0,9,9,0.6666666666666666,0.04356356377031181,0.06515020982473457,0.34991066628839707,-0.32180436110227284,9,0.6666666666666666
二进三,0.5,1.5,1,103000,12,30,90,2,3,0.0015,1.0,9,9,0.6666666666666666,0.04356356377031181,0.06515020982473457,0.34991066628839707,-0.32180436110227284,9,0.6666666666666666
二进三,0.5,1.5,2,103000,12,25,100,2,3,0.0015,1.0,9,9,0.6666666666666666,0.04356356377031181,0.06515020982473457,0.34991066628839707,-0.32180436110227284,9,0.6666666666666666
二进三,0.5,1.5,2,103000,12,30,90,2,3,0.0015,1.0,9,9,0.6666666666666666,0.04356356377031181,0.06515020982473457,0.34991066628839707,-0.32180436110227284,9,0.6666666666666666
一进二,0.5,1.5,0,100000,12,30,90,1,3,0.0015,1.0,9,9,0.6666666666666666,0.027655388720958834,0.05539206762028598,0.22712235388779112,-0.1696723419041002,10,0.6
一进二,0.5,1.5,0,100000,12,30,90,2,3,0.0015,1.0,9,9,0.6666666666666666,0.010836624464493608,0.051311186000494724,0.072677177845343,-0.1696723419041002,12,0.5833333333333334
二进三,0.5,1.5,1,103000,8,25,100,1,3,0.0015,1.0,6,6,0.6666666666666666,0.04898312457329893,0.05617178174665266,0.25682055618565247,-0.21015122826086963,6,0.6666666666666666
二进三,0.5,1.5,1,103000,8,30,90,1,3,0.0015,1.0,6,6,0.6666666666666666,0.04898312457329893,0.05617178174665266,0.25682055618565247,-0.21015122826086963,6,0.6666666666666666
二进三,0.5,1.5,2,103000,8,25,100,1,3,0.0015,1.0,6,6,0.6666666666666666,0.04898312457329893,0.05617178174665266,0.25682055618565247,-0.21015122826086963,6,0.6666666666666666
二进三,0.5,1.5,2,103000,8,30,90,1,3,0.0015,1.0,6,6,0.6666666666666666,0.04898312457329893,0.05617178174665266,0.25682055618565247,-0.21015122826086963,6,0.6666666666666666
二进三,0.5,1.5,1,103000,8,25,100,2,3,0.0015,1.0,6,6,0.6666666666666666,0.04898312457329893,0.05617178174665266,0.25682055618565247,-0.21015122826086963,6,0.6666666666666666
二进三,0.5,1.5,1,103000,8,30,90,2,3,0.0015,1.0,6,6,0.6666666666666666,0.04898312457329893,0.05617178174665266,0.25682055618565247,-0.21015122826086963,6,0.6666666666666666
二进三,0.5,1.5,2,103000,8,25,100,2,3,0.0015,1.0,6,6,0.6666666666666666,0.04898312457329893,0.05617178174665266,0.25682055618565247,-0.21015122826086963,6,0.6666666666666666
二进三,0.5,1.5,2,103000,8,30,90,2,3,0.0015,1.0,6,6,0.6666666666666666,0.04898312457329893,0.05617178174665266,0.25682055618565247,-0.21015122826086963,6,0.6666666666666666
二进三,0.0,2.2,1,103000,12,25,100,2,3,0.0015,1.0,32,32,0.65625,0.04927039372950033,0.03189225712580995,2.678932665437143,-0.34991353282409776,38,0.6578947368421053
二进三,0.0,2.2,2,103000,12,25,100,2,3,0.0015,1.0,32,32,0.65625,0.04927039372950033,0.03189225712580995,2.678932665437143,-0.34991353282409776,38,0.6578947368421053
二进三,0.0,2.2,1,103000,12,25,100,1,3,0.0015,1.0,32,32,0.65625,0.047643224401319934,0.04388268756258967,2.40608065409779,-0.44726292032224557,35,0.6571428571428571
二进三,0.0,2.2,2,103000,12,25,100,1,3,0.0015,1.0,32,32,0.65625,0.047643224401319934,0.04388268756258967,2.40608065409779,-0.44726292032224557,35,0.6571428571428571
一进二,0.5,1.5,3,103000,16,25,100,2,3,0.0015,1.0,29,29,0.6551724137931034,0.03199508832051469,0.022736983842010672,1.2531331779670238,-0.1696723419041002,45,0.5555555555555556
一进二,0.5,1.5,5,103000,16,25,100,2,3,0.0015,1.0,29,29,0.6551724137931034,0.03199508832051469,0.022736983842010672,1.2531331779670238,-0.1696723419041002,45,0.5555555555555556
一进二,0.5,1.5,0,103000,22,25,100,2,3,0.0015,1.0,26,26,0.6538461538461539,0.014901012466300498,0.025181598717121834,0.3517360222979973,-0.31429916861190554,32,0.59375
一进二,0.5,1.5,1,103000,12,25,100,1,3,0.0015,1.0,23,23,0.6521739130434783,0.027587782007860433,0.014373015873015817,0.7421065138055303,-0.1696723419041002,31,0.5483870967741935
二进三,0.0,2.0,1,100000,12,25,100,2,3,0.0015,1.0,20,20,0.65,0.056258454502386965,0.049144382020801014,1.5597098288691162,-0.4074089819398493,22,0.6818181818181818
二进三,0.0,2.0,2,100000,12,25,100,2,3,0.0015,1.0,20,20,0.65,0.056258454502386965,0.049144382020801014,1.5597098288691162,-0.4074089819398493,22,0.6818181818181818
二进三,0.0,2.0,0,103000,12,30,90,1,3,0.0015,1.0,20,20,0.65,0.05473697116954651,0.049144382020801014,1.4789729436908927,-0.3832778458116003,20,0.65
二进三,0.0,2.0,0,103000,12,30,90,2,3,0.0015,1.0,20,20,0.65,0.05473697116954651,0.049144382020801014,1.4789729436908927,-0.3832778458116003,20,0.65
二进三,0.0,2.0,1,100000,12,25,100,1,3,0.0015,1.0,20,20,0.65,0.049179090594866415,0.049144382020801014,1.1763974595224527,-0.49614851976728425,21,0.6666666666666666
二进三,0.0,2.0,2,100000,12,25,100,1,3,0.0015,1.0,20,20,0.65,0.049179090594866415,0.049144382020801014,1.1763974595224527,-0.49614851976728425,21,0.6666666666666666
二进三,0.0,2.2,0,103000,10,25,100,1,3,0.0015,1.0,20,20,0.65,0.04487449726094991,0.04388268756258967,1.018477823526947,-0.48507769010453183,21,0.6190476190476191
二进三,0.0,2.2,0,103000,10,25,100,2,3,0.0015,1.0,20,20,0.65,0.04487449726094991,0.04388268756258967,1.018477823526947,-0.48507769010453183,21,0.6190476190476191
一进二,0.5,1.5,1,103000,12,30,90,1,3,0.0015,1.0,20,20,0.65,0.030412118951395634,0.014883751063523744,0.697830283924672,-0.1696723419041002,27,0.5925925925925926
一进二,0.5,1.5,3,103000,16,20,120,2,3,0.0015,1.0,34,34,0.6470588235294118,0.03577319098933241,0.025509785478038893,1.9238017759147938,-0.1696723419041002,52,0.5769230769230769
一进二,0.5,1.5,5,103000,16,20,120,2,3,0.0015,1.0,34,34,0.6470588235294118,0.03577319098933241,0.025509785478038893,1.9238017759147938,-0.1696723419041002,52,0.5769230769230769
二进三,0.0,2.0,0,100000,12,30,90,1,3,0.0015,1.0,17,17,0.6470588235294118,0.051119899764910035,0.033138554216867455,1.0364134837759376,-0.37325203940169716,17,0.6470588235294118
二进三,0.0,2.0,0,100000,12,30,90,2,3,0.0015,1.0,17,17,0.6470588235294118,0.051119899764910035,0.033138554216867455,1.0364134837759376,-0.37325203940169716,17,0.6470588235294118
二进三,0.0,2.0,1,100000,12,30,90,1,3,0.0015,1.0,17,17,0.6470588235294118,0.04485403739272848,0.033138554216867455,0.853472133108212,-0.37325203940169716,18,0.6666666666666666
二进三,0.0,2.0,2,100000,12,30,90,1,3,0.0015,1.0,17,17,0.6470588235294118,0.04485403739272848,0.033138554216867455,0.853472133108212,-0.37325203940169716,18,0.6666666666666666
二进三,0.0,2.0,1,100000,12,30,90,2,3,0.0015,1.0,17,17,0.6470588235294118,0.04485403739272848,0.033138554216867455,0.853472133108212,-0.37325203940169716,18,0.6666666666666666
二进三,0.0,2.0,2,100000,12,30,90,2,3,0.0015,1.0,17,17,0.6470588235294118,0.04485403739272848,0.033138554216867455,0.853472133108212,-0.37325203940169716,18,0.6666666666666666
二进三,0.0,2.2,1,103000,8,20,120,2,3,0.0015,1.0,28,28,0.6428571428571429,0.05813523688115856,0.06332128220796357,2.8649375560691355,-0.2658198573245467,33,0.6363636363636364
二进三,0.0,2.2,2,103000,8,20,120,2,3,0.0015,1.0,28,28,0.6428571428571429,0.05813523688115856,0.06332128220796357,2.8649375560691355,-0.2658198573245467,33,0.6363636363636364
二进三,0.0,2.0,1,103000,12,25,100,2,3,0.0015,1.0,28,28,0.6428571428571429,0.05582327766061944,0.049144382020801014,2.641384048919132,-0.3943883310575875,31,0.6774193548387096
二进三,0.0,2.0,2,103000,12,25,100,2,3,0.0015,1.0,28,28,0.6428571428571429,0.05582327766061944,0.049144382020801014,2.641384048919132,-0.3943883310575875,31,0.6774193548387096
二进三,0.0,2.2,1,103000,8,20,120,1,3,0.0015,1.0,28,28,0.6428571428571429,0.0555246808593778,0.06261024602596738,2.5437716434498605,-0.32591808392670796,31,0.6451612903225806
二进三,0.0,2.2,2,103000,8,20,120,1,3,0.0015,1.0,28,28,0.6428571428571429,0.0555246808593778,0.06261024602596738,2.5437716434498605,-0.32591808392670796,31,0.6451612903225806
二进三,0.0,2.0,1,103000,12,25,100,1,3,0.0015,1.0,28,28,0.6428571428571429,0.05109669881105023,0.049144382020801014,2.121630297384508,-0.48507769010453183,29,0.6551724137931034
二进三,0.0,2.0,2,103000,12,25,100,1,3,0.0015,1.0,28,28,0.6428571428571429,0.05109669881105023,0.049144382020801014,2.121630297384508,-0.48507769010453183,29,0.6551724137931034
一进二,0.5,1.5,3,103000,12,20,120,1,3,0.0015,1.0,28,28,0.6428571428571429,0.023646506428406745,0.013643715143715153,0.7653019445880203,-0.1696723419041002,38,0.5526315789473685
一进二,0.5,1.5,5,103000,12,20,120,1,3,0.0015,1.0,28,28,0.6428571428571429,0.023646506428406745,0.013643715143715153,0.7653019445880203,-0.1696723419041002,38,0.5526315789473685
二进三,0.0,2.2,0,100000,8,25,100,1,3,0.0015,1.0,14,14,0.6428571428571429,0.05150440211233322,0.03189225712580995,0.7734079464128218,-0.41319812458899174,14,0.6428571428571429
二进三,0.0,2.2,0,100000,8,25,100,2,3,0.0015,1.0,14,14,0.6428571428571429,0.05150440211233322,0.03189225712580995,0.7734079464128218,-0.41319812458899174,14,0.6428571428571429
二进三,0.3,1.8,0,103000,12,25,100,2,3,0.0015,1.0,14,14,0.6428571428571429,0.050758863190571754,0.049144382020801014,0.8156007175168107,-0.37255168429293395,15,0.6666666666666666
二进三,0.3,1.8,1,103000,10,30,90,1,3,0.0015,1.0,14,14,0.6428571428571429,0.04291899969082326,0.049144382020801014,0.6233712970585943,-0.3714422977904198,14,0.6428571428571429
二进三,0.3,1.8,2,103000,10,30,90,1,3,0.0015,1.0,14,14,0.6428571428571429,0.04291899969082326,0.049144382020801014,0.6233712970585943,-0.3714422977904198,14,0.6428571428571429
二进三,0.3,1.8,1,103000,10,30,90,2,3,0.0015,1.0,14,14,0.6428571428571429,0.04291899969082326,0.049144382020801014,0.6233712970585943,-0.3714422977904198,14,0.6428571428571429
二进三,0.3,1.8,2,103000,10,30,90,2,3,0.0015,1.0,14,14,0.6428571428571429,0.04291899969082326,0.049144382020801014,0.6233712970585943,-0.3714422977904198,14,0.6428571428571429
二进三,0.3,1.8,0,103000,12,25,100,1,3,0.0015,1.0,14,14,0.6428571428571429,0.0406454861798281,0.049144382020801014,0.5437174731858163,-0.4665110455547945,14,0.6428571428571429
一进二,0.5,1.5,0,100000,16,20,120,1,3,0.0015,1.0,14,14,0.6428571428571429,0.02777280855936223,0.025852486071151592,0.3826104822641285,-0.19185244910753363,17,0.5882352941176471
一进二,0.5,1.5,0,100000,16,20,120,2,3,0.0015,1.0,14,14,0.6428571428571429,0.016960745823063155,0.025852486071151592,0.2085956265695159,-0.19185244910753363,19,0.5789473684210527
二进三,0.0,2.0,1,103000,10,25,100,1,3,0.0015,1.0,25,25,0.64,0.053010116503207166,0.06515020982473457,1.862893342600195,-0.4850776901045317,25,0.64
二进三,0.0,2.0,2,103000,10,25,100,1,3,0.0015,1.0,25,25,0.64,0.053010116503207166,0.06515020982473457,1.862893342600195,-0.4850776901045317,25,0.64
二进三,0.0,2.0,1,103000,10,25,100,2,3,0.0015,1.0,25,25,0.64,0.053010116503207166,0.06515020982473457,1.862893342600195,-0.4850776901045317,25,0.64
二进三,0.0,2.0,2,103000,10,25,100,2,3,0.0015,1.0,25,25,0.64,0.053010116503207166,0.06515020982473457,1.862893342600195,-0.4850776901045317,25,0.64
二进三,0.0,2.0,1,103000,12,30,90,1,3,0.0015,1.0,25,25,0.64,0.048385775619538496,0.033138554216867455,1.6584550265639546,-0.42841646583212467,26,0.6538461538461539
二进三,0.0,2.0,2,103000,12,30,90,1,3,0.0015,1.0,25,25,0.64,0.048385775619538496,0.033138554216867455,1.6584550265639546,-0.42841646583212467,26,0.6538461538461539
二进三,0.0,2.0,1,103000,12,30,90,2,3,0.0015,1.0,25,25,0.64,0.048385775619538496,0.033138554216867455,1.6584550265639546,-0.42841646583212467,26,0.6538461538461539
二进三,0.0,2.0,2,103000,12,30,90,2,3,0.0015,1.0,25,25,0.64,0.048385775619538496,0.033138554216867455,1.6584550265639546,-0.42841646583212467,26,0.6538461538461539
二进三,0.0,2.2,1,103000,10,30,90,1,3,0.0015,1.0,25,25,0.64,0.045054350749742,0.05462682090831189,1.467839731496384,-0.4302460036524921,26,0.6538461538461539
二进三,0.0,2.2,2,103000,10,30,90,1,3,0.0015,1.0,25,25,0.64,0.045054350749742,0.05462682090831189,1.467839731496384,-0.4302460036524921,26,0.6538461538461539
二进三,0.0,2.2,1,103000,10,30,90,2,3,0.0015,1.0,25,25,0.64,0.045054350749742,0.05462682090831189,1.467839731496384,-0.4302460036524921,26,0.6538461538461539
二进三,0.0,2.2,2,103000,10,30,90,2,3,0.0015,1.0,25,25,0.64,0.045054350749742,0.05462682090831189,1.467839731496384,-0.4302460036524921,26,0.6538461538461539
一进二,0.5,1.5,3,103000,16,30,90,2,3,0.0015,1.0,25,25,0.64,0.031267856468195,0.022736983842010672,0.9607994827191568,-0.1696723419041003,39,0.5641025641025641
一进二,0.5,1.5,5,103000,16,30,90,2,3,0.0015,1.0,25,25,0.64,0.031267856468195,0.022736983842010672,0.9607994827191568,-0.1696723419041003,39,0.5641025641025641
二进三,0.0,2.0,0,103000,12,25,100,2,3,0.0015,1.0,22,22,0.6363636363636364,0.05659017118904983,0.049144382020801014,1.8237636616251272,-0.3943883310575875,23,0.6521739130434783
二进三,0.0,2.0,1,103000,10,30,90,1,3,0.0015,1.0,22,22,0.6363636363636364,0.0501904425617834,0.049144382020801014,1.4381084472202956,-0.4063612263550628,22,0.6363636363636364
二进三,0.0,2.0,2,103000,10,30,90,1,3,0.0015,1.0,22,22,0.6363636363636364,0.0501904425617834,0.049144382020801014,1.4381084472202956,-0.4063612263550628,22,0.6363636363636364
二进三,0.0,2.0,1,103000,10,30,90,2,3,0.0015,1.0,22,22,0.6363636363636364,0.0501904425617834,0.049144382020801014,1.4381084472202956,-0.4063612263550628,22,0.6363636363636364
二进三,0.0,2.0,2,103000,10,30,90,2,3,0.0015,1.0,22,22,0.6363636363636364,0.0501904425617834,0.049144382020801014,1.4381084472202956,-0.4063612263550628,22,0.6363636363636364
二进三,0.0,2.0,0,103000,12,25,100,1,3,0.0015,1.0,22,22,0.6363636363636364,0.05015438581857659,0.049144382020801014,1.4009096617673626,-0.48507769010453183,22,0.6363636363636364
二进三,0.0,2.2,1,100000,12,25,100,2,3,0.0015,1.0,22,22,0.6363636363636364,0.04959000306366595,0.03189225712580995,1.4671098865721537,-0.4074089819398494,24,0.6666666666666666
二进三,0.0,2.2,2,100000,12,25,100,2,3,0.0015,1.0,22,22,0.6363636363636364,0.04959000306366595,0.03189225712580995,1.4671098865721537,-0.4074089819398494,24,0.6666666666666666
二进三,0.0,2.2,1,100000,12,25,100,1,3,0.0015,1.0,22,22,0.6363636363636364,0.04315421769319272,0.03189225712580995,1.0976642074584584,-0.49614851976728436,23,0.6521739130434783
二进三,0.0,2.2,2,100000,12,25,100,1,3,0.0015,1.0,22,22,0.6363636363636364,0.04315421769319272,0.03189225712580995,1.0976642074584584,-0.49614851976728436,23,0.6521739130434783
二进三,0.0,2.0,0,100000,8,30,90,1,3,0.0015,1.0,11,11,0.6363636363636364,0.0619780549927416,0.033138554216867455,0.7766223136522192,-0.27006887323375073,11,0.6363636363636364
二进三,0.0,2.0,0,100000,8,30,90,2,3,0.0015,1.0,11,11,0.6363636363636364,0.0619780549927416,0.033138554216867455,0.7766223136522192,-0.27006887323375073,11,0.6363636363636364
二进三,0.0,2.2,0,100000,8,30,90,1,3,0.0015,1.0,11,11,0.6363636363636364,0.0619780549927416,0.033138554216867455,0.7766223136522192,-0.27006887323375073,11,0.6363636363636364
二进三,0.0,2.2,0,100000,8,30,90,2,3,0.0015,1.0,11,11,0.6363636363636364,0.0619780549927416,0.033138554216867455,0.7766223136522192,-0.27006887323375073,11,0.6363636363636364
二进三,0.3,1.8,0,100000,12,30,90,1,3,0.0015,1.0,11,11,0.6363636363636364,0.033497858504455774,0.033138554216867455,0.33728128191499085,-0.33638556733857383,11,0.6363636363636364
二进三,0.3,1.8,0,100000,12,30,90,2,3,0.0015,1.0,11,11,0.6363636363636364,0.033497858504455774,0.033138554216867455,0.33728128191499085,-0.33638556733857383,11,0.6363636363636364
一进二,0.5,1.5,1,100000,16,30,90,1,3,0.0015,1.0,11,11,0.6363636363636364,0.023988878186617532,0.028967988300292513,0.24528716641204307,-0.1696723419041002,12,0.5833333333333334
二进三,0.3,1.8,1,100000,12,30,90,1,3,0.0015,1.0,11,11,0.6363636363636364,0.023814253020175192,0.033138554216867455,0.21714652250327515,-0.33638556733857383,12,0.6666666666666666
二进三,0.3,1.8,2,100000,12,30,90,1,3,0.0015,1.0,11,11,0.6363636363636364,0.023814253020175192,0.033138554216867455,0.21714652250327515,-0.33638556733857383,12,0.6666666666666666
二进三,0.3,1.8,1,100000,12,30,90,2,3,0.0015,1.0,11,11,0.6363636363636364,0.023814253020175192,0.033138554216867455,0.21714652250327515,-0.33638556733857383,12,0.6666666666666666
二进三,0.3,1.8,2,100000,12,30,90,2,3,0.0015,1.0,11,11,0.6363636363636364,0.023814253020175192,0.033138554216867455,0.21714652250327515,-0.33638556733857383,12,0.6666666666666666
一进二,0.5,1.5,0,100000,12,25,100,1,3,0.0015,1.0,11,11,0.6363636363636364,0.023470836385728663,0.028967988300292513,0.2384910666101936,-0.1709178333912439,13,0.5384615384615384
一进二,0.5,1.5,0,100000,22,30,90,1,3,0.0015,1.0,11,11,0.6363636363636364,0.016101111501516975,0.028967988300292513,0.13639451570984162,-0.22637825414298995,12,0.5833333333333334
一进二,0.5,1.5,0,100000,12,25,100,2,3,0.0015,1.0,11,11,0.6363636363636364,0.009710029266802568,0.028967988300292513,0.08261502849256241,-0.1709178333912439,15,0.5333333333333333
一进二,0.5,1.5,1,100000,16,30,90,2,3,0.0015,1.0,11,11,0.6363636363636364,0.006865462788851357,0.022736983842010672,0.05044270068058809,-0.1696723419041002,15,0.4666666666666667
一进二,0.5,1.5,0,100000,22,30,90,2,3,0.0015,1.0,11,11,0.6363636363636364,0.0023403043825908835,0.028967988300292513,-0.00663168740382758,-0.22637825414298995,14,0.5714285714285714
一进二,0.5,1.5,0,103000,22,20,120,1,3,0.0015,1.0,30,30,0.6333333333333333,0.026300036566332893,0.028297100946262754,0.9298679704047723,-0.24390770122031102,34,0.5882352941176471
二进三,0.0,2.0,0,100000,12,25,100,2,3,0.0015,1.0,19,19,0.631578947368421,0.05364645467219142,0.033138554216867455,1.319650325415953,-0.4074089819398493,20,0.65
二进三,0.0,2.0,0,100000,12,25,100,1,3,0.0015,1.0,19,19,0.631578947368421,0.04619449266427505,0.033138554216867455,0.9722864749267837,-0.49614851976728425,19,0.631578947368421
二进三,0.0,2.2,1,100000,10,25,100,1,3,0.0015,1.0,19,19,0.631578947368421,0.04277514017144204,0.033138554216867455,0.8595934589649403,-0.49614851976728425,19,0.631578947368421
二进三,0.0,2.2,2,100000,10,25,100,1,3,0.0015,1.0,19,19,0.631578947368421,0.04277514017144204,0.033138554216867455,0.8595934589649403,-0.49614851976728425,19,0.631578947368421
二进三,0.0,2.2,1,100000,10,25,100,2,3,0.0015,1.0,19,19,0.631578947368421,0.04277514017144204,0.033138554216867455,0.8595934589649403,-0.49614851976728425,19,0.631578947368421
二进三,0.0,2.2,2,100000,10,25,100,2,3,0.0015,1.0,19,19,0.631578947368421,0.04277514017144204,0.033138554216867455,0.8595934589649403,-0.49614851976728425,19,0.631578947368421
一进二,0.5,1.5,1,103000,22,20,120,1,3,0.0015,1.0,40,40,0.625,0.03035684645620912,0.018554999857513244,1.8372435570096441,-0.21653346822678854,53,0.5660377358490566
一进二,0.5,1.5,3,103000,12,25,100,1,3,0.0015,1.0,24,24,0.625,0.022894888410796153,0.0125768588137008,0.5954417620780219,-0.1696723419041002,33,0.5151515151515151
一进二,0.5,1.5,5,103000,12,25,100,1,3,0.0015,1.0,24,24,0.625,0.022894888410796153,0.0125768588137008,0.5954417620780219,-0.1696723419041002,33,0.5151515151515151
一进二,0.5,1.5,3,103000,12,25,100,2,3,0.0015,1.0,24,24,0.625,0.016587851814621694,0.0125768588137008,0.39464003841213113,-0.1696723419041002,38,0.5
一进二,0.5,1.5,5,103000,12,25,100,2,3,0.0015,1.0,24,24,0.625,0.016587851814621694,0.0125768588137008,0.39464003841213113,-0.1696723419041002,38,0.5
二进三,0.0,2.0,0,103000,10,30,90,1,3,0.0015,1.0,16,16,0.625,0.050222506228636166,0.049144382020801014,0.9173951855367881,-0.3594808782848209,16,0.625
二进三,0.0,2.0,0,103000,10,30,90,2,3,0.0015,1.0,16,16,0.625,0.050222506228636166,0.049144382020801014,0.9173951855367881,-0.3594808782848209,16,0.625
二进三,0.3,1.8,1,103000,10,25,100,1,3,0.0015,1.0,16,16,0.625,0.03809519126808006,0.049144382020801014,0.5722510573031041,-0.4547890092537503,16,0.625
二进三,0.3,1.8,2,103000,10,25,100,1,3,0.0015,1.0,16,16,0.625,0.03809519126808006,0.049144382020801014,0.5722510573031041,-0.4547890092537503,16,0.625
二进三,0.3,1.8,1,103000,10,25,100,2,3,0.0015,1.0,16,16,0.625,0.03809519126808006,0.049144382020801014,0.5722510573031041,-0.4547890092537503,16,0.625
二进三,0.3,1.8,2,103000,10,25,100,2,3,0.0015,1.0,16,16,0.625,0.03809519126808006,0.049144382020801014,0.5722510573031041,-0.4547890092537503,16,0.625
一进二,0.5,1.5,3,100000,16,20,120,1,3,0.0015,1.0,16,16,0.625,0.020619447100020276,0.01782569912821258,0.29988099853101313,-0.19185244910753363,20,0.55
一进二,0.5,1.5,5,100000,16,20,120,1,3,0.0015,1.0,16,16,0.625,0.020619447100020276,0.01782569912821258,0.29988099853101313,-0.19185244910753363,20,0.55
一进二,0.5,1.5,1,100000,22,20,120,1,3,0.0015,1.0,16,16,0.625,0.019200654901970766,0.01782569912821258,0.2680894728049852,-0.19185244910753363,20,0.55
一进二,0.5,1.5,3,100000,16,20,120,2,3,0.0015,1.0,16,16,0.625,0.008847099014056031,0.016183890644615784,0.0964944821478182,-0.19185244910753363,23,0.4782608695652174
一进二,0.5,1.5,5,100000,16,20,120,2,3,0.0015,1.0,16,16,0.625,0.008847099014056031,0.016183890644615784,0.0964944821478182,-0.19185244910753363,23,0.4782608695652174
一进二,0.5,1.5,1,100000,22,20,120,2,3,0.0015,1.0,16,16,0.625,0.007428306816006522,0.016183890644615784,0.06967723304805862,-0.19185244910753363,24,0.5
二进三,0.5,1.5,1,103000,10,25,100,1,3,0.0015,1.0,8,8,0.625,0.02721110217554855,0.049144382020801014,0.14946348117977615,-0.32180436110227273,8,0.625
二进三,0.5,1.5,1,103000,10,30,90,1,3,0.0015,1.0,8,8,0.625,0.02721110217554855,0.049144382020801014,0.14946348117977615,-0.32180436110227273,8,0.625
二进三,0.5,1.5,2,103000,10,25,100,1,3,0.0015,1.0,8,8,0.625,0.02721110217554855,0.049144382020801014,0.14946348117977615,-0.32180436110227273,8,0.625
二进三,0.5,1.5,2,103000,10,30,90,1,3,0.0015,1.0,8,8,0.625,0.02721110217554855,0.049144382020801014,0.14946348117977615,-0.32180436110227273,8,0.625
二进三,0.5,1.5,1,103000,10,25,100,2,3,0.0015,1.0,8,8,0.625,0.02721110217554855,0.049144382020801014,0.14946348117977615,-0.32180436110227273,8,0.625
二进三,0.5,1.5,1,103000,10,30,90,2,3,0.0015,1.0,8,8,0.625,0.02721110217554855,0.049144382020801014,0.14946348117977615,-0.32180436110227273,8,0.625
二进三,0.5,1.5,2,103000,10,25,100,2,3,0.0015,1.0,8,8,0.625,0.02721110217554855,0.049144382020801014,0.14946348117977615,-0.32180436110227273,8,0.625
二进三,0.5,1.5,2,103000,10,30,90,2,3,0.0015,1.0,8,8,0.625,0.02721110217554855,0.049144382020801014,0.14946348117977615,-0.32180436110227273,8,0.625
二进三,0.5,1.5,1,100000,12,25,100,1,3,0.0015,1.0,8,8,0.625,0.009071509241600759,0.049144382020801014,0.02304711351905797,-0.32180436110227284,8,0.625
二进三,0.5,1.5,1,100000,12,30,90,1,3,0.0015,1.0,8,8,0.625,0.009071509241600759,0.049144382020801014,0.02304711351905797,-0.32180436110227284,8,0.625
二进三,0.5,1.5,2,100000,12,25,100,1,3,0.0015,1.0,8,8,0.625,0.009071509241600759,0.049144382020801014,0.02304711351905797,-0.32180436110227284,8,0.625
二进三,0.5,1.5,2,100000,12,30,90,1,3,0.0015,1.0,8,8,0.625,0.009071509241600759,0.049144382020801014,0.02304711351905797,-0.32180436110227284,8,0.625
二进三,0.5,1.5,1,100000,12,25,100,2,3,0.0015,1.0,8,8,0.625,0.009071509241600759,0.049144382020801014,0.02304711351905797,-0.32180436110227284,8,0.625
二进三,0.5,1.5,1,100000,12,30,90,2,3,0.0015,1.0,8,8,0.625,0.009071509241600759,0.049144382020801014,0.02304711351905797,-0.32180436110227284,8,0.625
二进三,0.5,1.5,2,100000,12,25,100,2,3,0.0015,1.0,8,8,0.625,0.009071509241600759,0.049144382020801014,0.02304711351905797,-0.32180436110227284,8,0.625
二进三,0.5,1.5,2,100000,12,30,90,2,3,0.0015,1.0,8,8,0.625,0.009071509241600759,0.049144382020801014,0.02304711351905797,-0.32180436110227284,8,0.625
二进三,0.0,2.2,1,103000,12,30,90,1,3,0.0015,1.0,29,29,0.6206896551724138,0.04024063586865299,0.033138554216867455,1.5164105822638971,-0.4514138609258672,31,0.6451612903225806
二进三,0.0,2.2,2,103000,12,30,90,1,3,0.0015,1.0,29,29,0.6206896551724138,0.04024063586865299,0.033138554216867455,1.5164105822638971,-0.4514138609258672,31,0.6451612903225806
二进三,0.0,2.2,1,103000,12,30,90,2,3,0.0015,1.0,29,29,0.6206896551724138,0.037472539686371445,0.02711685214626397,1.3300401042849286,-0.4514138609258672,32,0.625
二进三,0.0,2.2,2,103000,12,30,90,2,3,0.0015,1.0,29,29,0.6206896551724138,0.037472539686371445,0.02711685214626397,1.3300401042849286,-0.4514138609258672,32,0.625
二进三,0.0,2.2,0,103000,8,20,120,2,3,0.0015,1.0,21,21,0.6190476190476191,0.05127906521762677,0.033138554216867455,1.4240065116261276,-0.3066065406561518,23,0.5652173913043478
二进三,0.0,2.2,0,103000,8,20,120,1,3,0.0015,1.0,21,21,0.6190476190476191,0.0478660415868711,0.033138554216867455,1.2255831490846818,-0.3633660671291039,22,0.5909090909090909
二进三,0.0,2.2,0,100000,12,25,100,2,3,0.0015,1.0,21,21,0.6190476190476191,0.04690921981545469,0.03064596003475245,1.2357347644175611,-0.4074089819398494,22,0.6363636363636364
二进三,0.0,2.2,0,100000,12,25,100,1,3,0.0015,1.0,21,21,0.6190476190476191,0.040166968474958924,0.03064596003475245,0.9009371322350814,-0.49614851976728436,21,0.6190476190476191
一进二,0.5,1.5,3,103000,12,30,90,1,3,0.0015,1.0,21,21,0.6190476190476191,0.02491431974791573,0.014373015873015817,0.5548930667717982,-0.1696723419041002,29,0.5517241379310345
一进二,0.5,1.5,5,103000,12,30,90,1,3,0.0015,1.0,21,21,0.6190476190476191,0.02491431974791573,0.014373015873015817,0.5548930667717982,-0.1696723419041002,29,0.5517241379310345
一进二,0.5,1.5,3,103000,12,30,90,2,3,0.0015,1.0,21,21,0.6190476190476191,0.01770627792371635,0.014373015873015817,0.3591947872449701,-0.1696723419041002,33,0.5151515151515151
一进二,0.5,1.5,5,103000,12,30,90,2,3,0.0015,1.0,21,21,0.6190476190476191,0.01770627792371635,0.014373015873015817,0.3591947872449701,-0.1696723419041002,33,0.5151515151515151
二进三,0.0,2.0,1,103000,8,20,120,1,3,0.0015,1.0,26,26,0.6153846153846154,0.05579258800600839,0.06549384272838249,2.2031651633795817,-0.363366067129104,27,0.6296296296296297
二进三,0.0,2.0,2,103000,8,20,120,1,3,0.0015,1.0,26,26,0.6153846153846154,0.05579258800600839,0.06549384272838249,2.2031651633795817,-0.363366067129104,27,0.6296296296296297
二进三,0.0,2.0,1,103000,8,20,120,2,3,0.0015,1.0,26,26,0.6153846153846154,0.05579258800600839,0.06549384272838249,2.2031651633795817,-0.363366067129104,27,0.6296296296296297
二进三,0.0,2.0,2,103000,8,20,120,2,3,0.0015,1.0,26,26,0.6153846153846154,0.05579258800600839,0.06549384272838249,2.2031651633795817,-0.363366067129104,27,0.6296296296296297
二进三,0.0,2.2,0,103000,12,25,100,2,3,0.0015,1.0,26,26,0.6153846153846154,0.04572145632066605,0.03189225712580995,1.650237680173365,-0.41027035983751425,28,0.6071428571428571
二进三,0.0,2.2,0,103000,12,25,100,1,3,0.0015,1.0,26,26,0.6153846153846154,0.04027579177641946,0.03189225712580995,1.2533689128381735,-0.49858141099463227,27,0.5925925925925926
一进二,0.5,1.5,0,103000,22,25,100,1,3,0.0015,1.0,26,26,0.6153846153846154,0.02015228520548201,0.025181598717121834,0.5237208240233235,-0.3243382017450034,29,0.5862068965517241
二进三,0.0,2.0,0,100000,8,25,100,1,3,0.0015,1.0,13,13,0.6153846153846154,0.053108897656762515,0.033138554216867455,0.7206761731768916,-0.41319812458899186,13,0.6153846153846154
二进三,0.0,2.0,0,100000,8,25,100,2,3,0.0015,1.0,13,13,0.6153846153846154,0.053108897656762515,0.033138554216867455,0.7206761731768916,-0.41319812458899186,13,0.6153846153846154
二进三,0.3,1.8,0,100000,12,25,100,2,3,0.0015,1.0,13,13,0.6153846153846154,0.039901598947475365,0.033138554216867455,0.5232785411609857,-0.37255168429293384,14,0.6428571428571429
二进三,0.5,1.5,1,103000,12,20,120,1,3,0.0015,1.0,13,13,0.6153846153846154,0.03848954177001997,0.051782676180327114,0.47451917726331416,-0.20310538091171626,13,0.6153846153846154
二进三,0.5,1.5,2,103000,12,20,120,1,3,0.0015,1.0,13,13,0.6153846153846154,0.03848954177001997,0.051782676180327114,0.47451917726331416,-0.20310538091171626,13,0.6153846153846154
二进三,0.5,1.5,1,103000,12,20,120,2,3,0.0015,1.0,13,13,0.6153846153846154,0.03848954177001997,0.051782676180327114,0.47451917726331416,-0.20310538091171626,13,0.6153846153846154
二进三,0.5,1.5,2,103000,12,20,120,2,3,0.0015,1.0,13,13,0.6153846153846154,0.03848954177001997,0.051782676180327114,0.47451917726331416,-0.20310538091171626,13,0.6153846153846154
二进三,0.3,1.8,1,100000,12,25,100,2,3,0.0015,1.0,13,13,0.6153846153846154,0.031707778922314876,0.033138554216867455,0.38643470468901353,-0.37255168429293384,15,0.6666666666666666
二进三,0.3,1.8,2,100000,12,25,100,2,3,0.0015,1.0,13,13,0.6153846153846154,0.031707778922314876,0.033138554216867455,0.38643470468901353,-0.37255168429293384,15,0.6666666666666666
二进三,0.3,1.8,0,100000,12,25,100,1,3,0.0015,1.0,13,13,0.6153846153846154,0.029010269858982203,0.033138554216867455,0.29517006566034265,-0.4665110455547944,13,0.6153846153846154
一进二,0.5,1.5,1,100000,16,25,100,1,3,0.0015,1.0,13,13,0.6153846153846154,0.02101218167747528,0.022736983842010672,0.25682416759776805,-0.170917833391244,16,0.5625
二进三,0.3,1.8,1,100000,12,25,100,1,3,0.0015,1.0,13,13,0.6153846153846154,0.020816449833821714,0.033138554216867455,0.17881837036662795,-0.4665110455547944,14,0.6428571428571429
二进三,0.3,1.8,2,100000,12,25,100,1,3,0.0015,1.0,13,13,0.6153846153846154,0.020816449833821714,0.033138554216867455,0.17881837036662795,-0.4665110455547944,14,0.6428571428571429
一进二,0.5,1.5,0,100000,22,25,100,1,3,0.0015,1.0,13,13,0.6153846153846154,0.01433791755931327,0.022736983842010672,0.1469226775899406,-0.22753868676177536,16,0.5625
一进二,0.5,1.5,1,100000,12,20,120,1,3,0.0015,1.0,13,13,0.6153846153846154,0.014326539693306871,0.01291441441441449,0.14804412074423579,-0.170917833391244,16,0.5
一进二,0.5,1.5,1,100000,16,25,100,2,3,0.0015,1.0,13,13,0.6153846153846154,0.006523137879365439,0.01945336687481708,0.060174559331477306,-0.170917833391244,19,0.47368421052631576
一进二,0.5,1.5,0,100000,22,25,100,2,3,0.0015,1.0,13,13,0.6153846153846154,0.0026941576894527306,0.022736983842010672,0.002571403826369556,-0.22753868676177536,18,0.5555555555555556
一进二,0.5,1.5,1,100000,12,20,120,2,3,0.0015,1.0,13,13,0.6153846153846154,-0.0001625041048029688,0.01291441441441449,-0.031585164272047495,-0.170917833391244,19,0.42105263157894735
二进三,-0.5,1.8,1,103000,10,30,90,1,3,0.0015,1.0,36,36,0.6111111111111112,0.04081929257511263,0.042469543611098726,2.08982184082556,-0.40581034762403734,40,0.6
二进三,-0.5,1.8,2,103000,10,30,90,1,3,0.0015,1.0,36,36,0.6111111111111112,0.04081929257511263,0.042469543611098726,2.08982184082556,-0.40581034762403734,40,0.6
二进三,-0.5,1.8,1,103000,10,30,90,2,3,0.0015,1.0,36,36,0.6111111111111112,0.04081929257511263,0.042469543611098726,2.08982184082556,-0.40581034762403734,41,0.6097560975609756
二进三,-0.5,1.8,2,103000,10,30,90,2,3,0.0015,1.0,36,36,0.6111111111111112,0.04081929257511263,0.042469543611098726,2.08982184082556,-0.40581034762403734,41,0.6097560975609756
二进三,0.0,2.0,0,103000,10,25,100,1,3,0.0015,1.0,18,18,0.6111111111111112,0.04512317579310744,0.049144382020801014,0.8570160832523861,-0.48507769010453183,18,0.6111111111111112
二进三,0.0,2.0,0,103000,10,25,100,2,3,0.0015,1.0,18,18,0.6111111111111112,0.04512317579310744,0.049144382020801014,0.8570160832523861,-0.48507769010453183,18,0.6111111111111112
二进三,0.0,2.2,0,100000,12,30,90,1,3,0.0015,1.0,18,18,0.6111111111111112,0.04467796185120167,0.030127703181565713,0.9043826508222583,-0.37325203940169704,18,0.6111111111111112
二进三,0.0,2.2,0,100000,12,30,90,2,3,0.0015,1.0,18,18,0.6111111111111112,0.04467796185120167,0.030127703181565713,0.9043826508222583,-0.37325203940169704,18,0.6111111111111112
二进三,0.0,2.0,1,100000,10,25,100,1,3,0.0015,1.0,18,18,0.6111111111111112,0.04344898351236924,0.049144382020801014,0.8042989843983248,-0.49614851976728425,18,0.6111111111111112
二进三,0.0,2.0,2,100000,10,25,100,1,3,0.0015,1.0,18,18,0.6111111111111112,0.04344898351236924,0.049144382020801014,0.8042989843983248,-0.49614851976728425,18,0.6111111111111112
二进三,0.0,2.0,1,100000,10,25,100,2,3,0.0015,1.0,18,18,0.6111111111111112,0.04344898351236924,0.049144382020801014,0.8042989843983248,-0.49614851976728425,18,0.6111111111111112
二进三,0.0,2.0,2,100000,10,25,100,2,3,0.0015,1.0,18,18,0.6111111111111112,0.04344898351236924,0.049144382020801014,0.8042989843983248,-0.49614851976728425,18,0.6111111111111112
二进三,0.0,2.2,0,103000,10,30,90,1,3,0.0015,1.0,18,18,0.6111111111111112,0.041793962009493674,0.04388268756258967,0.808001033869618,-0.42730903780579155,18,0.6111111111111112
二进三,0.0,2.2,0,103000,10,30,90,2,3,0.0015,1.0,18,18,0.6111111111111112,0.041793962009493674,0.04388268756258967,0.808001033869618,-0.42730903780579155,18,0.6111111111111112
二进三,0.0,2.2,1,100000,12,30,90,1,3,0.0015,1.0,18,18,0.6111111111111112,0.038760202944141314,0.030127703181565713,0.733302299456867,-0.37325203940169704,19,0.631578947368421
二进三,0.0,2.2,2,100000,12,30,90,1,3,0.0015,1.0,18,18,0.6111111111111112,0.038760202944141314,0.030127703181565713,0.733302299456867,-0.37325203940169704,19,0.631578947368421
二进三,0.0,2.2,1,100000,12,30,90,2,3,0.0015,1.0,18,18,0.6111111111111112,0.038760202944141314,0.030127703181565713,0.733302299456867,-0.37325203940169704,19,0.631578947368421
二进三,0.0,2.2,2,100000,12,30,90,2,3,0.0015,1.0,18,18,0.6111111111111112,0.038760202944141314,0.030127703181565713,0.733302299456867,-0.37325203940169704,19,0.631578947368421
一进二,0.5,1.5,0,103000,12,20,120,1,3,0.0015,1.0,18,18,0.6111111111111112,0.018118422682033102,0.019874345027339146,0.3078763320925757,-0.20609097324888337,20,0.55
一进二,0.5,1.5,3,103000,22,20,120,1,3,0.0015,1.0,41,41,0.6097560975609756,0.027864665307395207,0.014373015873015817,1.6334654028263547,-0.21653346822678854,54,0.5555555555555556
一进二,0.5,1.5,5,103000,22,20,120,1,3,0.0015,1.0,41,41,0.6097560975609756,0.027864665307395207,0.014373015873015817,1.6334654028263547,-0.21653346822678854,54,0.5555555555555556
一进二,0.5,1.5,3,103000,12,20,120,2,3,0.0015,1.0,28,28,0.6071428571428571,0.017635272910814664,0.0125768588137008,0.5173058603125444,-0.1696723419041002,44,0.5227272727272727
一进二,0.5,1.5,5,103000,12,20,120,2,3,0.0015,1.0,28,28,0.6071428571428571,0.017635272910814664,0.0125768588137008,0.5173058603125444,-0.1696723419041002,44,0.5227272727272727
二进三,-0.5,1.8,1,103000,12,30,90,1,3,0.0015,1.0,38,38,0.6052631578947368,0.0400828593112619,0.03090048360495351,2.203143170450162,-0.40581034762403734,45,0.6
二进三,-0.5,1.8,2,103000,12,30,90,1,3,0.0015,1.0,38,38,0.6052631578947368,0.0400828593112619,0.03090048360495351,2.203143170450162,-0.40581034762403734,45,0.6
二进三,-0.5,1.8,1,103000,12,30,90,2,3,0.0015,1.0,38,38,0.6052631578947368,0.0400828593112619,0.03090048360495351,2.203143170450162,-0.40581034762403734,46,0.6086956521739131
二进三,-0.5,1.8,2,103000,12,30,90,2,3,0.0015,1.0,38,38,0.6052631578947368,0.0400828593112619,0.03090048360495351,2.203143170450162,-0.40581034762403734,46,0.6086956521739131
一进二,0.5,1.5,1,103000,22,20,120,2,3,0.0015,1.0,40,40,0.6,0.02524456079305885,0.013643715143715153,1.3531598774910938,-0.21653346822678843,61,0.5573770491803278
二进三,0.0,2.2,1,103000,12,20,120,2,3,0.0015,1.0,35,35,0.6,0.041157169868345424,0.03064596003475245,2.1041534650758726,-0.2507357195191763,44,0.6136363636363636
二进三,0.0,2.2,2,103000,12,20,120,2,3,0.0015,1.0,35,35,0.6,0.041157169868345424,0.03064596003475245,2.1041534650758726,-0.2507357195191763,44,0.6136363636363636
二进三,0.0,2.2,1,103000,12,20,120,1,3,0.0015,1.0,35,35,0.6,0.039628841557894985,0.033138554216867455,1.8700500959987099,-0.3629368226984435,40,0.6
二进三,0.0,2.2,2,103000,12,20,120,1,3,0.0015,1.0,35,35,0.6,0.039628841557894985,0.033138554216867455,1.8700500959987099,-0.3629368226984435,40,0.6
一进二,0.5,1.5,1,103000,22,25,100,1,3,0.0015,1.0,35,35,0.6,0.026962291624739454,0.014373015873015817,1.228107573755992,-0.23911607145914315,45,0.5555555555555556
一进二,0.5,1.5,1,103000,22,25,100,2,3,0.0015,1.0,35,35,0.6,0.021533752224069433,0.010780701754385781,0.8749441529477442,-0.23961528173926094,53,0.5471698113207547
二进三,0.0,2.2,1,100000,12,20,120,2,3,0.0015,1.0,25,25,0.6,0.042542675639715755,0.03064596003475245,1.331188401933606,-0.30369267136588707,28,0.6071428571428571
二进三,0.0,2.2,2,100000,12,20,120,2,3,0.0015,1.0,25,25,0.6,0.042542675639715755,0.03064596003475245,1.331188401933606,-0.30369267136588707,28,0.6071428571428571
二进三,0.3,1.8,1,103000,12,20,120,2,3,0.0015,1.0,25,25,0.6,0.03720795313494885,0.033138554216867455,1.08892555556345,-0.2465350933708954,27,0.6296296296296297
二进三,0.3,1.8,2,103000,12,20,120,2,3,0.0015,1.0,25,25,0.6,0.03720795313494885,0.033138554216867455,1.08892555556345,-0.2465350933708954,27,0.6296296296296297
二进三,0.0,2.2,1,100000,12,20,120,1,3,0.0015,1.0,25,25,0.6,0.036879184513699315,0.03064596003475245,0.9820967433164205,-0.40796355743351054,27,0.5925925925925926
二进三,0.0,2.2,2,100000,12,20,120,1,3,0.0015,1.0,25,25,0.6,0.036879184513699315,0.03064596003475245,0.9820967433164205,-0.40796355743351054,27,0.5925925925925926
二进三,0.3,1.8,1,103000,12,20,120,1,3,0.0015,1.0,25,25,0.6,0.031544462008932406,0.033138554216867455,0.7761123628096536,-0.35936523346031435,26,0.6153846153846154
二进三,0.3,1.8,2,103000,12,20,120,1,3,0.0015,1.0,25,25,0.6,0.031544462008932406,0.033138554216867455,0.7761123628096536,-0.35936523346031435,26,0.6153846153846154
二进三,0.0,2.2,1,100000,8,20,120,1,3,0.0015,1.0,20,20,0.6,0.04602122956813469,0.03189225712580995,1.0503965008586658,-0.3633660671291039,20,0.6
二进三,0.0,2.2,2,100000,8,20,120,1,3,0.0015,1.0,20,20,0.6,0.04602122956813469,0.03189225712580995,1.0503965008586658,-0.3633660671291039,20,0.6
二进三,0.0,2.2,1,100000,8,20,120,2,3,0.0015,1.0,20,20,0.6,0.04602122956813469,0.03189225712580995,1.0503965008586658,-0.3633660671291039,20,0.6
二进三,0.0,2.2,2,100000,8,20,120,2,3,0.0015,1.0,20,20,0.6,0.04602122956813469,0.03189225712580995,1.0503965008586658,-0.3633660671291039,20,0.6
二进三,0.0,2.0,1,100000,10,30,90,1,3,0.0015,1.0,15,15,0.6,0.03740123513344682,0.033138554216867455,0.5365841715839601,-0.37325203940169716,15,0.6
二进三,0.0,2.0,2,100000,10,30,90,1,3,0.0015,1.0,15,15,0.6,0.03740123513344682,0.033138554216867455,0.5365841715839601,-0.37325203940169716,15,0.6
二进三,0.0,2.0,1,100000,10,30,90,2,3,0.0015,1.0,15,15,0.6,0.03740123513344682,0.033138554216867455,0.5365841715839601,-0.37325203940169716,15,0.6
二进三,0.0,2.0,2,100000,10,30,90,2,3,0.0015,1.0,15,15,0.6,0.03740123513344682,0.033138554216867455,0.5365841715839601,-0.37325203940169716,15,0.6
二进三,0.0,2.2,1,100000,10,30,90,1,3,0.0015,1.0,15,15,0.6,0.03740123513344682,0.033138554216867455,0.5365841715839601,-0.37325203940169716,15,0.6
二进三,0.0,2.2,2,100000,10,30,90,1,3,0.0015,1.0,15,15,0.6,0.03740123513344682,0.033138554216867455,0.5365841715839601,-0.37325203940169716,15,0.6
二进三,0.0,2.2,1,100000,10,30,90,2,3,0.0015,1.0,15,15,0.6,0.03740123513344682,0.033138554216867455,0.5365841715839601,-0.37325203940169716,15,0.6
二进三,0.0,2.2,2,100000,10,30,90,2,3,0.0015,1.0,15,15,0.6,0.03740123513344682,0.033138554216867455,0.5365841715839601,-0.37325203940169716,15,0.6
一进二,0.5,1.5,0,100000,22,20,120,1,3,0.0015,1.0,15,15,0.6,0.019619737601141184,0.022736983842010672,0.2519216379580227,-0.19185244910753363,18,0.5555555555555556
一进二,0.5,1.5,0,103000,12,25,100,1,3,0.0015,1.0,15,15,0.6,0.015485186903457656,0.010780701754385781,0.20445797783617348,-0.19068379288145,17,0.5294117647058824
一进二,0.5,1.5,0,100000,22,20,120,2,3,0.0015,1.0,15,15,0.6,0.009528479047262051,0.022736983842010672,0.09435523298366011,-0.19185244910753363,20,0.55
二进三,0.5,1.5,1,103000,8,20,120,1,3,0.0015,1.0,10,10,0.6,0.040219071651724704,0.042460615198597285,0.3728360392691108,-0.1718814186291655,10,0.6
二进三,0.5,1.5,2,103000,8,20,120,1,3,0.0015,1.0,10,10,0.6,0.040219071651724704,0.042460615198597285,0.3728360392691108,-0.1718814186291655,10,0.6
二进三,0.5,1.5,1,103000,8,20,120,2,3,0.0015,1.0,10,10,0.6,0.040219071651724704,0.042460615198597285,0.3728360392691108,-0.1718814186291655,10,0.6
二进三,0.5,1.5,2,103000,8,20,120,2,3,0.0015,1.0,10,10,0.6,0.040219071651724704,0.042460615198597285,0.3728360392691108,-0.1718814186291655,10,0.6
一进二,0.5,1.5,1,100000,12,30,90,1,3,0.0015,1.0,10,10,0.6,0.024114067621078216,0.042180027960289246,0.2176025567531561,-0.1696723419041002,11,0.5454545454545454
二进三,0.5,1.5,1,100000,12,20,120,1,3,0.0015,1.0,10,10,0.6,0.022238464551845694,0.049144382020801014,0.17179859272693143,-0.20310538091171637,10,0.6
二进三,0.5,1.5,2,100000,12,20,120,1,3,0.0015,1.0,10,10,0.6,0.022238464551845694,0.049144382020801014,0.17179859272693143,-0.20310538091171637,10,0.6
二进三,0.5,1.5,1,100000,12,20,120,2,3,0.0015,1.0,10,10,0.6,0.022238464551845694,0.049144382020801014,0.17179859272693143,-0.20310538091171637,10,0.6
二进三,0.5,1.5,2,100000,12,20,120,2,3,0.0015,1.0,10,10,0.6,0.022238464551845694,0.049144382020801014,0.17179859272693143,-0.20310538091171637,10,0.6
一进二,0.5,1.5,1,100000,12,30,90,2,3,0.0015,1.0,10,10,0.6,0.005278310683535426,0.024210677587554796,0.02708977701627524,-0.1696723419041002,14,0.42857142857142855
二进三,0.5,1.5,1,100000,8,25,100,1,3,0.0015,1.0,5,5,0.6,-0.005120250512041314,0.033138554216867455,-0.04750242047316999,-0.21015122826086974,5,0.6
二进三,0.5,1.5,1,100000,8,30,90,1,3,0.0015,1.0,5,5,0.6,-0.005120250512041314,0.033138554216867455,-0.04750242047316999,-0.21015122826086974,5,0.6
二进三,0.5,1.5,2,100000,8,25,100,1,3,0.0015,1.0,5,5,0.6,-0.005120250512041314,0.033138554216867455,-0.04750242047316999,-0.21015122826086974,5,0.6
二进三,0.5,1.5,2,100000,8,30,90,1,3,0.0015,1.0,5,5,0.6,-0.005120250512041314,0.033138554216867455,-0.04750242047316999,-0.21015122826086974,5,0.6
二进三,0.5,1.5,1,100000,8,25,100,2,3,0.0015,1.0,5,5,0.6,-0.005120250512041314,0.033138554216867455,-0.04750242047316999,-0.21015122826086974,5,0.6
二进三,0.5,1.5,1,100000,8,30,90,2,3,0.0015,1.0,5,5,0.6,-0.005120250512041314,0.033138554216867455,-0.04750242047316999,-0.21015122826086974,5,0.6
二进三,0.5,1.5,2,100000,8,25,100,2,3,0.0015,1.0,5,5,0.6,-0.005120250512041314,0.033138554216867455,-0.04750242047316999,-0.21015122826086974,5,0.6
二进三,0.5,1.5,2,100000,8,30,90,2,3,0.0015,1.0,5,5,0.6,-0.005120250512041314,0.033138554216867455,-0.04750242047316999,-0.21015122826086974,5,0.6
二进三,0.0,2.2,1,103000,10,20,120,2,3,0.0015,1.0,32,32,0.59375,0.04233282403146745,0.04317165138059348,1.870714029196062,-0.2926172598920782,37,0.5945945945945946
二进三,0.0,2.2,2,103000,10,20,120,2,3,0.0015,1.0,32,32,0.59375,0.04233282403146745,0.04317165138059348,1.870714029196062,-0.2926172598920782,37,0.5945945945945946
二进三,0.0,2.2,1,103000,10,20,120,1,3,0.0015,1.0,32,32,0.59375,0.04004858751240928,0.042460615198597285,1.6321654167849964,-0.3505219153551672,35,0.6
二进三,0.0,2.2,2,103000,10,20,120,1,3,0.0015,1.0,32,32,0.59375,0.04004858751240928,0.042460615198597285,1.6321654167849964,-0.3505219153551672,35,0.6
二进三,-0.5,1.8,1,103000,8,25,100,1,3,0.0015,1.0,32,32,0.59375,0.028394610600770337,0.023486866873878298,0.8208160124144861,-0.4299386804224765,39,0.6153846153846154
二进三,-0.5,1.8,2,103000,8,25,100,1,3,0.0015,1.0,32,32,0.59375,0.028394610600770337,0.023486866873878298,0.8208160124144861,-0.4299386804224765,39,0.6153846153846154
二进三,-0.5,1.8,1,103000,8,25,100,2,3,0.0015,1.0,32,32,0.59375,0.028394610600770337,0.023486866873878298,0.8208160124144861,-0.4299386804224765,40,0.625
二进三,-0.5,1.8,2,103000,8,25,100,2,3,0.0015,1.0,32,32,0.59375,0.028394610600770337,0.023486866873878298,0.8208160124144861,-0.4299386804224765,40,0.625
二进三,-0.5,1.8,0,100000,12,30,90,1,3,0.0015,1.0,27,27,0.5925925925925926,0.03614455485954529,0.028662412993039565,1.0047800781395582,-0.5408439028359695,31,0.5806451612903226
二进三,-0.5,1.8,0,100000,12,30,90,2,3,0.0015,1.0,27,27,0.5925925925925926,0.03614455485954529,0.028662412993039565,1.0047800781395582,-0.5408439028359695,32,0.59375
二进三,-0.5,1.8,1,100000,12,30,90,1,3,0.0015,1.0,27,27,0.5925925925925926,0.03219938225483839,0.028662412993039565,0.8246805167250684,-0.5408439028359695,32,0.59375
二进三,-0.5,1.8,2,100000,12,30,90,1,3,0.0015,1.0,27,27,0.5925925925925926,0.03219938225483839,0.028662412993039565,0.8246805167250684,-0.5408439028359695,32,0.59375
二进三,-0.5,1.8,1,100000,12,30,90,2,3,0.0015,1.0,27,27,0.5925925925925926,0.03219938225483839,0.028662412993039565,0.8246805167250684,-0.5408439028359695,33,0.6060606060606061
二进三,-0.5,1.8,2,100000,12,30,90,2,3,0.0015,1.0,27,27,0.5925925925925926,0.03219938225483839,0.028662412993039565,0.8246805167250684,-0.5408439028359695,33,0.6060606060606061
二进三,-0.5,1.8,1,100000,8,30,90,1,3,0.0015,1.0,22,22,0.5909090909090909,0.03191924362588006,0.03090048360495351,0.6307897598449455,-0.4652518261972597,24,0.5833333333333334
二进三,-0.5,1.8,2,100000,8,30,90,1,3,0.0015,1.0,22,22,0.5909090909090909,0.03191924362588006,0.03090048360495351,0.6307897598449455,-0.4652518261972597,24,0.5833333333333334
二进三,-0.5,1.8,1,100000,8,30,90,2,3,0.0015,1.0,22,22,0.5909090909090909,0.03191924362588006,0.03090048360495351,0.6307897598449455,-0.4652518261972597,25,0.6
二进三,-0.5,1.8,2,100000,8,30,90,2,3,0.0015,1.0,22,22,0.5909090909090909,0.03191924362588006,0.03090048360495351,0.6307897598449455,-0.4652518261972597,25,0.6
二进三,0.0,2.2,0,100000,10,25,100,1,3,0.0015,1.0,17,17,0.5882352941176471,0.03065391425751601,0.03064596003475245,0.42123515177240844,-0.49614851976728425,17,0.5882352941176471
二进三,0.0,2.2,0,100000,10,25,100,2,3,0.0015,1.0,17,17,0.5882352941176471,0.03065391425751601,0.03064596003475245,0.42123515177240844,-0.49614851976728425,17,0.5882352941176471
一进二,0.5,1.5,3,100000,22,20,120,1,3,0.0015,1.0,17,17,0.5882352941176471,0.013846346928610058,0.01291441441441449,0.1770120143791689,-0.19185244910753363,21,0.5238095238095238
一进二,0.5,1.5,5,100000,22,20,120,1,3,0.0015,1.0,17,17,0.5882352941176471,0.013846346928610058,0.01291441441441449,0.1770120143791689,-0.19185244910753363,21,0.5238095238095238
一进二,0.5,1.5,3,100000,22,20,120,2,3,0.0015,1.0,17,17,0.5882352941176471,0.002766489906526063,0.01291441441441449,-0.007149746286828518,-0.19185244910753363,25,0.48
一进二,0.5,1.5,5,100000,22,20,120,2,3,0.0015,1.0,17,17,0.5882352941176471,0.002766489906526063,0.01291441441441449,-0.007149746286828518,-0.19185244910753363,25,0.48
二进三,0.0,2.2,0,103000,12,20,120,2,3,0.0015,1.0,29,29,0.5862068965517241,0.04004636854929518,0.03064596003475245,1.5042270617996985,-0.3070548525995108,32,0.5625
二进三,0.0,2.2,0,103000,12,20,120,1,3,0.0015,1.0,29,29,0.5862068965517241,0.0351640486130741,0.03064596003475245,1.12922314627207,-0.4108222575145839,31,0.5483870967741935
一进二,0.5,1.5,3,103000,22,25,100,1,3,0.0015,1.0,36,36,0.5833333333333334,0.023851070626227735,0.0125768588137008,1.0405272842975357,-0.23911607145914315,47,0.5319148936170213
一进二,0.5,1.5,5,103000,22,25,100,1,3,0.0015,1.0,36,36,0.5833333333333334,0.023851070626227735,0.0125768588137008,1.0405272842975357,-0.23911607145914315,47,0.5319148936170213
二进三,0.0,2.0,1,100000,12,20,120,2,3,0.0015,1.0,24,24,0.5833333333333334,0.0430383721232559,0.030127703181565713,1.2618711879053026,-0.30369267136588696,26,0.6153846153846154
二进三,0.0,2.0,2,100000,12,20,120,2,3,0.0015,1.0,24,24,0.5833333333333334,0.0430383721232559,0.030127703181565713,1.2618711879053026,-0.30369267136588696,26,0.6153846153846154
二进三,0.0,2.2,0,100000,12,20,120,2,3,0.0015,1.0,24,24,0.5833333333333334,0.03990335165486632,0.02888140609050821,1.1125605231356417,-0.30369267136588707,26,0.5769230769230769
二进三,0.0,2.2,0,103000,12,30,90,1,3,0.0015,1.0,24,24,0.5833333333333334,0.03758216488078309,0.030127703181565713,1.018398853142854,-0.46304671797682306,24,0.5833333333333334
二进三,0.0,2.2,0,103000,12,30,90,2,3,0.0015,1.0,24,24,0.5833333333333334,0.03758216488078309,0.030127703181565713,1.018398853142854,-0.46304671797682306,24,0.5833333333333334
二进三,0.0,2.0,1,100000,12,20,120,1,3,0.0015,1.0,24,24,0.5833333333333334,0.0371389022003221,0.030127703181565713,0.923159668960994,-0.4079635574335104,25,0.6
二进三,0.0,2.0,2,100000,12,20,120,1,3,0.0015,1.0,24,24,0.5833333333333334,0.0371389022003221,0.030127703181565713,0.923159668960994,-0.4079635574335104,25,0.6
二进三,0.0,2.2,0,103000,10,20,120,2,3,0.0015,1.0,24,24,0.5833333333333334,0.03653813676563622,0.03189225712580995,0.9426343890117568,-0.3410119061870923,26,0.5384615384615384
二进三,-0.5,1.8,0,103000,8,30,90,1,3,0.0015,1.0,24,24,0.5833333333333334,0.03576331978168993,0.03090048360495351,0.8558817878960296,-0.44898353628556165,26,0.5769230769230769
二进三,-0.5,1.8,0,103000,8,30,90,2,3,0.0015,1.0,24,24,0.5833333333333334,0.03576331978168993,0.03090048360495351,0.8558817878960296,-0.44898353628556165,27,0.5925925925925926
二进三,0.0,2.2,0,100000,12,20,120,1,3,0.0015,1.0,24,24,0.5833333333333334,0.03400388173193252,0.02888140609050821,0.7962080325609162,-0.40796355743351054,25,0.56
二进三,0.0,2.2,0,103000,10,20,120,1,3,0.0015,1.0,24,24,0.5833333333333334,0.03355174108872501,0.03189225712580995,0.7836149945474356,-0.39495509190956624,25,0.56
二进三,0.5,1.5,1,103000,10,20,120,1,3,0.0015,1.0,12,12,0.5833333333333334,0.027165065540153483,0.042460615198597285,0.2555689712591145,-0.20310538091171626,12,0.5833333333333334
二进三,0.5,1.5,2,103000,10,20,120,1,3,0.0015,1.0,12,12,0.5833333333333334,0.027165065540153483,0.042460615198597285,0.2555689712591145,-0.20310538091171626,12,0.5833333333333334
二进三,0.5,1.5,1,103000,10,20,120,2,3,0.0015,1.0,12,12,0.5833333333333334,0.027165065540153483,0.042460615198597285,0.2555689712591145,-0.20310538091171626,12,0.5833333333333334
二进三,0.5,1.5,2,103000,10,20,120,2,3,0.0015,1.0,12,12,0.5833333333333334,0.027165065540153483,0.042460615198597285,0.2555689712591145,-0.20310538091171626,12,0.5833333333333334
一进二,0.5,1.5,1,100000,12,25,100,1,3,0.0015,1.0,12,12,0.5833333333333334,0.020868448163763997,0.019874345027339146,0.22888307302273025,-0.1709178333912439,14,0.5
一进二,0.5,1.5,3,100000,16,30,90,1,3,0.0015,1.0,12,12,0.5833333333333334,0.016004589950635962,0.025852486071151592,0.15584742847602984,-0.1696723419041002,13,0.5384615384615384
一进二,0.5,1.5,5,100000,16,30,90,1,3,0.0015,1.0,12,12,0.5833333333333334,0.016004589950635962,0.025852486071151592,0.15584742847602984,-0.1696723419041002,13,0.5384615384615384
一进二,0.5,1.5,0,100000,12,20,120,1,3,0.0015,1.0,12,12,0.5833333333333334,0.014444216799881235,0.019874345027339146,0.13340683517466023,-0.170917833391244,14,0.5
一进二,0.5,1.5,1,100000,22,30,90,1,3,0.0015,1.0,12,12,0.5833333333333334,0.014112867019903283,0.025852486071151592,0.12757856901944442,-0.22637825414298995,14,0.5714285714285714
一进二,0.5,1.5,1,100000,12,25,100,2,3,0.0015,1.0,12,12,0.5833333333333334,0.005171984049145002,0.01511703431460143,0.036605281788900434,-0.1709178333912439,17,0.4117647058823529
一进二,0.5,1.5,0,100000,12,20,120,2,3,0.0015,1.0,12,12,0.5833333333333334,0.0018301436075323179,0.019874345027339146,-0.00924333954644252,-0.170917833391244,16,0.5
一进二,0.5,1.5,3,100000,16,30,90,2,3,0.0015,1.0,12,12,0.5833333333333334,0.00030812583601697046,0.021095175358413876,-0.025002804902164333,-0.1696723419041002,16,0.4375
一进二,0.5,1.5,5,100000,16,30,90,2,3,0.0015,1.0,12,12,0.5833333333333334,0.00030812583601697046,0.021095175358413876,-0.025002804902164333,-0.1696723419041002,16,0.4375
一进二,0.5,1.5,1,100000,22,30,90,2,3,0.0015,1.0,12,12,0.5833333333333334,-0.001583597094715709,0.021095175358413876,-0.04884856343374322,-0.22637825414298995,17,0.47058823529411764
二进三,-0.5,1.8,0,103000,12,30,90,1,3,0.0015,1.0,31,31,0.5806451612903226,0.03597286615902912,0.028662412993039565,1.2257153329498869,-0.526875300661474,35,0.5714285714285714
二进三,-0.5,1.8,0,103000,12,30,90,2,3,0.0015,1.0,31,31,0.5806451612903226,0.03597286615902912,0.028662412993039565,1.2257153329498869,-0.526875300661474,36,0.5833333333333334
一进二,0.5,1.5,1,103000,22,30,90,1,3,0.0015,1.0,31,31,0.5806451612903226,0.025726421202446108,0.014373015873015817,0.9390208358679304,-0.23911607145914326,41,0.5853658536585366
一进二,0.5,1.5,1,103000,22,30,90,2,3,0.0015,1.0,31,31,0.5806451612903226,0.01959742510491545,0.006734725224712691,0.6316787490317857,-0.23961528173926105,47,0.5531914893617021
二进三,0.0,2.0,0,103000,8,20,120,1,3,0.0015,1.0,19,19,0.5789473684210527,0.04841653117795941,0.033138554216867455,1.047554674266439,-0.3633660671291039,19,0.5789473684210527
二进三,0.0,2.0,0,103000,8,20,120,2,3,0.0015,1.0,19,19,0.5789473684210527,0.04841653117795941,0.033138554216867455,1.047554674266439,-0.3633660671291039,19,0.5789473684210527
二进三,0.0,2.0,1,100000,8,20,120,1,3,0.0015,1.0,19,19,0.5789473684210527,0.04683045428041797,0.033138554216867455,0.9894285529334712,-0.3633660671291039,19,0.5789473684210527
二进三,0.0,2.0,2,100000,8,20,120,1,3,0.0015,1.0,19,19,0.5789473684210527,0.04683045428041797,0.033138554216867455,0.9894285529334712,-0.3633660671291039,19,0.5789473684210527
二进三,0.0,2.0,1,100000,8,20,120,2,3,0.0015,1.0,19,19,0.5789473684210527,0.04683045428041797,0.033138554216867455,0.9894285529334712,-0.3633660671291039,19,0.5789473684210527
二进三,0.0,2.0,2,100000,8,20,120,2,3,0.0015,1.0,19,19,0.5789473684210527,0.04683045428041797,0.033138554216867455,0.9894285529334712,-0.3633660671291039,19,0.5789473684210527
二进三,0.3,1.8,1,103000,8,20,120,1,3,0.0015,1.0,19,19,0.5789473684210527,0.032902916063025214,0.033138554216867455,0.5630577490759081,-0.32591808392670785,19,0.5789473684210527
二进三,0.3,1.8,2,103000,8,20,120,1,3,0.0015,1.0,19,19,0.5789473684210527,0.032902916063025214,0.033138554216867455,0.5630577490759081,-0.32591808392670785,19,0.5789473684210527
二进三,0.3,1.8,1,103000,8,20,120,2,3,0.0015,1.0,19,19,0.5789473684210527,0.032902916063025214,0.033138554216867455,0.5630577490759081,-0.32591808392670785,19,0.5789473684210527
二进三,0.3,1.8,2,103000,8,20,120,2,3,0.0015,1.0,19,19,0.5789473684210527,0.032902916063025214,0.033138554216867455,0.5630577490759081,-0.32591808392670785,19,0.5789473684210527
二进三,0.0,2.0,0,103000,12,20,120,2,3,0.0015,1.0,26,26,0.5769230769230769,0.044335984887288404,0.030127703181565713,1.4952006651885363,-0.2883931235216014,27,0.5925925925925926
二进三,0.0,2.0,0,103000,12,20,120,1,3,0.0015,1.0,26,26,0.5769230769230769,0.03889032034304182,0.030127703181565713,1.1215484378220668,-0.39495509190956635,26,0.5769230769230769
二进三,-0.5,1.8,1,100000,10,30,90,1,3,0.0015,1.0,26,26,0.5769230769230769,0.027680144046587876,0.03090048360495351,0.5910745013734495,-0.5408439028359693,28,0.5714285714285714
二进三,-0.5,1.8,2,100000,10,30,90,1,3,0.0015,1.0,26,26,0.5769230769230769,0.027680144046587876,0.03090048360495351,0.5910745013734495,-0.5408439028359693,28,0.5714285714285714
二进三,-0.5,1.8,1,100000,10,30,90,2,3,0.0015,1.0,26,26,0.5769230769230769,0.027680144046587876,0.03090048360495351,0.5910745013734495,-0.5408439028359693,29,0.5862068965517241
二进三,-0.5,1.8,2,100000,10,30,90,2,3,0.0015,1.0,26,26,0.5769230769230769,0.027680144046587876,0.03090048360495351,0.5910745013734495,-0.5408439028359693,29,0.5862068965517241
二进三,0.0,2.0,1,103000,12,20,120,2,3,0.0015,1.0,33,33,0.5757575757575758,0.04288696625478492,0.033138554216867455,2.026133612582093,-0.30199563551574904,37,0.6216216216216216
二进三,0.0,2.0,2,103000,12,20,120,2,3,0.0015,1.0,33,33,0.5757575757575758,0.04288696625478492,0.033138554216867455,2.026133612582093,-0.30199563551574904,37,0.6216216216216216
二进三,0.0,2.0,1,103000,12,20,120,1,3,0.0015,1.0,33,33,0.5757575757575758,0.03887653571575649,0.033138554216867455,1.5941977671302974,-0.4065206499323154,35,0.6
二进三,0.0,2.0,2,103000,12,20,120,1,3,0.0015,1.0,33,33,0.5757575757575758,0.03887653571575649,0.033138554216867455,1.5941977671302974,-0.4065206499323154,35,0.6
一进二,0.3,1.8,1,103000,12,30,90,1,3,0.0015,1.0,33,33,0.5757575757575758,0.009426552572519932,0.0063740157480314825,0.1759188590038847,-0.4254312694649329,45,0.5111111111111111
一进二,0.3,1.8,3,103000,12,30,90,1,3,0.0015,1.0,33,33,0.5757575757575758,0.009426552572519932,0.0063740157480314825,0.1759188590038847,-0.4254312694649329,46,0.5217391304347826
一进二,0.3,1.8,5,103000,12,30,90,1,3,0.0015,1.0,33,33,0.5757575757575758,0.009426552572519932,0.0063740157480314825,0.1759188590038847,-0.4254312694649329,46,0.5217391304347826
二进三,-0.5,1.8,0,103000,10,30,90,1,3,0.0015,1.0,28,28,0.5714285714285714,0.03127785929294576,0.03090048360495351,0.8106847755565365,-0.5268753006614741,30,0.5666666666666667
二进三,-0.5,1.8,0,103000,10,30,90,2,3,0.0015,1.0,28,28,0.5714285714285714,0.03127785929294576,0.03090048360495351,0.8106847755565365,-0.5268753006614741,31,0.5806451612903226
二进三,-0.5,1.8,0,100000,8,30,90,1,3,0.0015,1.0,21,21,0.5714285714285714,0.029667540499663032,0.028662412993039565,0.5111028449898711,-0.4652518261972597,23,0.5652173913043478
二进三,-0.5,1.8,0,100000,8,30,90,2,3,0.0015,1.0,21,21,0.5714285714285714,0.029667540499663032,0.028662412993039565,0.5111028449898711,-0.4652518261972597,24,0.5833333333333334
二进三,0.0,2.0,0,100000,10,30,90,1,3,0.0015,1.0,14,14,0.5714285714285714,0.03441525126609032,0.023575840354257027,0.4238111928466455,-0.37325203940169716,14,0.5714285714285714
二进三,0.0,2.0,0,100000,10,30,90,2,3,0.0015,1.0,14,14,0.5714285714285714,0.03441525126609032,0.023575840354257027,0.4238111928466455,-0.37325203940169716,14,0.5714285714285714
二进三,0.0,2.2,0,100000,10,30,90,1,3,0.0015,1.0,14,14,0.5714285714285714,0.03441525126609032,0.023575840354257027,0.4238111928466455,-0.37325203940169716,14,0.5714285714285714
二进三,0.0,2.2,0,100000,10,30,90,2,3,0.0015,1.0,14,14,0.5714285714285714,0.03441525126609032,0.023575840354257027,0.4238111928466455,-0.37325203940169716,14,0.5714285714285714
一进二,0.5,1.5,3,100000,16,25,100,1,3,0.0015,1.0,14,14,0.5714285714285714,0.014381127225858381,0.016758842798198226,0.16655581246368967,-0.170917833391244,17,0.5294117647058824
一进二,0.5,1.5,5,100000,16,25,100,1,3,0.0015,1.0,14,14,0.5714285714285714,0.014381127225858381,0.016758842798198226,0.16655581246368967,-0.170917833391244,17,0.5294117647058824
一进二,0.5,1.5,1,100000,22,25,100,1,3,0.0015,1.0,14,14,0.5714285714285714,0.012759650428087512,0.016758842798198226,0.13802505529076514,-0.22753868676177536,17,0.5294117647058824
一进二,0.5,1.5,3,100000,12,20,120,1,3,0.0015,1.0,14,14,0.5714285714285714,0.008173031097702002,0.011847558084400136,0.06558862929787956,-0.170917833391244,17,0.47058823529411764
一进二,0.5,1.5,5,100000,12,20,120,1,3,0.0015,1.0,14,14,0.5714285714285714,0.008173031097702002,0.011847558084400136,0.06558862929787956,-0.170917833391244,17,0.47058823529411764
一进二,0.5,1.5,3,100000,16,25,100,2,3,0.0015,1.0,14,14,0.5714285714285714,0.0009270151276135303,0.01511703431460143,-0.015969913454056184,-0.170917833391244,20,0.45
一进二,0.5,1.5,5,100000,16,25,100,2,3,0.0015,1.0,14,14,0.5714285714285714,0.0009270151276135303,0.01511703431460143,-0.015969913454056184,-0.170917833391244,20,0.45
一进二,0.5,1.5,1,100000,22,25,100,2,3,0.0015,1.0,14,14,0.5714285714285714,-0.0006944616701573377,0.01511703431460143,-0.04003659174765728,-0.22753868676177536,21,0.47619047619047616
一进二,0.5,1.5,3,100000,12,20,120,2,3,0.0015,1.0,14,14,0.5714285714285714,-0.005281081000542849,0.011847558084400136,-0.101139216909089,-0.170917833391244,20,0.4
一进二,0.5,1.5,5,100000,12,20,120,2,3,0.0015,1.0,14,14,0.5714285714285714,-0.005281081000542849,0.011847558084400136,-0.101139216909089,-0.170917833391244,20,0.4
二进三,0.3,1.8,0,103000,8,30,90,1,3,0.0015,1.0,7,7,0.5714285714285714,0.035623556236719624,0.033138554216867455,0.21850782705132854,-0.22713297685326095,7,0.5714285714285714
二进三,0.3,1.8,0,103000,8,30,90,2,3,0.0015,1.0,7,7,0.5714285714285714,0.035623556236719624,0.033138554216867455,0.21850782705132854,-0.22713297685326095,7,0.5714285714285714
二进三,0.3,1.8,1,100000,8,30,90,1,3,0.0015,1.0,7,7,0.5714285714285714,0.01952380065466436,0.033138554216867455,0.10329399424925367,-0.22713297685326095,7,0.5714285714285714
二进三,0.3,1.8,2,100000,8,30,90,1,3,0.0015,1.0,7,7,0.5714285714285714,0.01952380065466436,0.033138554216867455,0.10329399424925367,-0.22713297685326095,7,0.5714285714285714
二进三,0.3,1.8,1,100000,8,30,90,2,3,0.0015,1.0,7,7,0.5714285714285714,0.01952380065466436,0.033138554216867455,0.10329399424925367,-0.22713297685326095,7,0.5714285714285714
二进三,0.3,1.8,2,100000,8,30,90,2,3,0.0015,1.0,7,7,0.5714285714285714,0.01952380065466436,0.033138554216867455,0.10329399424925367,-0.22713297685326095,7,0.5714285714285714
二进三,0.5,1.5,1,100000,8,20,120,1,3,0.0015,1.0,7,7,0.5714285714285714,0.017744474146492044,0.033138554216867455,0.09099112691505162,-0.16149999999999998,7,0.5714285714285714
二进三,0.5,1.5,2,100000,8,20,120,1,3,0.0015,1.0,7,7,0.5714285714285714,0.017744474146492044,0.033138554216867455,0.09099112691505162,-0.16149999999999998,7,0.5714285714285714
二进三,0.5,1.5,1,100000,8,20,120,2,3,0.0015,1.0,7,7,0.5714285714285714,0.017744474146492044,0.033138554216867455,0.09099112691505162,-0.16149999999999998,7,0.5714285714285714
二进三,0.5,1.5,2,100000,8,20,120,2,3,0.0015,1.0,7,7,0.5714285714285714,0.017744474146492044,0.033138554216867455,0.09099112691505162,-0.16149999999999998,7,0.5714285714285714
二进三,0.5,1.5,0,100000,12,25,100,1,3,0.0015,1.0,7,7,0.5714285714285714,-0.0009475621919473995,0.033138554216867455,-0.052036355719875194,-0.32180436110227284,7,0.5714285714285714
二进三,0.5,1.5,0,100000,12,30,90,1,3,0.0015,1.0,7,7,0.5714285714285714,-0.0009475621919473995,0.033138554216867455,-0.052036355719875194,-0.32180436110227284,7,0.5714285714285714
二进三,0.5,1.5,0,103000,12,25,100,1,3,0.0015,1.0,7,7,0.5714285714285714,-0.0009475621919473995,0.033138554216867455,-0.052036355719875194,-0.32180436110227284,7,0.5714285714285714
二进三,0.5,1.5,0,103000,12,30,90,1,3,0.0015,1.0,7,7,0.5714285714285714,-0.0009475621919473995,0.033138554216867455,-0.052036355719875194,-0.32180436110227284,7,0.5714285714285714
二进三,0.5,1.5,0,100000,12,25,100,2,3,0.0015,1.0,7,7,0.5714285714285714,-0.0009475621919473995,0.033138554216867455,-0.052036355719875194,-0.32180436110227284,7,0.5714285714285714
二进三,0.5,1.5,0,100000,12,30,90,2,3,0.0015,1.0,7,7,0.5714285714285714,-0.0009475621919473995,0.033138554216867455,-0.052036355719875194,-0.32180436110227284,7,0.5714285714285714
二进三,0.5,1.5,0,103000,12,25,100,2,3,0.0015,1.0,7,7,0.5714285714285714,-0.0009475621919473995,0.033138554216867455,-0.052036355719875194,-0.32180436110227284,7,0.5714285714285714
二进三,0.5,1.5,0,103000,12,30,90,2,3,0.0015,1.0,7,7,0.5714285714285714,-0.0009475621919473995,0.033138554216867455,-0.052036355719875194,-0.32180436110227284,7,0.5714285714285714
二进三,0.5,1.5,1,100000,10,25,100,1,3,0.0015,1.0,7,7,0.5714285714285714,-0.014544454656515968,0.033138554216867455,-0.12886435681714603,-0.32180436110227284,7,0.5714285714285714
二进三,0.5,1.5,1,100000,10,30,90,1,3,0.0015,1.0,7,7,0.5714285714285714,-0.014544454656515968,0.033138554216867455,-0.12886435681714603,-0.32180436110227284,7,0.5714285714285714
二进三,0.5,1.5,2,100000,10,25,100,1,3,0.0015,1.0,7,7,0.5714285714285714,-0.014544454656515968,0.033138554216867455,-0.12886435681714603,-0.32180436110227284,7,0.5714285714285714
二进三,0.5,1.5,2,100000,10,30,90,1,3,0.0015,1.0,7,7,0.5714285714285714,-0.014544454656515968,0.033138554216867455,-0.12886435681714603,-0.32180436110227284,7,0.5714285714285714
二进三,0.5,1.5,1,100000,10,25,100,2,3,0.0015,1.0,7,7,0.5714285714285714,-0.014544454656515968,0.033138554216867455,-0.12886435681714603,-0.32180436110227284,7,0.5714285714285714
二进三,0.5,1.5,1,100000,10,30,90,2,3,0.0015,1.0,7,7,0.5714285714285714,-0.014544454656515968,0.033138554216867455,-0.12886435681714603,-0.32180436110227284,7,0.5714285714285714
二进三,0.5,1.5,2,100000,10,25,100,2,3,0.0015,1.0,7,7,0.5714285714285714,-0.014544454656515968,0.033138554216867455,-0.12886435681714603,-0.32180436110227284,7,0.5714285714285714
二进三,0.5,1.5,2,100000,10,30,90,2,3,0.0015,1.0,7,7,0.5714285714285714,-0.014544454656515968,0.033138554216867455,-0.12886435681714603,-0.32180436110227284,7,0.5714285714285714
一进二,0.3,1.8,1,103000,16,30,90,1,3,0.0015,1.0,37,37,0.5675675675675675,0.009761059936884033,0.0063740157480314825,0.23113049418257714,-0.4077838899659004,52,0.5384615384615384
一进二,0.3,1.8,3,103000,16,30,90,1,3,0.0015,1.0,37,37,0.5675675675675675,0.009761059936884033,0.0063740157480314825,0.23113049418257714,-0.4077838899659004,53,0.5471698113207547
一进二,0.3,1.8,5,103000,16,30,90,1,3,0.0015,1.0,37,37,0.5675675675675675,0.009761059936884033,0.0063740157480314825,0.23113049418257714,-0.4077838899659004,53,0.5471698113207547
二进三,0.0,2.0,1,103000,10,20,120,1,3,0.0015,1.0,30,30,0.5666666666666667,0.039249034149691234,0.042460615198597285,1.3791771636533463,-0.39495509190956624,31,0.5806451612903226
二进三,0.0,2.0,2,103000,10,20,120,1,3,0.0015,1.0,30,30,0.5666666666666667,0.039249034149691234,0.042460615198597285,1.3791771636533463,-0.39495509190956624,31,0.5806451612903226
二进三,0.0,2.0,1,103000,10,20,120,2,3,0.0015,1.0,30,30,0.5666666666666667,0.039249034149691234,0.042460615198597285,1.3791771636533463,-0.39495509190956624,31,0.5806451612903226
二进三,0.0,2.0,2,103000,10,20,120,2,3,0.0015,1.0,30,30,0.5666666666666667,0.039249034149691234,0.042460615198597285,1.3791771636533463,-0.39495509190956624,31,0.5806451612903226
二进三,0.0,2.0,0,100000,12,20,120,2,3,0.0015,1.0,23,23,0.5652173913043478,0.04030584694269734,0.02711685214626397,1.0497441459571708,-0.30369267136588696,24,0.5833333333333334
二进三,0.0,2.0,0,100000,12,20,120,1,3,0.0015,1.0,23,23,0.5652173913043478,0.03414987832746207,0.02711685214626397,0.7427983053466289,-0.4079635574335104,23,0.5652173913043478
二进三,0.0,2.2,1,100000,10,20,120,1,3,0.0015,1.0,23,23,0.5652173913043478,0.03132519583338265,0.03064596003475245,0.6432178439179761,-0.4079635574335104,23,0.5652173913043478
二进三,0.0,2.2,2,100000,10,20,120,1,3,0.0015,1.0,23,23,0.5652173913043478,0.03132519583338265,0.03064596003475245,0.6432178439179761,-0.4079635574335104,23,0.5652173913043478
二进三,0.0,2.2,1,100000,10,20,120,2,3,0.0015,1.0,23,23,0.5652173913043478,0.03132519583338265,0.03064596003475245,0.6432178439179761,-0.4079635574335104,23,0.5652173913043478
二进三,0.0,2.2,2,100000,10,20,120,2,3,0.0015,1.0,23,23,0.5652173913043478,0.03132519583338265,0.03064596003475245,0.6432178439179761,-0.4079635574335104,23,0.5652173913043478
一进二,0.0,2.0,1,103000,16,20,120,1,3,0.0015,1.0,62,62,0.5645161290322581,0.009192987135714205,0.005916781688717844,0.32436707853361946,-0.5118454242136514,92,0.5
一进二,0.0,2.0,3,103000,16,20,120,1,3,0.0015,1.0,62,62,0.5645161290322581,0.009192987135714205,0.005916781688717844,0.32436707853361946,-0.5118454242136514,92,0.5
一进二,0.0,2.0,5,103000,16,20,120,1,3,0.0015,1.0,62,62,0.5645161290322581,0.009192987135714205,0.005916781688717844,0.32436707853361946,-0.5118454242136514,92,0.5
一进二,0.5,1.5,3,103000,22,30,90,1,3,0.0015,1.0,32,32,0.5625,0.0222649185298171,0.01037351581052365,0.7757782285799231,-0.23911607145914326,43,0.5581395348837209
一进二,0.5,1.5,5,103000,22,30,90,1,3,0.0015,1.0,32,32,0.5625,0.0222649185298171,0.01037351581052365,0.7757782285799231,-0.23911607145914326,43,0.5581395348837209
二进三,0.0,2.0,0,100000,10,25,100,1,3,0.0015,1.0,16,16,0.5625,0.030654411396438735,0.023575840354257027,0.3789751348993651,-0.49614851976728425,16,0.5625
二进三,0.0,2.0,0,100000,10,25,100,2,3,0.0015,1.0,16,16,0.5625,0.030654411396438735,0.023575840354257027,0.3789751348993651,-0.49614851976728425,16,0.5625
一进二,0.5,1.5,3,103000,22,20,120,2,3,0.0015,1.0,41,41,0.5609756097560976,0.022463760753482963,0.010780701754385781,1.1476098933617886,-0.21653346822678843,63,0.5396825396825397
一进二,0.5,1.5,5,103000,22,20,120,2,3,0.0015,1.0,41,41,0.5609756097560976,0.022463760753482963,0.010780701754385781,1.1476098933617886,-0.21653346822678843,63,0.5396825396825397
二进三,-0.5,1.8,0,100000,10,30,90,1,3,0.0015,1.0,25,25,0.56,0.02561914943739388,0.028662412993039565,0.47430236859278385,-0.5408439028359693,27,0.5555555555555556
二进三,-0.5,1.8,0,100000,10,30,90,2,3,0.0015,1.0,25,25,0.56,0.02561914943739388,0.028662412993039565,0.47430236859278385,-0.5408439028359693,28,0.5714285714285714
一进二,0.0,2.0,1,103000,22,20,120,1,3,0.0015,1.0,68,68,0.5588235294117647,0.006477225401828596,0.005916781688717844,0.14982684888326125,-0.5080833302285539,104,0.4807692307692308
一进二,0.0,2.0,3,103000,22,20,120,1,3,0.0015,1.0,68,68,0.5588235294117647,0.006477225401828596,0.005916781688717844,0.14982684888326125,-0.5080833302285539,104,0.4807692307692308
一进二,0.0,2.0,5,103000,22,20,120,1,3,0.0015,1.0,68,68,0.5588235294117647,0.006477225401828596,0.005916781688717844,0.14982684888326125,-0.5080833302285539,104,0.4807692307692308
一进二,0.3,1.8,1,103000,16,25,100,1,3,0.0015,1.0,45,45,0.5555555555555556,0.009863676129793929,0.0063740157480314825,0.3137357830157981,-0.428389889304468,62,0.5
一进二,0.3,1.8,3,103000,16,25,100,1,3,0.0015,1.0,45,45,0.5555555555555556,0.009863676129793929,0.0063740157480314825,0.3137357830157981,-0.428389889304468,63,0.5079365079365079
一进二,0.3,1.8,5,103000,16,25,100,1,3,0.0015,1.0,45,45,0.5555555555555556,0.009863676129793929,0.0063740157480314825,0.3137357830157981,-0.428389889304468,63,0.5079365079365079
二进三,-1.0,2.0,1,103000,8,30,90,1,3,0.0015,1.0,36,36,0.5555555555555556,0.026253513104163833,0.03090048360495351,0.8188607476147085,-0.4706151524309272,41,0.5609756097560976
二进三,-1.0,2.0,2,103000,8,30,90,1,3,0.0015,1.0,36,36,0.5555555555555556,0.026253513104163833,0.03090048360495351,0.8188607476147085,-0.4706151524309272,41,0.5609756097560976
二进三,-1.0,2.0,1,103000,8,30,90,2,3,0.0015,1.0,36,36,0.5555555555555556,0.026253513104163833,0.03090048360495351,0.8188607476147085,-0.4706151524309272,42,0.5714285714285714
二进三,-1.0,2.0,2,103000,8,30,90,2,3,0.0015,1.0,36,36,0.5555555555555556,0.026253513104163833,0.03090048360495351,0.8188607476147085,-0.4706151524309272,42,0.5714285714285714
一进二,0.5,1.5,3,103000,22,25,100,2,3,0.0015,1.0,36,36,0.5555555555555556,0.01817075322272744,0.008577358751208632,0.6923774212023004,-0.23961528173926094,55,0.5272727272727272
一进二,0.5,1.5,5,103000,22,25,100,2,3,0.0015,1.0,36,36,0.5555555555555556,0.01817075322272744,0.008577358751208632,0.6923774212023004,-0.23961528173926094,55,0.5272727272727272
二进三,0.0,2.2,0,100000,8,20,120,1,3,0.0015,1.0,18,18,0.5555555555555556,0.03493408169350373,0.022329543263199525,0.5670605680197878,-0.3633660671291039,18,0.5555555555555556
二进三,0.0,2.2,0,100000,8,20,120,2,3,0.0015,1.0,18,18,0.5555555555555556,0.03493408169350373,0.022329543263199525,0.5670605680197878,-0.3633660671291039,18,0.5555555555555556
二进三,0.3,1.8,0,103000,12,20,120,2,3,0.0015,1.0,18,18,0.5555555555555556,0.03435421808768926,0.030127703181565713,0.6043439398386004,-0.26273458886342116,19,0.5789473684210527
二进三,0.3,1.8,0,103000,12,20,120,1,3,0.0015,1.0,18,18,0.5555555555555556,0.02648825819044419,0.030127703181565713,0.3640960531872497,-0.3731388809409176,18,0.5555555555555556
二进三,0.3,1.8,0,103000,8,25,100,1,3,0.0015,1.0,9,9,0.5555555555555556,0.028669106474976946,0.033138554216867455,0.1801368072016678,-0.37868135499986244,9,0.5555555555555556
二进三,0.3,1.8,0,103000,8,25,100,2,3,0.0015,1.0,9,9,0.5555555555555556,0.028669106474976946,0.033138554216867455,0.1801368072016678,-0.37868135499986244,9,0.5555555555555556
二进三,0.3,1.8,0,103000,10,30,90,1,3,0.0015,1.0,9,9,0.5555555555555556,0.01923944040240357,0.033138554216867455,0.11442340900122061,-0.33638556733857383,9,0.5555555555555556
二进三,0.3,1.8,0,103000,10,30,90,2,3,0.0015,1.0,9,9,0.5555555555555556,0.01923944040240357,0.033138554216867455,0.11442340900122061,-0.33638556733857383,9,0.5555555555555556
二进三,0.3,1.8,1,100000,8,25,100,1,3,0.0015,1.0,9,9,0.5555555555555556,0.01614707435560063,0.033138554216867455,0.06855107769713342,-0.37868135499986255,9,0.5555555555555556
二进三,0.3,1.8,2,100000,8,25,100,1,3,0.0015,1.0,9,9,0.5555555555555556,0.01614707435560063,0.033138554216867455,0.06855107769713342,-0.37868135499986255,9,0.5555555555555556
二进三,0.3,1.8,1,100000,8,25,100,2,3,0.0015,1.0,9,9,0.5555555555555556,0.01614707435560063,0.033138554216867455,0.06855107769713342,-0.37868135499986255,9,0.5555555555555556
二进三,0.3,1.8,2,100000,8,25,100,2,3,0.0015,1.0,9,9,0.5555555555555556,0.01614707435560063,0.033138554216867455,0.06855107769713342,-0.37868135499986255,9,0.5555555555555556
二进三,0.5,1.5,0,100000,12,20,120,1,3,0.0015,1.0,9,9,0.5555555555555556,0.015908848471335453,0.033138554216867455,0.0857979555826689,-0.20310538091171637,9,0.5555555555555556
二进三,0.5,1.5,0,103000,12,20,120,1,3,0.0015,1.0,9,9,0.5555555555555556,0.015908848471335453,0.033138554216867455,0.0857979555826689,-0.20310538091171637,9,0.5555555555555556
二进三,0.5,1.5,0,100000,12,20,120,2,3,0.0015,1.0,9,9,0.5555555555555556,0.015908848471335453,0.033138554216867455,0.0857979555826689,-0.20310538091171637,9,0.5555555555555556
二进三,0.5,1.5,0,103000,12,20,120,2,3,0.0015,1.0,9,9,0.5555555555555556,0.015908848471335453,0.033138554216867455,0.0857979555826689,-0.20310538091171637,9,0.5555555555555556
二进三,0.3,1.8,1,100000,10,30,90,1,3,0.0015,1.0,9,9,0.5555555555555556,0.006717408283027255,0.033138554216867455,0.00905109257868797,-0.33638556733857383,9,0.5555555555555556
二进三,0.3,1.8,2,100000,10,30,90,1,3,0.0015,1.0,9,9,0.5555555555555556,0.006717408283027255,0.033138554216867455,0.00905109257868797,-0.33638556733857383,9,0.5555555555555556
二进三,0.3,1.8,1,100000,10,30,90,2,3,0.0015,1.0,9,9,0.5555555555555556,0.006717408283027255,0.033138554216867455,0.00905109257868797,-0.33638556733857383,9,0.5555555555555556
二进三,0.3,1.8,2,100000,10,30,90,2,3,0.0015,1.0,9,9,0.5555555555555556,0.006717408283027255,0.033138554216867455,0.00905109257868797,-0.33638556733857383,9,0.5555555555555556
二进三,0.5,1.5,1,100000,10,20,120,1,3,0.0015,1.0,9,9,0.5555555555555556,0.0053334876655598985,0.033138554216867455,-0.0022008690835111366,-0.20310538091171626,9,0.5555555555555556
二进三,0.5,1.5,2,100000,10,20,120,1,3,0.0015,1.0,9,9,0.5555555555555556,0.0053334876655598985,0.033138554216867455,-0.0022008690835111366,-0.20310538091171626,9,0.5555555555555556
二进三,0.5,1.5,1,100000,10,20,120,2,3,0.0015,1.0,9,9,0.5555555555555556,0.0053334876655598985,0.033138554216867455,-0.0022008690835111366,-0.20310538091171626,9,0.5555555555555556
二进三,0.5,1.5,2,100000,10,20,120,2,3,0.0015,1.0,9,9,0.5555555555555556,0.0053334876655598985,0.033138554216867455,-0.0022008690835111366,-0.20310538091171626,9,0.5555555555555556
二进三,-0.5,1.8,1,103000,10,25,100,1,3,0.0015,1.0,38,38,0.5526315789473685,0.02209309636955822,0.016162223623181815,0.6244557454822246,-0.5170615986653604,47,0.5531914893617021
二进三,-0.5,1.8,2,103000,10,25,100,1,3,0.0015,1.0,38,38,0.5526315789473685,0.02209309636955822,0.016162223623181815,0.6244557454822246,-0.5170615986653604,47,0.5531914893617021
二进三,-0.5,1.8,1,103000,10,25,100,2,3,0.0015,1.0,38,38,0.5526315789473685,0.02209309636955822,0.016162223623181815,0.6244557454822246,-0.5170615986653604,48,0.5625
二进三,-0.5,1.8,2,103000,10,25,100,2,3,0.0015,1.0,38,38,0.5526315789473685,0.02209309636955822,0.016162223623181815,0.6244557454822246,-0.5170615986653604,48,0.5625
一进二,0.3,1.8,1,103000,12,25,100,1,3,0.0015,1.0,40,40,0.55,0.006847447515800034,0.005868380423035337,0.12049015728634194,-0.44542323300791276,54,0.46296296296296297
一进二,0.3,1.8,3,103000,12,25,100,1,3,0.0015,1.0,40,40,0.55,0.006847447515800034,0.005868380423035337,0.12049015728634194,-0.44542323300791276,55,0.4727272727272727
一进二,0.3,1.8,5,103000,12,25,100,1,3,0.0015,1.0,40,40,0.55,0.006847447515800034,0.005868380423035337,0.12049015728634194,-0.44542323300791276,55,0.4727272727272727
一进二,0.3,1.8,1,103000,16,20,120,1,3,0.0015,1.0,51,51,0.5490196078431373,0.00924306731833299,0.0063740157480314825,0.27527523200893556,-0.4530526100376525,71,0.5070422535211268
一进二,0.3,1.8,3,103000,16,20,120,1,3,0.0015,1.0,51,51,0.5490196078431373,0.00924306731833299,0.0063740157480314825,0.27527523200893556,-0.4530526100376525,71,0.5070422535211268
一进二,0.3,1.8,5,103000,16,20,120,1,3,0.0015,1.0,51,51,0.5490196078431373,0.00924306731833299,0.0063740157480314825,0.27527523200893556,-0.4530526100376525,71,0.5070422535211268
二进三,-0.5,1.8,1,103000,12,25,100,2,3,0.0015,1.0,42,42,0.5476190476190477,0.027067231051777694,0.016162223623181815,1.1806885873313875,-0.3687550583101721,56,0.5714285714285714
二进三,-0.5,1.8,2,103000,12,25,100,2,3,0.0015,1.0,42,42,0.5476190476190477,0.027067231051777694,0.016162223623181815,1.1806885873313875,-0.3687550583101721,56,0.5714285714285714
二进三,-0.5,1.8,1,103000,12,25,100,1,3,0.0015,1.0,42,42,0.5476190476190477,0.023696105381529813,0.016162223623181815,0.8541340303304803,-0.4632829581167389,54,0.5555555555555556
二进三,-0.5,1.8,2,103000,12,25,100,1,3,0.0015,1.0,42,42,0.5476190476190477,0.023696105381529813,0.016162223623181815,0.8541340303304803,-0.4632829581167389,54,0.5555555555555556
一进二,0.0,2.0,0,103000,16,20,120,2,3,0.0015,1.0,53,53,0.5471698113207547,-0.0014989856635027243,0.005459547629404206,-0.2498625469046868,-0.635127030131678,83,0.46987951807228917
一进二,0.3,1.8,1,103000,12,30,90,2,3,0.0015,1.0,33,33,0.5454545454545454,0.005292043462437254,0.005362745098039192,0.0438052431047824,-0.4254312694649328,52,0.5
一进二,0.3,1.8,3,103000,12,30,90,2,3,0.0015,1.0,33,33,0.5454545454545454,0.004266792884429963,0.005362745098039192,0.008342514848031835,-0.4254312694649328,55,0.4909090909090909
一进二,0.3,1.8,5,103000,12,30,90,2,3,0.0015,1.0,33,33,0.5454545454545454,0.004266792884429963,0.005362745098039192,0.008342514848031835,-0.4254312694649328,55,0.4909090909090909
二进三,0.0,2.0,0,103000,10,20,120,1,3,0.0015,1.0,22,22,0.5454545454545454,0.032725863872106166,0.023575840354257027,0.6409403623851537,-0.39495509190956624,22,0.5454545454545454
二进三,0.0,2.0,0,103000,10,20,120,2,3,0.0015,1.0,22,22,0.5454545454545454,0.032725863872106166,0.023575840354257027,0.6409403623851537,-0.39495509190956624,22,0.5454545454545454
二进三,0.0,2.0,1,100000,10,20,120,1,3,0.0015,1.0,22,22,0.5454545454545454,0.03135607018786584,0.023575840354257027,0.5943572357888711,-0.40796355743351065,22,0.5454545454545454
二进三,0.0,2.0,2,100000,10,20,120,1,3,0.0015,1.0,22,22,0.5454545454545454,0.03135607018786584,0.023575840354257027,0.5943572357888711,-0.40796355743351065,22,0.5454545454545454
二进三,0.0,2.0,1,100000,10,20,120,2,3,0.0015,1.0,22,22,0.5454545454545454,0.03135607018786584,0.023575840354257027,0.5943572357888711,-0.40796355743351065,22,0.5454545454545454
二进三,0.0,2.0,2,100000,10,20,120,2,3,0.0015,1.0,22,22,0.5454545454545454,0.03135607018786584,0.023575840354257027,0.5943572357888711,-0.40796355743351065,22,0.5454545454545454
二进三,0.3,1.8,1,103000,10,20,120,1,3,0.0015,1.0,22,22,0.5454545454545454,0.021625195395067524,0.025724937485792243,0.3249121613337944,-0.35936523346031435,22,0.5454545454545454
二进三,0.3,1.8,2,103000,10,20,120,1,3,0.0015,1.0,22,22,0.5454545454545454,0.021625195395067524,0.025724937485792243,0.3249121613337944,-0.35936523346031435,22,0.5454545454545454
二进三,0.3,1.8,1,103000,10,20,120,2,3,0.0015,1.0,22,22,0.5454545454545454,0.021625195395067524,0.025724937485792243,0.3249121613337944,-0.35936523346031435,22,0.5454545454545454
二进三,0.3,1.8,2,103000,10,20,120,2,3,0.0015,1.0,22,22,0.5454545454545454,0.021625195395067524,0.025724937485792243,0.3249121613337944,-0.35936523346031435,22,0.5454545454545454
二进三,0.3,1.8,0,103000,10,25,100,1,3,0.0015,1.0,11,11,0.5454545454545454,0.016528366203580665,0.033138554216867455,0.0793300252753304,-0.4665110455547946,11,0.5454545454545454
二进三,0.3,1.8,0,103000,10,25,100,2,3,0.0015,1.0,11,11,0.5454545454545454,0.016528366203580665,0.033138554216867455,0.0793300252753304,-0.4665110455547946,11,0.5454545454545454
一进二,0.5,1.5,3,100000,12,30,90,1,3,0.0015,1.0,11,11,0.5454545454545454,0.015392554142329172,0.028967988300292513,0.1301511989269979,-0.1696723419041002,12,0.5
一进二,0.5,1.5,5,100000,12,30,90,1,3,0.0015,1.0,11,11,0.5454545454545454,0.015392554142329172,0.028967988300292513,0.1301511989269979,-0.1696723419041002,12,0.5
二进三,0.3,1.8,1,100000,10,25,100,1,3,0.0015,1.0,11,11,0.5454545454545454,0.006283067196818224,0.033138554216867455,-0.02272409888344107,-0.4665110455547945,11,0.5454545454545454
二进三,0.3,1.8,2,100000,10,25,100,1,3,0.0015,1.0,11,11,0.5454545454545454,0.006283067196818224,0.033138554216867455,-0.02272409888344107,-0.4665110455547945,11,0.5454545454545454
二进三,0.3,1.8,1,100000,10,25,100,2,3,0.0015,1.0,11,11,0.5454545454545454,0.006283067196818224,0.033138554216867455,-0.02272409888344107,-0.4665110455547945,11,0.5454545454545454
二进三,0.3,1.8,2,100000,10,25,100,2,3,0.0015,1.0,11,11,0.5454545454545454,0.006283067196818224,0.033138554216867455,-0.02272409888344107,-0.4665110455547945,11,0.5454545454545454
一进二,0.5,1.5,3,100000,12,30,90,2,3,0.0015,1.0,11,11,0.5454545454545454,-0.0017308612554370025,0.01945336687481708,-0.046678461323297116,-0.1696723419041002,15,0.4
一进二,0.5,1.5,5,100000,12,30,90,2,3,0.0015,1.0,11,11,0.5454545454545454,-0.0017308612554370025,0.01945336687481708,-0.046678461323297116,-0.1696723419041002,15,0.4
一进二,0.0,2.0,0,103000,22,20,120,2,3,0.0015,1.0,59,59,0.5423728813559322,-0.0036877824377825824,0.005459547629404206,-0.3543702971274375,-0.671106233481867,94,0.46808510638297873
二进三,-0.5,1.8,1,103000,8,20,120,1,3,0.0015,1.0,37,37,0.5405405405405406,0.01058253587291103,0.0008798191337456309,0.11305434449740104,-0.3651169959408337,49,0.5510204081632653
二进三,-0.5,1.8,2,103000,8,20,120,1,3,0.0015,1.0,37,37,0.5405405405405406,0.01058253587291103,0.0008798191337456309,0.11305434449740104,-0.3651169959408337,49,0.5510204081632653
二进三,-0.5,1.8,1,103000,8,20,120,2,3,0.0015,1.0,37,37,0.5405405405405406,0.01058253587291103,0.0008798191337456309,0.11305434449740104,-0.3651169959408337,50,0.56
二进三,-0.5,1.8,2,103000,8,20,120,2,3,0.0015,1.0,37,37,0.5405405405405406,0.01058253587291103,0.0008798191337456309,0.11305434449740104,-0.3651169959408337,50,0.56
一进二,0.3,1.8,1,103000,22,25,100,1,3,0.0015,1.0,52,52,0.5384615384615384,0.00501737497697574,0.005868380423035337,0.07963399708345165,-0.5522735947548527,72,0.4722222222222222
一进二,0.3,1.8,3,103000,22,25,100,1,3,0.0015,1.0,52,52,0.5384615384615384,0.00501737497697574,0.005868380423035337,0.07963399708345165,-0.5522735947548527,73,0.4794520547945205
一进二,0.3,1.8,5,103000,22,25,100,1,3,0.0015,1.0,52,52,0.5384615384615384,0.00501737497697574,0.005868380423035337,0.07963399708345165,-0.5522735947548527,73,0.4794520547945205
一进二,0.5,1.5,3,100000,12,25,100,1,3,0.0015,1.0,13,13,0.5384615384615384,0.013738369024615896,0.010780701754385781,0.14062151940708145,-0.1709178333912439,15,0.4666666666666667
一进二,0.5,1.5,5,100000,12,25,100,1,3,0.0015,1.0,13,13,0.5384615384615384,0.013738369024615896,0.010780701754385781,0.14062151940708145,-0.1709178333912439,15,0.4666666666666667
一进二,0.5,1.5,3,100000,22,30,90,1,3,0.0015,1.0,13,13,0.5384615384615384,0.007502447968744471,0.022736983842010672,0.04659296631228971,-0.22637825414298995,15,0.5333333333333333
一进二,0.5,1.5,5,100000,22,30,90,1,3,0.0015,1.0,13,13,0.5384615384615384,0.007502447968744471,0.022736983842010672,0.04659296631228971,-0.22637825414298995,15,0.5333333333333333
一进二,0.5,1.5,3,100000,12,25,100,2,3,0.0015,1.0,13,13,0.5384615384615384,-0.0007506747734939422,0.010780701754385781,-0.03784638465958301,-0.1709178333912439,18,0.3888888888888889
一进二,0.5,1.5,5,100000,12,25,100,2,3,0.0015,1.0,13,13,0.5384615384615384,-0.0007506747734939422,0.010780701754385781,-0.03784638465958301,-0.1709178333912439,18,0.3888888888888889
一进二,0.5,1.5,3,100000,22,30,90,2,3,0.0015,1.0,13,13,0.5384615384615384,-0.006986595829365368,0.01945336687481708,-0.11716271419228419,-0.22637825414298995,18,0.4444444444444444
一进二,0.5,1.5,5,100000,22,30,90,2,3,0.0015,1.0,13,13,0.5384615384615384,-0.006986595829365368,0.01945336687481708,-0.11716271419228419,-0.22637825414298995,18,0.4444444444444444
一进二,0.0,2.0,1,103000,12,20,120,1,3,0.0015,1.0,54,54,0.5370370370370371,-0.0019209956699224337,0.0034651148803079308,-0.28435108784520335,-0.6409004627891917,79,0.45569620253164556
一进二,0.0,2.0,3,103000,12,20,120,1,3,0.0015,1.0,54,54,0.5370370370370371,-0.0019209956699224337,0.0034651148803079308,-0.28435108784520335,-0.6409004627891917,79,0.45569620253164556
一进二,0.0,2.0,5,103000,12,20,120,1,3,0.0015,1.0,54,54,0.5370370370370371,-0.0019209956699224337,0.0034651148803079308,-0.28435108784520335,-0.6409004627891917,79,0.45569620253164556
全部,-0.5,1.8,3,103000,16,30,90,2,3,0.0015,1.0,127,127,0.5354330708661418,0.003906011426325068,0.0019721798359448317,0.21154549773306286,-0.6974163137120861,536,0.4197761194029851
全部,-0.5,1.8,5,103000,16,30,90,2,3,0.0015,1.0,127,127,0.5354330708661418,0.003906011426325068,0.0019721798359448317,0.21154549773306286,-0.6974163137120861,536,0.4197761194029851
全部,-0.5,1.8,1,103000,16,30,90,2,3,0.0015,1.0,127,127,0.5354330708661418,0.0037560450412746664,0.0019721798359448317,0.1903703638541454,-0.6974163137120861,535,0.41869158878504675
全部,-0.5,1.8,1,100000,16,20,120,2,3,0.0015,1.0,129,129,0.5348837209302325,0.0022363327082714703,0.0029539814461656544,-0.03446155419797048,-0.42704224814595027,607,0.41186161449752884
全部,-0.5,1.8,3,100000,16,20,120,2,3,0.0015,1.0,129,129,0.5348837209302325,0.0022270145219473953,0.0029539814461656544,-0.0356097497462472,-0.42704224814595027,607,0.41186161449752884
全部,-0.5,1.8,5,100000,16,20,120,2,3,0.0015,1.0,129,129,0.5348837209302325,0.0022270145219473953,0.0029539814461656544,-0.0356097497462472,-0.42704224814595027,607,0.41186161449752884
一进二,0.3,1.8,1,103000,22,30,90,1,3,0.0015,1.0,43,43,0.5348837209302325,0.003665775002546032,0.005362745098039192,-0.008642598393871936,-0.5454824408494177,62,0.5
一进二,0.3,1.8,3,103000,22,30,90,1,3,0.0015,1.0,43,43,0.5348837209302325,0.003665775002546032,0.005362745098039192,-0.008642598393871936,-0.5454824408494177,63,0.5079365079365079
一进二,0.3,1.8,5,103000,22,30,90,1,3,0.0015,1.0,43,43,0.5348837209302325,0.003665775002546032,0.005362745098039192,-0.008642598393871936,-0.5454824408494177,63,0.5079365079365079
一进二,0.3,1.8,1,103000,12,20,120,1,3,0.0015,1.0,45,45,0.5333333333333333,0.002415048303017142,0.005362745098039192,-0.0880859961988506,-0.5486107551651285,62,0.46774193548387094
一进二,0.3,1.8,3,103000,12,20,120,1,3,0.0015,1.0,45,45,0.5333333333333333,0.002415048303017142,0.005362745098039192,-0.0880859961988506,-0.5486107551651285,62,0.46774193548387094
一进二,0.3,1.8,5,103000,12,20,120,1,3,0.0015,1.0,45,45,0.5333333333333333,0.002415048303017142,0.005362745098039192,-0.0880859961988506,-0.5486107551651285,62,0.46774193548387094
二进三,-0.5,1.8,0,100000,12,25,100,2,3,0.0015,1.0,30,30,0.5333333333333333,0.022647889568270553,0.007446472812696116,0.4775246366769228,-0.5658673084357297,39,0.5641025641025641
二进三,-0.5,1.8,1,100000,12,25,100,2,3,0.0015,1.0,30,30,0.5333333333333333,0.01909723422403434,0.007446472812696116,0.34479110548004455,-0.5658673084357297,40,0.575
二进三,-0.5,1.8,2,100000,12,25,100,2,3,0.0015,1.0,30,30,0.5333333333333333,0.01909723422403434,0.007446472812696116,0.34479110548004455,-0.5658673084357297,40,0.575
二进三,-0.5,1.8,0,100000,12,25,100,1,3,0.0015,1.0,30,30,0.5333333333333333,0.01792831362992351,0.007446472812696116,0.2562677337009649,-0.6308779704793508,37,0.5405405405405406
二进三,-0.5,1.8,1,100000,12,25,100,1,3,0.0015,1.0,30,30,0.5333333333333333,0.014377658285687295,0.007446472812696116,0.1434108321755454,-0.6308779704793508,38,0.5526315789473685
二进三,-0.5,1.8,2,100000,12,25,100,1,3,0.0015,1.0,30,30,0.5333333333333333,0.014377658285687295,0.007446472812696116,0.1434108321755454,-0.6308779704793508,38,0.5526315789473685
一进二,0.3,1.8,0,103000,16,30,90,1,3,0.0015,1.0,30,30,0.5333333333333333,-0.006532598696575598,0.005868380423035337,-0.25104372873049297,-0.45677135848879413,37,0.5405405405405406
一进二,0.3,1.8,0,103000,16,30,90,2,3,0.0015,1.0,30,30,0.5333333333333333,-0.009178024010811199,0.005868380423035337,-0.3004660465539136,-0.45677135848879413,39,0.5641025641025641
一进二,0.5,1.5,3,100000,22,25,100,1,3,0.0015,1.0,15,15,0.5333333333333333,0.00712083502320426,0.010780701754385781,0.05628915898093001,-0.22753868676177536,18,0.5
一进二,0.5,1.5,5,100000,22,25,100,1,3,0.0015,1.0,15,15,0.5333333333333333,0.00712083502320426,0.010780701754385781,0.05628915898093001,-0.22753868676177536,18,0.5
一进二,0.5,1.5,3,100000,22,25,100,2,3,0.0015,1.0,15,15,0.5333333333333333,-0.005436336268490934,0.010780701754385781,-0.10898364105326519,-0.22753868676177536,22,0.45454545454545453
一进二,0.5,1.5,5,100000,22,25,100,2,3,0.0015,1.0,15,15,0.5333333333333333,-0.005436336268490934,0.010780701754385781,-0.10898364105326519,-0.22753868676177536,22,0.45454545454545453
一进二,0.0,2.0,1,103000,16,20,120,2,3,0.0015,1.0,62,62,0.532258064516129,0.005348569612827113,0.0034651148803079308,0.06673895279450748,-0.5197753681252454,110,0.509090909090909
一进二,0.0,2.0,3,103000,16,20,120,2,3,0.0015,1.0,62,62,0.532258064516129,0.005348569612827113,0.0034651148803079308,0.06673895279450748,-0.5197753681252454,110,0.509090909090909
一进二,0.0,2.0,5,103000,16,20,120,2,3,0.0015,1.0,62,62,0.532258064516129,0.005348569612827113,0.0034651148803079308,0.06673895279450748,-0.5197753681252454,110,0.509090909090909
一进二,0.5,1.5,3,103000,22,30,90,2,3,0.0015,1.0,32,32,0.53125,0.015874561450879267,0.003944848646030232,0.47279921333954045,-0.23961528173926105,49,0.5306122448979592
一进二,0.5,1.5,5,103000,22,30,90,2,3,0.0015,1.0,32,32,0.53125,0.015874561450879267,0.003944848646030232,0.47279921333954045,-0.23961528173926105,49,0.5306122448979592
一进二,0.0,2.0,1,103000,22,20,120,2,3,0.0015,1.0,68,68,0.5294117647058824,0.0029181372322984326,0.0034651148803079308,-0.07712199160040378,-0.5048508320898526,126,0.5
一进二,0.0,2.0,3,103000,22,20,120,2,3,0.0015,1.0,68,68,0.5294117647058824,0.0029181372322984326,0.0034651148803079308,-0.07712199160040378,-0.5048508320898526,126,0.5
一进二,0.0,2.0,5,103000,22,20,120,2,3,0.0015,1.0,68,68,0.5294117647058824,0.0029181372322984326,0.0034651148803079308,-0.07712199160040378,-0.5048508320898526,126,0.5
二进三,0.0,2.0,0,100000,8,20,120,1,3,0.0015,1.0,17,17,0.5294117647058824,0.03518632414401852,0.014013126491646601,0.5204644744999998,-0.3633660671291039,17,0.5294117647058824
二进三,0.0,2.0,0,100000,8,20,120,2,3,0.0015,1.0,17,17,0.5294117647058824,0.03518632414401852,0.014013126491646601,0.5204644744999998,-0.3633660671291039,17,0.5294117647058824
二进三,0.3,1.8,0,100000,12,20,120,2,3,0.0015,1.0,17,17,0.5294117647058824,0.02508662513103423,0.02711685214626397,0.34603532187422315,-0.26273458886342116,18,0.5555555555555556
二进三,0.3,1.8,1,100000,12,20,120,2,3,0.0015,1.0,17,17,0.5294117647058824,0.018820762758852676,0.02711685214626397,0.2251141426579344,-0.26273458886342116,19,0.5789473684210527
二进三,0.3,1.8,2,100000,12,20,120,2,3,0.0015,1.0,17,17,0.5294117647058824,0.018820762758852676,0.02711685214626397,0.2251141426579344,-0.26273458886342116,19,0.5789473684210527
二进三,0.3,1.8,0,100000,12,20,120,1,3,0.0015,1.0,17,17,0.5294117647058824,0.016757961710421806,0.02711685214626397,0.1444687291952964,-0.3731388809409173,17,0.5294117647058824
二进三,0.3,1.8,1,100000,12,20,120,1,3,0.0015,1.0,17,17,0.5294117647058824,0.010492099338240257,0.02711685214626397,0.04165529921950095,-0.3731388809409173,18,0.5555555555555556
二进三,0.3,1.8,2,100000,12,20,120,1,3,0.0015,1.0,17,17,0.5294117647058824,0.010492099338240257,0.02711685214626397,0.04165529921950095,-0.3731388809409173,18,0.5555555555555556
一进二,0.0,2.0,0,103000,16,20,120,1,3,0.0015,1.0,53,53,0.5283018867924528,0.0016005342455444834,0.005362745098039192,-0.1412099318607981,-0.6459797911078777,73,0.4657534246575342
一进二,0.3,1.8,1,103000,22,20,120,1,3,0.0015,1.0,59,59,0.5254237288135594,0.0041165383254859285,0.005362745098039192,0.000280150417415026,-0.4796188151097036,82,0.47560975609756095
一进二,0.3,1.8,3,103000,22,20,120,1,3,0.0015,1.0,59,59,0.5254237288135594,0.0041165383254859285,0.005362745098039192,0.000280150417415026,-0.4796188151097036,82,0.47560975609756095
一进二,0.3,1.8,5,103000,22,20,120,1,3,0.0015,1.0,59,59,0.5254237288135594,0.0041165383254859285,0.005362745098039192,0.000280150417415026,-0.4796188151097036,82,0.47560975609756095
一进二,0.0,2.0,0,103000,22,20,120,1,3,0.0015,1.0,59,59,0.5254237288135594,-0.0008261746621932736,0.005362745098039192,-0.2575483648416921,-0.6808888310688339,83,0.4578313253012048
一进二,0.3,1.8,1,103000,12,25,100,2,3,0.0015,1.0,40,40,0.525,0.0034364774999818245,0.0034392133210340865,-0.0053960848850356236,-0.44542323300791276,62,0.46774193548387094
一进二,0.3,1.8,3,103000,12,25,100,2,3,0.0015,1.0,40,40,0.525,0.0025906457731258103,0.0034392133210340865,-0.03918722417832765,-0.44542323300791276,65,0.46153846153846156
一进二,0.3,1.8,5,103000,12,25,100,2,3,0.0015,1.0,40,40,0.525,0.0025906457731258103,0.0034392133210340865,-0.03918722417832765,-0.44542323300791276,65,0.46153846153846156
一进二,0.3,1.8,0,103000,16,20,120,2,3,0.0015,1.0,40,40,0.525,-0.0026725863443908177,0.005868380423035337,-0.23623584624116833,-0.5313552323191979,56,0.5
二进三,-2.0,2.2,1,103000,8,30,90,1,3,0.0015,1.0,42,42,0.5238095238095238,0.015342815199791854,0.021337769742343082,0.3515092304524998,-0.4706151524309272,50,0.54
二进三,-2.0,2.2,2,103000,8,30,90,1,3,0.0015,1.0,42,42,0.5238095238095238,0.015342815199791854,0.021337769742343082,0.3515092304524998,-0.4706151524309272,50,0.54
二进三,-2.0,2.2,1,103000,8,30,90,2,3,0.0015,1.0,42,42,0.5238095238095238,0.011294783410597588,0.021337769742343082,0.17736751178105625,-0.4706151524309272,52,0.5384615384615384
二进三,-2.0,2.2,2,103000,8,30,90,2,3,0.0015,1.0,42,42,0.5238095238095238,0.011294783410597588,0.021337769742343082,0.17736751178105625,-0.4706151524309272,52,0.5384615384615384
二进三,0.0,2.2,0,100000,10,20,120,1,3,0.0015,1.0,21,21,0.5238095238095238,0.02042230396610354,0.014013126491646601,0.2558653347252522,-0.4079635574335104,21,0.5238095238095238
二进三,0.0,2.2,0,100000,10,20,120,2,3,0.0015,1.0,21,21,0.5238095238095238,0.02042230396610354,0.014013126491646601,0.2558653347252522,-0.4079635574335104,21,0.5238095238095238
全部,-1.0,2.0,1,100000,16,30,90,2,3,0.0015,1.0,128,128,0.5234375,0.00043814662992805497,0.0016975439980128355,-0.22069751251010183,-0.7165311598343158,589,0.41086587436332767
全部,-1.0,2.0,3,100000,16,30,90,2,3,0.0015,1.0,128,128,0.5234375,0.0003090068902791396,0.0016975439980128355,-0.23327666482022702,-0.7165311598343158,589,0.41086587436332767
全部,-1.0,2.0,5,100000,16,30,90,2,3,0.0015,1.0,128,128,0.5234375,0.0003090068902791396,0.0016975439980128355,-0.23327666482022702,-0.7165311598343158,589,0.41086587436332767
一进二,0.0,2.5,1,103000,16,20,120,1,3,0.0015,1.0,69,69,0.5217391304347826,-0.005570341445713023,0.0015674846625766694,-0.49561802980697267,-0.7187615776729102,106,0.4716981132075472
一进二,0.0,2.5,3,103000,16,20,120,1,3,0.0015,1.0,69,69,0.5217391304347826,-0.005570341445713023,0.0015674846625766694,-0.49561802980697267,-0.7187615776729102,106,0.4716981132075472
一进二,0.0,2.5,5,103000,16,20,120,1,3,0.0015,1.0,69,69,0.5217391304347826,-0.005570341445713023,0.0015674846625766694,-0.49561802980697267,-0.7187615776729102,106,0.4716981132075472
一进二,0.0,2.0,1,103000,16,30,90,1,3,0.0015,1.0,48,48,0.5208333333333334,0.0030959440804526083,0.0034392133210340865,-0.01857012995933538,-0.4593740597577656,68,0.4852941176470588
一进二,0.0,2.0,3,103000,16,30,90,1,3,0.0015,1.0,48,48,0.5208333333333334,0.0030959440804526083,0.0034392133210340865,-0.01857012995933538,-0.4593740597577656,68,0.4852941176470588
一进二,0.0,2.0,5,103000,16,30,90,1,3,0.0015,1.0,48,48,0.5208333333333334,0.0030959440804526083,0.0034392133210340865,-0.01857012995933538,-0.4593740597577656,68,0.4852941176470588
二进三,-0.5,1.8,1,100000,8,25,100,1,3,0.0015,1.0,25,25,0.52,0.01056679149837376,0.0008798191337456309,0.02191186857979832,-0.5701084393397197,29,0.5517241379310345
二进三,-0.5,1.8,2,100000,8,25,100,1,3,0.0015,1.0,25,25,0.52,0.01056679149837376,0.0008798191337456309,0.02191186857979832,-0.5701084393397197,29,0.5517241379310345
二进三,-0.5,1.8,1,100000,8,25,100,2,3,0.0015,1.0,25,25,0.52,0.01056679149837376,0.0008798191337456309,0.02191186857979832,-0.5701084393397197,30,0.5666666666666667
二进三,-0.5,1.8,2,100000,8,25,100,2,3,0.0015,1.0,25,25,0.52,0.01056679149837376,0.0008798191337456309,0.02191186857979832,-0.5701084393397197,30,0.5666666666666667
全部,-1.0,2.0,1,103000,16,30,90,2,3,0.0015,1.0,129,129,0.5193798449612403,-0.0009446227983675809,0.000709395454168872,-0.358847768736841,-0.6776860945639267,613,0.41435562805872755
全部,-1.0,2.0,3,103000,16,30,90,2,3,0.0015,1.0,129,129,0.5193798449612403,-0.001072761454763404,0.000709395454168872,-0.36919696138091096,-0.6776860945639267,614,0.4153094462540717
全部,-1.0,2.0,5,103000,16,30,90,2,3,0.0015,1.0,129,129,0.5193798449612403,-0.001072761454763404,0.000709395454168872,-0.36919696138091096,-0.6776860945639267,614,0.4153094462540717
全部,-2.0,2.5,1,100000,16,25,100,2,3,0.0015,1.0,135,135,0.5185185185185185,0.0024382434953248012,0.0007819472616633087,0.03265281657465757,-0.7177352271158095,732,0.41939890710382516
全部,-2.0,2.5,3,100000,16,25,100,2,3,0.0015,1.0,135,135,0.5185185185185185,0.0024382434953248012,0.0007819472616633087,0.03265281657465757,-0.7177352271158095,732,0.41939890710382516
全部,-2.0,2.5,5,100000,16,25,100,2,3,0.0015,1.0,135,135,0.5185185185185185,0.0024382434953248012,0.0007819472616633087,0.03265281657465757,-0.7177352271158095,732,0.41939890710382516
一进二,0.0,2.0,1,103000,12,20,120,2,3,0.0015,1.0,54,54,0.5185185185185185,-0.005363691153411391,0.001541583103302825,-0.3928568228241406,-0.6196353844771665,95,0.47368421052631576
一进二,0.0,2.0,3,103000,12,20,120,2,3,0.0015,1.0,54,54,0.5185185185185185,-0.005363691153411391,0.001541583103302825,-0.3928568228241406,-0.6196353844771665,95,0.47368421052631576
一进二,0.0,2.0,5,103000,12,20,120,2,3,0.0015,1.0,54,54,0.5185185185185185,-0.005363691153411391,0.001541583103302825,-0.3928568228241406,-0.6196353844771665,95,0.47368421052631576
一进二,0.0,2.0,1,103000,16,25,100,1,3,0.0015,1.0,56,56,0.5178571428571429,0.005311345624552834,0.0034392133210340865,0.062085376137849035,-0.5162961087849112,81,0.48148148148148145
一进二,0.0,2.0,3,103000,16,25,100,1,3,0.0015,1.0,56,56,0.5178571428571429,0.005311345624552834,0.0034392133210340865,0.062085376137849035,-0.5162961087849112,81,0.48148148148148145
一进二,0.0,2.0,5,103000,16,25,100,1,3,0.0015,1.0,56,56,0.5178571428571429,0.005311345624552834,0.0034392133210340865,0.062085376137849035,-0.5162961087849112,81,0.48148148148148145
二进三,-0.5,1.8,1,100000,10,25,100,1,3,0.0015,1.0,29,29,0.5172413793103449,0.009711385272457485,0.0008798191337456309,-0.0029751493516820826,-0.6308779704793508,34,0.5294117647058824
二进三,-0.5,1.8,2,100000,10,25,100,1,3,0.0015,1.0,29,29,0.5172413793103449,0.009711385272457485,0.0008798191337456309,-0.0029751493516820826,-0.6308779704793508,34,0.5294117647058824
二进三,-0.5,1.8,1,100000,10,25,100,2,3,0.0015,1.0,29,29,0.5172413793103449,0.009711385272457485,0.0008798191337456309,-0.0029751493516820826,-0.6308779704793508,35,0.5428571428571428
二进三,-0.5,1.8,2,100000,10,25,100,2,3,0.0015,1.0,29,29,0.5172413793103449,0.009711385272457485,0.0008798191337456309,-0.0029751493516820826,-0.6308779704793508,35,0.5428571428571428
一进二,0.0,2.0,1,103000,22,25,100,1,3,0.0015,1.0,62,62,0.5161290322580645,0.0027084109658874578,0.0034392133210340865,-0.07788837318295216,-0.5834579759015246,91,0.46153846153846156
一进二,0.0,2.0,3,103000,22,25,100,1,3,0.0015,1.0,62,62,0.5161290322580645,0.0027084109658874578,0.0034392133210340865,-0.07788837318295216,-0.5834579759015246,91,0.46153846153846156
一进二,0.0,2.0,5,103000,22,25,100,1,3,0.0015,1.0,62,62,0.5161290322580645,0.0027084109658874578,0.0034392133210340865,-0.07788837318295216,-0.5834579759015246,91,0.46153846153846156
一进二,0.3,1.8,0,103000,22,30,90,1,3,0.0015,1.0,35,35,0.5142857142857142,-0.010228824384357078,0.005362745098039192,-0.3707973989827723,-0.554396342801555,44,0.5
一进二,0.3,1.8,0,103000,22,30,90,2,3,0.0015,1.0,35,35,0.5142857142857142,-0.012496331796559021,0.005362745098039192,-0.41231738101067705,-0.554396342801555,46,0.5217391304347826
一进二,0.3,1.8,1,103000,16,30,90,2,3,0.0015,1.0,37,37,0.5135135135135135,0.004656002343821207,0.0015156815440289808,0.03754007700152129,-0.43773779505827726,60,0.5166666666666667
一进二,0.3,1.8,3,103000,16,30,90,2,3,0.0015,1.0,37,37,0.5135135135135135,0.0037415896661390285,0.0015156815440289808,0.002290204432621623,-0.43773779505827726,63,0.5079365079365079
一进二,0.3,1.8,5,103000,16,30,90,2,3,0.0015,1.0,37,37,0.5135135135135135,0.0037415896661390285,0.0015156815440289808,0.002290204432621623,-0.43773779505827726,63,0.5079365079365079
全部,-2.0,2.5,1,100000,12,30,90,2,3,0.0015,1.0,119,119,0.5126050420168067,0.006618283430972259,0.005459547629404206,0.35977072554988143,-0.5922761489227107,475,0.4378947368421053
全部,-2.0,2.5,3,100000,12,30,90,2,3,0.0015,1.0,119,119,0.5126050420168067,0.005975033627302664,0.005459547629404206,0.2637570627546302,-0.5922761489227107,475,0.4378947368421053
全部,-2.0,2.5,5,100000,12,30,90,2,3,0.0015,1.0,119,119,0.5126050420168067,0.005975033627302664,0.005459547629404206,0.2637570627546302,-0.5922761489227107,475,0.4378947368421053
全部,-2.0,2.5,1,103000,12,30,90,2,3,0.0015,1.0,123,123,0.5121951219512195,0.00783320040867679,0.0015323876815070984,0.6233451006668742,-0.5619990851631987,509,0.4400785854616896
全部,-2.0,2.5,3,103000,12,30,90,2,3,0.0015,1.0,123,123,0.5121951219512195,0.007210869297809459,0.0015323876815070984,0.5087204024239238,-0.5619990851631987,509,0.4400785854616896
全部,-2.0,2.5,5,103000,12,30,90,2,3,0.0015,1.0,123,123,0.5121951219512195,0.007210869297809459,0.0015323876815070984,0.5087204024239238,-0.5619990851631987,509,0.4400785854616896
全部,-0.5,1.8,3,103000,16,30,90,1,3,0.0015,1.0,127,127,0.5118110236220472,0.014670208110538017,0.0015156815440289808,2.921263607837352,-0.6673776075338654,323,0.4241486068111455
全部,-0.5,1.8,5,103000,16,30,90,1,3,0.0015,1.0,127,127,0.5118110236220472,0.014670208110538017,0.0015156815440289808,2.921263607837352,-0.6673776075338654,323,0.4241486068111455
全部,-0.5,1.8,1,103000,16,30,90,1,3,0.0015,1.0,127,127,0.5118110236220472,0.014370275340437211,0.0015156815440289808,2.7865481179831715,-0.6673776075338654,323,0.4241486068111455
一进二,0.0,2.0,1,103000,12,30,90,1,3,0.0015,1.0,43,43,0.5116279069767442,0.0003503770520384355,0.0015156815440289808,-0.13479063499609567,-0.5125581863269715,59,0.4576271186440678
一进二,0.0,2.0,3,103000,12,30,90,1,3,0.0015,1.0,43,43,0.5116279069767442,0.0003503770520384355,0.0015156815440289808,-0.13479063499609567,-0.5125581863269715,59,0.4576271186440678
一进二,0.0,2.0,5,103000,12,30,90,1,3,0.0015,1.0,43,43,0.5116279069767442,0.0003503770520384355,0.0015156815440289808,-0.13479063499609567,-0.5125581863269715,59,0.4576271186440678
一进二,0.0,2.0,1,103000,12,30,90,2,3,0.0015,1.0,43,43,0.5116279069767442,-0.0006181092787530153,0.0015156815440289808,-0.1531602624311832,-0.4836929629941231,71,0.4647887323943662
一进二,0.0,2.0,3,103000,12,30,90,2,3,0.0015,1.0,43,43,0.5116279069767442,-0.0006181092787530153,0.0015156815440289808,-0.1531602624311832,-0.4836929629941231,72,0.4722222222222222
一进二,0.0,2.0,5,103000,12,30,90,2,3,0.0015,1.0,43,43,0.5116279069767442,-0.0006181092787530153,0.0015156815440289808,-0.1531602624311832,-0.4836929629941231,73,0.4794520547945205
二进三,-1.0,2.0,1,103000,12,30,90,1,3,0.0015,1.0,45,45,0.5111111111111111,0.018515411662105588,0.014013126491646601,0.536268611131939,-0.45333608332253816,55,0.5272727272727272
二进三,-1.0,2.0,2,103000,12,30,90,1,3,0.0015,1.0,45,45,0.5111111111111111,0.018515411662105588,0.014013126491646601,0.536268611131939,-0.45333608332253816,55,0.5272727272727272
二进三,-1.0,2.0,1,103000,12,30,90,2,3,0.0015,1.0,45,45,0.5111111111111111,0.018515411662105588,0.014013126491646601,0.536268611131939,-0.45333608332253816,57,0.5263157894736842
二进三,-1.0,2.0,2,103000,12,30,90,2,3,0.0015,1.0,45,45,0.5111111111111111,0.018515411662105588,0.014013126491646601,0.536268611131939,-0.45333608332253816,57,0.5263157894736842
一进二,0.3,1.8,1,103000,16,25,100,2,3,0.0015,1.0,45,45,0.5111111111111111,0.005666184331053385,0.0015156815440289808,0.10715600978991358,-0.45730155637247605,72,0.5
一进二,0.3,1.8,3,103000,16,25,100,2,3,0.0015,1.0,45,45,0.5111111111111111,0.004914333907181371,0.0015156815440289808,0.06954097291174888,-0.45730155637247605,75,0.49333333333333335
一进二,0.3,1.8,5,103000,16,25,100,2,3,0.0015,1.0,45,45,0.5111111111111111,0.004914333907181371,0.0015156815440289808,0.06954097291174888,-0.45730155637247605,75,0.49333333333333335
一进二,0.3,1.8,0,103000,22,20,120,2,3,0.0015,1.0,47,47,0.5106382978723404,-0.006253704804403096,0.005362745098039192,-0.3749930020691342,-0.598001007245335,65,0.47692307692307695
一进二,0.0,2.5,1,103000,12,20,120,1,3,0.0015,1.0,61,61,0.5081967213114754,-0.010992433813176041,0.0015156815440289808,-0.6091396005932443,-0.7303732979024133,92,0.44565217391304346
一进二,0.0,2.5,3,103000,12,20,120,1,3,0.0015,1.0,61,61,0.5081967213114754,-0.010992433813176041,0.0015156815440289808,-0.6091396005932443,-0.7303732979024133,92,0.44565217391304346
一进二,0.0,2.5,5,103000,12,20,120,1,3,0.0015,1.0,61,61,0.5081967213114754,-0.010992433813176041,0.0015156815440289808,-0.6091396005932443,-0.7303732979024133,92,0.44565217391304346
全部,-2.0,2.5,1,103000,12,25,100,2,3,0.0015,1.0,128,128,0.5078125,0.002879740576399519,0.002475906461443246,-0.08187537230166242,-0.6989394603086649,565,0.4336283185840708
全部,-2.0,2.5,3,103000,12,25,100,2,3,0.0015,1.0,128,128,0.5078125,0.002281719274550443,0.002475906461443246,-0.14670432232350938,-0.6989394603086649,565,0.4336283185840708
全部,-2.0,2.5,5,103000,12,25,100,2,3,0.0015,1.0,128,128,0.5078125,0.002281719274550443,0.002475906461443246,-0.14670432232350938,-0.6989394603086649,565,0.4336283185840708
首板,-2.0,2.5,2,100000,16,25,100,2,3,0.0015,1.0,134,134,0.5074626865671642,0.0013488008290918846,0.00035123218240756815,-0.07014153338774354,-0.657833940188082,697,0.430416068866571
首板,-2.0,2.5,2,103000,16,25,100,2,3,0.0015,1.0,134,134,0.5074626865671642,0.0013488008290918846,0.00035123218240756815,-0.07014153338774354,-0.657833940188082,697,0.430416068866571
首板,-2.0,2.5,5,100000,16,25,100,2,3,0.0015,1.0,134,134,0.5074626865671642,0.0013488008290918846,0.00035123218240756815,-0.07014153338774354,-0.657833940188082,697,0.430416068866571
首板,-2.0,2.5,5,103000,16,25,100,2,3,0.0015,1.0,134,134,0.5074626865671642,0.0013488008290918846,0.00035123218240756815,-0.07014153338774354,-0.657833940188082,697,0.430416068866571
首板,-2.0,2.5,8,100000,16,25,100,2,3,0.0015,1.0,134,134,0.5074626865671642,0.0013488008290918846,0.00035123218240756815,-0.07014153338774354,-0.657833940188082,697,0.430416068866571
首板,-2.0,2.5,8,103000,16,25,100,2,3,0.0015,1.0,134,134,0.5074626865671642,0.0013488008290918846,0.00035123218240756815,-0.07014153338774354,-0.657833940188082,697,0.430416068866571
首板,-2.0,2.5,2,100000,22,20,120,2,3,0.0015,1.0,137,137,0.5036496350364964,-0.001150888049883652,0.0005009285517432738,-0.32995311038895614,-0.5349059435384526,809,0.4264524103831891
首板,-2.0,2.5,2,103000,22,20,120,2,3,0.0015,1.0,137,137,0.5036496350364964,-0.001150888049883652,0.0005009285517432738,-0.32995311038895614,-0.5349059435384526,809,0.4264524103831891
首板,-2.0,2.5,5,100000,22,20,120,2,3,0.0015,1.0,137,137,0.5036496350364964,-0.001150888049883652,0.0005009285517432738,-0.32995311038895614,-0.5349059435384526,809,0.4264524103831891
首板,-2.0,2.5,5,103000,22,20,120,2,3,0.0015,1.0,137,137,0.5036496350364964,-0.001150888049883652,0.0005009285517432738,-0.32995311038895614,-0.5349059435384526,809,0.4264524103831891
首板,-2.0,2.5,8,100000,22,20,120,2,3,0.0015,1.0,137,137,0.5036496350364964,-0.001150888049883652,0.0005009285517432738,-0.32995311038895614,-0.5349059435384526,809,0.4264524103831891
首板,-2.0,2.5,8,103000,22,20,120,2,3,0.0015,1.0,137,137,0.5036496350364964,-0.001150888049883652,0.0005009285517432738,-0.32995311038895614,-0.5349059435384526,809,0.4264524103831891
首板,-0.5,1.8,2,100000,16,20,120,2,3,0.0015,1.0,128,128,0.5,-0.0006065468652258609,-0.0013332010100905178,-0.3194358911139942,-0.5526930054746695,553,0.4050632911392405
首板,-0.5,1.8,2,103000,16,20,120,2,3,0.0015,1.0,128,128,0.5,-0.0006065468652258609,-0.0013332010100905178,-0.3194358911139942,-0.5526930054746695,553,0.4050632911392405
首板,-0.5,1.8,5,100000,16,20,120,2,3,0.0015,1.0,128,128,0.5,-0.0006065468652258609,-0.0013332010100905178,-0.3194358911139942,-0.5526930054746695,553,0.4050632911392405
首板,-0.5,1.8,5,103000,16,20,120,2,3,0.0015,1.0,128,128,0.5,-0.0006065468652258609,-0.0013332010100905178,-0.3194358911139942,-0.5526930054746695,553,0.4050632911392405
首板,-0.5,1.8,8,100000,16,20,120,2,3,0.0015,1.0,128,128,0.5,-0.0006065468652258609,-0.0013332010100905178,-0.3194358911139942,-0.5526930054746695,553,0.4050632911392405
首板,-0.5,1.8,8,103000,16,20,120,2,3,0.0015,1.0,128,128,0.5,-0.0006065468652258609,-0.0013332010100905178,-0.3194358911139942,-0.5526930054746695,553,0.4050632911392405
全部,-2.0,2.5,1,100000,12,25,100,2,3,0.0015,1.0,124,124,0.5,0.003222067111185641,-0.0011150728885212504,-0.07702181243506012,-0.6547324312913883,532,0.4323308270676692
全部,-2.0,2.5,3,100000,12,25,100,2,3,0.0015,1.0,124,124,0.5,0.002604754799599498,-0.0011150728885212504,-0.14219347321809073,-0.6547324312913883,532,0.4323308270676692
全部,-2.0,2.5,5,100000,12,25,100,2,3,0.0015,1.0,124,124,0.5,0.002604754799599498,-0.0011150728885212504,-0.14219347321809073,-0.6547324312913883,532,0.4323308270676692
全部,-0.5,1.8,1,100000,16,30,90,2,3,0.0015,1.0,124,124,0.5,-0.0010981371906722956,-0.00033205735118116333,-0.3722612312759527,-0.8517684224411901,508,0.41732283464566927
全部,-0.5,1.8,3,100000,16,30,90,2,3,0.0015,1.0,124,124,0.5,-0.0010981371906722956,-0.00033205735118116333,-0.3722612312759527,-0.8517684224411901,508,0.41732283464566927
全部,-0.5,1.8,5,100000,16,30,90,2,3,0.0015,1.0,124,124,0.5,-0.0010981371906722956,-0.00033205735118116333,-0.3722612312759527,-0.8517684224411901,508,0.41732283464566927
一进二,0.0,2.0,1,103000,22,25,100,2,3,0.0015,1.0,62,62,0.5,0.0011316794877635904,-0.0001834369632571762,-0.14614472923879374,-0.5953542875399034,110,0.4818181818181818
一进二,0.0,2.0,3,103000,22,25,100,2,3,0.0015,1.0,62,62,0.5,0.0011316794877635904,-0.0001834369632571762,-0.14614472923879374,-0.5953542875399034,111,0.4864864864864865
一进二,0.0,2.0,5,103000,22,25,100,2,3,0.0015,1.0,62,62,0.5,0.0011316794877635904,-0.0001834369632571762,-0.14614472923879374,-0.5953542875399034,111,0.4864864864864865
一进二,0.0,2.0,1,103000,16,25,100,2,3,0.0015,1.0,56,56,0.5,0.003631109150720183,-0.0001834369632571762,-0.013043252651118609,-0.5305437505416752,96,0.4895833333333333
一进二,0.0,2.0,3,103000,16,25,100,2,3,0.0015,1.0,56,56,0.5,0.003631109150720183,-0.0001834369632571762,-0.013043252651118609,-0.5305437505416752,97,0.4948453608247423
一进二,0.0,2.0,5,103000,16,25,100,2,3,0.0015,1.0,56,56,0.5,0.003631109150720183,-0.0001834369632571762,-0.013043252651118609,-0.5305437505416752,97,0.4948453608247423
一进二,0.0,2.0,1,103000,22,30,90,1,3,0.0015,1.0,54,54,0.5,-0.0010171403091389754,-0.0001834369632571762,-0.20971191078476747,-0.5646655412306523,77,0.45454545454545453
一进二,0.0,2.0,3,103000,22,30,90,1,3,0.0015,1.0,54,54,0.5,-0.0010171403091389754,-0.0001834369632571762,-0.20971191078476747,-0.5646655412306523,77,0.45454545454545453
一进二,0.0,2.0,5,103000,22,30,90,1,3,0.0015,1.0,54,54,0.5,-0.0010171403091389754,-0.0001834369632571762,-0.20971191078476747,-0.5646655412306523,77,0.45454545454545453
一进二,0.3,1.8,1,103000,22,25,100,2,3,0.0015,1.0,52,52,0.5,0.0014021646602044217,-0.0001834369632571762,-0.08929458116718925,-0.5745270459374245,86,0.4883720930232558
一进二,0.3,1.8,3,103000,22,25,100,2,3,0.0015,1.0,52,52,0.5,0.0007515248703151791,-0.0001834369632571762,-0.12023531364900164,-0.5745270459374245,89,0.48314606741573035
一进二,0.3,1.8,5,103000,22,25,100,2,3,0.0015,1.0,52,52,0.5,0.0007515248703151791,-0.0001834369632571762,-0.12023531364900164,-0.5745270459374245,89,0.48314606741573035
一进二,0.0,2.0,1,103000,16,30,90,2,3,0.0015,1.0,48,48,0.5,0.0011356681943145142,-0.0001834369632571762,-0.08799343814649208,-0.45632317941435085,81,0.48148148148148145
一进二,0.0,2.0,3,103000,16,30,90,2,3,0.0015,1.0,48,48,0.5,0.0011356681943145142,-0.0001834369632571762,-0.08799343814649208,-0.45632317941435085,82,0.4878048780487805
一进二,0.0,2.0,5,103000,16,30,90,2,3,0.0015,1.0,48,48,0.5,0.0011356681943145142,-0.0001834369632571762,-0.08799343814649208,-0.45632317941435085,83,0.4939759036144578
二进三,-0.5,1.8,1,103000,10,20,120,1,3,0.0015,1.0,44,44,0.5,0.005973631266903334,-0.006512111883726022,-0.06618758017949156,-0.46214666302548346,57,0.5087719298245614
二进三,-0.5,1.8,2,103000,10,20,120,1,3,0.0015,1.0,44,44,0.5,0.005973631266903334,-0.006512111883726022,-0.06618758017949156,-0.46214666302548346,57,0.5087719298245614
二进三,-0.5,1.8,1,103000,10,20,120,2,3,0.0015,1.0,44,44,0.5,0.005973631266903334,-0.006512111883726022,-0.06618758017949156,-0.46214666302548346,58,0.5172413793103449
二进三,-0.5,1.8,2,103000,10,20,120,2,3,0.0015,1.0,44,44,0.5,0.005973631266903334,-0.006512111883726022,-0.06618758017949156,-0.46214666302548346,58,0.5172413793103449
二进三,-2.0,2.2,1,103000,8,25,100,1,3,0.0015,1.0,44,44,0.5,0.00444609929743014,0.0005422775315376289,-0.14198578143007823,-0.5604843224453273,59,0.5254237288135594
二进三,-2.0,2.2,2,103000,8,25,100,1,3,0.0015,1.0,44,44,0.5,0.00444609929743014,0.0005422775315376289,-0.14198578143007823,-0.5604843224453273,59,0.5254237288135594
二进三,-2.0,2.2,1,103000,8,25,100,2,3,0.0015,1.0,44,44,0.5,7.396275939649836e-05,0.0005422775315376289,-0.26971080106091194,-0.5705805295546887,62,0.5161290322580645
二进三,-2.0,2.2,2,103000,8,25,100,2,3,0.0015,1.0,44,44,0.5,7.396275939649836e-05,0.0005422775315376289,-0.26971080106091194,-0.5705805295546887,62,0.5161290322580645
二进三,-1.0,2.0,1,103000,10,30,90,1,3,0.0015,1.0,42,42,0.5,0.015141838096109245,0.0005422775315376289,0.29585633725658567,-0.4756452595669648,49,0.5102040816326531
二进三,-1.0,2.0,2,103000,10,30,90,1,3,0.0015,1.0,42,42,0.5,0.015141838096109245,0.0005422775315376289,0.29585633725658567,-0.4756452595669648,49,0.5102040816326531
二进三,-1.0,2.0,1,103000,10,30,90,2,3,0.0015,1.0,42,42,0.5,0.015141838096109245,0.0005422775315376289,0.29585633725658567,-0.4756452595669648,51,0.5098039215686274
二进三,-1.0,2.0,2,103000,10,30,90,2,3,0.0015,1.0,42,42,0.5,0.015141838096109245,0.0005422775315376289,0.29585633725658567,-0.4756452595669648,51,0.5098039215686274
一进二,0.3,1.8,0,103000,16,20,120,1,3,0.0015,1.0,40,40,0.5,-0.0020321924308722983,0.0019313725490195958,-0.2260920440229779,-0.5564667838900381,52,0.46153846153846156
二进三,-0.5,1.8,0,103000,12,25,100,2,3,0.0015,1.0,34,34,0.5,0.018161081129984456,-0.00421634043312724,0.36343134005259636,-0.5526599767747551,45,0.5333333333333333
二进三,-0.5,1.8,0,103000,12,25,100,1,3,0.0015,1.0,34,34,0.5,0.013996749419678241,-0.00421634043312724,0.15925972204230354,-0.6196484151798286,43,0.5116279069767442
二进三,-0.5,1.8,0,100000,12,20,120,1,3,0.0015,1.0,34,34,0.5,0.004886130017922123,-0.010582568807339432,-0.11585591229339076,-0.5407364477498988,44,0.5
二进三,-0.5,1.8,0,100000,12,20,120,2,3,0.0015,1.0,34,34,0.5,0.004886130017922123,-0.010582568807339432,-0.11585591229339076,-0.5407364477498988,46,0.5217391304347826
二进三,-0.5,1.8,1,100000,12,20,120,1,3,0.0015,1.0,34,34,0.5,0.0017531988318313472,-0.010582568807339432,-0.19528305951990554,-0.5407364477498988,45,0.5111111111111111
二进三,-0.5,1.8,2,100000,12,20,120,1,3,0.0015,1.0,34,34,0.5,0.0017531988318313472,-0.010582568807339432,-0.19528305951990554,-0.5407364477498988,45,0.5111111111111111
二进三,-0.5,1.8,1,100000,12,20,120,2,3,0.0015,1.0,34,34,0.5,0.0017531988318313472,-0.010582568807339432,-0.19528305951990554,-0.5407364477498988,47,0.5319148936170213
二进三,-0.5,1.8,2,100000,12,20,120,2,3,0.0015,1.0,34,34,0.5,0.0017531988318313472,-0.010582568807339432,-0.19528305951990554,-0.5407364477498988,47,0.5319148936170213
二进三,-1.0,2.0,0,100000,12,30,90,1,3,0.0015,1.0,32,32,0.5,0.015968585085553634,-0.0037434367541766536,0.20696818121227256,-0.5663518854770684,36,0.5
二进三,-1.0,2.0,0,100000,12,30,90,2,3,0.0015,1.0,32,32,0.5,0.015968585085553634,-0.0037434367541766536,0.20696818121227256,-0.5663518854770684,38,0.5
二进三,-1.0,2.0,1,100000,12,30,90,1,3,0.0015,1.0,32,32,0.5,0.012639845700332185,-0.0037434367541766536,0.09854010850352002,-0.5663518854770684,37,0.5135135135135135
二进三,-1.0,2.0,2,100000,12,30,90,1,3,0.0015,1.0,32,32,0.5,0.012639845700332185,-0.0037434367541766536,0.09854010850352002,-0.5663518854770684,37,0.5135135135135135
二进三,-1.0,2.0,1,100000,12,30,90,2,3,0.0015,1.0,32,32,0.5,0.012639845700332185,-0.0037434367541766536,0.09854010850352002,-0.5663518854770684,39,0.5128205128205128
二进三,-1.0,2.0,2,100000,12,30,90,2,3,0.0015,1.0,32,32,0.5,0.012639845700332185,-0.0037434367541766536,0.09854010850352002,-0.5663518854770684,39,0.5128205128205128
二进三,-0.5,1.8,0,103000,10,25,100,1,3,0.0015,1.0,30,30,0.5,0.008194106318054627,-0.01031009043312714,-0.04804307871546798,-0.6196484151798287,37,0.5135135135135135
二进三,-0.5,1.8,0,103000,10,25,100,2,3,0.0015,1.0,30,30,0.5,0.008194106318054627,-0.01031009043312714,-0.04804307871546798,-0.6196484151798287,38,0.5263157894736842
二进三,-1.0,2.0,0,103000,8,30,90,1,3,0.0015,1.0,28,28,0.5,0.015367443626296901,0.0005422775315376289,0.17097042160632214,-0.3774377493290876,32,0.5
二进三,-1.0,2.0,0,103000,8,30,90,2,3,0.0015,1.0,28,28,0.5,0.015367443626296901,0.0005422775315376289,0.17097042160632214,-0.3774377493290876,33,0.5151515151515151
二进三,-0.5,1.8,0,100000,10,25,100,1,3,0.0015,1.0,28,28,0.5,0.007229470129458186,-0.01031009043312714,-0.07614879278888664,-0.6308779704793508,33,0.5151515151515151
二进三,-0.5,1.8,0,100000,10,25,100,2,3,0.0015,1.0,28,28,0.5,0.007229470129458186,-0.01031009043312714,-0.07614879278888664,-0.6308779704793508,34,0.5294117647058824
二进三,-1.0,2.0,1,100000,8,30,90,1,3,0.0015,1.0,26,26,0.5,0.01098043067232314,-0.0037434367541766536,0.03150289576812293,-0.49495925515000383,28,0.5
二进三,-1.0,2.0,2,100000,8,30,90,1,3,0.0015,1.0,26,26,0.5,0.01098043067232314,-0.0037434367541766536,0.03150289576812293,-0.49495925515000383,28,0.5
二进三,-1.0,2.0,1,100000,8,30,90,2,3,0.0015,1.0,26,26,0.5,0.01098043067232314,-0.0037434367541766536,0.03150289576812293,-0.49495925515000383,29,0.5172413793103449
二进三,-1.0,2.0,2,100000,8,30,90,2,3,0.0015,1.0,26,26,0.5,0.01098043067232314,-0.0037434367541766536,0.03150289576812293,-0.49495925515000383,29,0.5172413793103449
二进三,-0.5,1.8,0,103000,8,25,100,1,3,0.0015,1.0,26,26,0.5,0.008783184773065987,-0.01031009043312714,-0.024281014054191252,-0.5570301327983801,32,0.53125
二进三,-0.5,1.8,0,103000,8,25,100,2,3,0.0015,1.0,26,26,0.5,0.008783184773065987,-0.01031009043312714,-0.024281014054191252,-0.5570301327983801,33,0.5454545454545454
二进三,-0.5,1.8,0,100000,8,25,100,1,3,0.0015,1.0,24,24,0.5,0.0077068657576210885,-0.01031009043312714,-0.0530882827675645,-0.5701084393397197,28,0.5357142857142857
二进三,-0.5,1.8,0,100000,8,25,100,2,3,0.0015,1.0,24,24,0.5,0.0077068657576210885,-0.01031009043312714,-0.0530882827675645,-0.5701084393397197,29,0.5517241379310345
二进三,0.0,2.0,0,100000,10,20,120,1,3,0.0015,1.0,20,20,0.5,0.01991112116267109,-0.0037434367541766536,0.2185225416135188,-0.40796355743351065,20,0.5
二进三,0.0,2.0,0,100000,10,20,120,2,3,0.0015,1.0,20,20,0.5,0.01991112116267109,-0.0037434367541766536,0.2185225416135188,-0.40796355743351065,20,0.5
一进二,0.3,1.8,1,100000,16,30,90,1,3,0.0015,1.0,20,20,0.5,6.848815707299893e-05,0.0017400948137479293,-0.08280967724137267,-0.4390527818309703,26,0.46153846153846156
一进二,0.3,1.8,3,100000,16,30,90,1,3,0.0015,1.0,20,20,0.5,6.848815707299893e-05,0.0017400948137479293,-0.08280967724137267,-0.4390527818309703,27,0.48148148148148145
一进二,0.3,1.8,5,100000,16,30,90,1,3,0.0015,1.0,20,20,0.5,6.848815707299893e-05,0.0017400948137479293,-0.08280967724137267,-0.4390527818309703,27,0.48148148148148145
一进二,0.3,1.8,1,100000,16,30,90,2,3,0.0015,1.0,20,20,0.5,-0.0021526197653635613,0.0017400948137479293,-0.11442822961212318,-0.4390527818309703,31,0.45161290322580644
一进二,0.3,1.8,3,100000,16,30,90,2,3,0.0015,1.0,20,20,0.5,-0.0038442832190755923,0.0017400948137479293,-0.1445150597488466,-0.4390527818309703,33,0.45454545454545453
一进二,0.3,1.8,5,100000,16,30,90,2,3,0.0015,1.0,20,20,0.5,-0.0038442832190755923,0.0017400948137479293,-0.1445150597488466,-0.4390527818309703,33,0.45454545454545453
一进二,0.3,1.8,1,100000,12,30,90,1,3,0.0015,1.0,18,18,0.5,0.0017136629457609126,0.0017400948137479293,-0.05379589966242082,-0.42658043635034293,24,0.4583333333333333
一进二,0.3,1.8,3,100000,12,30,90,1,3,0.0015,1.0,18,18,0.5,0.0017136629457609126,0.0017400948137479293,-0.05379589966242082,-0.42658043635034293,25,0.48
一进二,0.3,1.8,5,100000,12,30,90,1,3,0.0015,1.0,18,18,0.5,0.0017136629457609126,0.0017400948137479293,-0.05379589966242082,-0.42658043635034293,25,0.48
一进二,0.3,1.8,1,100000,12,30,90,2,3,0.0015,1.0,18,18,0.5,-0.0007542347458352657,0.0017400948137479293,-0.0864146519078216,-0.42658043635034293,29,0.4482758620689655
一进二,0.3,1.8,3,100000,12,30,90,2,3,0.0015,1.0,18,18,0.5,-0.0026338608055153,0.0017400948137479293,-0.11745322845527584,-0.42658043635034293,31,0.45161290322580644
一进二,0.3,1.8,5,100000,12,30,90,2,3,0.0015,1.0,18,18,0.5,-0.0026338608055153,0.0017400948137479293,-0.11745322845527584,-0.42658043635034293,31,0.45161290322580644
二进三,0.3,1.8,0,100000,10,25,100,1,3,0.0015,1.0,10,10,0.5,-0.00100912701114374,0.0058192771084337735,-0.09444832750379661,-0.4665110455547945,10,0.5
二进三,0.3,1.8,0,100000,10,25,100,2,3,0.0015,1.0,10,10,0.5,-0.00100912701114374,0.0058192771084337735,-0.09444832750379661,-0.4665110455547945,10,0.5
二进三,0.3,1.8,0,100000,8,25,100,1,3,0.0015,1.0,8,8,0.5,0.008264832490495977,0.0058192771084337735,-0.009872018279870165,-0.37868135499986255,8,0.5
二进三,0.3,1.8,0,100000,8,25,100,2,3,0.0015,1.0,8,8,0.5,0.008264832490495977,0.0058192771084337735,-0.009872018279870165,-0.37868135499986255,8,0.5
二进三,0.3,1.8,0,100000,10,30,90,1,3,0.0015,1.0,8,8,0.5,-0.0023435418411490716,0.0058192771084337735,-0.06500518075317785,-0.33638556733857383,8,0.5
二进三,0.3,1.8,0,100000,10,30,90,2,3,0.0015,1.0,8,8,0.5,-0.0023435418411490716,0.0058192771084337735,-0.06500518075317785,-0.33638556733857383,8,0.5
二进三,0.5,1.5,0,100000,10,20,120,1,3,0.0015,1.0,8,8,0.5,-0.0039004525357998476,0.003964693336041769,-0.07543133849473904,-0.20310538091171626,8,0.5
二进三,0.5,1.5,0,103000,10,20,120,1,3,0.0015,1.0,8,8,0.5,-0.0039004525357998476,0.003964693336041769,-0.07543133849473904,-0.20310538091171626,8,0.5
二进三,0.5,1.5,0,100000,10,20,120,2,3,0.0015,1.0,8,8,0.5,-0.0039004525357998476,0.003964693336041769,-0.07543133849473904,-0.20310538091171626,8,0.5
二进三,0.5,1.5,0,103000,10,20,120,2,3,0.0015,1.0,8,8,0.5,-0.0039004525357998476,0.003964693336041769,-0.07543133849473904,-0.20310538091171626,8,0.5
二进三,0.3,1.8,0,100000,8,30,90,1,3,0.0015,1.0,6,6,0.5,0.009576932551035441,0.0058192771084337735,0.02232104629403686,-0.22713297685326095,6,0.5
二进三,0.3,1.8,0,100000,8,30,90,2,3,0.0015,1.0,6,6,0.5,0.009576932551035441,0.0058192771084337735,0.02232104629403686,-0.22713297685326095,6,0.5
二进三,0.5,1.5,0,100000,8,20,120,1,3,0.0015,1.0,6,6,0.5,0.0075010516248344055,0.003964693336041769,0.010921110944912993,-0.16149999999999998,6,0.5
二进三,0.5,1.5,0,103000,8,20,120,1,3,0.0015,1.0,6,6,0.5,0.0075010516248344055,0.003964693336041769,0.010921110944912993,-0.16149999999999998,6,0.5
二进三,0.5,1.5,0,100000,8,20,120,2,3,0.0015,1.0,6,6,0.5,0.0075010516248344055,0.003964693336041769,0.010921110944912993,-0.16149999999999998,6,0.5
二进三,0.5,1.5,0,103000,8,20,120,2,3,0.0015,1.0,6,6,0.5,0.0075010516248344055,0.003964693336041769,0.010921110944912993,-0.16149999999999998,6,0.5
二进三,0.5,1.5,0,100000,10,25,100,1,3,0.0015,1.0,6,6,0.5,-0.030169365312008273,-0.012441592456783723,-0.19279874009580966,-0.32180436110227284,6,0.5
二进三,0.5,1.5,0,100000,10,30,90,1,3,0.0015,1.0,6,6,0.5,-0.030169365312008273,-0.012441592456783723,-0.19279874009580966,-0.32180436110227284,6,0.5
二进三,0.5,1.5,0,103000,10,25,100,1,3,0.0015,1.0,6,6,0.5,-0.030169365312008273,-0.012441592456783723,-0.19279874009580966,-0.32180436110227284,6,0.5
二进三,0.5,1.5,0,103000,10,30,90,1,3,0.0015,1.0,6,6,0.5,-0.030169365312008273,-0.012441592456783723,-0.19279874009580966,-0.32180436110227284,6,0.5
二进三,0.5,1.5,0,100000,10,25,100,2,3,0.0015,1.0,6,6,0.5,-0.030169365312008273,-0.012441592456783723,-0.19279874009580966,-0.32180436110227284,6,0.5
二进三,0.5,1.5,0,100000,10,30,90,2,3,0.0015,1.0,6,6,0.5,-0.030169365312008273,-0.012441592456783723,-0.19279874009580966,-0.32180436110227284,6,0.5
二进三,0.5,1.5,0,103000,10,25,100,2,3,0.0015,1.0,6,6,0.5,-0.030169365312008273,-0.012441592456783723,-0.19279874009580966,-0.32180436110227284,6,0.5
二进三,0.5,1.5,0,103000,10,30,90,2,3,0.0015,1.0,6,6,0.5,-0.030169365312008273,-0.012441592456783723,-0.19279874009580966,-0.32180436110227284,6,0.5
二进三,0.5,1.5,0,100000,8,25,100,1,3,0.0015,1.0,4,4,0.5,-0.026201565459161108,-0.012441592456783723,-0.11740811862480127,-0.21015122826086974,4,0.5
二进三,0.5,1.5,0,100000,8,30,90,1,3,0.0015,1.0,4,4,0.5,-0.026201565459161108,-0.012441592456783723,-0.11740811862480127,-0.21015122826086974,4,0.5
二进三,0.5,1.5,0,103000,8,25,100,1,3,0.0015,1.0,4,4,0.5,-0.026201565459161108,-0.012441592456783723,-0.11740811862480127,-0.21015122826086974,4,0.5
二进三,0.5,1.5,0,103000,8,30,90,1,3,0.0015,1.0,4,4,0.5,-0.026201565459161108,-0.012441592456783723,-0.11740811862480127,-0.21015122826086974,4,0.5
二进三,0.5,1.5,0,100000,8,25,100,2,3,0.0015,1.0,4,4,0.5,-0.026201565459161108,-0.012441592456783723,-0.11740811862480127,-0.21015122826086974,4,0.5
二进三,0.5,1.5,0,100000,8,30,90,2,3,0.0015,1.0,4,4,0.5,-0.026201565459161108,-0.012441592456783723,-0.11740811862480127,-0.21015122826086974,4,0.5
二进三,0.5,1.5,0,103000,8,25,100,2,3,0.0015,1.0,4,4,0.5,-0.026201565459161108,-0.012441592456783723,-0.11740811862480127,-0.21015122826086974,4,0.5
二进三,0.5,1.5,0,103000,8,30,90,2,3,0.0015,1.0,4,4,0.5,-0.026201565459161108,-0.012441592456783723,-0.11740811862480127,-0.21015122826086974,4,0.5
首板,-2.0,2.5,2,100000,22,25,100,2,3,0.0015,1.0,137,137,0.49635036496350365,-0.002509444411242777,-0.00015109674892288538,-0.4386935722683507,-0.5560776138114837,798,0.4273182957393484
首板,-2.0,2.5,2,103000,22,25,100,2,3,0.0015,1.0,137,137,0.49635036496350365,-0.002509444411242777,-0.00015109674892288538,-0.4386935722683507,-0.5560776138114837,798,0.4273182957393484
首板,-2.0,2.5,5,100000,22,25,100,2,3,0.0015,1.0,137,137,0.49635036496350365,-0.002509444411242777,-0.00015109674892288538,-0.4386935722683507,-0.5560776138114837,798,0.4273182957393484
首板,-2.0,2.5,5,103000,22,25,100,2,3,0.0015,1.0,137,137,0.49635036496350365,-0.002509444411242777,-0.00015109674892288538,-0.4386935722683507,-0.5560776138114837,798,0.4273182957393484
首板,-2.0,2.5,8,100000,22,25,100,2,3,0.0015,1.0,137,137,0.49635036496350365,-0.002509444411242777,-0.00015109674892288538,-0.4386935722683507,-0.5560776138114837,798,0.4273182957393484
首板,-2.0,2.5,8,103000,22,25,100,2,3,0.0015,1.0,137,137,0.49635036496350365,-0.002509444411242777,-0.00015109674892288538,-0.4386935722683507,-0.5560776138114837,798,0.4273182957393484
全部,0.3,1.8,1,103000,12,20,120,1,3,0.0015,1.0,91,91,0.4945054945054945,0.006177566847441646,-0.0015,0.10656770465611531,-0.5172331899149148,178,0.43820224719101125
全部,0.3,1.8,3,103000,12,20,120,1,3,0.0015,1.0,91,91,0.4945054945054945,0.006177566847441646,-0.0015,0.10656770465611531,-0.5172331899149148,178,0.43820224719101125
全部,0.3,1.8,5,103000,12,20,120,1,3,0.0015,1.0,91,91,0.4945054945054945,0.006177566847441646,-0.0015,0.10656770465611531,-0.5172331899149148,178,0.43820224719101125
一进二,0.0,2.5,1,103000,22,20,120,1,3,0.0015,1.0,75,75,0.49333333333333335,-0.008826442282244476,-0.0018825554705433332,-0.6203618888628983,-0.7755105860241656,120,0.45
一进二,0.0,2.5,3,103000,22,20,120,1,3,0.0015,1.0,75,75,0.49333333333333335,-0.008826442282244476,-0.0018825554705433332,-0.6203618888628983,-0.7755105860241656,120,0.45
一进二,0.0,2.5,5,103000,22,20,120,1,3,0.0015,1.0,75,75,0.49333333333333335,-0.008826442282244476,-0.0018825554705433332,-0.6203618888628983,-0.7755105860241656,120,0.45
全部,0.5,1.5,1,103000,12,25,100,1,3,0.0015,1.0,71,71,0.49295774647887325,0.01430698139467457,-0.0033292682926828175,0.9735315610690598,-0.38862470527678694,116,0.4482758620689655
全部,0.5,1.5,3,103000,12,25,100,1,3,0.0015,1.0,71,71,0.49295774647887325,0.013342286854498817,-0.008582152974504207,0.8379063145864802,-0.38862470527678694,117,0.4444444444444444
全部,0.5,1.5,5,103000,12,25,100,1,3,0.0015,1.0,71,71,0.49295774647887325,0.013342286854498817,-0.008582152974504207,0.8379063145864802,-0.38862470527678694,117,0.4444444444444444
全部,-2.0,2.5,1,103000,22,20,120,2,3,0.0015,1.0,138,138,0.4927536231884058,0.002347775848901722,-0.0010947608618800397,0.03770157808403507,-0.42217964306139866,818,0.43276283618581907
全部,-2.0,2.5,3,103000,22,20,120,2,3,0.0015,1.0,138,138,0.4927536231884058,0.0023390653703813913,-0.0010947608618800397,0.036467567840759774,-0.42217964306139866,818,0.43276283618581907
全部,-2.0,2.5,5,103000,22,20,120,2,3,0.0015,1.0,138,138,0.4927536231884058,0.0023390653703813913,-0.0010947608618800397,0.036467567840759774,-0.42217964306139866,818,0.43276283618581907
全部,0.5,1.5,1,103000,12,30,90,2,3,0.0015,1.0,65,65,0.49230769230769234,0.009550813013937115,-0.0068033517182858865,0.4114775061085463,-0.4870289991327028,124,0.4838709677419355
全部,0.5,1.5,1,103000,12,30,90,1,3,0.0015,1.0,65,65,0.49230769230769234,0.009310654888213065,-0.0068033517182858865,0.32555155574556993,-0.5490883550796063,104,0.46153846153846156
一进二,0.3,1.8,1,103000,16,20,120,2,3,0.0015,1.0,51,51,0.49019607843137253,0.0034649475935425098,-0.0018825554705433332,-0.03053330649260322,-0.48087889904164427,84,0.5
一进二,0.3,1.8,3,103000,16,20,120,2,3,0.0015,1.0,51,51,0.49019607843137253,0.0034649475935425098,-0.0018825554705433332,-0.03053330649260322,-0.48087889904164427,85,0.5058823529411764
一进二,0.3,1.8,5,103000,16,20,120,2,3,0.0015,1.0,51,51,0.49019607843137253,0.0034649475935425098,-0.0018825554705433332,-0.03053330649260322,-0.48087889904164427,85,0.5058823529411764
二进三,-2.0,2.2,1,103000,10,30,90,1,3,0.0015,1.0,49,49,0.4897959183673469,0.012582345174685105,-0.0034398642095054264,0.25960849308042344,-0.5007900734349706,59,0.4915254237288136
二进三,-2.0,2.2,2,103000,10,30,90,1,3,0.0015,1.0,49,49,0.4897959183673469,0.012582345174685105,-0.0034398642095054264,0.25960849308042344,-0.5007900734349706,59,0.4915254237288136
二进三,-2.0,2.2,1,103000,10,30,90,2,3,0.0015,1.0,49,49,0.4897959183673469,0.009343061550056793,-0.0034398642095054264,0.1135332174315371,-0.4883044907949109,63,0.47619047619047616
二进三,-2.0,2.2,2,103000,10,30,90,2,3,0.0015,1.0,49,49,0.4897959183673469,0.009343061550056793,-0.0034398642095054264,0.1135332174315371,-0.4883044907949109,63,0.47619047619047616
二进三,-0.5,1.8,1,103000,12,20,120,1,3,0.0015,1.0,49,49,0.4897959183673469,0.006665090956445644,-0.00931250000000011,-0.03216106867956636,-0.47920862859475155,65,0.5076923076923077
二进三,-0.5,1.8,2,103000,12,20,120,1,3,0.0015,1.0,49,49,0.4897959183673469,0.006665090956445644,-0.00931250000000011,-0.03216106867956636,-0.47920862859475155,65,0.5076923076923077
二进三,-0.5,1.8,1,103000,12,20,120,2,3,0.0015,1.0,49,49,0.4897959183673469,0.006665090956445644,-0.00931250000000011,-0.03216106867956636,-0.47920862859475155,67,0.5223880597014925
二进三,-0.5,1.8,2,103000,12,20,120,2,3,0.0015,1.0,49,49,0.4897959183673469,0.006665090956445644,-0.00931250000000011,-0.03216106867956636,-0.47920862859475155,67,0.5223880597014925
一进二,0.0,2.0,1,103000,12,25,100,1,3,0.0015,1.0,49,49,0.4897959183673469,-0.0037451403923397554,-0.0018825554705433332,-0.3154563836118033,-0.6093465279210616,69,0.43478260869565216
一进二,0.0,2.0,3,103000,12,25,100,1,3,0.0015,1.0,49,49,0.4897959183673469,-0.0037451403923397554,-0.0018825554705433332,-0.3154563836118033,-0.6093465279210616,69,0.43478260869565216
一进二,0.0,2.0,5,103000,12,25,100,1,3,0.0015,1.0,49,49,0.4897959183673469,-0.0037451403923397554,-0.0018825554705433332,-0.3154563836118033,-0.6093465279210616,69,0.43478260869565216
一进二,0.0,2.0,1,103000,12,25,100,2,3,0.0015,1.0,49,49,0.4897959183673469,-0.00459503656017715,-0.0018825554705433332,-0.32999021981925325,-0.5862128955550961,83,0.4578313253012048
一进二,0.0,2.0,3,103000,12,25,100,2,3,0.0015,1.0,49,49,0.4897959183673469,-0.00459503656017715,-0.0018825554705433332,-0.32999021981925325,-0.5862128955550961,84,0.4642857142857143
一进二,0.0,2.0,5,103000,12,25,100,2,3,0.0015,1.0,49,49,0.4897959183673469,-0.00459503656017715,-0.0018825554705433332,-0.32999021981925325,-0.5862128955550961,84,0.4642857142857143
一进二,0.3,1.8,0,103000,22,20,120,1,3,0.0015,1.0,47,47,0.48936170212765956,-0.0057086887077915874,-0.0015,-0.3666920791457503,-0.6195414556492322,61,0.4426229508196721
一进二,0.3,1.8,1,103000,12,20,120,2,3,0.0015,1.0,45,45,0.4888888888888889,-0.003832662618106813,-0.0018825554705433332,-0.29868703525501317,-0.5665855872110548,72,0.4583333333333333
一进二,0.3,1.8,3,103000,12,20,120,2,3,0.0015,1.0,45,45,0.4888888888888889,-0.003832662618106813,-0.0018825554705433332,-0.29868703525501317,-0.5665855872110548,73,0.4657534246575342
一进二,0.3,1.8,5,103000,12,20,120,2,3,0.0015,1.0,45,45,0.4888888888888889,-0.003832662618106813,-0.0018825554705433332,-0.29868703525501317,-0.5665855872110548,73,0.4657534246575342
一进二,0.0,2.0,0,103000,12,20,120,2,3,0.0015,1.0,45,45,0.4888888888888889,-0.013139563627441116,-0.0018825554705433332,-0.5324450460681849,-0.7253253131840557,70,0.4142857142857143
一进二,0.3,1.8,1,103000,22,30,90,2,3,0.0015,1.0,43,43,0.4883720930232558,-0.0007061072409913752,-0.0018825554705433332,-0.16375868110706493,-0.5680734343572518,73,0.4931506849315068
一进二,0.3,1.8,3,103000,22,30,90,2,3,0.0015,1.0,43,43,0.4883720930232558,-0.0014929274520202266,-0.0018825554705433332,-0.19216953537788395,-0.5680734343572518,76,0.4868421052631579
一进二,0.3,1.8,5,103000,22,30,90,2,3,0.0015,1.0,43,43,0.4883720930232558,-0.0014929274520202266,-0.0018825554705433332,-0.19216953537788395,-0.5680734343572518,76,0.4868421052631579
二进三,-1.0,2.0,1,103000,8,25,100,1,3,0.0015,1.0,39,39,0.48717948717948717,0.012599822478386931,-0.012928571428571343,0.11745769672188366,-0.49693779744778643,49,0.5306122448979592
二进三,-1.0,2.0,2,103000,8,25,100,1,3,0.0015,1.0,39,39,0.48717948717948717,0.012599822478386931,-0.012928571428571343,0.11745769672188366,-0.49693779744778643,49,0.5306122448979592
二进三,-1.0,2.0,1,103000,8,25,100,2,3,0.0015,1.0,39,39,0.48717948717948717,0.012599822478386931,-0.012928571428571343,0.11745769672188366,-0.49693779744778643,50,0.54
二进三,-1.0,2.0,2,103000,8,25,100,2,3,0.0015,1.0,39,39,0.48717948717948717,0.012599822478386931,-0.012928571428571343,0.11745769672188366,-0.49693779744778643,50,0.54
二进三,-1.0,2.0,0,103000,12,30,90,1,3,0.0015,1.0,35,35,0.4857142857142857,0.012772805804965323,-0.012928571428571343,0.12145233230051633,-0.4946366951946527,42,0.5
二进三,-1.0,2.0,0,103000,12,30,90,2,3,0.0015,1.0,35,35,0.4857142857142857,0.012772805804965323,-0.012928571428571343,0.12145233230051633,-0.4946366951946527,44,0.5
全部,-2.0,2.5,1,100000,22,25,100,2,3,0.0015,1.0,138,138,0.4855072463768116,-0.0007778326151954534,-0.0022882619355486795,-0.3394267137447555,-0.6170054166143553,806,0.4205955334987593
全部,-2.0,2.5,3,100000,22,25,100,2,3,0.0015,1.0,138,138,0.4855072463768116,-0.0007778326151954534,-0.0022882619355486795,-0.3394267137447555,-0.6170054166143553,806,0.4205955334987593
全部,-2.0,2.5,5,100000,22,25,100,2,3,0.0015,1.0,138,138,0.4855072463768116,-0.0007778326151954534,-0.0022882619355486795,-0.3394267137447555,-0.6170054166143553,806,0.4205955334987593
全部,0.5,1.5,3,103000,12,30,90,2,3,0.0015,1.0,66,66,0.48484848484848486,0.008624131623893545,-0.007692752346395047,0.33463843044585206,-0.4870289991327028,126,0.47619047619047616
全部,0.5,1.5,5,103000,12,30,90,2,3,0.0015,1.0,66,66,0.48484848484848486,0.008624131623893545,-0.007692752346395047,0.33463843044585206,-0.4870289991327028,126,0.47619047619047616
全部,0.5,1.5,3,103000,12,30,90,1,3,0.0015,1.0,66,66,0.48484848484848486,0.00838761225765016,-0.007692752346395047,0.25339018169183203,-0.5490883550796063,106,0.4528301886792453
全部,0.5,1.5,5,103000,12,30,90,1,3,0.0015,1.0,66,66,0.48484848484848486,0.00838761225765016,-0.007692752346395047,0.25339018169183203,-0.5490883550796063,106,0.4528301886792453
一进二,0.0,2.5,0,103000,22,20,120,1,3,0.0015,1.0,66,66,0.48484848484848486,-0.011748721992010101,-0.0016912777352716666,-0.6422884750191069,-0.8020152512774646,94,0.44680851063829785
二进三,-0.5,1.8,1,100000,10,20,120,1,3,0.0015,1.0,33,33,0.48484848484848486,-0.002730024708699576,-0.021499999999999908,-0.29830751570739134,-0.5407364477498988,41,0.4878048780487805
二进三,-0.5,1.8,2,100000,10,20,120,1,3,0.0015,1.0,33,33,0.48484848484848486,-0.002730024708699576,-0.021499999999999908,-0.29830751570739134,-0.5407364477498988,41,0.4878048780487805
二进三,-0.5,1.8,1,100000,10,20,120,2,3,0.0015,1.0,33,33,0.48484848484848486,-0.002730024708699576,-0.021499999999999908,-0.29830751570739134,-0.5407364477498988,42,0.5
二进三,-0.5,1.8,2,100000,10,20,120,2,3,0.0015,1.0,33,33,0.48484848484848486,-0.002730024708699576,-0.021499999999999908,-0.29830751570739134,-0.5407364477498988,42,0.5
全部,-1.0,2.0,1,100000,16,30,90,1,3,0.0015,1.0,128,128,0.484375,0.00526003997184924,-0.004995320403574919,0.0818796298521236,-0.7157048301864163,340,0.4176470588235294
全部,-1.0,2.0,3,100000,16,30,90,1,3,0.0015,1.0,128,128,0.484375,0.005241258002539777,-0.004995320403574919,0.07930120175049682,-0.7157048301864163,340,0.4176470588235294
全部,-1.0,2.0,5,100000,16,30,90,1,3,0.0015,1.0,128,128,0.484375,0.005241258002539777,-0.004995320403574919,0.07930120175049682,-0.7157048301864163,340,0.4176470588235294
全部,0.5,1.5,5,100000,12,30,90,2,3,0.0015,1.0,62,62,0.4838709677419355,0.002996298811713265,-0.004151675859142943,-0.02534309569158022,-0.5327295079287845,109,0.45871559633027525
二进三,-1.0,2.0,1,100000,10,30,90,1,3,0.0015,1.0,31,31,0.4838709677419355,0.008218564088428318,-0.021499999999999908,-0.04210126684915483,-0.5663518854770684,33,0.48484848484848486
二进三,-1.0,2.0,2,100000,10,30,90,1,3,0.0015,1.0,31,31,0.4838709677419355,0.008218564088428318,-0.021499999999999908,-0.04210126684915483,-0.5663518854770684,33,0.48484848484848486
二进三,-1.0,2.0,1,100000,10,30,90,2,3,0.0015,1.0,31,31,0.4838709677419355,0.008218564088428318,-0.021499999999999908,-0.04210126684915483,-0.5663518854770684,35,0.4857142857142857
二进三,-1.0,2.0,2,100000,10,30,90,2,3,0.0015,1.0,31,31,0.4838709677419355,0.008218564088428318,-0.021499999999999908,-0.04210126684915483,-0.5663518854770684,35,0.4857142857142857
全部,0.3,1.8,1,103000,12,20,120,2,3,0.0015,1.0,91,91,0.4835164835164835,0.0047111371247000105,-0.009436507936508019,0.07004399733067945,-0.5241669553200061,246,0.45934959349593496
全部,0.3,1.8,3,103000,12,20,120,2,3,0.0015,1.0,91,91,0.4835164835164835,0.0047111371247000105,-0.009436507936508019,0.07004399733067945,-0.5241669553200061,247,0.46153846153846156
全部,0.3,1.8,5,103000,12,20,120,2,3,0.0015,1.0,91,91,0.4835164835164835,0.0047111371247000105,-0.009436507936508019,0.07004399733067945,-0.5241669553200061,247,0.46153846153846156
一进二,0.0,2.5,0,103000,16,20,120,1,3,0.0015,1.0,60,60,0.48333333333333334,-0.012623992624506768,-0.0016912777352716666,-0.6369691040750417,-0.8072876286577177,84,0.4523809523809524
全部,0.3,1.8,1,103000,12,25,100,2,3,0.0015,1.0,89,89,0.48314606741573035,0.01256959705067937,-0.003742655394681436,1.069139722018202,-0.41961936807311373,215,0.4604651162790698
全部,0.3,1.8,3,103000,12,25,100,2,3,0.0015,1.0,89,89,0.48314606741573035,0.012184803161058704,-0.009436507936508019,0.9980124003233952,-0.41961936807311373,217,0.4608294930875576
全部,0.3,1.8,5,103000,12,25,100,2,3,0.0015,1.0,89,89,0.48314606741573035,0.012184803161058704,-0.009436507936508019,0.9980124003233952,-0.41961936807311373,217,0.4608294930875576
全部,0.3,1.8,1,103000,12,25,100,1,3,0.0015,1.0,89,89,0.48314606741573035,0.011535608780513662,-0.004156042496680055,0.761396609841893,-0.5099506381913869,165,0.43636363636363634
全部,0.3,1.8,3,103000,12,25,100,1,3,0.0015,1.0,89,89,0.48314606741573035,0.011535608780513662,-0.004156042496680055,0.761396609841893,-0.5099506381913869,166,0.4397590361445783
全部,0.3,1.8,5,103000,12,25,100,1,3,0.0015,1.0,89,89,0.48314606741573035,0.011535608780513662,-0.004156042496680055,0.761396609841893,-0.5099506381913869,166,0.4397590361445783
二进三,-0.5,1.8,1,100000,8,20,120,1,3,0.0015,1.0,29,29,0.4827586206896552,-0.003708662097552038,-0.021499999999999908,-0.28079237210026853,-0.4651266804975792,36,0.5
二进三,-0.5,1.8,2,100000,8,20,120,1,3,0.0015,1.0,29,29,0.4827586206896552,-0.003708662097552038,-0.021499999999999908,-0.28079237210026853,-0.4651266804975792,36,0.5
二进三,-0.5,1.8,1,100000,8,20,120,2,3,0.0015,1.0,29,29,0.4827586206896552,-0.003708662097552038,-0.021499999999999908,-0.28079237210026853,-0.4651266804975792,37,0.5135135135135135
二进三,-0.5,1.8,2,100000,8,20,120,2,3,0.0015,1.0,29,29,0.4827586206896552,-0.003708662097552038,-0.021499999999999908,-0.28079237210026853,-0.4651266804975792,37,0.5135135135135135
首板,-2.0,2.5,2,100000,16,20,120,2,3,0.0015,1.0,135,135,0.48148148148148145,0.00026616585622255055,-0.0024086291177307095,-0.15354934020771838,-0.613278913022312,731,0.4213406292749658
首板,-2.0,2.5,2,103000,16,20,120,2,3,0.0015,1.0,135,135,0.48148148148148145,0.00026616585622255055,-0.0024086291177307095,-0.15354934020771838,-0.613278913022312,731,0.4213406292749658
首板,-2.0,2.5,5,100000,16,20,120,2,3,0.0015,1.0,135,135,0.48148148148148145,0.00026616585622255055,-0.0024086291177307095,-0.15354934020771838,-0.613278913022312,731,0.4213406292749658
首板,-2.0,2.5,5,103000,16,20,120,2,3,0.0015,1.0,135,135,0.48148148148148145,0.00026616585622255055,-0.0024086291177307095,-0.15354934020771838,-0.613278913022312,731,0.4213406292749658
首板,-2.0,2.5,8,100000,16,20,120,2,3,0.0015,1.0,135,135,0.48148148148148145,0.00026616585622255055,-0.0024086291177307095,-0.15354934020771838,-0.613278913022312,731,0.4213406292749658
首板,-2.0,2.5,8,103000,16,20,120,2,3,0.0015,1.0,135,135,0.48148148148148145,0.00026616585622255055,-0.0024086291177307095,-0.15354934020771838,-0.613278913022312,731,0.4213406292749658
二进三,-2.0,2.2,1,103000,12,30,90,1,3,0.0015,1.0,54,54,0.48148148148148145,0.013115907008456603,-0.008184217819038385,0.3396731841044236,-0.45333608332253816,66,0.5
二进三,-2.0,2.2,2,103000,12,30,90,1,3,0.0015,1.0,54,54,0.48148148148148145,0.013115907008456603,-0.008184217819038385,0.3396731841044236,-0.45333608332253816,66,0.5
二进三,-2.0,2.2,1,103000,12,30,90,2,3,0.0015,1.0,54,54,0.48148148148148145,0.008689986880809344,-0.008184217819038385,0.09660028427464273,-0.47902384809660803,72,0.4722222222222222
二进三,-2.0,2.2,2,103000,12,30,90,2,3,0.0015,1.0,54,54,0.48148148148148145,0.008689986880809344,-0.008184217819038385,0.09660028427464273,-0.47902384809660803,72,0.4722222222222222
一进二,0.0,2.0,1,103000,22,30,90,2,3,0.0015,1.0,54,54,0.48148148148148145,-0.002827461635873784,-0.0031636117302652183,-0.26821045221446793,-0.5637564121586285,95,0.47368421052631576
一进二,0.0,2.0,3,103000,22,30,90,2,3,0.0015,1.0,54,54,0.48148148148148145,-0.002827461635873784,-0.0031636117302652183,-0.26821045221446793,-0.5637564121586285,96,0.4791666666666667
一进二,0.0,2.0,5,103000,22,30,90,2,3,0.0015,1.0,54,54,0.48148148148148145,-0.002827461635873784,-0.0031636117302652183,-0.26821045221446793,-0.5637564121586285,96,0.4791666666666667
一进二,0.0,2.5,1,103000,16,30,90,1,3,0.0015,1.0,52,52,0.4807692307692308,-0.003102092355238314,-0.003019298983611694,-0.2838170317796451,-0.5710639067020004,77,0.45454545454545453
一进二,0.0,2.5,3,103000,16,30,90,1,3,0.0015,1.0,52,52,0.4807692307692308,-0.003102092355238314,-0.003019298983611694,-0.2838170317796451,-0.5710639067020004,77,0.45454545454545453
一进二,0.0,2.5,5,103000,16,30,90,1,3,0.0015,1.0,52,52,0.4807692307692308,-0.003102092355238314,-0.003019298983611694,-0.2838170317796451,-0.5710639067020004,77,0.45454545454545453
全部,-0.5,1.8,1,100000,16,20,120,1,3,0.0015,1.0,129,129,0.4806201550387597,0.006222808541316094,-0.009436507936508019,0.2724653885931265,-0.49182678981066086,349,0.4183381088825215
全部,-0.5,1.8,3,100000,16,20,120,1,3,0.0015,1.0,129,129,0.4806201550387597,0.006222808541316094,-0.009436507936508019,0.2724653885931265,-0.49182678981066086,349,0.4183381088825215
全部,-0.5,1.8,5,100000,16,20,120,1,3,0.0015,1.0,129,129,0.4806201550387597,0.006222808541316094,-0.009436507936508019,0.2724653885931265,-0.49182678981066086,349,0.4183381088825215
全部,-1.0,2.0,1,103000,16,30,90,1,3,0.0015,1.0,129,129,0.4806201550387597,0.0024087320369703363,-0.0031872890888639525,-0.2192945018510073,-0.6430980687820158,351,0.4131054131054131
全部,-1.0,2.0,3,103000,16,30,90,1,3,0.0015,1.0,129,129,0.4806201550387597,0.0023900956643221867,-0.0031872890888639525,-0.2211551459929042,-0.6430980687820158,351,0.4131054131054131
全部,-1.0,2.0,5,103000,16,30,90,1,3,0.0015,1.0,129,129,0.4806201550387597,0.0023900956643221867,-0.0031872890888639525,-0.2211551459929042,-0.6430980687820158,351,0.4131054131054131
二进三,-1.0,2.0,0,100000,8,30,90,1,3,0.0015,1.0,25,25,0.48,0.00825144752815855,-0.021499999999999908,-0.04420116020430365,-0.49495925515000383,27,0.48148148148148145
二进三,-1.0,2.0,0,100000,8,30,90,2,3,0.0015,1.0,25,25,0.48,0.00825144752815855,-0.021499999999999908,-0.04420116020430365,-0.49495925515000383,28,0.5
一进二,0.3,1.8,0,103000,12,30,90,1,3,0.0015,1.0,25,25,0.48,-0.012404268078738274,-0.0018825554705433332,-0.32835168851467555,-0.5008277425030542,31,0.4838709677419355
一进二,0.3,1.8,0,103000,12,30,90,2,3,0.0015,1.0,25,25,0.48,-0.015578778455820997,-0.0018825554705433332,-0.37267258893190014,-0.5008277425030542,33,0.5151515151515151
一进二,0.0,2.5,1,103000,12,30,90,2,3,0.0015,1.0,48,48,0.4791666666666667,-0.0036117798631558214,-0.0057247531703438475,-0.2723329078998029,-0.4913483403192118,85,0.4588235294117647
一进二,0.0,2.5,3,103000,12,30,90,2,3,0.0015,1.0,48,48,0.4791666666666667,-0.0036117798631558214,-0.0057247531703438475,-0.2723329078998029,-0.4913483403192118,86,0.45348837209302323
一进二,0.0,2.5,5,103000,12,30,90,2,3,0.0015,1.0,48,48,0.4791666666666667,-0.0036117798631558214,-0.0057247531703438475,-0.2723329078998029,-0.4913483403192118,87,0.45977011494252873
一进二,0.0,2.5,1,103000,12,30,90,1,3,0.0015,1.0,48,48,0.4791666666666667,-0.005371593168571921,-0.003019298983611694,-0.35520123675772497,-0.5855790830974719,68,0.4411764705882353
一进二,0.0,2.5,3,103000,12,30,90,1,3,0.0015,1.0,48,48,0.4791666666666667,-0.005371593168571921,-0.003019298983611694,-0.35520123675772497,-0.5855790830974719,68,0.4411764705882353
一进二,0.0,2.5,5,103000,12,30,90,1,3,0.0015,1.0,48,48,0.4791666666666667,-0.005371593168571921,-0.003019298983611694,-0.35520123675772497,-0.5855790830974719,68,0.4411764705882353
全部,0.5,1.5,1,103000,12,25,100,2,3,0.0015,1.0,71,71,0.4788732394366197,0.012675706973075025,-0.008582152974504207,0.8399542331659668,-0.3682897894725944,140,0.4785714285714286
全部,0.5,1.5,3,103000,12,25,100,2,3,0.0015,1.0,71,71,0.4788732394366197,0.012193359702987147,-0.009436507936508019,0.776731467613988,-0.3682897894725944,142,0.47183098591549294
全部,0.5,1.5,5,103000,12,25,100,2,3,0.0015,1.0,71,71,0.4788732394366197,0.012193359702987147,-0.009436507936508019,0.776731467613988,-0.3682897894725944,142,0.47183098591549294
全部,0.5,1.5,1,103000,16,25,100,1,3,0.0015,1.0,94,94,0.4787234042553192,0.009125787149098218,-0.007682111874642681,0.5968426261309154,-0.5918243883039673,181,0.44751381215469616
全部,0.5,1.5,3,103000,16,25,100,1,3,0.0015,1.0,94,94,0.4787234042553192,0.008397134890029296,-0.012056417199435563,0.4871042368215608,-0.5918243883039673,182,0.44505494505494503
全部,0.5,1.5,5,103000,16,25,100,1,3,0.0015,1.0,94,94,0.4787234042553192,0.008397134890029296,-0.012056417199435563,0.4871042368215608,-0.5918243883039673,182,0.44505494505494503
全部,0.0,2.5,1,103000,12,30,90,2,3,0.0015,1.0,94,94,0.4787234042553192,0.005421528963784841,-0.0030517947150791296,0.14473375681124057,-0.6319907170715829,271,0.4797047970479705
全部,0.0,2.5,3,103000,12,30,90,2,3,0.0015,1.0,94,94,0.4787234042553192,0.005421528963784841,-0.0030517947150791296,0.14473375681124057,-0.6319907170715829,272,0.47794117647058826
全部,0.0,2.5,5,103000,12,30,90,2,3,0.0015,1.0,94,94,0.4787234042553192,0.005421528963784841,-0.0030517947150791296,0.14473375681124057,-0.6319907170715829,273,0.47985347985347987
首板,-2.0,2.5,2,100000,25,25,100,2,3,0.0015,1.0,138,138,0.4782608695652174,-0.0019417288955366574,-0.0017182116503109968,-0.3929672873951394,-0.5759884149692719,809,0.4177997527812114
首板,-2.0,2.5,2,103000,25,25,100,2,3,0.0015,1.0,138,138,0.4782608695652174,-0.0019417288955366574,-0.0017182116503109968,-0.3929672873951394,-0.5759884149692719,809,0.4177997527812114
首板,-2.0,2.5,5,100000,25,25,100,2,3,0.0015,1.0,138,138,0.4782608695652174,-0.0019417288955366574,-0.0017182116503109968,-0.3929672873951394,-0.5759884149692719,809,0.4177997527812114
首板,-2.0,2.5,5,103000,25,25,100,2,3,0.0015,1.0,138,138,0.4782608695652174,-0.0019417288955366574,-0.0017182116503109968,-0.3929672873951394,-0.5759884149692719,809,0.4177997527812114
首板,-2.0,2.5,8,100000,25,25,100,2,3,0.0015,1.0,138,138,0.4782608695652174,-0.0019417288955366574,-0.0017182116503109968,-0.3929672873951394,-0.5759884149692719,809,0.4177997527812114
首板,-2.0,2.5,8,103000,25,25,100,2,3,0.0015,1.0,138,138,0.4782608695652174,-0.0019417288955366574,-0.0017182116503109968,-0.3929672873951394,-0.5759884149692719,809,0.4177997527812114
一进二,0.0,2.5,0,103000,16,30,90,1,3,0.0015,1.0,46,46,0.4782608695652174,-0.008772768738629899,-0.0034668459170898985,-0.4193754849294088,-0.6780075572619819,60,0.45
全部,0.5,1.5,1,103000,22,20,120,1,3,0.0015,1.0,113,113,0.4778761061946903,-0.00030101095190253937,-0.004266251728907431,-0.34994959707402384,-0.6487135675898767,256,0.4453125
全部,0.5,1.5,3,103000,22,20,120,1,3,0.0015,1.0,113,113,0.4778761061946903,-0.0009071464594465966,-0.010195652173913104,-0.3946224302134025,-0.6487135675898767,256,0.4453125
全部,0.5,1.5,5,103000,22,20,120,1,3,0.0015,1.0,113,113,0.4778761061946903,-0.0009071464594465966,-0.010195652173913104,-0.3946224302134025,-0.6487135675898767,256,0.4453125
全部,0.5,1.5,1,103000,16,30,90,2,3,0.0015,1.0,88,88,0.4772727272727273,0.006958852382168224,-0.0070549016655945245,0.3894883086215757,-0.5630312059597758,208,0.47115384615384615
一进二,0.0,2.5,1,103000,16,25,100,1,3,0.0015,1.0,63,63,0.47619047619047616,-0.004409309280441923,-0.004156042496680055,-0.4129364800032298,-0.6483960887663708,93,0.45161290322580644
一进二,0.0,2.5,3,103000,16,25,100,1,3,0.0015,1.0,63,63,0.47619047619047616,-0.004409309280441923,-0.004156042496680055,-0.4129364800032298,-0.6483960887663708,93,0.45161290322580644
一进二,0.0,2.5,5,103000,16,25,100,1,3,0.0015,1.0,63,63,0.47619047619047616,-0.004409309280441923,-0.004156042496680055,-0.4129364800032298,-0.6483960887663708,93,0.45161290322580644
一进二,0.3,1.8,0,103000,22,25,100,2,3,0.0015,1.0,42,42,0.47619047619047616,-0.014704235859112232,-0.007334618593059448,-0.5141438649547687,-0.619929228881101,56,0.48214285714285715
一进二,0.3,1.8,1,100000,22,30,90,1,3,0.0015,1.0,21,21,0.47619047619047616,-0.004435880603452067,-0.0018825554705433332,-0.16950549274956894,-0.49207533923208724,28,0.4642857142857143
一进二,0.3,1.8,3,100000,22,30,90,1,3,0.0015,1.0,21,21,0.47619047619047616,-0.004435880603452067,-0.0018825554705433332,-0.16950549274956894,-0.49207533923208724,29,0.4827586206896552
一进二,0.3,1.8,5,100000,22,30,90,1,3,0.0015,1.0,21,21,0.47619047619047616,-0.004435880603452067,-0.0018825554705433332,-0.16950549274956894,-0.49207533923208724,29,0.4827586206896552
一进二,0.3,1.8,1,100000,22,30,90,2,3,0.0015,1.0,21,21,0.47619047619047616,-0.0065512214819630765,-0.0018825554705433332,-0.19813535660611237,-0.49207533923208724,33,0.45454545454545453
一进二,0.3,1.8,3,100000,22,30,90,2,3,0.0015,1.0,21,21,0.47619047619047616,-0.008162329533117392,-0.0018825554705433332,-0.22537828160119122,-0.49207533923208724,35,0.45714285714285713
一进二,0.3,1.8,5,100000,22,30,90,2,3,0.0015,1.0,21,21,0.47619047619047616,-0.008162329533117392,-0.0018825554705433332,-0.22537828160119122,-0.49207533923208724,35,0.45714285714285713
全部,-0.5,1.8,1,100000,16,30,90,1,3,0.0015,1.0,124,124,0.47580645161290325,0.003969762670676002,-0.004715530615945705,-0.019982467075856714,-0.8995409325818126,313,0.4281150159744409
全部,-0.5,1.8,3,100000,16,30,90,1,3,0.0015,1.0,124,124,0.47580645161290325,0.003969762670676002,-0.004715530615945705,-0.019982467075856714,-0.8995409325818126,313,0.4281150159744409
全部,-0.5,1.8,5,100000,16,30,90,1,3,0.0015,1.0,124,124,0.47580645161290325,0.003969762670676002,-0.004715530615945705,-0.019982467075856714,-0.8995409325818126,313,0.4281150159744409
全部,0.3,1.8,1,103000,12,30,90,2,3,0.0015,1.0,82,82,0.47560975609756095,0.007210908384497785,-0.006796275216594037,0.22315055962951225,-0.5969942368969843,181,0.47513812154696133
全部,0.3,1.8,1,103000,12,30,90,1,3,0.0015,1.0,82,82,0.47560975609756095,0.006853375870120796,-0.005479697107482971,0.10643932421853664,-0.6833982254480137,143,0.45454545454545453
全部,0.3,1.8,3,103000,12,30,90,1,3,0.0015,1.0,82,82,0.47560975609756095,0.006853375870120796,-0.005479697107482971,0.10643932421853664,-0.6833982254480137,144,0.4583333333333333
全部,0.3,1.8,5,103000,12,30,90,1,3,0.0015,1.0,82,82,0.47560975609756095,0.006853375870120796,-0.005479697107482971,0.10643932421853664,-0.6833982254480137,144,0.4583333333333333
全部,0.3,1.8,3,103000,12,30,90,2,3,0.0015,1.0,82,82,0.47560975609756095,0.006798307542128998,-0.009764398568022524,0.18159466958223502,-0.5969942368969843,184,0.47282608695652173
全部,0.3,1.8,5,103000,12,30,90,2,3,0.0015,1.0,82,82,0.47560975609756095,0.006798307542128998,-0.009764398568022524,0.18159466958223502,-0.5969942368969843,184,0.47282608695652173
全部,0.5,1.5,1,100000,12,30,90,1,3,0.0015,1.0,61,61,0.47540983606557374,0.0009482766999086549,-0.0068033517182858865,-0.17845112465233148,-0.6018447266565516,90,0.43333333333333335
全部,0.5,1.5,1,100000,12,30,90,2,3,0.0015,1.0,61,61,0.47540983606557374,0.0008927472473574303,-0.0068033517182858865,-0.1421629690565458,-0.5327295079287845,107,0.45794392523364486
一进二,0.0,2.5,1,103000,12,20,120,2,3,0.0015,1.0,61,61,0.47540983606557374,-0.014751020595132487,-0.007233454540798823,-0.6824255170089037,-0.7425323925956364,112,0.45535714285714285
一进二,0.0,2.5,3,103000,12,20,120,2,3,0.0015,1.0,61,61,0.47540983606557374,-0.014751020595132487,-0.007233454540798823,-0.6824255170089037,-0.7425323925956364,113,0.45132743362831856
一进二,0.0,2.5,5,103000,12,20,120,2,3,0.0015,1.0,61,61,0.47540983606557374,-0.014751020595132487,-0.007233454540798823,-0.6824255170089037,-0.7425323925956364,113,0.45132743362831856
一进二,0.0,2.0,0,103000,16,30,90,1,3,0.0015,1.0,40,40,0.475,-0.008368767903267644,-0.0034668459170898985,-0.3728728403613286,-0.6478288661701199,53,0.4528301886792453
一进二,0.0,2.0,0,103000,16,30,90,2,3,0.0015,1.0,40,40,0.475,-0.013255035806171067,-0.0034668459170898985,-0.4692484738976742,-0.6423468273847337,59,0.4576271186440678
一进二,0.3,1.8,1,103000,22,20,120,2,3,0.0015,1.0,59,59,0.4745762711864407,-0.0008629178015157424,-0.004444667989987104,-0.23888339778168333,-0.5056377616328365,99,0.48484848484848486
一进二,0.3,1.8,3,103000,22,20,120,2,3,0.0015,1.0,59,59,0.4745762711864407,-0.0008629178015157424,-0.004444667989987104,-0.23888339778168333,-0.5056377616328365,100,0.49
一进二,0.3,1.8,5,103000,22,20,120,2,3,0.0015,1.0,59,59,0.4745762711864407,-0.0008629178015157424,-0.004444667989987104,-0.23888339778168333,-0.5056377616328365,100,0.49
首板,-2.0,2.5,2,100000,22,30,90,2,3,0.0015,1.0,137,137,0.4744525547445255,-0.0010377636603652477,-0.0018823953823953188,-0.30070394241270026,-0.5319727996981081,777,0.43886743886743884
首板,-2.0,2.5,2,103000,22,30,90,2,3,0.0015,1.0,137,137,0.4744525547445255,-0.0010377636603652477,-0.0018823953823953188,-0.30070394241270026,-0.5319727996981081,777,0.43886743886743884
首板,-2.0,2.5,5,100000,22,30,90,2,3,0.0015,1.0,137,137,0.4744525547445255,-0.0010377636603652477,-0.0018823953823953188,-0.30070394241270026,-0.5319727996981081,777,0.43886743886743884
首板,-2.0,2.5,5,103000,22,30,90,2,3,0.0015,1.0,137,137,0.4744525547445255,-0.0010377636603652477,-0.0018823953823953188,-0.30070394241270026,-0.5319727996981081,777,0.43886743886743884
首板,-2.0,2.5,8,100000,22,30,90,2,3,0.0015,1.0,137,137,0.4744525547445255,-0.0010377636603652477,-0.0018823953823953188,-0.30070394241270026,-0.5319727996981081,777,0.43886743886743884
首板,-2.0,2.5,8,103000,22,30,90,2,3,0.0015,1.0,137,137,0.4744525547445255,-0.0010377636603652477,-0.0018823953823953188,-0.30070394241270026,-0.5319727996981081,777,0.43886743886743884
全部,-2.0,2.5,1,100000,16,20,120,2,3,0.0015,1.0,135,135,0.4740740740740741,0.0038274100465223748,-0.0024086291177307095,0.2938430003227923,-0.6231267592336791,755,0.42251655629139073
全部,-2.0,2.5,3,100000,16,20,120,2,3,0.0015,1.0,135,135,0.4740740740740741,0.0038185060018127034,-0.0024086291177307095,0.2923043927410862,-0.6231267592336791,755,0.42251655629139073
全部,-2.0,2.5,5,100000,16,20,120,2,3,0.0015,1.0,135,135,0.4740740740740741,0.0038185060018127034,-0.0024086291177307095,0.2923043927410862,-0.6231267592336791,755,0.42251655629139073
全部,-2.0,2.5,1,103000,16,30,90,2,3,0.0015,1.0,135,135,0.4740740740740741,0.00038622700763367055,-0.002433551488066176,-0.20373433387150452,-0.5513440749422563,708,0.423728813559322
全部,-2.0,2.5,3,103000,16,30,90,2,3,0.0015,1.0,135,135,0.4740740740740741,0.0002637834026332175,-0.002433551488066176,-0.21658729822661116,-0.5513440749422563,708,0.423728813559322
全部,-2.0,2.5,5,103000,16,30,90,2,3,0.0015,1.0,135,135,0.4740740740740741,0.0002637834026332175,-0.002433551488066176,-0.21658729822661116,-0.5513440749422563,708,0.423728813559322
全部,0.5,1.5,1,103000,12,20,120,1,3,0.0015,1.0,76,76,0.47368421052631576,0.007824156042650798,-0.009764398568022524,0.24527904880073947,-0.5660188948304438,131,0.4580152671755725
全部,0.5,1.5,3,103000,12,20,120,1,3,0.0015,1.0,76,76,0.47368421052631576,0.006922928248539237,-0.011439485457556296,0.1597008491586196,-0.5660188948304438,131,0.4580152671755725
全部,0.5,1.5,5,103000,12,20,120,1,3,0.0015,1.0,76,76,0.47368421052631576,0.006922928248539237,-0.011439485457556296,0.1597008491586196,-0.5660188948304438,131,0.4580152671755725
全部,0.5,1.5,1,103000,12,20,120,2,3,0.0015,1.0,76,76,0.47368421052631576,0.005627573566642745,-0.009764398568022524,0.15971747223987598,-0.5228277056688144,164,0.4695121951219512
全部,0.5,1.5,3,103000,12,20,120,2,3,0.0015,1.0,76,76,0.47368421052631576,0.005176959669586964,-0.011439485457556296,0.11986835831501819,-0.5228277056688144,166,0.463855421686747
全部,0.5,1.5,5,103000,12,20,120,2,3,0.0015,1.0,76,76,0.47368421052631576,0.005176959669586964,-0.011439485457556296,0.11986835831501819,-0.5228277056688144,166,0.463855421686747
二进三,-0.5,1.8,0,103000,12,20,120,1,3,0.0015,1.0,38,38,0.47368421052631576,0.002741276104755453,-0.01540625000000001,-0.18412882710869283,-0.5267645765404105,51,0.47058823529411764
二进三,-0.5,1.8,0,103000,12,20,120,2,3,0.0015,1.0,38,38,0.47368421052631576,0.002741276104755453,-0.01540625000000001,-0.18412882710869283,-0.5267645765404105,53,0.49056603773584906
一进二,0.0,2.0,0,100000,22,20,120,1,3,0.0015,1.0,38,38,0.47368421052631576,-0.00823346815614932,-0.0016912777352716666,-0.3823461283546469,-0.6531487100365952,55,0.43636363636363634
一进二,0.0,2.0,1,100000,22,20,120,1,3,0.0015,1.0,38,38,0.47368421052631576,-0.010048892053247143,-0.0016912777352716666,-0.4208718029133768,-0.6531487100365952,55,0.43636363636363634
一进二,0.0,2.0,3,100000,22,20,120,1,3,0.0015,1.0,38,38,0.47368421052631576,-0.010048892053247143,-0.0016912777352716666,-0.4208718029133768,-0.6531487100365952,55,0.43636363636363634
一进二,0.0,2.0,5,100000,22,20,120,1,3,0.0015,1.0,38,38,0.47368421052631576,-0.010048892053247143,-0.0016912777352716666,-0.4208718029133768,-0.6531487100365952,55,0.43636363636363634
一进二,0.0,2.0,0,100000,22,20,120,2,3,0.0015,1.0,38,38,0.47368421052631576,-0.013729953311350799,-0.0016912777352716666,-0.4852782931226275,-0.6531487100365952,59,0.4576271186440678
一进二,0.0,2.0,1,100000,22,20,120,2,3,0.0015,1.0,38,38,0.47368421052631576,-0.014637665259899712,-0.0016912777352716666,-0.5013236556182694,-0.6531487100365952,65,0.46153846153846156
一进二,0.0,2.0,3,100000,22,20,120,2,3,0.0015,1.0,38,38,0.47368421052631576,-0.014637665259899712,-0.0016912777352716666,-0.5013236556182694,-0.6531487100365952,65,0.46153846153846156
一进二,0.0,2.0,5,100000,22,20,120,2,3,0.0015,1.0,38,38,0.47368421052631576,-0.014637665259899712,-0.0016912777352716666,-0.5013236556182694,-0.6531487100365952,65,0.46153846153846156
一进二,0.3,1.8,0,100000,16,30,90,1,3,0.0015,1.0,19,19,0.47368421052631576,-0.009525901697358076,-0.0018825554705433332,-0.2266149006242839,-0.4390527818309703,25,0.48
一进二,0.3,1.8,0,100000,16,30,90,2,3,0.0015,1.0,19,19,0.47368421052631576,-0.013702889035624815,-0.0018825554705433332,-0.27764923419953524,-0.4390527818309703,27,0.5185185185185185
全部,-0.5,1.8,1,103000,12,30,90,2,3,0.0015,1.0,112,112,0.4732142857142857,-0.0018833665709513854,-0.0071184745298112076,-0.46900794694705306,-0.722933914276916,367,0.4359673024523161
全部,-0.5,1.8,3,103000,12,30,90,2,3,0.0015,1.0,112,112,0.4732142857142857,-0.0018833665709513854,-0.0071184745298112076,-0.46900794694705306,-0.722933914276916,368,0.44021739130434784
全部,-0.5,1.8,5,103000,12,30,90,2,3,0.0015,1.0,112,112,0.4732142857142857,-0.0018833665709513854,-0.0071184745298112076,-0.46900794694705306,-0.722933914276916,368,0.44021739130434784
全部,0.0,2.5,1,103000,12,20,120,1,3,0.0015,1.0,108,108,0.4722222222222222,0.00644501558172368,-0.006796275216594037,0.15176513659378488,-0.6770820181152396,230,0.43043478260869567
全部,0.0,2.5,3,103000,12,20,120,1,3,0.0015,1.0,108,108,0.4722222222222222,0.00644501558172368,-0.006796275216594037,0.15176513659378488,-0.6770820181152396,230,0.43043478260869567
全部,0.0,2.5,5,103000,12,20,120,1,3,0.0015,1.0,108,108,0.4722222222222222,0.00644501558172368,-0.006796275216594037,0.15176513659378488,-0.6770820181152396,230,0.43043478260869567
全部,0.0,2.5,1,103000,12,20,120,2,3,0.0015,1.0,108,108,0.4722222222222222,0.0005351510487634539,-0.008267084265487334,-0.28133426856063104,-0.5386486596984619,352,0.4744318181818182
全部,0.0,2.5,3,103000,12,20,120,2,3,0.0015,1.0,108,108,0.4722222222222222,0.0005351510487634539,-0.008267084265487334,-0.28133426856063104,-0.5386486596984619,353,0.4730878186968839
全部,0.0,2.5,5,103000,12,20,120,2,3,0.0015,1.0,108,108,0.4722222222222222,0.0005351510487634539,-0.008267084265487334,-0.28133426856063104,-0.5386486596984619,353,0.4730878186968839
一进二,0.0,2.0,0,100000,16,20,120,1,3,0.0015,1.0,36,36,0.4722222222222222,-0.006636597212137835,-0.0016912777352716666,-0.3316168238759091,-0.6246610318965324,52,0.4230769230769231
一进二,0.0,2.0,1,100000,16,20,120,1,3,0.0015,1.0,36,36,0.4722222222222222,-0.00855287799240776,-0.0016912777352716666,-0.37330669891108437,-0.6246610318965324,52,0.4230769230769231
一进二,0.0,2.0,3,100000,16,20,120,1,3,0.0015,1.0,36,36,0.4722222222222222,-0.00855287799240776,-0.0016912777352716666,-0.37330669891108437,-0.6246610318965324,52,0.4230769230769231
一进二,0.0,2.0,5,100000,16,20,120,1,3,0.0015,1.0,36,36,0.4722222222222222,-0.00855287799240776,-0.0016912777352716666,-0.37330669891108437,-0.6246610318965324,52,0.4230769230769231
一进二,0.0,2.0,0,100000,16,20,120,2,3,0.0015,1.0,36,36,0.4722222222222222,-0.012438442653739397,-0.0016912777352716666,-0.4430030393134995,-0.6246610318965324,56,0.44642857142857145
一进二,0.3,1.8,0,103000,16,25,100,2,3,0.0015,1.0,36,36,0.4722222222222222,-0.013225443862353487,-0.007334618593059448,-0.43332861120145927,-0.5518049731851692,48,0.5
一进二,0.0,2.0,1,100000,16,20,120,2,3,0.0015,1.0,36,36,0.4722222222222222,-0.01339658304387436,-0.0016912777352716666,-0.46036624359218536,-0.6246610318965324,61,0.4426229508196721
一进二,0.0,2.0,3,100000,16,20,120,2,3,0.0015,1.0,36,36,0.4722222222222222,-0.01339658304387436,-0.0016912777352716666,-0.46036624359218536,-0.6246610318965324,61,0.4426229508196721
一进二,0.0,2.0,5,100000,16,20,120,2,3,0.0015,1.0,36,36,0.4722222222222222,-0.01339658304387436,-0.0016912777352716666,-0.46036624359218536,-0.6246610318965324,62,0.45161290322580644
全部,0.0,2.5,1,100000,22,25,100,2,3,0.0015,1.0,125,125,0.472,0.0014975903859811672,-0.0015,-0.11259544238986574,-0.7014367228669925,555,0.4198198198198198
全部,0.0,2.5,3,100000,22,25,100,2,3,0.0015,1.0,125,125,0.472,0.0014975903859811672,-0.0015,-0.11259544238986574,-0.7014367228669925,555,0.4198198198198198
全部,0.0,2.5,5,100000,22,25,100,2,3,0.0015,1.0,125,125,0.472,0.0014975903859811672,-0.0015,-0.11259544238986574,-0.7014367228669925,555,0.4198198198198198
一进二,0.0,2.0,0,103000,22,25,100,2,3,0.0015,1.0,53,53,0.4716981132075472,-0.010441119011750306,-0.005051136363636464,-0.5125918990683109,-0.7081057822656571,81,0.4444444444444444
全部,-2.0,2.5,1,100000,22,20,120,2,3,0.0015,1.0,138,138,0.47101449275362317,0.0035782965193983576,-0.0038721678044379426,0.2150001298600035,-0.45739275482640507,814,0.42874692874692877
全部,-2.0,2.5,3,100000,22,20,120,2,3,0.0015,1.0,138,138,0.47101449275362317,0.0035695860408780267,-0.0038721678044379426,0.2135552803604044,-0.45739275482640507,814,0.42874692874692877
全部,-2.0,2.5,5,100000,22,20,120,2,3,0.0015,1.0,138,138,0.47101449275362317,0.0035695860408780267,-0.0038721678044379426,0.2135552803604044,-0.45739275482640507,814,0.42874692874692877
二进三,-2.0,2.2,0,100000,12,30,90,1,3,0.0015,1.0,34,34,0.47058823529411764,0.007881043942374478,-0.024211864406779637,-0.04507165449902073,-0.5927973633387689,39,0.48717948717948717
二进三,-2.0,2.2,0,100000,12,30,90,2,3,0.0015,1.0,34,34,0.47058823529411764,0.004248762612596189,-0.024211864406779637,-0.14573346945631593,-0.5927973633387689,43,0.46511627906976744
二进三,-0.5,1.8,0,103000,10,20,120,1,3,0.0015,1.0,34,34,0.47058823529411764,-0.00370287643372689,-0.024126262626262607,-0.33002570938795517,-0.5267645765404104,45,0.4666666666666667
二进三,-0.5,1.8,0,103000,10,20,120,2,3,0.0015,1.0,34,34,0.47058823529411764,-0.00370287643372689,-0.024126262626262607,-0.33002570938795517,-0.5267645765404104,46,0.4782608695652174
一进二,0.3,1.8,0,103000,12,20,120,2,3,0.0015,1.0,34,34,0.47058823529411764,-0.013314563089240204,-0.007334618593059448,-0.44845320060598903,-0.6391193246589082,47,0.425531914893617
一进二,0.3,1.8,0,100000,12,30,90,1,3,0.0015,1.0,17,17,0.47058823529411764,-0.00891270366868041,-0.0018825554705433332,-0.202150160101648,-0.42658043635034293,23,0.4782608695652174
一进二,0.3,1.8,0,100000,12,30,90,2,3,0.0015,1.0,17,17,0.47058823529411764,-0.013581101282037355,-0.0018825554705433332,-0.2547988792264426,-0.42658043635034293,25,0.52
首板,-2.0,2.5,2,100000,16,25,100,1,3,0.0015,1.0,134,134,0.4701492537313433,0.00362204157333964,-0.006357901442374745,0.048751523010956754,-0.5409894969503071,377,0.4297082228116711
首板,-2.0,2.5,2,103000,16,25,100,1,3,0.0015,1.0,134,134,0.4701492537313433,0.00362204157333964,-0.006357901442374745,0.048751523010956754,-0.5409894969503071,377,0.4297082228116711
首板,-2.0,2.5,5,100000,16,25,100,1,3,0.0015,1.0,134,134,0.4701492537313433,0.00362204157333964,-0.006357901442374745,0.048751523010956754,-0.5409894969503071,377,0.4297082228116711
首板,-2.0,2.5,5,103000,16,25,100,1,3,0.0015,1.0,134,134,0.4701492537313433,0.00362204157333964,-0.006357901442374745,0.048751523010956754,-0.5409894969503071,377,0.4297082228116711
首板,-2.0,2.5,8,100000,16,25,100,1,3,0.0015,1.0,134,134,0.4701492537313433,0.00362204157333964,-0.006357901442374745,0.048751523010956754,-0.5409894969503071,377,0.4297082228116711
首板,-2.0,2.5,8,103000,16,25,100,1,3,0.0015,1.0,134,134,0.4701492537313433,0.00362204157333964,-0.006357901442374745,0.048751523010956754,-0.5409894969503071,377,0.4297082228116711
全部,0.5,1.5,1,100000,12,25,100,1,3,0.0015,1.0,66,66,0.4696969696969697,0.007735095184488253,-0.0024146341463414087,0.28878391791927727,-0.47398801383253464,101,0.42574257425742573
全部,0.5,1.5,5,100000,12,25,100,2,3,0.0015,1.0,66,66,0.4696969696969697,0.007229752609665233,-0.0050410764872521035,0.291875821499743,-0.4273647783503969,123,0.45528455284552843
全部,0.5,1.5,3,100000,12,25,100,1,3,0.0015,1.0,66,66,0.4696969696969697,0.006697317724602214,-0.004628911138923662,0.2002159720203518,-0.47398801383253464,101,0.42574257425742573
全部,0.5,1.5,5,100000,12,25,100,1,3,0.0015,1.0,66,66,0.4696969696969697,0.006697317724602214,-0.004628911138923662,0.2002159720203518,-0.47398801383253464,101,0.42574257425742573
一进二,0.0,2.5,0,103000,22,20,120,2,3,0.0015,1.0,66,66,0.4696969696969697,-0.01750481747863279,-0.013618506205991643,-0.7488922676844044,-0.816964969611941,113,0.45132743362831856
全部,0.3,1.8,1,103000,22,30,90,1,3,0.0015,1.0,115,115,0.46956521739130436,0.001850951942655624,-0.006015080368430624,-0.204620051293522,-0.8471687986991335,267,0.4419475655430712
全部,0.3,1.8,3,103000,22,30,90,1,3,0.0015,1.0,115,115,0.46956521739130436,0.001850951942655624,-0.006015080368430624,-0.204620051293522,-0.8471687986991335,267,0.4419475655430712
全部,0.3,1.8,5,103000,22,30,90,1,3,0.0015,1.0,115,115,0.46956521739130436,0.001850951942655624,-0.006015080368430624,-0.204620051293522,-0.8471687986991335,267,0.4419475655430712
全部,0.0,2.5,1,103000,16,30,90,2,3,0.0015,1.0,113,113,0.4690265486725664,0.005076063097605583,-0.006015080368430624,0.26240880623999274,-0.7103268047821731,418,0.43779904306220097
全部,0.0,2.5,3,103000,16,30,90,2,3,0.0015,1.0,113,113,0.4690265486725664,0.005076063097605583,-0.006015080368430624,0.26240880623999274,-0.7103268047821731,419,0.43675417661097854
全部,0.0,2.5,5,103000,16,30,90,2,3,0.0015,1.0,113,113,0.4690265486725664,0.005076063097605583,-0.006015080368430624,0.26240880623999274,-0.7103268047821731,419,0.43675417661097854
二进三,-1.0,2.0,0,103000,10,30,90,1,3,0.0015,1.0,32,32,0.46875,0.0064896691389488975,-0.017214285714285626,-0.0876655992131612,-0.4946366951946527,37,0.4864864864864865
二进三,-1.0,2.0,0,103000,10,30,90,2,3,0.0015,1.0,32,32,0.46875,0.0064896691389488975,-0.017214285714285626,-0.0876655992131612,-0.4946366951946527,39,0.48717948717948717
二进三,-0.5,1.8,0,100000,10,20,120,1,3,0.0015,1.0,32,32,0.46875,-0.0052904945207351214,-0.024126262626262607,-0.3498061274168248,-0.5407364477498988,40,0.475
二进三,-0.5,1.8,0,100000,10,20,120,2,3,0.0015,1.0,32,32,0.46875,-0.0052904945207351214,-0.024126262626262607,-0.3498061274168248,-0.5407364477498988,41,0.4878048780487805
全部,0.0,2.5,1,103000,12,30,90,1,3,0.0015,1.0,94,94,0.46808510638297873,0.009536564846353299,-0.006796275216594037,0.5045587910290408,-0.7209813473563125,190,0.4421052631578947
全部,0.0,2.5,3,103000,12,30,90,1,3,0.0015,1.0,94,94,0.46808510638297873,0.009536564846353299,-0.006796275216594037,0.5045587910290408,-0.7209813473563125,190,0.4421052631578947
全部,0.0,2.5,5,103000,12,30,90,1,3,0.0015,1.0,94,94,0.46808510638297873,0.009536564846353299,-0.006796275216594037,0.5045587910290408,-0.7209813473563125,190,0.4421052631578947
全部,0.5,1.5,1,103000,16,25,100,2,3,0.0015,1.0,94,94,0.46808510638297873,0.004277705658127949,-0.013080606514252857,0.1013014769280256,-0.5590495343487223,237,0.459915611814346
全部,0.5,1.5,3,103000,16,25,100,2,3,0.0015,1.0,94,94,0.46808510638297873,0.003913379528593489,-0.014644609560569455,0.06345959813408286,-0.5590495343487223,239,0.4560669456066946
全部,0.5,1.5,5,103000,16,25,100,2,3,0.0015,1.0,94,94,0.46808510638297873,0.003913379528593489,-0.014644609560569455,0.06345959813408286,-0.5590495343487223,239,0.4560669456066946
全部,0.5,1.5,3,100000,12,30,90,1,3,0.0015,1.0,62,62,0.46774193548387094,0.0010790235387136882,-0.007280586998066605,-0.16647908856406324,-0.6018447266565516,91,0.42857142857142855
全部,0.5,1.5,5,100000,12,30,90,1,3,0.0015,1.0,62,62,0.46774193548387094,0.0010790235387136882,-0.007280586998066605,-0.16647908856406324,-0.6018447266565516,91,0.42857142857142855
全部,0.5,1.5,3,100000,12,30,90,2,3,0.0015,1.0,62,62,0.46774193548387094,0.0004277979310868236,-0.007280586998066605,-0.16013483919984384,-0.5327295079287845,108,0.4537037037037037
一进二,0.0,2.5,0,103000,22,25,100,1,3,0.0015,1.0,62,62,0.46774193548387094,-0.011033467283155204,-0.008918909039606014,-0.5931697304768115,-0.8042429049751245,83,0.42168674698795183
全部,0.0,2.0,1,103000,12,30,90,1,3,0.0015,1.0,92,92,0.4673913043478261,0.00956282840885041,-0.006796275216594037,0.49171941508579,-0.7090524087635293,179,0.441340782122905
全部,0.0,2.0,3,103000,12,30,90,1,3,0.0015,1.0,92,92,0.4673913043478261,0.00956282840885041,-0.006796275216594037,0.49171941508579,-0.7090524087635293,179,0.441340782122905
全部,0.0,2.0,5,103000,12,30,90,1,3,0.0015,1.0,92,92,0.4673913043478261,0.00956282840885041,-0.006796275216594037,0.49171941508579,-0.7090524087635293,179,0.441340782122905
全部,0.0,2.0,1,103000,12,30,90,2,3,0.0015,1.0,92,92,0.4673913043478261,0.005084375209557606,-0.003243072450350796,0.10270817112553221,-0.6173838553923332,247,0.47368421052631576
全部,0.0,2.0,3,103000,12,30,90,2,3,0.0015,1.0,92,92,0.4673913043478261,0.005084375209557606,-0.003243072450350796,0.10270817112553221,-0.6173838553923332,248,0.47580645161290325
全部,0.0,2.0,5,103000,12,30,90,2,3,0.0015,1.0,92,92,0.4673913043478261,0.005084375209557606,-0.003243072450350796,0.10270817112553221,-0.6173838553923332,249,0.4779116465863454
全部,-1.0,2.0,1,100000,22,20,120,2,3,0.0015,1.0,137,137,0.46715328467153283,0.0021043551035415903,-0.004764264788623074,0.002332203251854237,-0.6065089021567183,787,0.4155019059720457
全部,-1.0,2.0,3,100000,22,20,120,2,3,0.0015,1.0,137,137,0.46715328467153283,0.0020955810448860745,-0.004764264788623074,0.001140253434970262,-0.6065089021567183,787,0.4155019059720457
全部,-1.0,2.0,5,100000,22,20,120,2,3,0.0015,1.0,137,137,0.46715328467153283,0.0020955810448860745,-0.004764264788623074,0.001140253434970262,-0.6065089021567183,787,0.4155019059720457
全部,-2.0,2.5,1,100000,16,25,100,1,3,0.0015,1.0,135,135,0.4666666666666667,0.0050756329928785225,-0.013954592631032657,0.085294631267826,-0.6820345266471346,387,0.4263565891472868
全部,-2.0,2.5,3,100000,16,25,100,1,3,0.0015,1.0,135,135,0.4666666666666667,0.0050756329928785225,-0.013954592631032657,0.085294631267826,-0.6820345266471346,387,0.4263565891472868
全部,-2.0,2.5,5,100000,16,25,100,1,3,0.0015,1.0,135,135,0.4666666666666667,0.0050756329928785225,-0.013954592631032657,0.085294631267826,-0.6820345266471346,387,0.4263565891472868
全部,0.0,2.5,1,103000,12,25,100,2,3,0.0015,1.0,105,105,0.4666666666666667,0.003340569957123054,-0.007233454540798823,-0.07490435206335144,-0.6487983853524733,312,0.4775641025641026
全部,0.0,2.5,3,103000,12,25,100,2,3,0.0015,1.0,105,105,0.4666666666666667,0.003340569957123054,-0.007233454540798823,-0.07490435206335144,-0.6487983853524733,313,0.476038338658147
全部,0.0,2.5,5,103000,12,25,100,2,3,0.0015,1.0,105,105,0.4666666666666667,0.003340569957123054,-0.007233454540798823,-0.07490435206335144,-0.6487983853524733,313,0.476038338658147
一进二,0.0,2.5,0,103000,16,20,120,2,3,0.0015,1.0,60,60,0.4666666666666667,-0.018272931535239848,-0.013618506205991643,-0.733132825831464,-0.8134322858225294,102,0.46078431372549017
一进二,0.0,2.0,0,103000,22,30,90,1,3,0.0015,1.0,45,45,0.4666666666666667,-0.0110395913041319,-0.005051136363636464,-0.47314675749446045,-0.7041389438753893,60,0.43333333333333335
一进二,0.0,2.0,0,103000,12,20,120,1,3,0.0015,1.0,45,45,0.4666666666666667,-0.012366877433909698,-0.0018825554705433332,-0.5224115613010145,-0.7334952215313408,62,0.4032258064516129
一进二,0.0,2.0,0,103000,22,30,90,2,3,0.0015,1.0,45,45,0.4666666666666667,-0.015382940551157168,-0.005051136363636464,-0.5541124982485437,-0.6995334506110154,67,0.44776119402985076
二进三,-1.0,2.0,0,100000,10,30,90,1,3,0.0015,1.0,30,30,0.4666666666666667,0.0058523492488280005,-0.024211864406779637,-0.11240336644371529,-0.5663518854770684,32,0.46875
二进三,-1.0,2.0,0,100000,10,30,90,2,3,0.0015,1.0,30,30,0.4666666666666667,0.0058523492488280005,-0.024211864406779637,-0.11240336644371529,-0.5663518854770684,34,0.47058823529411764
二进三,-0.5,1.8,0,103000,8,20,120,1,3,0.0015,1.0,30,30,0.4666666666666667,-0.004778606139621245,-0.024126262626262607,-0.3133022925410722,-0.448854583361054,40,0.475
二进三,-0.5,1.8,0,103000,8,20,120,2,3,0.0015,1.0,30,30,0.4666666666666667,-0.004778606139621245,-0.024126262626262607,-0.3133022925410722,-0.448854583361054,41,0.4878048780487805
二进三,0.3,1.8,0,103000,10,20,120,1,3,0.0015,1.0,15,15,0.4666666666666667,0.005970924609985957,-0.021499999999999908,-0.046256939408657716,-0.3731388809409174,15,0.4666666666666667
二进三,0.3,1.8,0,103000,10,20,120,2,3,0.0015,1.0,15,15,0.4666666666666667,0.005970924609985957,-0.021499999999999908,-0.046256939408657716,-0.3731388809409174,15,0.4666666666666667
二进三,0.3,1.8,1,100000,10,20,120,1,3,0.0015,1.0,15,15,0.4666666666666667,-0.0015422946616398315,-0.021499999999999908,-0.13643641226852432,-0.3731388809409174,15,0.4666666666666667
二进三,0.3,1.8,2,100000,10,20,120,1,3,0.0015,1.0,15,15,0.4666666666666667,-0.0015422946616398315,-0.021499999999999908,-0.13643641226852432,-0.3731388809409174,15,0.4666666666666667
二进三,0.3,1.8,1,100000,10,20,120,2,3,0.0015,1.0,15,15,0.4666666666666667,-0.0015422946616398315,-0.021499999999999908,-0.13643641226852432,-0.3731388809409174,15,0.4666666666666667
二进三,0.3,1.8,2,100000,10,20,120,2,3,0.0015,1.0,15,15,0.4666666666666667,-0.0015422946616398315,-0.021499999999999908,-0.13643641226852432,-0.3731388809409174,15,0.4666666666666667
全部,0.5,1.5,1,103000,22,30,90,1,3,0.0015,1.0,103,103,0.46601941747572817,0.000241830853998876,-0.0073064516129031625,-0.2622681908410941,-0.718660551072974,211,0.4597156398104265
全部,0.5,1.5,3,103000,22,30,90,1,3,0.0015,1.0,103,103,0.46601941747572817,-0.0003048983026226643,-0.0073064516129031625,-0.30988607494928777,-0.718660551072974,212,0.45754716981132076
全部,0.5,1.5,5,103000,22,30,90,1,3,0.0015,1.0,103,103,0.46601941747572817,-0.0003048983026226643,-0.0073064516129031625,-0.30988607494928777,-0.718660551072974,212,0.45754716981132076
全部,0.5,1.5,1,103000,16,30,90,1,3,0.0015,1.0,88,88,0.4659090909090909,0.010672136037271697,-0.007532136945375243,0.7649724098336117,-0.5825270743307098,161,0.4472049689440994
全部,0.5,1.5,3,103000,16,30,90,1,3,0.0015,1.0,88,88,0.4659090909090909,0.009512748156780037,-0.00837147977470559,0.5785925274469914,-0.5825270743307098,163,0.44171779141104295
全部,0.5,1.5,5,103000,16,30,90,1,3,0.0015,1.0,88,88,0.4659090909090909,0.009512748156780037,-0.00837147977470559,0.5785925274469914,-0.5825270743307098,163,0.44171779141104295
全部,0.5,1.5,3,103000,16,30,90,2,3,0.0015,1.0,88,88,0.4659090909090909,0.005481023843687306,-0.00837147977470559,0.20761123983415963,-0.5630312059597758,210,0.4666666666666667
全部,0.5,1.5,5,103000,16,30,90,2,3,0.0015,1.0,88,88,0.4659090909090909,0.005481023843687306,-0.00837147977470559,0.20761123983415963,-0.5630312059597758,210,0.4666666666666667
一进二,0.0,2.5,1,103000,22,25,100,1,3,0.0015,1.0,71,71,0.4647887323943662,-0.008521095976555586,-0.006015080368430624,-0.5861623044140527,-0.7521444487221219,106,0.42452830188679247
一进二,0.0,2.5,3,103000,22,25,100,1,3,0.0015,1.0,71,71,0.4647887323943662,-0.008521095976555586,-0.006015080368430624,-0.5861623044140527,-0.7521444487221219,106,0.42452830188679247
一进二,0.0,2.5,5,103000,22,25,100,1,3,0.0015,1.0,71,71,0.4647887323943662,-0.008521095976555586,-0.006015080368430624,-0.5861623044140527,-0.7521444487221219,106,0.42452830188679247
一进二,0.0,2.5,1,103000,12,25,100,2,3,0.0015,1.0,56,56,0.4642857142857143,-0.008222135735604583,-0.007039685725664129,-0.47681434857422345,-0.6295474828488747,100,0.45
一进二,0.0,2.5,3,103000,12,25,100,2,3,0.0015,1.0,56,56,0.4642857142857143,-0.008222135735604583,-0.007039685725664129,-0.47681434857422345,-0.6295474828488747,101,0.44554455445544555
一进二,0.0,2.5,5,103000,12,25,100,2,3,0.0015,1.0,56,56,0.4642857142857143,-0.008222135735604583,-0.007039685725664129,-0.47681434857422345,-0.6295474828488747,101,0.44554455445544555
一进二,0.0,2.5,0,103000,16,25,100,1,3,0.0015,1.0,56,56,0.4642857142857143,-0.00962225155678306,-0.008918909039606014,-0.5236034071421216,-0.7801430980067949,74,0.43243243243243246
一进二,0.0,2.5,1,103000,12,25,100,1,3,0.0015,1.0,56,56,0.4642857142857143,-0.009730547140246956,-0.007982660423597741,-0.5363958812376901,-0.6981760131816643,80,0.425
一进二,0.0,2.5,3,103000,12,25,100,1,3,0.0015,1.0,56,56,0.4642857142857143,-0.009730547140246956,-0.007982660423597741,-0.5363958812376901,-0.6981760131816643,80,0.425
一进二,0.0,2.5,5,103000,12,25,100,1,3,0.0015,1.0,56,56,0.4642857142857143,-0.009730547140246956,-0.007982660423597741,-0.5363958812376901,-0.6981760131816643,80,0.425
二进三,-0.5,1.8,0,100000,8,20,120,1,3,0.0015,1.0,28,28,0.4642857142857143,-0.006669864646623106,-0.024126262626262607,-0.33357645515199164,-0.4651266804975792,35,0.4857142857142857
二进三,-0.5,1.8,0,100000,8,20,120,2,3,0.0015,1.0,28,28,0.4642857142857143,-0.006669864646623106,-0.024126262626262607,-0.33357645515199164,-0.4651266804975792,36,0.5
全部,-2.0,2.5,3,103000,22,25,100,2,3,0.0015,1.0,138,138,0.463768115942029,1.9226092084334727e-05,-0.0034180104499302306,-0.24205870084052872,-0.5171881547945714,810,0.42592592592592593
全部,-2.0,2.5,5,103000,22,25,100,2,3,0.0015,1.0,138,138,0.463768115942029,1.9226092084334727e-05,-0.0034180104499302306,-0.24205870084052872,-0.5171881547945714,810,0.42592592592592593
全部,-2.0,2.5,1,103000,22,25,100,2,3,0.0015,1.0,138,138,0.463768115942029,-0.00011878645067944098,-0.0034180104499302306,-0.25657408766834855,-0.5264345182081789,810,0.42592592592592593
一进二,0.0,2.5,1,103000,16,20,120,2,3,0.0015,1.0,69,69,0.463768115942029,-0.011121673009584311,-0.007233454540798823,-0.6483079634256139,-0.7343365257826212,130,0.47692307692307695
一进二,0.0,2.5,3,103000,16,20,120,2,3,0.0015,1.0,69,69,0.463768115942029,-0.011121673009584311,-0.007233454540798823,-0.6483079634256139,-0.7343365257826212,131,0.4732824427480916
一进二,0.0,2.5,5,103000,16,20,120,2,3,0.0015,1.0,69,69,0.463768115942029,-0.011121673009584311,-0.007233454540798823,-0.6483079634256139,-0.7343365257826212,131,0.4732824427480916
全部,0.3,1.8,1,100000,22,30,90,1,3,0.0015,1.0,110,110,0.4636363636363636,-0.0011292407168318585,-0.004211147112793743,-0.36273822422403135,-0.7332481663858221,250,0.42
全部,0.3,1.8,3,100000,22,30,90,1,3,0.0015,1.0,110,110,0.4636363636363636,-0.0011292407168318585,-0.004211147112793743,-0.36273822422403135,-0.7332481663858221,250,0.42
全部,0.3,1.8,5,100000,22,30,90,1,3,0.0015,1.0,110,110,0.4636363636363636,-0.0011292407168318585,-0.004211147112793743,-0.36273822422403135,-0.7332481663858221,250,0.42
一进二,0.0,2.5,0,100000,16,20,120,1,3,0.0015,1.0,41,41,0.4634146341463415,-0.013533893440181454,-0.0018825554705433332,-0.5259154193544298,-0.73377184876922,59,0.4067796610169492
一进二,0.0,2.5,1,100000,16,20,120,1,3,0.0015,1.0,41,41,0.4634146341463415,-0.015216481442369683,-0.0018825554705433332,-0.5554860722811392,-0.73377184876922,60,0.4
一进二,0.0,2.5,3,100000,16,20,120,1,3,0.0015,1.0,41,41,0.4634146341463415,-0.015216481442369683,-0.0018825554705433332,-0.5554860722811392,-0.73377184876922,60,0.4
一进二,0.0,2.5,5,100000,16,20,120,1,3,0.0015,1.0,41,41,0.4634146341463415,-0.015216481442369683,-0.0018825554705433332,-0.5554860722811392,-0.73377184876922,60,0.4
一进二,0.0,2.5,1,100000,16,20,120,2,3,0.0015,1.0,41,41,0.4634146341463415,-0.019590548351949774,-0.00460358943015826,-0.6191408306621565,-0.7350957275845839,72,0.4166666666666667
一进二,0.0,2.5,3,100000,16,20,120,2,3,0.0015,1.0,41,41,0.4634146341463415,-0.019590548351949774,-0.00460358943015826,-0.6191408306621565,-0.7350957275845839,73,0.410958904109589
一进二,0.0,2.5,5,100000,16,20,120,2,3,0.0015,1.0,41,41,0.4634146341463415,-0.019590548351949774,-0.00460358943015826,-0.6191408306621565,-0.7350957275845839,73,0.410958904109589
一进二,0.0,2.5,0,100000,16,20,120,2,3,0.0015,1.0,41,41,0.4634146341463415,-0.020033201799405046,-0.006845916910529435,-0.6276856307827594,-0.7350957275845839,67,0.417910447761194
全部,0.5,1.5,1,103000,22,25,100,1,3,0.0015,1.0,108,108,0.46296296296296297,-0.0008494298568310251,-0.011491166944744334,-0.3753573676340147,-0.6624438953234487,241,0.4315352697095436
全部,0.5,1.5,3,103000,22,25,100,1,3,0.0015,1.0,108,108,0.46296296296296297,-0.001483627193428048,-0.013534687957099499,-0.41828412525438585,-0.6624438953234487,241,0.4315352697095436
全部,0.5,1.5,5,103000,22,25,100,1,3,0.0015,1.0,108,108,0.46296296296296297,-0.001483627193428048,-0.013534687957099499,-0.41828412525438585,-0.6624438953234487,241,0.4315352697095436
首板,-0.5,1.8,2,100000,22,20,120,1,3,0.0015,1.0,134,134,0.4626865671641791,0.011537575629373041,-0.0034116431194221573,1.9765663469619241,-0.2958647496945459,386,0.39896373056994816
首板,-0.5,1.8,2,103000,22,20,120,1,3,0.0015,1.0,134,134,0.4626865671641791,0.011537575629373041,-0.0034116431194221573,1.9765663469619241,-0.2958647496945459,386,0.39896373056994816
首板,-0.5,1.8,5,100000,22,20,120,1,3,0.0015,1.0,134,134,0.4626865671641791,0.011537575629373041,-0.0034116431194221573,1.9765663469619241,-0.2958647496945459,386,0.39896373056994816
首板,-0.5,1.8,5,103000,22,20,120,1,3,0.0015,1.0,134,134,0.4626865671641791,0.011537575629373041,-0.0034116431194221573,1.9765663469619241,-0.2958647496945459,386,0.39896373056994816
首板,-0.5,1.8,8,100000,22,20,120,1,3,0.0015,1.0,134,134,0.4626865671641791,0.011537575629373041,-0.0034116431194221573,1.9765663469619241,-0.2958647496945459,386,0.39896373056994816
首板,-0.5,1.8,8,103000,22,20,120,1,3,0.0015,1.0,134,134,0.4626865671641791,0.011537575629373041,-0.0034116431194221573,1.9765663469619241,-0.2958647496945459,386,0.39896373056994816
全部,-2.0,2.5,1,100000,12,30,90,1,3,0.0015,1.0,119,119,0.46218487394957986,0.008116035093261588,-0.006188546550569383,0.4076530456035887,-0.6038720937635376,299,0.4214046822742475
全部,-2.0,2.5,3,100000,12,30,90,1,3,0.0015,1.0,119,119,0.46218487394957986,0.0080958326388783,-0.006188546550569383,0.4042982064237246,-0.6038720937635376,299,0.4214046822742475
全部,-2.0,2.5,5,100000,12,30,90,1,3,0.0015,1.0,119,119,0.46218487394957986,0.0080958326388783,-0.006188546550569383,0.4042982064237246,-0.6038720937635376,299,0.4214046822742475
一进二,0.0,2.5,0,103000,22,30,90,1,3,0.0015,1.0,52,52,0.46153846153846156,-0.011976793534962308,-0.0138434784924229,-0.5401225906925058,-0.7449693450078515,68,0.4264705882352941
二进三,0.3,1.8,0,103000,8,20,120,1,3,0.0015,1.0,13,13,0.46153846153846156,0.012751830706553429,-0.021499999999999908,0.042820327480367126,-0.32591808392670807,13,0.46153846153846156
二进三,0.3,1.8,0,103000,8,20,120,2,3,0.0015,1.0,13,13,0.46153846153846156,0.012751830706553429,-0.021499999999999908,0.042820327480367126,-0.32591808392670807,13,0.46153846153846156
二进三,0.3,1.8,1,100000,8,20,120,1,3,0.0015,1.0,13,13,0.46153846153846156,0.0040827315469852115,-0.021499999999999908,-0.05578168736567002,-0.32591808392670785,13,0.46153846153846156
二进三,0.3,1.8,2,100000,8,20,120,1,3,0.0015,1.0,13,13,0.46153846153846156,0.0040827315469852115,-0.021499999999999908,-0.05578168736567002,-0.32591808392670785,13,0.46153846153846156
二进三,0.3,1.8,1,100000,8,20,120,2,3,0.0015,1.0,13,13,0.46153846153846156,0.0040827315469852115,-0.021499999999999908,-0.05578168736567002,-0.32591808392670785,13,0.46153846153846156
二进三,0.3,1.8,2,100000,8,20,120,2,3,0.0015,1.0,13,13,0.46153846153846156,0.0040827315469852115,-0.021499999999999908,-0.05578168736567002,-0.32591808392670785,13,0.46153846153846156
首板,-0.5,1.8,2,100000,16,20,120,1,3,0.0015,1.0,128,128,0.4609375,0.008321407048644675,-0.005778969707822544,0.7978010737615417,-0.4358470870422114,330,0.4090909090909091
首板,-0.5,1.8,2,103000,16,20,120,1,3,0.0015,1.0,128,128,0.4609375,0.008321407048644675,-0.005778969707822544,0.7978010737615417,-0.4358470870422114,330,0.4090909090909091
首板,-0.5,1.8,5,100000,16,20,120,1,3,0.0015,1.0,128,128,0.4609375,0.008321407048644675,-0.005778969707822544,0.7978010737615417,-0.4358470870422114,330,0.4090909090909091
首板,-0.5,1.8,5,103000,16,20,120,1,3,0.0015,1.0,128,128,0.4609375,0.008321407048644675,-0.005778969707822544,0.7978010737615417,-0.4358470870422114,330,0.4090909090909091
首板,-0.5,1.8,8,100000,16,20,120,1,3,0.0015,1.0,128,128,0.4609375,0.008321407048644675,-0.005778969707822544,0.7978010737615417,-0.4358470870422114,330,0.4090909090909091
首板,-0.5,1.8,8,103000,16,20,120,1,3,0.0015,1.0,128,128,0.4609375,0.008321407048644675,-0.005778969707822544,0.7978010737615417,-0.4358470870422114,330,0.4090909090909091
首板,0.0,2.0,2,100000,25,25,100,2,3,0.0015,1.0,126,126,0.4603174603174603,-0.005626215430303621,-0.0043647724659947856,-0.6016125705620416,-0.6592106831219205,556,0.40827338129496404
首板,0.0,2.0,2,103000,25,25,100,2,3,0.0015,1.0,126,126,0.4603174603174603,-0.005626215430303621,-0.0043647724659947856,-0.6016125705620416,-0.6592106831219205,556,0.40827338129496404
首板,0.0,2.0,5,100000,25,25,100,2,3,0.0015,1.0,126,126,0.4603174603174603,-0.005626215430303621,-0.0043647724659947856,-0.6016125705620416,-0.6592106831219205,556,0.40827338129496404
首板,0.0,2.0,5,103000,25,25,100,2,3,0.0015,1.0,126,126,0.4603174603174603,-0.005626215430303621,-0.0043647724659947856,-0.6016125705620416,-0.6592106831219205,556,0.40827338129496404
首板,0.0,2.0,8,100000,25,25,100,2,3,0.0015,1.0,126,126,0.4603174603174603,-0.005626215430303621,-0.0043647724659947856,-0.6016125705620416,-0.6592106831219205,556,0.40827338129496404
首板,0.0,2.0,8,103000,25,25,100,2,3,0.0015,1.0,126,126,0.4603174603174603,-0.005626215430303621,-0.0043647724659947856,-0.6016125705620416,-0.6592106831219205,556,0.40827338129496404
全部,-1.0,2.0,1,103000,22,20,120,2,3,0.0015,1.0,137,137,0.45985401459854014,0.004577555005829053,-0.004487902109484243,0.3088951781407725,-0.47548168823037096,798,0.4223057644110276
全部,-1.0,2.0,3,103000,22,20,120,2,3,0.0015,1.0,137,137,0.45985401459854014,0.004577555005829053,-0.004487902109484243,0.3088951781407725,-0.47548168823037096,799,0.4230287859824781
全部,-1.0,2.0,5,103000,22,20,120,2,3,0.0015,1.0,137,137,0.45985401459854014,0.004577555005829053,-0.004487902109484243,0.3088951781407725,-0.47548168823037096,799,0.4230287859824781
首板,-1.0,2.0,2,100000,22,20,120,2,3,0.0015,1.0,137,137,0.45985401459854014,-0.001225199776954959,-0.00796787621479983,-0.3179220952724062,-0.5641768009803313,770,0.4142857142857143
首板,-1.0,2.0,2,103000,22,20,120,2,3,0.0015,1.0,137,137,0.45985401459854014,-0.001225199776954959,-0.00796787621479983,-0.3179220952724062,-0.5641768009803313,770,0.4142857142857143
首板,-1.0,2.0,5,100000,22,20,120,2,3,0.0015,1.0,137,137,0.45985401459854014,-0.001225199776954959,-0.00796787621479983,-0.3179220952724062,-0.5641768009803313,770,0.4142857142857143
首板,-1.0,2.0,5,103000,22,20,120,2,3,0.0015,1.0,137,137,0.45985401459854014,-0.001225199776954959,-0.00796787621479983,-0.3179220952724062,-0.5641768009803313,770,0.4142857142857143
首板,-1.0,2.0,8,100000,22,20,120,2,3,0.0015,1.0,137,137,0.45985401459854014,-0.001225199776954959,-0.00796787621479983,-0.3179220952724062,-0.5641768009803313,770,0.4142857142857143
首板,-1.0,2.0,8,103000,22,20,120,2,3,0.0015,1.0,137,137,0.45985401459854014,-0.001225199776954959,-0.00796787621479983,-0.3179220952724062,-0.5641768009803313,770,0.4142857142857143
全部,-1.0,2.0,1,100000,22,25,100,2,3,0.0015,1.0,137,137,0.45985401459854014,-0.0017668067598683936,-0.006944508572116703,-0.4270402072196573,-0.7399582951553199,764,0.41492146596858637
全部,-1.0,2.0,3,100000,22,25,100,2,3,0.0015,1.0,137,137,0.45985401459854014,-0.0017668067598683936,-0.006944508572116703,-0.4270402072196573,-0.7399582951553199,764,0.41492146596858637
全部,-1.0,2.0,5,100000,22,25,100,2,3,0.0015,1.0,137,137,0.45985401459854014,-0.0017668067598683936,-0.006944508572116703,-0.4270402072196573,-0.7399582951553199,764,0.41492146596858637
全部,0.3,1.8,1,103000,16,25,100,2,3,0.0015,1.0,111,111,0.4594594594594595,0.00413895995748432,-0.010180853889780128,0.03436232886484869,-0.7420072965266895,343,0.4314868804664723
全部,0.3,1.8,3,103000,16,25,100,2,3,0.0015,1.0,111,111,0.4594594594594595,0.0038304315234641475,-0.010677907089988281,-0.0011941980005286679,-0.7420072965266895,344,0.43023255813953487
全部,0.3,1.8,5,103000,16,25,100,2,3,0.0015,1.0,111,111,0.4594594594594595,0.0038304315234641475,-0.010677907089988281,-0.0011941980005286679,-0.7420072965266895,344,0.43023255813953487
全部,-2.0,2.5,1,103000,16,25,100,2,3,0.0015,1.0,135,135,0.45925925925925926,0.0030385219229855454,-0.00460358943015826,0.07820669853009554,-0.6979646226732481,746,0.42359249329758714
全部,-2.0,2.5,3,103000,16,25,100,2,3,0.0015,1.0,135,135,0.45925925925925926,0.0030385219229855454,-0.00460358943015826,0.07820669853009554,-0.6979646226732481,746,0.42359249329758714
全部,-2.0,2.5,5,103000,16,25,100,2,3,0.0015,1.0,135,135,0.45925925925925926,0.0030385219229855454,-0.00460358943015826,0.07820669853009554,-0.6979646226732481,746,0.42359249329758714
全部,-1.0,2.0,1,103000,22,30,90,2,3,0.0015,1.0,135,135,0.45925925925925926,0.0007805425469257217,-0.006160130896450676,-0.14420440881183783,-0.6098655177178924,737,0.4233378561736771
全部,-1.0,2.0,3,103000,22,30,90,2,3,0.0015,1.0,135,135,0.45925925925925926,0.0007805425469257217,-0.006160130896450676,-0.14420440881183783,-0.6098655177178924,738,0.4241192411924119
全部,-1.0,2.0,5,103000,22,30,90,2,3,0.0015,1.0,135,135,0.45925925925925926,0.0007805425469257217,-0.006160130896450676,-0.14420440881183783,-0.6098655177178924,738,0.4241192411924119
全部,0.0,2.5,1,103000,22,20,120,1,3,0.0015,1.0,133,133,0.45864661654135336,0.007299180103496983,-0.011809278350515427,0.44083017072991826,-0.49567667992940945,360,0.4027777777777778
全部,0.0,2.5,3,103000,22,20,120,1,3,0.0015,1.0,133,133,0.45864661654135336,0.007299180103496983,-0.011809278350515427,0.44083017072991826,-0.49567667992940945,360,0.4027777777777778
全部,0.0,2.5,5,103000,22,20,120,1,3,0.0015,1.0,133,133,0.45864661654135336,0.007299180103496983,-0.011809278350515427,0.44083017072991826,-0.49567667992940945,360,0.4027777777777778
二进三,-2.0,2.2,1,103000,8,20,120,1,3,0.0015,1.0,48,48,0.4583333333333333,-0.006748012375127757,-0.024126262626262607,-0.48261777072932155,-0.7003253244767333,69,0.4782608695652174
一进二,0.0,2.0,0,103000,16,25,100,2,3,0.0015,1.0,48,48,0.4583333333333333,-0.009695113177767294,-0.008918909039606014,-0.4619027267331367,-0.6909272301412626,72,0.4444444444444444
二进三,-2.0,2.2,1,103000,8,20,120,2,3,0.0015,1.0,48,48,0.4583333333333333,-0.010726177694075419,-0.024211864406779637,-0.5590405079891374,-0.706813344050918,75,0.48
全部,-0.5,1.8,1,103000,16,20,120,2,3,0.0015,1.0,131,131,0.4580152671755725,0.0013759530977157585,-0.009280348477713418,-0.14521386894811894,-0.4589713107053224,636,0.41823899371069184
全部,-0.5,1.8,3,103000,16,20,120,2,3,0.0015,1.0,131,131,0.4580152671755725,0.0013667771737783108,-0.009280348477713418,-0.1462303604557017,-0.4589713107053224,637,0.41915227629513346
全部,-0.5,1.8,5,103000,16,20,120,2,3,0.0015,1.0,131,131,0.4580152671755725,0.0013667771737783108,-0.009280348477713418,-0.1462303604557017,-0.4589713107053224,637,0.41915227629513346
全部,-1.0,2.0,3,103000,12,30,90,2,3,0.0015,1.0,118,118,0.4576271186440678,-0.004446704732655007,-0.011294426386710075,-0.6206433400493705,-0.7321181134398973,432,0.4351851851851852
全部,-1.0,2.0,5,103000,12,30,90,2,3,0.0015,1.0,118,118,0.4576271186440678,-0.004446704732655007,-0.011294426386710075,-0.6206433400493705,-0.7321181134398973,432,0.4351851851851852
全部,-1.0,2.0,1,103000,12,30,90,2,3,0.0015,1.0,118,118,0.4576271186440678,-0.004482637398728217,-0.011294426386710075,-0.6222398145269734,-0.7321181134398973,431,0.43155452436194897
一进二,0.0,2.5,1,103000,22,30,90,1,3,0.0015,1.0,59,59,0.4576271186440678,-0.007504365757844374,-0.006015080368430624,-0.46803924588658996,-0.6813982211497405,89,0.4157303370786517
一进二,0.0,2.5,3,103000,22,30,90,1,3,0.0015,1.0,59,59,0.4576271186440678,-0.007504365757844374,-0.006015080368430624,-0.46803924588658996,-0.6813982211497405,89,0.4157303370786517
一进二,0.0,2.5,5,103000,22,30,90,1,3,0.0015,1.0,59,59,0.4576271186440678,-0.007504365757844374,-0.006015080368430624,-0.46803924588658996,-0.6813982211497405,89,0.4157303370786517
二进三,-2.0,2.2,1,100000,12,30,90,1,3,0.0015,1.0,35,35,0.45714285714285713,0.003046979933242549,-0.026923728813559367,-0.17847935166049222,-0.5927973633387689,41,0.4878048780487805
二进三,-2.0,2.2,2,100000,12,30,90,1,3,0.0015,1.0,35,35,0.45714285714285713,0.003046979933242549,-0.026923728813559367,-0.17847935166049222,-0.5927973633387689,41,0.4878048780487805
二进三,-2.0,2.2,1,100000,12,30,90,2,3,0.0015,1.0,35,35,0.45714285714285713,0.0027142688742979697,-0.026923728813559367,-0.18853007126471943,-0.5927973633387689,45,0.4666666666666667
二进三,-2.0,2.2,2,100000,12,30,90,2,3,0.0015,1.0,35,35,0.45714285714285713,0.0027142688742979697,-0.026923728813559367,-0.18853007126471943,-0.5927973633387689,45,0.4666666666666667
首板,0.0,2.5,2,100000,25,25,100,2,3,0.0015,1.0,127,127,0.4566929133858268,-0.0068978528873006395,-0.008917929292929283,-0.6689805541095266,-0.7192738775378131,577,0.41074523396880414
首板,0.0,2.5,2,103000,25,25,100,2,3,0.0015,1.0,127,127,0.4566929133858268,-0.0068978528873006395,-0.008917929292929283,-0.6689805541095266,-0.7192738775378131,577,0.41074523396880414
首板,0.0,2.5,5,100000,25,25,100,2,3,0.0015,1.0,127,127,0.4566929133858268,-0.0068978528873006395,-0.008917929292929283,-0.6689805541095266,-0.7192738775378131,577,0.41074523396880414
首板,0.0,2.5,5,103000,25,25,100,2,3,0.0015,1.0,127,127,0.4566929133858268,-0.0068978528873006395,-0.008917929292929283,-0.6689805541095266,-0.7192738775378131,577,0.41074523396880414
首板,0.0,2.5,8,100000,25,25,100,2,3,0.0015,1.0,127,127,0.4566929133858268,-0.0068978528873006395,-0.008917929292929283,-0.6689805541095266,-0.7192738775378131,577,0.41074523396880414
首板,0.0,2.5,8,103000,25,25,100,2,3,0.0015,1.0,127,127,0.4566929133858268,-0.0068978528873006395,-0.008917929292929283,-0.6689805541095266,-0.7192738775378131,577,0.41074523396880414
全部,-2.0,2.5,1,100000,22,30,90,2,3,0.0015,1.0,138,138,0.45652173913043476,-0.0031601610242369847,-0.004240817977979982,-0.5183562048910739,-0.7347004241059992,787,0.4307496823379924
全部,-2.0,2.5,3,100000,22,30,90,2,3,0.0015,1.0,138,138,0.45652173913043476,-0.0031601610242369847,-0.004240817977979982,-0.5183562048910739,-0.7347004241059992,787,0.4307496823379924
全部,-2.0,2.5,5,100000,22,30,90,2,3,0.0015,1.0,138,138,0.45652173913043476,-0.0031601610242369847,-0.004240817977979982,-0.5183562048910739,-0.7347004241059992,787,0.4307496823379924
一进二,0.0,2.5,0,103000,16,30,90,2,3,0.0015,1.0,46,46,0.45652173913043476,-0.015756308881688084,-0.018543075658808528,-0.5666422365181873,-0.6679330189669321,73,0.4520547945205479
全部,0.0,2.5,1,100000,12,20,120,2,3,0.0015,1.0,103,103,0.4563106796116505,-0.00123877360933049,-0.00635626449101212,-0.3859660506982068,-0.6205259186351908,314,0.4585987261146497
全部,0.0,2.5,3,100000,12,20,120,2,3,0.0015,1.0,103,103,0.4563106796116505,-0.00123877360933049,-0.00635626449101212,-0.3859660506982068,-0.6205259186351908,315,0.45714285714285713
全部,0.0,2.5,5,100000,12,20,120,2,3,0.0015,1.0,103,103,0.4563106796116505,-0.00123877360933049,-0.00635626449101212,-0.3859660506982068,-0.6205259186351908,315,0.45714285714285713
全部,0.3,1.8,1,103000,16,20,120,1,3,0.0015,1.0,114,114,0.45614035087719296,0.008465726301026566,-0.010993199601933899,0.44909016058922835,-0.690340332918637,251,0.4063745019920319
全部,0.3,1.8,3,103000,16,20,120,1,3,0.0015,1.0,114,114,0.45614035087719296,0.008465726301026566,-0.010993199601933899,0.44909016058922835,-0.690340332918637,251,0.4063745019920319
全部,0.3,1.8,5,103000,16,20,120,1,3,0.0015,1.0,114,114,0.45614035087719296,0.008465726301026566,-0.010993199601933899,0.44909016058922835,-0.690340332918637,251,0.4063745019920319
全部,-0.5,1.8,1,100000,12,25,100,2,3,0.0015,1.0,114,114,0.45614035087719296,-0.0038152418861742373,-0.012942672966232025,-0.5759564348798706,-0.7271068332939559,379,0.42216358839050133
全部,-0.5,1.8,3,100000,12,25,100,2,3,0.0015,1.0,114,114,0.45614035087719296,-0.0038152418861742373,-0.012942672966232025,-0.5759564348798706,-0.7271068332939559,379,0.42480211081794195
全部,-0.5,1.8,5,100000,12,25,100,2,3,0.0015,1.0,114,114,0.45614035087719296,-0.0038152418861742373,-0.012942672966232025,-0.5759564348798706,-0.7271068332939559,379,0.42480211081794195
全部,0.0,2.5,1,100000,22,25,100,1,3,0.0015,1.0,125,125,0.456,0.0020442579244802856,-0.011889610389610504,-0.23733182472130354,-0.7240927405977269,328,0.38414634146341464
全部,0.0,2.5,3,100000,22,25,100,1,3,0.0015,1.0,125,125,0.456,0.0020442579244802856,-0.011889610389610504,-0.23733182472130354,-0.7240927405977269,328,0.38414634146341464
全部,0.0,2.5,5,100000,22,25,100,1,3,0.0015,1.0,125,125,0.456,0.0020442579244802856,-0.011889610389610504,-0.23733182472130354,-0.7240927405977269,328,0.38414634146341464
首板,0.0,2.0,2,100000,22,25,100,1,3,0.0015,1.0,123,123,0.45528455284552843,-0.004338350516044116,-0.004474419988102106,-0.5834442946400693,-0.7248313141273874,310,0.38064516129032255
首板,0.0,2.0,2,103000,22,25,100,1,3,0.0015,1.0,123,123,0.45528455284552843,-0.004338350516044116,-0.004474419988102106,-0.5834442946400693,-0.7248313141273874,310,0.38064516129032255
首板,0.0,2.0,5,100000,22,25,100,1,3,0.0015,1.0,123,123,0.45528455284552843,-0.004338350516044116,-0.004474419988102106,-0.5834442946400693,-0.7248313141273874,310,0.38064516129032255
首板,0.0,2.0,5,103000,22,25,100,1,3,0.0015,1.0,123,123,0.45528455284552843,-0.004338350516044116,-0.004474419988102106,-0.5834442946400693,-0.7248313141273874,310,0.38064516129032255
首板,0.0,2.0,8,100000,22,25,100,1,3,0.0015,1.0,123,123,0.45528455284552843,-0.004338350516044116,-0.004474419988102106,-0.5834442946400693,-0.7248313141273874,310,0.38064516129032255
首板,0.0,2.0,8,103000,22,25,100,1,3,0.0015,1.0,123,123,0.45528455284552843,-0.004338350516044116,-0.004474419988102106,-0.5834442946400693,-0.7248313141273874,310,0.38064516129032255
首板,0.0,2.5,2,100000,22,25,100,1,3,0.0015,1.0,123,123,0.45528455284552843,-0.004338350516044116,-0.004474419988102106,-0.5834442946400693,-0.7248313141273874,313,0.38338658146964855
首板,0.0,2.5,2,103000,22,25,100,1,3,0.0015,1.0,123,123,0.45528455284552843,-0.004338350516044116,-0.004474419988102106,-0.5834442946400693,-0.7248313141273874,313,0.38338658146964855
首板,0.0,2.5,5,100000,22,25,100,1,3,0.0015,1.0,123,123,0.45528455284552843,-0.004338350516044116,-0.004474419988102106,-0.5834442946400693,-0.7248313141273874,313,0.38338658146964855
首板,0.0,2.5,5,103000,22,25,100,1,3,0.0015,1.0,123,123,0.45528455284552843,-0.004338350516044116,-0.004474419988102106,-0.5834442946400693,-0.7248313141273874,313,0.38338658146964855
首板,0.0,2.5,8,100000,22,25,100,1,3,0.0015,1.0,123,123,0.45528455284552843,-0.004338350516044116,-0.004474419988102106,-0.5834442946400693,-0.7248313141273874,313,0.38338658146964855
首板,0.0,2.5,8,103000,22,25,100,1,3,0.0015,1.0,123,123,0.45528455284552843,-0.004338350516044116,-0.004474419988102106,-0.5834442946400693,-0.7248313141273874,313,0.38338658146964855
首板,-2.0,2.5,2,100000,16,30,90,1,3,0.0015,1.0,134,134,0.4552238805970149,0.0016218237606755142,-0.012807482437438842,-0.17770026186748644,-0.6395708757445434,360,0.43333333333333335
首板,-2.0,2.5,2,103000,16,30,90,1,3,0.0015,1.0,134,134,0.4552238805970149,0.0016218237606755142,-0.012807482437438842,-0.17770026186748644,-0.6395708757445434,360,0.43333333333333335
首板,-2.0,2.5,5,100000,16,30,90,1,3,0.0015,1.0,134,134,0.4552238805970149,0.0016218237606755142,-0.012807482437438842,-0.17770026186748644,-0.6395708757445434,360,0.43333333333333335
首板,-2.0,2.5,5,103000,16,30,90,1,3,0.0015,1.0,134,134,0.4552238805970149,0.0016218237606755142,-0.012807482437438842,-0.17770026186748644,-0.6395708757445434,360,0.43333333333333335
首板,-2.0,2.5,8,100000,16,30,90,1,3,0.0015,1.0,134,134,0.4552238805970149,0.0016218237606755142,-0.012807482437438842,-0.17770026186748644,-0.6395708757445434,360,0.43333333333333335
首板,-2.0,2.5,8,103000,16,30,90,1,3,0.0015,1.0,134,134,0.4552238805970149,0.0016218237606755142,-0.012807482437438842,-0.17770026186748644,-0.6395708757445434,360,0.43333333333333335
全部,0.0,2.5,1,100000,16,30,90,2,3,0.0015,1.0,110,110,0.45454545454545453,-0.003426476206283457,-0.009898326450958755,-0.468243717145831,-0.7004978770307104,386,0.41968911917098445
全部,0.0,2.5,3,100000,16,30,90,2,3,0.0015,1.0,110,110,0.45454545454545453,-0.003426476206283457,-0.009898326450958755,-0.468243717145831,-0.7004978770307104,387,0.4186046511627907
全部,0.0,2.5,5,100000,16,30,90,2,3,0.0015,1.0,110,110,0.45454545454545453,-0.003426476206283457,-0.009898326450958755,-0.468243717145831,-0.7004978770307104,387,0.4186046511627907
全部,0.5,1.5,1,100000,12,25,100,2,3,0.0015,1.0,66,66,0.45454545454545453,0.005335807179019777,-0.005543545285265071,0.15282609686301885,-0.4273647783503969,121,0.45454545454545453
全部,0.5,1.5,3,100000,12,25,100,2,3,0.0015,1.0,66,66,0.45454545454545453,0.004816918449076758,-0.008169987626175766,0.11321377785508235,-0.4273647783503969,122,0.45081967213114754
二进三,-1.0,2.0,1,103000,8,20,120,1,3,0.0015,1.0,44,44,0.45454545454545453,0.0020207594131429513,-0.022258998435054744,-0.2424323113920389,-0.5612067086445485,60,0.48333333333333334
二进三,-1.0,2.0,2,103000,8,20,120,1,3,0.0015,1.0,44,44,0.45454545454545453,0.0020207594131429513,-0.022258998435054744,-0.2424323113920389,-0.5612067086445485,60,0.48333333333333334
二进三,-1.0,2.0,1,103000,8,20,120,2,3,0.0015,1.0,44,44,0.45454545454545453,0.0020207594131429513,-0.022258998435054744,-0.2424323113920389,-0.5612067086445485,61,0.4918032786885246
二进三,-1.0,2.0,2,103000,8,20,120,2,3,0.0015,1.0,44,44,0.45454545454545453,0.0020207594131429513,-0.022258998435054744,-0.2424323113920389,-0.5612067086445485,61,0.4918032786885246
一进二,0.0,2.5,0,100000,22,20,120,1,3,0.0015,1.0,44,44,0.45454545454545453,-0.015592248423408783,-0.0034668459170898985,-0.5869637695046437,-0.7680543166234772,63,0.4126984126984127
一进二,0.0,2.5,1,100000,22,20,120,1,3,0.0015,1.0,44,44,0.45454545454545453,-0.017160114516356906,-0.003019298983611694,-0.6127265795954147,-0.7680543166234772,64,0.40625
一进二,0.0,2.5,3,100000,22,20,120,1,3,0.0015,1.0,44,44,0.45454545454545453,-0.017160114516356906,-0.003019298983611694,-0.6127265795954147,-0.7680543166234772,64,0.40625
一进二,0.0,2.5,5,100000,22,20,120,1,3,0.0015,1.0,44,44,0.45454545454545453,-0.017160114516356906,-0.003019298983611694,-0.6127265795954147,-0.7680543166234772,64,0.40625
一进二,0.0,2.5,1,100000,22,20,120,2,3,0.0015,1.0,44,44,0.45454545454545453,-0.021235949591192894,-0.0057247531703438475,-0.6681844504651784,-0.7692077182270181,76,0.42105263157894735
一进二,0.0,2.5,3,100000,22,20,120,2,3,0.0015,1.0,44,44,0.45454545454545453,-0.021235949591192894,-0.0057247531703438475,-0.6681844504651784,-0.7692077182270181,77,0.4155844155844156
一进二,0.0,2.5,5,100000,22,20,120,2,3,0.0015,1.0,44,44,0.45454545454545453,-0.021235949591192894,-0.0057247531703438475,-0.6681844504651784,-0.7692077182270181,77,0.4155844155844156
一进二,0.0,2.5,0,100000,22,20,120,2,3,0.0015,1.0,44,44,0.45454545454545453,-0.02164842212177622,-0.017357542633763712,-0.6756289280462549,-0.7692077182270181,71,0.4225352112676056
二进三,-2.0,2.2,1,100000,10,30,90,1,3,0.0015,1.0,33,33,0.45454545454545453,0.000659991050787214,-0.026923728813559367,-0.2339909296354724,-0.5927973633387689,37,0.4594594594594595
二进三,-2.0,2.2,2,100000,10,30,90,1,3,0.0015,1.0,33,33,0.45454545454545453,0.000659991050787214,-0.026923728813559367,-0.2339909296354724,-0.5927973633387689,37,0.4594594594594595
二进三,-2.0,2.2,1,100000,10,30,90,2,3,0.0015,1.0,33,33,0.45454545454545453,0.00030711568523993305,-0.026923728813559367,-0.24336250464833498,-0.5927973633387689,40,0.45
二进三,-2.0,2.2,2,100000,10,30,90,2,3,0.0015,1.0,33,33,0.45454545454545453,0.00030711568523993305,-0.026923728813559367,-0.24336250464833498,-0.5927973633387689,40,0.45
一进二,0.0,2.0,0,100000,12,20,120,1,3,0.0015,1.0,33,33,0.45454545454545453,-0.01218766861046095,-0.0018825554705433332,-0.4219028679402417,-0.6679810117471767,47,0.40425531914893614
一进二,0.0,2.0,1,100000,12,20,120,1,3,0.0015,1.0,33,33,0.45454545454545453,-0.014278156734391777,-0.0018825554705433332,-0.4579612219723157,-0.6679810117471767,47,0.40425531914893614
一进二,0.0,2.0,3,100000,12,20,120,1,3,0.0015,1.0,33,33,0.45454545454545453,-0.014278156734391777,-0.0018825554705433332,-0.4579612219723157,-0.6679810117471767,47,0.40425531914893614
一进二,0.0,2.0,5,100000,12,20,120,1,3,0.0015,1.0,33,33,0.45454545454545453,-0.014278156734391777,-0.0018825554705433332,-0.4579612219723157,-0.6679810117471767,47,0.40425531914893614
一进二,0.0,2.0,0,100000,12,20,120,2,3,0.0015,1.0,33,33,0.45454545454545453,-0.014592600714311496,-0.0018825554705433332,-0.4600504892226387,-0.6679810117471767,50,0.44
一进二,0.0,2.0,1,100000,12,20,120,2,3,0.0015,1.0,33,33,0.45454545454545453,-0.018660599497401197,-0.0018825554705433332,-0.5203080252749266,-0.6679810117471767,56,0.44642857142857145
一进二,0.0,2.0,3,100000,12,20,120,2,3,0.0015,1.0,33,33,0.45454545454545453,-0.018660599497401197,-0.0018825554705433332,-0.5203080252749266,-0.6679810117471767,56,0.44642857142857145
一进二,0.0,2.0,5,100000,12,20,120,2,3,0.0015,1.0,33,33,0.45454545454545453,-0.018660599497401197,-0.0018825554705433332,-0.5203080252749266,-0.6679810117471767,57,0.45614035087719296
全部,-2.0,2.5,1,103000,12,20,120,2,3,0.0015,1.0,130,130,0.45384615384615384,-0.005152048339815064,-0.013366483224348635,-0.6715414989108008,-0.792089302139307,606,0.4389438943894389
全部,-2.0,2.5,3,103000,12,20,120,2,3,0.0015,1.0,130,130,0.45384615384615384,-0.005161294847782799,-0.013366483224348635,-0.6719320940138587,-0.792089302139307,606,0.4389438943894389
全部,-2.0,2.5,5,103000,12,20,120,2,3,0.0015,1.0,130,130,0.45384615384615384,-0.005161294847782799,-0.013366483224348635,-0.6719320940138587,-0.792089302139307,606,0.4389438943894389
全部,0.5,1.5,1,103000,16,20,120,2,3,0.0015,1.0,97,97,0.4536082474226804,-0.0006282206205322649,-0.013381615899762332,-0.30484133675936476,-0.6664037415689785,266,0.46616541353383456
全部,0.0,2.0,1,100000,12,20,120,2,3,0.0015,1.0,97,97,0.4536082474226804,-0.0008741716841440315,-0.00460358943015826,-0.33125212611773247,-0.5723643590078049,292,0.4520547945205479
全部,0.0,2.0,3,100000,12,20,120,2,3,0.0015,1.0,97,97,0.4536082474226804,-0.0008741716841440315,-0.00460358943015826,-0.33125212611773247,-0.5723643590078049,292,0.4520547945205479
全部,0.0,2.0,5,100000,12,20,120,2,3,0.0015,1.0,97,97,0.4536082474226804,-0.0008741716841440315,-0.00460358943015826,-0.33125212611773247,-0.5723643590078049,292,0.4520547945205479
全部,0.5,1.5,3,103000,16,20,120,2,3,0.0015,1.0,97,97,0.4536082474226804,-0.0009812789316275146,-0.020443710267461168,-0.32872772066787426,-0.6664037415689785,268,0.4626865671641791
全部,0.5,1.5,5,103000,16,20,120,2,3,0.0015,1.0,97,97,0.4536082474226804,-0.0009812789316275146,-0.020443710267461168,-0.32872772066787426,-0.6664037415689785,268,0.4626865671641791
一进二,0.0,2.0,0,103000,22,25,100,1,3,0.0015,1.0,53,53,0.4528301886792453,-0.0070332901621905095,-0.005051136363636464,-0.43251839315870044,-0.7167878673665318,72,0.4305555555555556
一进二,0.0,2.5,0,103000,12,20,120,1,3,0.0015,1.0,53,53,0.4528301886792453,-0.02184440912978086,-0.012786681715575563,-0.7474918518546164,-0.8317797979223216,72,0.4027777777777778
一进二,0.0,2.5,0,103000,12,20,120,2,3,0.0015,1.0,53,53,0.4528301886792453,-0.023884275248200047,-0.01445033069640772,-0.7698390670492012,-0.8274850350076454,87,0.42528735632183906
全部,-1.0,2.0,1,103000,22,20,120,1,3,0.0015,1.0,137,137,0.45255474452554745,0.010642548904958173,-0.013593023255814072,1.0239815633680829,-0.4750162591211289,409,0.4132029339853301
全部,-1.0,2.0,3,103000,22,20,120,1,3,0.0015,1.0,137,137,0.45255474452554745,0.010642548904958173,-0.013593023255814072,1.0239815633680829,-0.4750162591211289,409,0.4132029339853301
全部,-1.0,2.0,5,103000,22,20,120,1,3,0.0015,1.0,137,137,0.45255474452554745,0.010642548904958173,-0.013593023255814072,1.0239815633680829,-0.4750162591211289,409,0.4132029339853301
首板,-1.0,2.0,2,100000,22,20,120,1,3,0.0015,1.0,137,137,0.45255474452554745,0.003963655287431352,-0.009436507936508019,0.0994360994398209,-0.4722824419182131,402,0.40049751243781095
首板,-1.0,2.0,2,103000,22,20,120,1,3,0.0015,1.0,137,137,0.45255474452554745,0.003963655287431352,-0.009436507936508019,0.0994360994398209,-0.4722824419182131,402,0.40049751243781095
首板,-1.0,2.0,5,100000,22,20,120,1,3,0.0015,1.0,137,137,0.45255474452554745,0.003963655287431352,-0.009436507936508019,0.0994360994398209,-0.4722824419182131,402,0.40049751243781095
首板,-1.0,2.0,5,103000,22,20,120,1,3,0.0015,1.0,137,137,0.45255474452554745,0.003963655287431352,-0.009436507936508019,0.0994360994398209,-0.4722824419182131,402,0.40049751243781095
首板,-1.0,2.0,8,100000,22,20,120,1,3,0.0015,1.0,137,137,0.45255474452554745,0.003963655287431352,-0.009436507936508019,0.0994360994398209,-0.4722824419182131,402,0.40049751243781095
首板,-1.0,2.0,8,103000,22,20,120,1,3,0.0015,1.0,137,137,0.45255474452554745,0.003963655287431352,-0.009436507936508019,0.0994360994398209,-0.4722824419182131,402,0.40049751243781095
一进二,0.3,1.8,0,103000,22,25,100,1,3,0.0015,1.0,42,42,0.4523809523809524,-0.013167879374883654,-0.007334618593059448,-0.48743370754291726,-0.6254936716957038,53,0.4528301886792453
全部,-2.0,2.5,1,103000,16,20,120,1,3,0.0015,1.0,135,135,0.45185185185185184,0.0024894785919131177,-0.013954592631032657,-0.2486914334153213,-0.6088111451069402,397,0.43828715365239296
全部,-2.0,2.5,3,103000,16,20,120,1,3,0.0015,1.0,135,135,0.45185185185185184,0.0024894785919131177,-0.013954592631032657,-0.2486914334153213,-0.6088111451069402,397,0.44080604534005036
全部,-2.0,2.5,5,103000,16,20,120,1,3,0.0015,1.0,135,135,0.45185185185185184,0.0024894785919131177,-0.013954592631032657,-0.2486914334153213,-0.6088111451069402,397,0.44080604534005036
首板,-2.0,2.5,2,100000,16,20,120,1,3,0.0015,1.0,135,135,0.45185185185185184,0.002477862847945104,-0.008705764611689313,-0.06603861241478903,-0.602682640390195,385,0.44415584415584414
首板,-2.0,2.5,2,103000,16,20,120,1,3,0.0015,1.0,135,135,0.45185185185185184,0.002477862847945104,-0.008705764611689313,-0.06603861241478903,-0.602682640390195,385,0.44415584415584414
首板,-2.0,2.5,5,100000,16,20,120,1,3,0.0015,1.0,135,135,0.45185185185185184,0.002477862847945104,-0.008705764611689313,-0.06603861241478903,-0.602682640390195,385,0.44415584415584414
首板,-2.0,2.5,5,103000,16,20,120,1,3,0.0015,1.0,135,135,0.45185185185185184,0.002477862847945104,-0.008705764611689313,-0.06603861241478903,-0.602682640390195,385,0.44415584415584414
首板,-2.0,2.5,8,100000,16,20,120,1,3,0.0015,1.0,135,135,0.45185185185185184,0.002477862847945104,-0.008705764611689313,-0.06603861241478903,-0.602682640390195,385,0.44415584415584414
首板,-2.0,2.5,8,103000,16,20,120,1,3,0.0015,1.0,135,135,0.45185185185185184,0.002477862847945104,-0.008705764611689313,-0.06603861241478903,-0.602682640390195,385,0.44415584415584414
全部,-0.5,1.8,1,103000,22,20,120,2,3,0.0015,1.0,135,135,0.45185185185185184,0.0017492098935150576,-0.009280348477713418,-0.020971021523462197,-0.4387346591434993,753,0.42363877822045154
全部,-0.5,1.8,3,103000,22,20,120,2,3,0.0015,1.0,135,135,0.45185185185185184,0.0017403058488053862,-0.009280348477713418,-0.022135259695031717,-0.4387346591434993,754,0.4244031830238727
全部,-0.5,1.8,5,103000,22,20,120,2,3,0.0015,1.0,135,135,0.45185185185185184,0.0017403058488053862,-0.009280348477713418,-0.022135259695031717,-0.4387346591434993,754,0.4244031830238727
全部,-2.0,2.5,1,100000,16,20,120,1,3,0.0015,1.0,135,135,0.45185185185185184,-0.00020305553514536438,-0.014395662368112459,-0.427521508582135,-0.7602854292695534,393,0.43765903307888043
全部,-2.0,2.5,3,100000,16,20,120,1,3,0.0015,1.0,135,135,0.45185185185185184,-0.00020305553514536438,-0.014395662368112459,-0.427521508582135,-0.7602854292695534,393,0.43765903307888043
全部,-2.0,2.5,5,100000,16,20,120,1,3,0.0015,1.0,135,135,0.45185185185185184,-0.00020305553514536438,-0.014395662368112459,-0.427521508582135,-0.7602854292695534,393,0.43765903307888043
一进二,0.0,2.5,0,103000,22,25,100,2,3,0.0015,1.0,62,62,0.45161290322580644,-0.016214803518327405,-0.018543075658808528,-0.6963561628192063,-0.7928657803550629,99,0.42424242424242425
首板,0.5,1.5,2,100000,16,25,100,1,3,0.0015,1.0,82,82,0.45121951219512196,0.006241675081937673,-0.012804423440959499,0.28358321725540714,-0.521473942359516,150,0.43333333333333335
首板,0.5,1.5,2,103000,16,25,100,1,3,0.0015,1.0,82,82,0.45121951219512196,0.006241675081937673,-0.012804423440959499,0.28358321725540714,-0.521473942359516,150,0.43333333333333335
首板,0.5,1.5,5,100000,16,25,100,1,3,0.0015,1.0,82,82,0.45121951219512196,0.006241675081937673,-0.012804423440959499,0.28358321725540714,-0.521473942359516,150,0.43333333333333335
首板,0.5,1.5,5,103000,16,25,100,1,3,0.0015,1.0,82,82,0.45121951219512196,0.006241675081937673,-0.012804423440959499,0.28358321725540714,-0.521473942359516,150,0.43333333333333335
首板,0.5,1.5,8,100000,16,25,100,1,3,0.0015,1.0,82,82,0.45121951219512196,0.006241675081937673,-0.012804423440959499,0.28358321725540714,-0.521473942359516,150,0.43333333333333335
首板,0.5,1.5,8,103000,16,25,100,1,3,0.0015,1.0,82,82,0.45121951219512196,0.006241675081937673,-0.012804423440959499,0.28358321725540714,-0.521473942359516,150,0.43333333333333335
全部,-1.0,2.0,1,100000,16,25,100,2,3,0.0015,1.0,133,133,0.45112781954887216,-0.00956464748108352,-0.01669936833793917,-0.791701428649679,-0.8571585387608582,645,0.40930232558139534
全部,-1.0,2.0,3,100000,16,25,100,2,3,0.0015,1.0,133,133,0.45112781954887216,-0.00956464748108352,-0.01669936833793917,-0.791701428649679,-0.8571585387608582,645,0.40930232558139534
全部,-1.0,2.0,5,100000,16,25,100,2,3,0.0015,1.0,133,133,0.45112781954887216,-0.00956464748108352,-0.01669936833793917,-0.791701428649679,-0.8571585387608582,645,0.40930232558139534
全部,0.3,1.8,1,103000,22,25,100,1,3,0.0015,1.0,122,122,0.45081967213114754,0.002343574472518884,-0.010143970686725066,-0.21720734843443212,-0.8490035729794714,300,0.4066666666666667
全部,0.3,1.8,3,103000,22,25,100,1,3,0.0015,1.0,122,122,0.45081967213114754,0.002343574472518884,-0.010143970686725066,-0.21720734843443212,-0.8490035729794714,300,0.4066666666666667
全部,0.3,1.8,5,103000,22,25,100,1,3,0.0015,1.0,122,122,0.45081967213114754,0.002343574472518884,-0.010143970686725066,-0.21720734843443212,-0.8490035729794714,300,0.4066666666666667
全部,0.0,2.5,1,100000,22,30,90,2,3,0.0015,1.0,122,122,0.45081967213114754,-0.0006307902574330584,-0.006051582328250288,-0.29224286202741157,-0.7119001848511164,495,0.43232323232323233
全部,0.0,2.5,3,100000,22,30,90,2,3,0.0015,1.0,122,122,0.45081967213114754,-0.0006307902574330584,-0.006051582328250288,-0.29224286202741157,-0.7119001848511164,495,0.43232323232323233
全部,0.0,2.5,5,100000,22,30,90,2,3,0.0015,1.0,122,122,0.45081967213114754,-0.0006307902574330584,-0.006051582328250288,-0.29224286202741157,-0.7119001848511164,495,0.43232323232323233
一进二,0.3,1.8,0,100000,22,30,90,1,3,0.0015,1.0,20,20,0.45,-0.013775769403187841,-0.015104094426776848,-0.29971777821527457,-0.49207533923208724,26,0.46153846153846156
一进二,0.3,1.8,0,100000,22,30,90,2,3,0.0015,1.0,20,20,0.45,-0.01774390737454124,-0.015104094426776848,-0.345928180422698,-0.49207533923208724,28,0.5
全部,-0.5,1.8,5,100000,12,30,90,2,3,0.0015,1.0,109,109,0.44954128440366975,-0.004360506609636262,-0.007103146242721015,-0.5849458989616649,-0.773809826774007,333,0.43843843843843844
全部,-0.5,1.8,1,100000,12,30,90,2,3,0.0015,1.0,109,109,0.44954128440366975,-0.00482977154946582,-0.0071338028169014005,-0.606220841904207,-0.7832417597373084,333,0.43243243243243246
全部,-0.5,1.8,3,100000,12,30,90,2,3,0.0015,1.0,109,109,0.44954128440366975,-0.00482977154946582,-0.0071338028169014005,-0.606220841904207,-0.7832417597373084,333,0.43543543543543545
全部,-2.0,2.5,3,103000,22,30,90,2,3,0.0015,1.0,138,138,0.4492753623188406,-0.0032869678275486845,-0.004874794319495972,-0.5202680769232344,-0.7194259720360028,792,0.4318181818181818
全部,-2.0,2.5,5,103000,22,30,90,2,3,0.0015,1.0,138,138,0.4492753623188406,-0.0032869678275486845,-0.004874794319495972,-0.5202680769232344,-0.7194259720360028,792,0.4318181818181818
全部,-2.0,2.5,1,103000,22,30,90,2,3,0.0015,1.0,138,138,0.4492753623188406,-0.0034249803703124597,-0.004874794319495972,-0.5294554565327576,-0.7247992648678534,792,0.4318181818181818
首板,-2.0,2.5,2,100000,25,20,120,2,3,0.0015,1.0,138,138,0.4492753623188406,-0.0035705994798307817,-0.004813126233046166,-0.5384493112791124,-0.6703161611166892,818,0.4095354523227384
首板,-2.0,2.5,2,103000,25,20,120,2,3,0.0015,1.0,138,138,0.4492753623188406,-0.0035705994798307817,-0.004813126233046166,-0.5384493112791124,-0.6703161611166892,818,0.4095354523227384
首板,-2.0,2.5,5,100000,25,20,120,2,3,0.0015,1.0,138,138,0.4492753623188406,-0.0035705994798307817,-0.004813126233046166,-0.5384493112791124,-0.6703161611166892,818,0.4095354523227384
首板,-2.0,2.5,5,103000,25,20,120,2,3,0.0015,1.0,138,138,0.4492753623188406,-0.0035705994798307817,-0.004813126233046166,-0.5384493112791124,-0.6703161611166892,818,0.4095354523227384
首板,-2.0,2.5,8,100000,25,20,120,2,3,0.0015,1.0,138,138,0.4492753623188406,-0.0035705994798307817,-0.004813126233046166,-0.5384493112791124,-0.6703161611166892,818,0.4095354523227384
首板,-2.0,2.5,8,103000,25,20,120,2,3,0.0015,1.0,138,138,0.4492753623188406,-0.0035705994798307817,-0.004813126233046166,-0.5384493112791124,-0.6703161611166892,818,0.4095354523227384
首板,-1.0,2.0,2,100000,22,25,100,2,3,0.0015,1.0,136,136,0.4485294117647059,-0.004472844032487004,-0.007322148361917606,-0.5831801359961895,-0.7329423530020289,742,0.42318059299191374
首板,-1.0,2.0,2,103000,22,25,100,2,3,0.0015,1.0,136,136,0.4485294117647059,-0.004472844032487004,-0.007322148361917606,-0.5831801359961895,-0.7329423530020289,742,0.42318059299191374
首板,-1.0,2.0,5,100000,22,25,100,2,3,0.0015,1.0,136,136,0.4485294117647059,-0.004472844032487004,-0.007322148361917606,-0.5831801359961895,-0.7329423530020289,742,0.42318059299191374
首板,-1.0,2.0,5,103000,22,25,100,2,3,0.0015,1.0,136,136,0.4485294117647059,-0.004472844032487004,-0.007322148361917606,-0.5831801359961895,-0.7329423530020289,742,0.42318059299191374
首板,-1.0,2.0,8,100000,22,25,100,2,3,0.0015,1.0,136,136,0.4485294117647059,-0.004472844032487004,-0.007322148361917606,-0.5831801359961895,-0.7329423530020289,742,0.42318059299191374
首板,-1.0,2.0,8,103000,22,25,100,2,3,0.0015,1.0,136,136,0.4485294117647059,-0.004472844032487004,-0.007322148361917606,-0.5831801359961895,-0.7329423530020289,742,0.42318059299191374
二进三,-2.0,2.2,1,100000,8,30,90,1,3,0.0015,1.0,29,29,0.4482758620689655,-0.000654153616967774,-0.026923728813559367,-0.2340813646892852,-0.5257585216287262,33,0.45454545454545453
二进三,-2.0,2.2,2,100000,8,30,90,1,3,0.0015,1.0,29,29,0.4482758620689655,-0.000654153616967774,-0.026923728813559367,-0.2340813646892852,-0.5257585216287262,33,0.45454545454545453
二进三,-2.0,2.2,1,100000,8,30,90,2,3,0.0015,1.0,29,29,0.4482758620689655,-0.000654153616967774,-0.026923728813559367,-0.2340813646892852,-0.5257585216287262,34,0.47058823529411764
二进三,-2.0,2.2,2,100000,8,30,90,2,3,0.0015,1.0,29,29,0.4482758620689655,-0.000654153616967774,-0.026923728813559367,-0.2340813646892852,-0.5257585216287262,34,0.47058823529411764
一进二,0.3,1.8,1,100000,22,20,120,1,3,0.0015,1.0,29,29,0.4482758620689655,-0.009557220830915166,-0.0018825554705433332,-0.34372906422980143,-0.5986292630320755,39,0.4358974358974359
一进二,0.3,1.8,3,100000,22,20,120,1,3,0.0015,1.0,29,29,0.4482758620689655,-0.009557220830915166,-0.0018825554705433332,-0.34372906422980143,-0.5986292630320755,39,0.4358974358974359
一进二,0.3,1.8,5,100000,22,20,120,1,3,0.0015,1.0,29,29,0.4482758620689655,-0.009557220830915166,-0.0018825554705433332,-0.34372906422980143,-0.5986292630320755,39,0.4358974358974359
一进二,0.3,1.8,1,100000,22,20,120,2,3,0.0015,1.0,29,29,0.4482758620689655,-0.011089019398112795,-0.0018825554705433332,-0.3663528713472173,-0.5986292630320755,46,0.45652173913043476
一进二,0.3,1.8,3,100000,22,20,120,2,3,0.0015,1.0,29,29,0.4482758620689655,-0.01225568384894868,-0.0018825554705433332,-0.38788069570192607,-0.5986292630320755,48,0.4583333333333333
一进二,0.3,1.8,5,100000,22,20,120,2,3,0.0015,1.0,29,29,0.4482758620689655,-0.01225568384894868,-0.0018825554705433332,-0.38788069570192607,-0.5986292630320755,48,0.4583333333333333
首板,-0.5,1.8,2,100000,22,20,120,2,3,0.0015,1.0,134,134,0.44776119402985076,0.0014328916039458555,-0.00778166152146667,-0.028710737206398718,-0.4719684875554564,712,0.41853932584269665
首板,-0.5,1.8,2,103000,22,20,120,2,3,0.0015,1.0,134,134,0.44776119402985076,0.0014328916039458555,-0.00778166152146667,-0.028710737206398718,-0.4719684875554564,712,0.41853932584269665
首板,-0.5,1.8,5,100000,22,20,120,2,3,0.0015,1.0,134,134,0.44776119402985076,0.0014328916039458555,-0.00778166152146667,-0.028710737206398718,-0.4719684875554564,712,0.41853932584269665
首板,-0.5,1.8,5,103000,22,20,120,2,3,0.0015,1.0,134,134,0.44776119402985076,0.0014328916039458555,-0.00778166152146667,-0.028710737206398718,-0.4719684875554564,712,0.41853932584269665
首板,-0.5,1.8,8,100000,22,20,120,2,3,0.0015,1.0,134,134,0.44776119402985076,0.0014328916039458555,-0.00778166152146667,-0.028710737206398718,-0.4719684875554564,712,0.41853932584269665
首板,-0.5,1.8,8,103000,22,20,120,2,3,0.0015,1.0,134,134,0.44776119402985076,0.0014328916039458555,-0.00778166152146667,-0.028710737206398718,-0.4719684875554564,712,0.41853932584269665
全部,-2.0,2.5,1,100000,16,30,90,2,3,0.0015,1.0,134,134,0.44776119402985076,-0.001054804665744684,-0.009364798915471456,-0.3531090190078219,-0.7022256688775732,696,0.42528735632183906
全部,-2.0,2.5,3,100000,16,30,90,2,3,0.0015,1.0,134,134,0.44776119402985076,-0.0011781620289914093,-0.009364798915471456,-0.3635508439840991,-0.7022256688775732,696,0.42528735632183906
全部,-2.0,2.5,5,100000,16,30,90,2,3,0.0015,1.0,134,134,0.44776119402985076,-0.0011781620289914093,-0.009364798915471456,-0.3635508439840991,-0.7022256688775732,696,0.42528735632183906
全部,0.0,2.5,1,103000,12,25,100,1,3,0.0015,1.0,105,105,0.44761904761904764,0.006498263506899607,-0.012786681715575563,0.12762217315486102,-0.677125142213225,213,0.43661971830985913
全部,0.0,2.5,3,103000,12,25,100,1,3,0.0015,1.0,105,105,0.44761904761904764,0.006498263506899607,-0.012786681715575563,0.12762217315486102,-0.677125142213225,213,0.43661971830985913
全部,0.0,2.5,5,103000,12,25,100,1,3,0.0015,1.0,105,105,0.44761904761904764,0.006498263506899607,-0.012786681715575563,0.12762217315486102,-0.677125142213225,213,0.43661971830985913
一进二,0.0,2.5,0,100000,12,20,120,1,3,0.0015,1.0,38,38,0.4473684210526316,-0.018899084093570773,-0.0034668459170898985,-0.5899553636070658,-0.7644987360020226,54,0.3888888888888889
一进二,0.0,2.5,1,100000,12,20,120,1,3,0.0015,1.0,38,38,0.4473684210526316,-0.020714507990668592,-0.003019298983611694,-0.6155315753681043,-0.7644987360020226,55,0.38181818181818183
一进二,0.0,2.5,3,100000,12,20,120,1,3,0.0015,1.0,38,38,0.4473684210526316,-0.020714507990668592,-0.003019298983611694,-0.6155315753681043,-0.7644987360020226,55,0.38181818181818183
一进二,0.0,2.5,5,100000,12,20,120,1,3,0.0015,1.0,38,38,0.4473684210526316,-0.020714507990668592,-0.003019298983611694,-0.6155315753681043,-0.7644987360020226,55,0.38181818181818183
一进二,0.0,2.5,0,100000,12,20,120,2,3,0.0015,1.0,38,38,0.4473684210526316,-0.022503504258243903,-0.017357542633763712,-0.6390806849889098,-0.7656698185226237,61,0.4098360655737705
一进二,0.0,2.5,1,100000,12,20,120,2,3,0.0015,1.0,38,38,0.4473684210526316,-0.02465092832275535,-0.0057247531703438475,-0.6614461477577507,-0.7656698185226237,67,0.417910447761194
一进二,0.0,2.5,3,100000,12,20,120,2,3,0.0015,1.0,38,38,0.4473684210526316,-0.02465092832275535,-0.0057247531703438475,-0.6614461477577507,-0.7656698185226237,68,0.4117647058823529
一进二,0.0,2.5,5,100000,12,20,120,2,3,0.0015,1.0,38,38,0.4473684210526316,-0.02465092832275535,-0.0057247531703438475,-0.6614461477577507,-0.7656698185226237,68,0.4117647058823529
全部,0.3,1.8,1,103000,22,20,120,1,3,0.0015,1.0,123,123,0.44715447154471544,0.006206286993203986,-0.010195652173913104,0.21643539901149267,-0.75233312446405,314,0.40445859872611467
全部,0.3,1.8,3,103000,22,20,120,1,3,0.0015,1.0,123,123,0.44715447154471544,0.006206286993203986,-0.010195652173913104,0.21643539901149267,-0.75233312446405,314,0.40445859872611467
全部,0.3,1.8,5,103000,22,20,120,1,3,0.0015,1.0,123,123,0.44715447154471544,0.006206286993203986,-0.010195652173913104,0.21643539901149267,-0.75233312446405,314,0.40445859872611467
全部,0.0,2.0,1,103000,12,25,100,2,3,0.0015,1.0,103,103,0.44660194174757284,0.004679309565026072,-0.012786681715575563,0.03374430095652858,-0.5499668665832494,282,0.4645390070921986
全部,0.0,2.0,3,103000,12,25,100,2,3,0.0015,1.0,103,103,0.44660194174757284,0.004679309565026072,-0.012786681715575563,0.03374430095652858,-0.5499668665832494,283,0.4664310954063604
全部,0.0,2.0,5,103000,12,25,100,2,3,0.0015,1.0,103,103,0.44660194174757284,0.004679309565026072,-0.012786681715575563,0.03374430095652858,-0.5499668665832494,283,0.4664310954063604
全部,0.0,2.5,1,100000,12,20,120,1,3,0.0015,1.0,103,103,0.44660194174757284,-0.0020806042892825686,-0.01189411000433077,-0.5232983546978116,-0.7615887970744565,212,0.41037735849056606
全部,0.0,2.5,3,100000,12,20,120,1,3,0.0015,1.0,103,103,0.44660194174757284,-0.0020806042892825686,-0.01189411000433077,-0.5232983546978116,-0.7615887970744565,212,0.41037735849056606
全部,0.0,2.5,5,100000,12,20,120,1,3,0.0015,1.0,103,103,0.44660194174757284,-0.0020806042892825686,-0.01189411000433077,-0.5232983546978116,-0.7615887970744565,212,0.41037735849056606
一进二,0.0,2.5,0,103000,16,25,100,2,3,0.0015,1.0,56,56,0.44642857142857145,-0.015358730960009429,-0.018543075658808528,-0.6444343002187122,-0.7673653267988625,90,0.43333333333333335
全部,-1.0,2.0,1,100000,22,20,120,1,3,0.0015,1.0,137,137,0.44525547445255476,0.0004319151751074623,-0.013954592631032657,-0.42426774908396825,-0.6462927674024829,406,0.41379310344827586
全部,-1.0,2.0,3,100000,22,20,120,1,3,0.0015,1.0,137,137,0.44525547445255476,0.0004319151751074623,-0.013954592631032657,-0.42426774908396825,-0.6462927674024829,406,0.41379310344827586
全部,-1.0,2.0,5,100000,22,20,120,1,3,0.0015,1.0,137,137,0.44525547445255476,0.0004319151751074623,-0.013954592631032657,-0.42426774908396825,-0.6462927674024829,406,0.41379310344827586
全部,-1.0,2.0,1,100000,22,30,90,2,3,0.0015,1.0,135,135,0.4444444444444444,0.0015787057254901306,-0.0066824561403508445,-0.04598175686171768,-0.5947319583952536,721,0.420249653259362
全部,-1.0,2.0,3,100000,22,30,90,2,3,0.0015,1.0,135,135,0.4444444444444444,0.0015787057254901306,-0.0066824561403508445,-0.04598175686171768,-0.5947319583952536,721,0.420249653259362
全部,-1.0,2.0,5,100000,22,30,90,2,3,0.0015,1.0,135,135,0.4444444444444444,0.0015787057254901306,-0.0066824561403508445,-0.04598175686171768,-0.5947319583952536,721,0.420249653259362
全部,-0.5,1.8,1,100000,22,20,120,2,3,0.0015,1.0,135,135,0.4444444444444444,0.001490551783939318,-0.009280348477713418,-0.05235313583406942,-0.5427589105312607,738,0.42005420054200543
全部,-0.5,1.8,3,100000,22,20,120,2,3,0.0015,1.0,135,135,0.4444444444444444,0.0014816477392296465,-0.009280348477713418,-0.05348005513542353,-0.5427589105312607,738,0.42005420054200543
全部,-0.5,1.8,5,100000,22,20,120,2,3,0.0015,1.0,135,135,0.4444444444444444,0.0014816477392296465,-0.009280348477713418,-0.05348005513542353,-0.5427589105312607,738,0.42005420054200543
全部,-0.5,1.8,1,100000,22,20,120,1,3,0.0015,1.0,135,135,0.4444444444444444,-0.0014071433592465577,-0.013593023255814072,-0.5120859447934965,-0.6732020074669286,392,0.41581632653061223
全部,-0.5,1.8,3,100000,22,20,120,1,3,0.0015,1.0,135,135,0.4444444444444444,-0.0014071433592465577,-0.013593023255814072,-0.5120859447934965,-0.6732020074669286,392,0.41581632653061223
全部,-0.5,1.8,5,100000,22,20,120,1,3,0.0015,1.0,135,135,0.4444444444444444,-0.0014071433592465577,-0.013593023255814072,-0.5120859447934965,-0.6732020074669286,392,0.41581632653061223
首板,0.0,2.0,2,100000,25,25,100,1,3,0.0015,1.0,126,126,0.4444444444444444,-0.005963754036723333,-0.011560160427807551,-0.6593142391743456,-0.7504215700030527,332,0.3855421686746988
首板,0.0,2.0,2,103000,25,25,100,1,3,0.0015,1.0,126,126,0.4444444444444444,-0.005963754036723333,-0.011560160427807551,-0.6593142391743456,-0.7504215700030527,332,0.3855421686746988
首板,0.0,2.0,5,100000,25,25,100,1,3,0.0015,1.0,126,126,0.4444444444444444,-0.005963754036723333,-0.011560160427807551,-0.6593142391743456,-0.7504215700030527,332,0.3855421686746988
首板,0.0,2.0,5,103000,25,25,100,1,3,0.0015,1.0,126,126,0.4444444444444444,-0.005963754036723333,-0.011560160427807551,-0.6593142391743456,-0.7504215700030527,332,0.3855421686746988
首板,0.0,2.0,8,100000,25,25,100,1,3,0.0015,1.0,126,126,0.4444444444444444,-0.005963754036723333,-0.011560160427807551,-0.6593142391743456,-0.7504215700030527,332,0.3855421686746988
首板,0.0,2.0,8,103000,25,25,100,1,3,0.0015,1.0,126,126,0.4444444444444444,-0.005963754036723333,-0.011560160427807551,-0.6593142391743456,-0.7504215700030527,332,0.3855421686746988
首板,0.0,2.5,2,100000,25,30,90,2,3,0.0015,1.0,126,126,0.4444444444444444,-0.006503609997198272,-0.012592507349986765,-0.6474298240820182,-0.6830036995253236,515,0.42135922330097086
首板,0.0,2.5,2,103000,25,30,90,2,3,0.0015,1.0,126,126,0.4444444444444444,-0.006503609997198272,-0.012592507349986765,-0.6474298240820182,-0.6830036995253236,515,0.42135922330097086
首板,0.0,2.5,5,100000,25,30,90,2,3,0.0015,1.0,126,126,0.4444444444444444,-0.006503609997198272,-0.012592507349986765,-0.6474298240820182,-0.6830036995253236,515,0.42135922330097086
首板,0.0,2.5,5,103000,25,30,90,2,3,0.0015,1.0,126,126,0.4444444444444444,-0.006503609997198272,-0.012592507349986765,-0.6474298240820182,-0.6830036995253236,515,0.42135922330097086
首板,0.0,2.5,8,100000,25,30,90,2,3,0.0015,1.0,126,126,0.4444444444444444,-0.006503609997198272,-0.012592507349986765,-0.6474298240820182,-0.6830036995253236,515,0.42135922330097086
首板,0.0,2.5,8,103000,25,30,90,2,3,0.0015,1.0,126,126,0.4444444444444444,-0.006503609997198272,-0.012592507349986765,-0.6474298240820182,-0.6830036995253236,515,0.42135922330097086
全部,0.3,1.8,1,103000,16,30,90,1,3,0.0015,1.0,99,99,0.4444444444444444,0.006345087495049334,-0.010092289199537028,0.10756942186556717,-0.7373701526857666,210,0.4238095238095238
全部,0.3,1.8,3,103000,16,30,90,1,3,0.0015,1.0,99,99,0.4444444444444444,0.006345087495049334,-0.010092289199537028,0.10756942186556717,-0.7373701526857666,210,0.4238095238095238
全部,0.3,1.8,5,103000,16,30,90,1,3,0.0015,1.0,99,99,0.4444444444444444,0.006345087495049334,-0.010092289199537028,0.10756942186556717,-0.7373701526857666,210,0.4238095238095238
全部,0.3,1.8,1,103000,16,30,90,2,3,0.0015,1.0,99,99,0.4444444444444444,0.0029598454615645782,-0.010180853889780128,-0.1256898228592115,-0.7611882423273313,292,0.4486301369863014
全部,0.3,1.8,3,103000,16,30,90,2,3,0.0015,1.0,99,99,0.4444444444444444,0.002618095268895481,-0.010677907089988281,-0.15539404635192944,-0.7611882423273313,294,0.445578231292517
全部,0.3,1.8,5,103000,16,30,90,2,3,0.0015,1.0,99,99,0.4444444444444444,0.002618095268895481,-0.010677907089988281,-0.15539404635192944,-0.7611882423273313,294,0.445578231292517
一进二,0.0,2.5,1,103000,16,25,100,2,3,0.0015,1.0,63,63,0.4444444444444444,-0.005509262384375303,-0.007233454540798823,-0.4314447344930602,-0.6108898732386867,117,0.4700854700854701
一进二,0.0,2.5,3,103000,16,25,100,2,3,0.0015,1.0,63,63,0.4444444444444444,-0.005509262384375303,-0.007233454540798823,-0.4314447344930602,-0.6108898732386867,118,0.4661016949152542
一进二,0.0,2.5,5,103000,16,25,100,2,3,0.0015,1.0,63,63,0.4444444444444444,-0.005509262384375303,-0.007233454540798823,-0.4314447344930602,-0.6108898732386867,118,0.4661016949152542
一进二,0.3,1.8,0,103000,16,25,100,1,3,0.0015,1.0,36,36,0.4444444444444444,-0.011433027964086812,-0.007334618593059448,-0.40217559922149826,-0.5583667921568265,45,0.4666666666666667
一进二,0.3,1.8,1,100000,16,20,120,1,3,0.0015,1.0,27,27,0.4444444444444444,-0.0075261153259195525,-0.0018825554705433332,-0.2898280532435896,-0.5656637798395856,37,0.43243243243243246
一进二,0.3,1.8,3,100000,16,20,120,1,3,0.0015,1.0,27,27,0.4444444444444444,-0.0075261153259195525,-0.0018825554705433332,-0.2898280532435896,-0.5656637798395856,37,0.43243243243243246
一进二,0.3,1.8,5,100000,16,20,120,1,3,0.0015,1.0,27,27,0.4444444444444444,-0.0075261153259195525,-0.0018825554705433332,-0.2898280532435896,-0.5656637798395856,37,0.43243243243243246
一进二,0.3,1.8,1,100000,16,20,120,2,3,0.0015,1.0,27,27,0.4444444444444444,-0.009171380453650336,-0.0018825554705433332,-0.3143100046266123,-0.5656637798395856,43,0.4418604651162791
一进二,0.3,1.8,1,100000,22,25,100,1,3,0.0015,1.0,27,27,0.4444444444444444,-0.009342574900941092,-0.0018825554705433332,-0.2967034680967924,-0.5698687357140243,35,0.42857142857142855
一进二,0.3,1.8,3,100000,22,25,100,1,3,0.0015,1.0,27,27,0.4444444444444444,-0.009342574900941092,-0.0018825554705433332,-0.2967034680967924,-0.5698687357140243,36,0.4444444444444444
一进二,0.3,1.8,5,100000,22,25,100,1,3,0.0015,1.0,27,27,0.4444444444444444,-0.009342574900941092,-0.0018825554705433332,-0.2967034680967924,-0.5698687357140243,36,0.4444444444444444
一进二,0.3,1.8,3,100000,16,20,120,2,3,0.0015,1.0,27,27,0.4444444444444444,-0.010424464493437027,-0.0018825554705433332,-0.33760595771262103,-0.5656637798395856,45,0.4444444444444444
一进二,0.3,1.8,5,100000,16,20,120,2,3,0.0015,1.0,27,27,0.4444444444444444,-0.010424464493437027,-0.0018825554705433332,-0.33760595771262103,-0.5656637798395856,45,0.4444444444444444
一进二,0.3,1.8,1,100000,22,25,100,2,3,0.0015,1.0,27,27,0.4444444444444444,-0.010987840028671876,-0.0018825554705433332,-0.3209484014267322,-0.5698687357140243,42,0.4523809523809524
一进二,0.3,1.8,3,100000,22,25,100,2,3,0.0015,1.0,27,27,0.4444444444444444,-0.012240924068458567,-0.0018825554705433332,-0.3440188185103705,-0.5698687357140243,44,0.45454545454545453
一进二,0.3,1.8,5,100000,22,25,100,2,3,0.0015,1.0,27,27,0.4444444444444444,-0.012240924068458567,-0.0018825554705433332,-0.3440188185103705,-0.5698687357140243,44,0.45454545454545453
首板,-1.0,2.0,2,100000,16,20,120,2,3,0.0015,1.0,133,133,0.44360902255639095,-0.0020197618378847686,-0.01550528344520491,-0.4452685902383883,-0.7250774780701346,637,0.4050235478806907
首板,-1.0,2.0,2,103000,16,20,120,2,3,0.0015,1.0,133,133,0.44360902255639095,-0.0020197618378847686,-0.01550528344520491,-0.4452685902383883,-0.7250774780701346,637,0.4050235478806907
首板,-1.0,2.0,5,100000,16,20,120,2,3,0.0015,1.0,133,133,0.44360902255639095,-0.0020197618378847686,-0.01550528344520491,-0.4452685902383883,-0.7250774780701346,637,0.4050235478806907
首板,-1.0,2.0,5,103000,16,20,120,2,3,0.0015,1.0,133,133,0.44360902255639095,-0.0020197618378847686,-0.01550528344520491,-0.4452685902383883,-0.7250774780701346,637,0.4050235478806907
首板,-1.0,2.0,8,100000,16,20,120,2,3,0.0015,1.0,133,133,0.44360902255639095,-0.0020197618378847686,-0.01550528344520491,-0.4452685902383883,-0.7250774780701346,637,0.4050235478806907
首板,-1.0,2.0,8,103000,16,20,120,2,3,0.0015,1.0,133,133,0.44360902255639095,-0.0020197618378847686,-0.01550528344520491,-0.4452685902383883,-0.7250774780701346,637,0.4050235478806907
全部,0.0,2.0,1,100000,22,25,100,2,3,0.0015,1.0,124,124,0.4435483870967742,-0.0017608698976302488,-0.004481245805860234,-0.3904338131616193,-0.7374899363247637,534,0.41760299625468167
全部,0.0,2.0,3,100000,22,25,100,2,3,0.0015,1.0,124,124,0.4435483870967742,-0.0017608698976302488,-0.004481245805860234,-0.3904338131616193,-0.7374899363247637,534,0.41760299625468167
全部,0.0,2.0,5,100000,22,25,100,2,3,0.0015,1.0,124,124,0.4435483870967742,-0.0017608698976302488,-0.004481245805860234,-0.3904338131616193,-0.7374899363247637,534,0.41760299625468167
全部,0.3,1.8,1,103000,22,30,90,2,3,0.0015,1.0,115,115,0.4434782608695652,-0.001298371209330441,-0.005365557791530251,-0.39215208349973374,-0.8503708519027323,406,0.458128078817734
全部,0.3,1.8,3,103000,22,30,90,2,3,0.0015,1.0,115,115,0.4434782608695652,-0.0015925735491064464,-0.006860377585516386,-0.4128033933361963,-0.8503708519027323,407,0.457002457002457
全部,0.3,1.8,5,103000,22,30,90,2,3,0.0015,1.0,115,115,0.4434782608695652,-0.0015925735491064464,-0.006860377585516386,-0.4128033933361963,-0.8503708519027323,407,0.457002457002457
全部,0.5,1.5,1,103000,16,20,120,1,3,0.0015,1.0,97,97,0.44329896907216493,0.0035724923243475614,-0.013381615899762332,-0.07148003804867653,-0.6373641398750484,196,0.45918367346938777
全部,0.5,1.5,3,103000,16,20,120,1,3,0.0015,1.0,97,97,0.44329896907216493,0.0028663757021570617,-0.014282694198623434,-0.1352898859314371,-0.6373641398750484,196,0.45918367346938777
全部,0.5,1.5,5,103000,16,20,120,1,3,0.0015,1.0,97,97,0.44329896907216493,0.0028663757021570617,-0.014282694198623434,-0.1352898859314371,-0.6373641398750484,196,0.45918367346938777
全部,0.0,2.5,1,100000,12,25,100,2,3,0.0015,1.0,97,97,0.44329896907216493,-0.0033362242449307433,-0.006845916910529435,-0.47985059473507596,-0.7091112204117989,274,0.45985401459854014
全部,0.0,2.5,3,100000,12,25,100,2,3,0.0015,1.0,97,97,0.44329896907216493,-0.0033362242449307433,-0.006845916910529435,-0.47985059473507596,-0.7091112204117989,275,0.4581818181818182
全部,0.0,2.5,5,100000,12,25,100,2,3,0.0015,1.0,97,97,0.44329896907216493,-0.0033362242449307433,-0.006845916910529435,-0.47985059473507596,-0.7091112204117989,275,0.4581818181818182
全部,0.3,1.8,1,100000,12,25,100,2,3,0.0015,1.0,79,79,0.4430379746835443,0.0016533793913722636,-0.009436507936508019,-0.1755568574884302,-0.5373117518755159,185,0.43783783783783786
全部,0.3,1.8,3,100000,12,25,100,2,3,0.0015,1.0,79,79,0.4430379746835443,0.001219877414457843,-0.010092289199537028,-0.20389734701288875,-0.5373117518755159,186,0.44086021505376344
全部,0.3,1.8,5,100000,12,25,100,2,3,0.0015,1.0,79,79,0.4430379746835443,0.001219877414457843,-0.010092289199537028,-0.20389734701288875,-0.5373117518755159,186,0.44086021505376344
全部,-0.5,1.8,1,103000,16,20,120,1,3,0.0015,1.0,131,131,0.44274809160305345,0.0029742176607092754,-0.014282694198623434,-0.19009826289702403,-0.5393110699024,357,0.4257703081232493
全部,-0.5,1.8,3,103000,16,20,120,1,3,0.0015,1.0,131,131,0.44274809160305345,0.0029742176607092754,-0.014282694198623434,-0.19009826289702403,-0.5393110699024,357,0.4257703081232493
全部,-0.5,1.8,5,103000,16,20,120,1,3,0.0015,1.0,131,131,0.44274809160305345,0.0029742176607092754,-0.014282694198623434,-0.19009826289702403,-0.5393110699024,357,0.4257703081232493
全部,0.0,2.5,1,103000,16,30,90,1,3,0.0015,1.0,113,113,0.4424778761061947,0.008252612700201806,-0.016793118096856408,0.4365113207514204,-0.8070889749385008,259,0.39768339768339767
全部,0.0,2.5,3,103000,16,30,90,1,3,0.0015,1.0,113,113,0.4424778761061947,0.008252612700201806,-0.016793118096856408,0.4365113207514204,-0.8070889749385008,259,0.39768339768339767
全部,0.0,2.5,5,103000,16,30,90,1,3,0.0015,1.0,113,113,0.4424778761061947,0.008252612700201806,-0.016793118096856408,0.4365113207514204,-0.8070889749385008,259,0.39768339768339767
全部,0.5,1.5,1,103000,22,20,120,2,3,0.0015,1.0,113,113,0.4424778761061947,-0.0036367084330374364,-0.01699175425104671,-0.49575293624343353,-0.6565652127897939,382,0.4607329842931937
全部,0.5,1.5,3,103000,22,20,120,2,3,0.0015,1.0,113,113,0.4424778761061947,-0.003939776186809465,-0.017144287319780294,-0.5130793964985346,-0.6565652127897939,383,0.4595300261096606
全部,0.5,1.5,5,103000,22,20,120,2,3,0.0015,1.0,113,113,0.4424778761061947,-0.003939776186809465,-0.017144287319780294,-0.5130793964985346,-0.6565652127897939,383,0.4595300261096606
全部,0.0,2.0,1,103000,12,20,120,1,3,0.0015,1.0,104,104,0.4423076923076923,0.003984049496256875,-0.012340395859953166,-0.10593386725698695,-0.6345157674864152,219,0.4246575342465753
全部,0.0,2.0,3,103000,12,20,120,1,3,0.0015,1.0,104,104,0.4423076923076923,0.003984049496256875,-0.012340395859953166,-0.10593386725698695,-0.6345157674864152,219,0.4246575342465753
全部,0.0,2.0,5,103000,12,20,120,1,3,0.0015,1.0,104,104,0.4423076923076923,0.003984049496256875,-0.012340395859953166,-0.10593386725698695,-0.6345157674864152,219,0.4246575342465753
全部,0.0,2.0,1,103000,12,20,120,2,3,0.0015,1.0,104,104,0.4423076923076923,-0.00029693331025365267,-0.010884152849619882,-0.32493211857714144,-0.526939717071975,324,0.4660493827160494
全部,0.0,2.0,3,103000,12,20,120,2,3,0.0015,1.0,104,104,0.4423076923076923,-0.00029693331025365267,-0.010884152849619882,-0.32493211857714144,-0.526939717071975,324,0.4660493827160494
全部,0.0,2.0,5,103000,12,20,120,2,3,0.0015,1.0,104,104,0.4423076923076923,-0.00029693331025365267,-0.010884152849619882,-0.32493211857714144,-0.526939717071975,324,0.4660493827160494
一进二,0.0,2.5,1,103000,16,30,90,2,3,0.0015,1.0,52,52,0.4423076923076923,-0.004434727846542217,-0.007039685725664129,-0.3063960137562083,-0.515843934175078,98,0.46938775510204084
一进二,0.0,2.5,3,103000,16,30,90,2,3,0.0015,1.0,52,52,0.4423076923076923,-0.004434727846542217,-0.007039685725664129,-0.3063960137562083,-0.515843934175078,99,0.46464646464646464
一进二,0.0,2.5,5,103000,16,30,90,2,3,0.0015,1.0,52,52,0.4423076923076923,-0.004434727846542217,-0.007039685725664129,-0.3063960137562083,-0.515843934175078,100,0.47
一进二,0.0,2.5,0,103000,22,30,90,2,3,0.0015,1.0,52,52,0.4423076923076923,-0.018154540584590702,-0.02309732207531051,-0.6567636391496898,-0.7369899151855794,81,0.43209876543209874
首板,-0.5,1.8,2,100000,16,30,90,2,3,0.0015,1.0,120,120,0.44166666666666665,-0.00848510707469448,-0.01429537607534162,-0.7217387516609463,-0.781781285661471,446,0.42376681614349776
首板,-0.5,1.8,2,103000,16,30,90,2,3,0.0015,1.0,120,120,0.44166666666666665,-0.00848510707469448,-0.01429537607534162,-0.7217387516609463,-0.781781285661471,446,0.42376681614349776
首板,-0.5,1.8,5,100000,16,30,90,2,3,0.0015,1.0,120,120,0.44166666666666665,-0.00848510707469448,-0.01429537607534162,-0.7217387516609463,-0.781781285661471,446,0.42376681614349776
首板,-0.5,1.8,5,103000,16,30,90,2,3,0.0015,1.0,120,120,0.44166666666666665,-0.00848510707469448,-0.01429537607534162,-0.7217387516609463,-0.781781285661471,446,0.42376681614349776
首板,-0.5,1.8,8,100000,16,30,90,2,3,0.0015,1.0,120,120,0.44166666666666665,-0.00848510707469448,-0.01429537607534162,-0.7217387516609463,-0.781781285661471,446,0.42376681614349776
首板,-0.5,1.8,8,103000,16,30,90,2,3,0.0015,1.0,120,120,0.44166666666666665,-0.00848510707469448,-0.01429537607534162,-0.7217387516609463,-0.781781285661471,446,0.42376681614349776
全部,0.3,1.8,1,103000,16,25,100,1,3,0.0015,1.0,111,111,0.44144144144144143,0.004533831186210342,-0.016793118096856408,-0.07164243973917295,-0.8117911653861425,238,0.39915966386554624
全部,0.3,1.8,3,103000,16,25,100,1,3,0.0015,1.0,111,111,0.44144144144144143,0.004533831186210342,-0.016793118096856408,-0.07164243973917295,-0.8117911653861425,238,0.39915966386554624
全部,0.3,1.8,5,103000,16,25,100,1,3,0.0015,1.0,111,111,0.44144144144144143,0.004533831186210342,-0.016793118096856408,-0.07164243973917295,-0.8117911653861425,238,0.39915966386554624
首板,-1.0,2.0,2,100000,22,25,100,1,3,0.0015,1.0,136,136,0.4411764705882353,0.0010383228419114001,-0.009722508222508306,-0.24885200343212277,-0.517069865637908,396,0.39646464646464646
首板,-1.0,2.0,2,103000,22,25,100,1,3,0.0015,1.0,136,136,0.4411764705882353,0.0010383228419114001,-0.009722508222508306,-0.24885200343212277,-0.517069865637908,396,0.39646464646464646
首板,-1.0,2.0,5,100000,22,25,100,1,3,0.0015,1.0,136,136,0.4411764705882353,0.0010383228419114001,-0.009722508222508306,-0.24885200343212277,-0.517069865637908,396,0.39646464646464646
首板,-1.0,2.0,5,103000,22,25,100,1,3,0.0015,1.0,136,136,0.4411764705882353,0.0010383228419114001,-0.009722508222508306,-0.24885200343212277,-0.517069865637908,396,0.39646464646464646
首板,-1.0,2.0,8,100000,22,25,100,1,3,0.0015,1.0,136,136,0.4411764705882353,0.0010383228419114001,-0.009722508222508306,-0.24885200343212277,-0.517069865637908,396,0.39646464646464646
首板,-1.0,2.0,8,103000,22,25,100,1,3,0.0015,1.0,136,136,0.4411764705882353,0.0010383228419114001,-0.009722508222508306,-0.24885200343212277,-0.517069865637908,396,0.39646464646464646
二进三,-1.0,2.0,1,100000,12,25,100,2,3,0.0015,1.0,34,34,0.4411764705882353,0.0031485125083619723,-0.03219401976517269,-0.22024786309551048,-0.5899851394495234,49,0.4897959183673469
二进三,-1.0,2.0,2,100000,12,25,100,2,3,0.0015,1.0,34,34,0.4411764705882353,0.0031485125083619723,-0.03219401976517269,-0.22024786309551048,-0.5899851394495234,49,0.4897959183673469
二进三,-1.0,2.0,0,100000,12,25,100,2,3,0.0015,1.0,34,34,0.4411764705882353,6.0082151233829935e-05,-0.03219401976517269,-0.2927543377859422,-0.5899851394495234,47,0.46808510638297873
二进三,-1.0,2.0,1,100000,12,25,100,1,3,0.0015,1.0,34,34,0.4411764705882353,-0.0007007666882895117,-0.026838127033042336,-0.32963629596867006,-0.6513841956598829,45,0.4888888888888889
二进三,-1.0,2.0,2,100000,12,25,100,1,3,0.0015,1.0,34,34,0.4411764705882353,-0.0007007666882895117,-0.026838127033042336,-0.32963629596867006,-0.6513841956598829,45,0.4888888888888889
二进三,-1.0,2.0,0,100000,12,25,100,1,3,0.0015,1.0,34,34,0.4411764705882353,-0.003789197045417654,-0.026838127033042336,-0.39197111576498345,-0.6513841956598829,43,0.46511627906976744
一进二,0.3,1.8,0,103000,12,20,120,1,3,0.0015,1.0,34,34,0.4411764705882353,-0.011416710961663723,-0.007334618593059448,-0.41813166966464255,-0.6444028140335818,44,0.38636363636363635
全部,-0.5,1.8,1,100000,16,25,100,2,3,0.0015,1.0,127,127,0.4409448818897638,-0.01114939576361991,-0.0178730998586743,-0.8177575943344398,-0.871976315072116,557,0.4129263913824057
全部,-0.5,1.8,3,100000,16,25,100,2,3,0.0015,1.0,127,127,0.4409448818897638,-0.01114939576361991,-0.0178730998586743,-0.8177575943344398,-0.871976315072116,557,0.4129263913824057
全部,-0.5,1.8,5,100000,16,25,100,2,3,0.0015,1.0,127,127,0.4409448818897638,-0.01114939576361991,-0.0178730998586743,-0.8177575943344398,-0.871976315072116,557,0.4129263913824057
全部,-0.5,1.8,1,100000,12,20,120,2,3,0.0015,1.0,118,118,0.4406779661016949,-0.008957671504423535,-0.010962587587587612,-0.7735003967525371,-0.8441849242070667,423,0.4231678486997636
全部,-0.5,1.8,3,100000,12,20,120,2,3,0.0015,1.0,118,118,0.4406779661016949,-0.008967858335235447,-0.010962587587587612,-0.7737697447389026,-0.8441849242070667,423,0.4231678486997636
全部,-0.5,1.8,5,100000,12,20,120,2,3,0.0015,1.0,118,118,0.4406779661016949,-0.008967858335235447,-0.010962587587587612,-0.7737697447389026,-0.8441849242070667,423,0.4231678486997636
全部,0.3,1.8,1,100000,12,30,90,2,3,0.0015,1.0,75,75,0.44,-0.004192916400127292,-0.010092289199537028,-0.4710079893458281,-0.6912152295503036,156,0.4551282051282051
全部,0.3,1.8,3,100000,12,30,90,2,3,0.0015,1.0,75,75,0.44,-0.004644026654450501,-0.0161277237633346,-0.48898021170027917,-0.6912152295503036,158,0.45569620253164556
全部,0.3,1.8,5,100000,12,30,90,2,3,0.0015,1.0,75,75,0.44,-0.004644026654450501,-0.0161277237633346,-0.48898021170027917,-0.6912152295503036,158,0.45569620253164556
一进二,0.0,2.5,1,103000,22,20,120,2,3,0.0015,1.0,75,75,0.44,-0.01446793096103135,-0.012786681715575563,-0.7469834410719419,-0.7973114474821731,147,0.4557823129251701
一进二,0.0,2.5,3,103000,22,20,120,2,3,0.0015,1.0,75,75,0.44,-0.01446793096103135,-0.012786681715575563,-0.7469834410719419,-0.7973114474821731,148,0.4527027027027027
一进二,0.0,2.5,5,103000,22,20,120,2,3,0.0015,1.0,75,75,0.44,-0.01446793096103135,-0.012786681715575563,-0.7469834410719419,-0.7973114474821731,148,0.4527027027027027
一进二,0.3,1.8,1,100000,16,25,100,1,3,0.0015,1.0,25,25,0.44,-0.0071318092811479,-0.0018825554705433332,-0.23894013891904942,-0.5345410855955832,33,0.42424242424242425
一进二,0.3,1.8,3,100000,16,25,100,1,3,0.0015,1.0,25,25,0.44,-0.0071318092811479,-0.0018825554705433332,-0.23894013891904942,-0.5345410855955832,34,0.4411764705882353
一进二,0.3,1.8,5,100000,16,25,100,1,3,0.0015,1.0,25,25,0.44,-0.0071318092811479,-0.0018825554705433332,-0.23894013891904942,-0.5345410855955832,34,0.4411764705882353
一进二,0.3,1.8,1,100000,16,25,100,2,3,0.0015,1.0,25,25,0.44,-0.00890869561909715,-0.0018825554705433332,-0.2651763632639468,-0.5345410855955832,39,0.4358974358974359
一进二,0.3,1.8,3,100000,16,25,100,2,3,0.0015,1.0,25,25,0.44,-0.010262026382066773,-0.0018825554705433332,-0.29014160569623837,-0.5345410855955832,41,0.43902439024390244
一进二,0.3,1.8,5,100000,16,25,100,2,3,0.0015,1.0,25,25,0.44,-0.010262026382066773,-0.0018825554705433332,-0.29014160569623837,-0.5345410855955832,41,0.43902439024390244
全部,-0.5,1.8,1,103000,12,25,100,2,3,0.0015,1.0,116,116,0.4396551724137931,-0.0029104778749744773,-0.012641622644729343,-0.5283552839114318,-0.669433276455687,416,0.42788461538461536
全部,-0.5,1.8,3,103000,12,25,100,2,3,0.0015,1.0,116,116,0.4396551724137931,-0.0029104778749744773,-0.012641622644729343,-0.5283552839114318,-0.669433276455687,417,0.4316546762589928
全部,-0.5,1.8,5,103000,12,25,100,2,3,0.0015,1.0,116,116,0.4396551724137931,-0.0029104778749744773,-0.012641622644729343,-0.5283552839114318,-0.669433276455687,417,0.4316546762589928
全部,-0.5,1.8,1,103000,22,30,90,1,3,0.0015,1.0,132,132,0.4393939393939394,0.0010599897043925242,-0.007273165184215278,-0.2802275991057265,-0.7314556872484017,372,0.4274193548387097
全部,-0.5,1.8,3,103000,22,30,90,1,3,0.0015,1.0,132,132,0.4393939393939394,0.0010599897043925242,-0.007273165184215278,-0.2802275991057265,-0.7314556872484017,372,0.4274193548387097
全部,-0.5,1.8,5,103000,22,30,90,1,3,0.0015,1.0,132,132,0.4393939393939394,0.0010599897043925242,-0.007273165184215278,-0.2802275991057265,-0.7314556872484017,372,0.4274193548387097
首板,-0.5,1.8,2,100000,22,25,100,2,3,0.0015,1.0,132,132,0.4393939393939394,-0.007237299975630671,-0.012047696282496356,-0.6932011767185098,-0.8062501999101517,676,0.43047337278106507
首板,-0.5,1.8,2,103000,22,25,100,2,3,0.0015,1.0,132,132,0.4393939393939394,-0.007237299975630671,-0.012047696282496356,-0.6932011767185098,-0.8062501999101517,676,0.43047337278106507
首板,-0.5,1.8,5,100000,22,25,100,2,3,0.0015,1.0,132,132,0.4393939393939394,-0.007237299975630671,-0.012047696282496356,-0.6932011767185098,-0.8062501999101517,676,0.43047337278106507
首板,-0.5,1.8,5,103000,22,25,100,2,3,0.0015,1.0,132,132,0.4393939393939394,-0.007237299975630671,-0.012047696282496356,-0.6932011767185098,-0.8062501999101517,676,0.43047337278106507
首板,-0.5,1.8,8,100000,22,25,100,2,3,0.0015,1.0,132,132,0.4393939393939394,-0.007237299975630671,-0.012047696282496356,-0.6932011767185098,-0.8062501999101517,676,0.43047337278106507
首板,-0.5,1.8,8,103000,22,25,100,2,3,0.0015,1.0,132,132,0.4393939393939394,-0.007237299975630671,-0.012047696282496356,-0.6932011767185098,-0.8062501999101517,676,0.43047337278106507
全部,-2.0,2.5,1,103000,12,30,90,1,3,0.0015,1.0,123,123,0.43902439024390244,0.007133369438502298,-0.009436507936508019,0.2898352163175566,-0.6614782156595902,308,0.42207792207792205
全部,-2.0,2.5,3,103000,12,30,90,1,3,0.0015,1.0,123,123,0.43902439024390244,0.007113823974505459,-0.009436507936508019,0.2867611706691735,-0.6614782156595902,308,0.4253246753246753
全部,-2.0,2.5,5,103000,12,30,90,1,3,0.0015,1.0,123,123,0.43902439024390244,0.007113823974505459,-0.009436507936508019,0.2867611706691735,-0.6614782156595902,308,0.4253246753246753
首板,0.0,2.0,2,100000,25,30,90,2,3,0.0015,1.0,123,123,0.43902439024390244,-0.00751971315141283,-0.00828935798433017,-0.673532734612349,-0.6655736937313608,493,0.4178498985801217
首板,0.0,2.0,2,103000,25,30,90,2,3,0.0015,1.0,123,123,0.43902439024390244,-0.00751971315141283,-0.00828935798433017,-0.673532734612349,-0.6655736937313608,493,0.4178498985801217
首板,0.0,2.0,5,100000,25,30,90,2,3,0.0015,1.0,123,123,0.43902439024390244,-0.00751971315141283,-0.00828935798433017,-0.673532734612349,-0.6655736937313608,493,0.4178498985801217
首板,0.0,2.0,5,103000,25,30,90,2,3,0.0015,1.0,123,123,0.43902439024390244,-0.00751971315141283,-0.00828935798433017,-0.673532734612349,-0.6655736937313608,493,0.4178498985801217
首板,0.0,2.0,8,100000,25,30,90,2,3,0.0015,1.0,123,123,0.43902439024390244,-0.00751971315141283,-0.00828935798433017,-0.673532734612349,-0.6655736937313608,493,0.4178498985801217
首板,0.0,2.0,8,103000,25,30,90,2,3,0.0015,1.0,123,123,0.43902439024390244,-0.00751971315141283,-0.00828935798433017,-0.673532734612349,-0.6655736937313608,493,0.4178498985801217
首板,0.0,2.5,2,100000,22,25,100,2,3,0.0015,1.0,123,123,0.43902439024390244,-0.010066053198786071,-0.012222966814084524,-0.7684545266881868,-0.826680867956847,519,0.42003853564547206
首板,0.0,2.5,2,103000,22,25,100,2,3,0.0015,1.0,123,123,0.43902439024390244,-0.010066053198786071,-0.012222966814084524,-0.7684545266881868,-0.826680867956847,519,0.42003853564547206
首板,0.0,2.5,5,100000,22,25,100,2,3,0.0015,1.0,123,123,0.43902439024390244,-0.010066053198786071,-0.012222966814084524,-0.7684545266881868,-0.826680867956847,519,0.42003853564547206
首板,0.0,2.5,5,103000,22,25,100,2,3,0.0015,1.0,123,123,0.43902439024390244,-0.010066053198786071,-0.012222966814084524,-0.7684545266881868,-0.826680867956847,519,0.42003853564547206
首板,0.0,2.5,8,100000,22,25,100,2,3,0.0015,1.0,123,123,0.43902439024390244,-0.010066053198786071,-0.012222966814084524,-0.7684545266881868,-0.826680867956847,519,0.42003853564547206
首板,0.0,2.5,8,103000,22,25,100,2,3,0.0015,1.0,123,123,0.43902439024390244,-0.010066053198786071,-0.012222966814084524,-0.7684545266881868,-0.826680867956847,519,0.42003853564547206
一进二,0.0,2.5,0,103000,12,30,90,1,3,0.0015,1.0,41,41,0.43902439024390244,-0.01622625751168274,-0.022635820621209335,-0.5534053737510547,-0.7110360493647574,53,0.41509433962264153
一进二,0.0,2.5,0,103000,12,30,90,2,3,0.0015,1.0,41,41,0.43902439024390244,-0.01843160912663173,-0.022635820621209335,-0.5866962473243912,-0.693871787951085,63,0.42857142857142855
全部,0.3,1.8,1,103000,16,20,120,2,3,0.0015,1.0,114,114,0.43859649122807015,0.0013509624811629305,-0.013163414233247989,-0.2140301836327122,-0.6739498765409464,377,0.44562334217506633
全部,0.3,1.8,3,103000,16,20,120,2,3,0.0015,1.0,114,114,0.43859649122807015,0.0013509624811629305,-0.013163414233247989,-0.2140301836327122,-0.6739498765409464,377,0.44562334217506633
全部,0.3,1.8,5,103000,16,20,120,2,3,0.0015,1.0,114,114,0.43859649122807015,0.0013509624811629305,-0.013163414233247989,-0.2140301836327122,-0.6739498765409464,377,0.44562334217506633
全部,-1.0,2.0,3,100000,12,30,90,2,3,0.0015,1.0,114,114,0.43859649122807015,-0.011554746774946896,-0.012942672966232025,-0.8265397337988917,-0.8702922835245014,395,0.43291139240506327
全部,-1.0,2.0,5,100000,12,30,90,2,3,0.0015,1.0,114,114,0.43859649122807015,-0.011554746774946896,-0.012942672966232025,-0.8265397337988917,-0.8702922835245014,395,0.43291139240506327
全部,-1.0,2.0,1,100000,12,30,90,2,3,0.0015,1.0,114,114,0.43859649122807015,-0.01159194023632092,-0.012942672966232025,-0.827269719369474,-0.8702922835245014,395,0.43037974683544306
首板,-1.0,2.0,2,100000,25,20,120,1,3,0.0015,1.0,137,137,0.43795620437956206,0.0028757411746837894,-0.010666666666666656,-0.06040090272097165,-0.7039534142777732,409,0.40097799511002447
首板,-1.0,2.0,2,103000,25,20,120,1,3,0.0015,1.0,137,137,0.43795620437956206,0.0028757411746837894,-0.010666666666666656,-0.06040090272097165,-0.7039534142777732,409,0.40097799511002447
首板,-1.0,2.0,5,100000,25,20,120,1,3,0.0015,1.0,137,137,0.43795620437956206,0.0028757411746837894,-0.010666666666666656,-0.06040090272097165,-0.7039534142777732,409,0.40097799511002447
首板,-1.0,2.0,5,103000,25,20,120,1,3,0.0015,1.0,137,137,0.43795620437956206,0.0028757411746837894,-0.010666666666666656,-0.06040090272097165,-0.7039534142777732,409,0.40097799511002447
首板,-1.0,2.0,8,100000,25,20,120,1,3,0.0015,1.0,137,137,0.43795620437956206,0.0028757411746837894,-0.010666666666666656,-0.06040090272097165,-0.7039534142777732,409,0.40097799511002447
首板,-1.0,2.0,8,103000,25,20,120,1,3,0.0015,1.0,137,137,0.43795620437956206,0.0028757411746837894,-0.010666666666666656,-0.06040090272097165,-0.7039534142777732,409,0.40097799511002447
首板,-1.0,2.0,2,100000,25,25,100,1,3,0.0015,1.0,137,137,0.43795620437956206,1.5252434320577543e-06,-0.009436507936508019,-0.35401774977685607,-0.5408584524834076,403,0.3945409429280397
首板,-1.0,2.0,2,103000,25,25,100,1,3,0.0015,1.0,137,137,0.43795620437956206,1.5252434320577543e-06,-0.009436507936508019,-0.35401774977685607,-0.5408584524834076,403,0.3945409429280397
首板,-1.0,2.0,5,100000,25,25,100,1,3,0.0015,1.0,137,137,0.43795620437956206,1.5252434320577543e-06,-0.009436507936508019,-0.35401774977685607,-0.5408584524834076,403,0.3945409429280397
首板,-1.0,2.0,5,103000,25,25,100,1,3,0.0015,1.0,137,137,0.43795620437956206,1.5252434320577543e-06,-0.009436507936508019,-0.35401774977685607,-0.5408584524834076,403,0.3945409429280397
首板,-1.0,2.0,8,100000,25,25,100,1,3,0.0015,1.0,137,137,0.43795620437956206,1.5252434320577543e-06,-0.009436507936508019,-0.35401774977685607,-0.5408584524834076,403,0.3945409429280397
首板,-1.0,2.0,8,103000,25,25,100,1,3,0.0015,1.0,137,137,0.43795620437956206,1.5252434320577543e-06,-0.009436507936508019,-0.35401774977685607,-0.5408584524834076,403,0.3945409429280397
全部,0.0,2.0,1,103000,16,30,90,2,3,0.0015,1.0,112,112,0.4375,0.003531206151210542,-0.01295639193863854,0.0002881388773150473,-0.7307790563320891,392,0.4336734693877551
全部,0.0,2.0,3,103000,16,30,90,2,3,0.0015,1.0,112,112,0.4375,0.003531206151210542,-0.01295639193863854,0.0002881388773150473,-0.7307790563320891,392,0.4336734693877551
全部,0.0,2.0,5,103000,16,30,90,2,3,0.0015,1.0,112,112,0.4375,0.003531206151210542,-0.01295639193863854,0.0002881388773150473,-0.7307790563320891,392,0.4336734693877551
二进三,-1.0,2.0,1,103000,12,25,100,2,3,0.0015,1.0,48,48,0.4375,0.006032829712592189,-0.0174295430763865,-0.1532917571322352,-0.6463488397717854,70,0.5
二进三,-1.0,2.0,2,103000,12,25,100,2,3,0.0015,1.0,48,48,0.4375,0.006032829712592189,-0.0174295430763865,-0.1532917571322352,-0.6463488397717854,70,0.5
二进三,-1.0,2.0,1,103000,12,25,100,1,3,0.0015,1.0,48,48,0.4375,0.0034988209141822483,-0.0174295430763865,-0.2660690310563659,-0.6424131567631142,65,0.49230769230769234
二进三,-1.0,2.0,2,103000,12,25,100,1,3,0.0015,1.0,48,48,0.4375,0.0034988209141822483,-0.0174295430763865,-0.2660690310563659,-0.6424131567631142,65,0.49230769230769234
一进二,0.0,2.0,0,103000,16,25,100,1,3,0.0015,1.0,48,48,0.4375,-0.005932302156378351,-0.008918909039606014,-0.37350178487657426,-0.7001202731247955,64,0.4375
二进三,-2.0,2.2,0,100000,10,30,90,1,3,0.0015,1.0,32,32,0.4375,-0.001269201726424439,-0.03245220775441915,-0.2775860084623524,-0.6082631991032907,35,0.45714285714285713
二进三,-2.0,2.2,0,100000,10,30,90,2,3,0.0015,1.0,32,32,0.4375,-0.0016331044471450725,-0.03245220775441915,-0.286424228757596,-0.6082631991032907,38,0.4473684210526316
全部,-2.0,2.5,1,103000,16,20,120,2,3,0.0015,1.0,135,135,0.43703703703703706,0.0024781571364335606,-0.01396159153193094,0.01542442856607984,-0.6063069269284842,764,0.4293193717277487
全部,-2.0,2.5,3,103000,16,20,120,2,3,0.0015,1.0,135,135,0.43703703703703706,0.0024781571364335606,-0.01396159153193094,0.01542442856607984,-0.6063069269284842,764,0.4293193717277487
全部,-2.0,2.5,5,103000,16,20,120,2,3,0.0015,1.0,135,135,0.43703703703703706,0.0024781571364335606,-0.01396159153193094,0.01542442856607984,-0.6063069269284842,764,0.4293193717277487
全部,-0.5,1.8,1,103000,22,20,120,1,3,0.0015,1.0,135,135,0.43703703703703706,0.0014123149000253926,-0.013954592631032657,-0.3261774396273486,-0.5389677534702764,395,0.42025316455696204
全部,-0.5,1.8,3,103000,22,20,120,1,3,0.0015,1.0,135,135,0.43703703703703706,0.0014123149000253926,-0.013954592631032657,-0.3261774396273486,-0.5389677534702764,395,0.42025316455696204
全部,-0.5,1.8,5,103000,22,20,120,1,3,0.0015,1.0,135,135,0.43703703703703706,0.0014123149000253926,-0.013954592631032657,-0.3261774396273486,-0.5389677534702764,395,0.42025316455696204
全部,0.0,2.0,1,103000,12,25,100,1,3,0.0015,1.0,103,103,0.4368932038834951,0.005979375445569604,-0.018129486919488957,0.05628194550721366,-0.6771251422132252,203,0.42857142857142855
全部,0.0,2.0,3,103000,12,25,100,1,3,0.0015,1.0,103,103,0.4368932038834951,0.005979375445569604,-0.018129486919488957,0.05628194550721366,-0.6771251422132252,203,0.42857142857142855
全部,0.0,2.0,5,103000,12,25,100,1,3,0.0015,1.0,103,103,0.4368932038834951,0.005979375445569604,-0.018129486919488957,0.05628194550721366,-0.6771251422132252,203,0.42857142857142855
全部,0.5,1.5,1,100000,16,25,100,1,3,0.0015,1.0,87,87,0.4367816091954023,0.00048762495843993536,-0.01591468780820876,-0.23493295327214414,-0.6444803048527079,166,0.42771084337349397
全部,0.5,1.5,3,100000,16,25,100,1,3,0.0015,1.0,87,87,0.4367816091954023,-0.0002996544938874033,-0.016793118096856408,-0.28750997247722665,-0.6444803048527079,166,0.42771084337349397
全部,0.5,1.5,5,100000,16,25,100,1,3,0.0015,1.0,87,87,0.4367816091954023,-0.0002996544938874033,-0.016793118096856408,-0.28750997247722665,-0.6444803048527079,166,0.42771084337349397
全部,0.5,1.5,1,100000,12,20,120,1,3,0.0015,1.0,71,71,0.43661971830985913,-0.00027216660896483175,-0.010092289199537028,-0.2714045855423366,-0.6344546531740354,115,0.41739130434782606
全部,0.5,1.5,1,100000,12,20,120,2,3,0.0015,1.0,71,71,0.43661971830985913,-0.000828034033814148,-0.010092289199537028,-0.2526991735182248,-0.6058698080214615,142,0.4295774647887324
全部,0.5,1.5,3,100000,12,20,120,1,3,0.0015,1.0,71,71,0.43661971830985913,-0.0012368611491405848,-0.014395662368112459,-0.32147519734363417,-0.6344546531740354,115,0.41739130434782606
全部,0.5,1.5,5,100000,12,20,120,1,3,0.0015,1.0,71,71,0.43661971830985913,-0.0012368611491405848,-0.014395662368112459,-0.32147519734363417,-0.6344546531740354,115,0.41739130434782606
全部,0.5,1.5,3,100000,12,20,120,2,3,0.0015,1.0,71,71,0.43661971830985913,-0.0013103813039020246,-0.014395662368112459,-0.27837721707921137,-0.6058698080214615,143,0.42657342657342656
全部,0.5,1.5,5,100000,12,20,120,2,3,0.0015,1.0,71,71,0.43661971830985913,-0.0013103813039020246,-0.014395662368112459,-0.27837721707921137,-0.6058698080214615,144,0.4305555555555556
一进二,0.0,2.5,1,103000,22,25,100,2,3,0.0015,1.0,71,71,0.43661971830985913,-0.009484488245239907,-0.011809278350515427,-0.5988394527112393,-0.7199780909689988,132,0.44696969696969696
一进二,0.0,2.5,3,103000,22,25,100,2,3,0.0015,1.0,71,71,0.43661971830985913,-0.009484488245239907,-0.011809278350515427,-0.5988394527112393,-0.7199780909689988,133,0.44360902255639095
一进二,0.0,2.5,5,103000,22,25,100,2,3,0.0015,1.0,71,71,0.43661971830985913,-0.009484488245239907,-0.011809278350515427,-0.5988394527112393,-0.7199780909689988,133,0.44360902255639095
全部,0.0,2.5,1,103000,16,20,120,1,3,0.0015,1.0,126,126,0.4365079365079365,0.005719287805775723,-0.016206090559056197,-0.014740882891474016,-0.5999635356904619,305,0.40327868852459015
全部,0.0,2.5,3,103000,16,20,120,1,3,0.0015,1.0,126,126,0.4365079365079365,0.005719287805775723,-0.016206090559056197,-0.014740882891474016,-0.5999635356904619,305,0.40327868852459015
全部,0.0,2.5,5,103000,16,20,120,1,3,0.0015,1.0,126,126,0.4365079365079365,0.005719287805775723,-0.016206090559056197,-0.014740882891474016,-0.5999635356904619,305,0.40327868852459015
全部,0.3,1.8,1,100000,22,30,90,2,3,0.0015,1.0,110,110,0.43636363636363634,-0.0027105820974209975,-0.004815904760218841,-0.41080719767077845,-0.7284338072034728,376,0.4441489361702128
全部,0.3,1.8,3,100000,22,30,90,2,3,0.0015,1.0,110,110,0.43636363636363634,-0.003018157270823185,-0.006112967688523319,-0.4308247099201752,-0.7284338072034728,377,0.44562334217506633
全部,0.3,1.8,5,100000,22,30,90,2,3,0.0015,1.0,110,110,0.43636363636363634,-0.003018157270823185,-0.006112967688523319,-0.4308247099201752,-0.7284338072034728,377,0.44562334217506633
首板,0.5,1.5,2,100000,25,20,120,1,3,0.0015,1.0,110,110,0.43636363636363634,-0.008901437410939982,-0.01185783308870769,-0.7114187154919785,-0.7599194142354442,254,0.4330708661417323
首板,0.5,1.5,2,103000,25,20,120,1,3,0.0015,1.0,110,110,0.43636363636363634,-0.008901437410939982,-0.01185783308870769,-0.7114187154919785,-0.7599194142354442,254,0.4330708661417323
首板,0.5,1.5,5,100000,25,20,120,1,3,0.0015,1.0,110,110,0.43636363636363634,-0.008901437410939982,-0.01185783308870769,-0.7114187154919785,-0.7599194142354442,254,0.4330708661417323
首板,0.5,1.5,5,103000,25,20,120,1,3,0.0015,1.0,110,110,0.43636363636363634,-0.008901437410939982,-0.01185783308870769,-0.7114187154919785,-0.7599194142354442,254,0.4330708661417323
首板,0.5,1.5,8,100000,25,20,120,1,3,0.0015,1.0,110,110,0.43636363636363634,-0.008901437410939982,-0.01185783308870769,-0.7114187154919785,-0.7599194142354442,254,0.4330708661417323
首板,0.5,1.5,8,103000,25,20,120,1,3,0.0015,1.0,110,110,0.43636363636363634,-0.008901437410939982,-0.01185783308870769,-0.7114187154919785,-0.7599194142354442,254,0.4330708661417323
全部,-0.5,1.8,1,100000,22,25,100,2,3,0.0015,1.0,133,133,0.43609022556390975,-0.003535757880439478,-0.012939125845905453,-0.5129395179144005,-0.7201511217090741,704,0.42613636363636365
全部,-0.5,1.8,3,100000,22,25,100,2,3,0.0015,1.0,133,133,0.43609022556390975,-0.003535757880439478,-0.012939125845905453,-0.5129395179144005,-0.7201511217090741,704,0.42613636363636365
全部,-0.5,1.8,5,100000,22,25,100,2,3,0.0015,1.0,133,133,0.43609022556390975,-0.003535757880439478,-0.012939125845905453,-0.5129395179144005,-0.7201511217090741,704,0.42613636363636365
全部,-1.0,2.0,3,103000,12,25,100,2,3,0.0015,1.0,124,124,0.43548387096774194,-0.009410676722807688,-0.016848568279984516,-0.8018825698083378,-0.8112807276055265,486,0.42592592592592593
全部,-1.0,2.0,5,103000,12,25,100,2,3,0.0015,1.0,124,124,0.43548387096774194,-0.009410676722807688,-0.016848568279984516,-0.8018825698083378,-0.8112807276055265,486,0.42592592592592593
全部,-1.0,2.0,1,103000,12,25,100,2,3,0.0015,1.0,124,124,0.43548387096774194,-0.009444870711490258,-0.016848568279984516,-0.8027163219320265,-0.8112807276055265,485,0.422680412371134
全部,0.5,1.5,1,100000,22,20,120,1,3,0.0015,1.0,108,108,0.4351851851851852,-0.0050349459567968205,-0.014339178283367946,-0.5772537365306759,-0.7190325033673393,237,0.43037974683544306
全部,0.0,2.0,1,100000,16,30,90,2,3,0.0015,1.0,108,108,0.4351851851851852,-0.005440345751838072,-0.015689945405402722,-0.5857208463884961,-0.7779740959729754,364,0.41483516483516486
全部,0.0,2.0,3,100000,16,30,90,2,3,0.0015,1.0,108,108,0.4351851851851852,-0.005440345751838072,-0.015689945405402722,-0.5857208463884961,-0.7779740959729754,364,0.41483516483516486
全部,0.0,2.0,5,100000,16,30,90,2,3,0.0015,1.0,108,108,0.4351851851851852,-0.005440345751838072,-0.015689945405402722,-0.5857208463884961,-0.7779740959729754,364,0.41483516483516486
全部,0.5,1.5,3,100000,22,20,120,1,3,0.0015,1.0,108,108,0.4351851851851852,-0.005669143293393845,-0.017077273635963675,-0.6063057503487667,-0.7190325033673393,237,0.43037974683544306
全部,0.5,1.5,5,100000,22,20,120,1,3,0.0015,1.0,108,108,0.4351851851851852,-0.005669143293393845,-0.017077273635963675,-0.6063057503487667,-0.7190325033673393,237,0.43037974683544306
全部,-2.0,2.5,3,103000,22,30,90,1,3,0.0015,1.0,138,138,0.43478260869565216,0.0008909433980401764,-0.012223039215686292,-0.3287497164472678,-0.7738524774883659,406,0.42857142857142855
全部,-2.0,2.5,5,103000,22,30,90,1,3,0.0015,1.0,138,138,0.43478260869565216,0.0008909433980401764,-0.012223039215686292,-0.3287497164472678,-0.7738524774883659,406,0.42857142857142855
首板,-2.0,2.5,2,100000,25,30,90,2,3,0.0015,1.0,138,138,0.43478260869565216,-0.002957335485734183,-0.004874794319495972,-0.4742740047114288,-0.6135246282042921,796,0.42336683417085424
首板,-2.0,2.5,2,103000,25,30,90,2,3,0.0015,1.0,138,138,0.43478260869565216,-0.002957335485734183,-0.004874794319495972,-0.4742740047114288,-0.6135246282042921,796,0.42336683417085424
首板,-2.0,2.5,5,100000,25,30,90,2,3,0.0015,1.0,138,138,0.43478260869565216,-0.002957335485734183,-0.004874794319495972,-0.4742740047114288,-0.6135246282042921,796,0.42336683417085424
首板,-2.0,2.5,5,103000,25,30,90,2,3,0.0015,1.0,138,138,0.43478260869565216,-0.002957335485734183,-0.004874794319495972,-0.4742740047114288,-0.6135246282042921,796,0.42336683417085424
首板,-2.0,2.5,8,100000,25,30,90,2,3,0.0015,1.0,138,138,0.43478260869565216,-0.002957335485734183,-0.004874794319495972,-0.4742740047114288,-0.6135246282042921,796,0.42336683417085424
首板,-2.0,2.5,8,103000,25,30,90,2,3,0.0015,1.0,138,138,0.43478260869565216,-0.002957335485734183,-0.004874794319495972,-0.4742740047114288,-0.6135246282042921,796,0.42336683417085424
一进二,0.3,1.8,1,100000,12,25,100,1,3,0.0015,1.0,23,23,0.43478260869565216,-0.00647039400636787,-0.0018825554705433332,-0.21486528663838267,-0.5079728937290047,30,0.4
一进二,0.3,1.8,3,100000,12,25,100,1,3,0.0015,1.0,23,23,0.43478260869565216,-0.00647039400636787,-0.0018825554705433332,-0.21486528663838267,-0.5079728937290047,31,0.41935483870967744
一进二,0.3,1.8,5,100000,12,25,100,1,3,0.0015,1.0,23,23,0.43478260869565216,-0.00647039400636787,-0.0018825554705433332,-0.21486528663838267,-0.5079728937290047,31,0.41935483870967744
一进二,0.3,1.8,1,100000,12,25,100,2,3,0.0015,1.0,23,23,0.43478260869565216,-0.008401792199790967,-0.0018825554705433332,-0.24193144993789628,-0.5079728937290047,35,0.4
一进二,0.3,1.8,3,100000,12,25,100,2,3,0.0015,1.0,23,23,0.43478260869565216,-0.009872803898670993,-0.0018825554705433332,-0.2676864259436478,-0.5079728937290047,37,0.40540540540540543
一进二,0.3,1.8,5,100000,12,25,100,2,3,0.0015,1.0,23,23,0.43478260869565216,-0.009872803898670993,-0.0018825554705433332,-0.2676864259436478,-0.5079728937290047,37,0.40540540540540543
全部,0.0,2.5,1,100000,16,20,120,1,3,0.0015,1.0,122,122,0.4344262295081967,-0.0004833868834951796,-0.021006205439661918,-0.4822710657636313,-0.7967302744776473,289,0.38408304498269896
全部,0.0,2.5,3,100000,16,20,120,1,3,0.0015,1.0,122,122,0.4344262295081967,-0.0004833868834951796,-0.021006205439661918,-0.4822710657636313,-0.7967302744776473,289,0.38408304498269896
全部,0.0,2.5,5,100000,16,20,120,1,3,0.0015,1.0,122,122,0.4344262295081967,-0.0004833868834951796,-0.021006205439661918,-0.4822710657636313,-0.7967302744776473,289,0.38408304498269896
全部,0.3,1.8,1,103000,22,25,100,2,3,0.0015,1.0,122,122,0.4344262295081967,-0.0016507516344263006,-0.008520615737648257,-0.42658166601616987,-0.8745157925120541,471,0.4437367303609342
全部,0.3,1.8,3,103000,22,25,100,2,3,0.0015,1.0,122,122,0.4344262295081967,-0.0019314619309528526,-0.010188253031846617,-0.4462930996486876,-0.8745157925120541,471,0.4437367303609342
全部,0.3,1.8,5,103000,22,25,100,2,3,0.0015,1.0,122,122,0.4344262295081967,-0.0019314619309528526,-0.010188253031846617,-0.4462930996486876,-0.8745157925120541,471,0.4437367303609342
首板,-0.5,1.8,2,100000,25,25,100,2,3,0.0015,1.0,136,136,0.4338235294117647,-0.010414271459013458,-0.009477672182231223,-0.8127154592006915,-0.8244899984148069,717,0.4211994421199442
首板,-0.5,1.8,2,103000,25,25,100,2,3,0.0015,1.0,136,136,0.4338235294117647,-0.010414271459013458,-0.009477672182231223,-0.8127154592006915,-0.8244899984148069,717,0.4211994421199442
首板,-0.5,1.8,5,100000,25,25,100,2,3,0.0015,1.0,136,136,0.4338235294117647,-0.010414271459013458,-0.009477672182231223,-0.8127154592006915,-0.8244899984148069,717,0.4211994421199442
首板,-0.5,1.8,5,103000,25,25,100,2,3,0.0015,1.0,136,136,0.4338235294117647,-0.010414271459013458,-0.009477672182231223,-0.8127154592006915,-0.8244899984148069,717,0.4211994421199442
首板,-0.5,1.8,8,100000,25,25,100,2,3,0.0015,1.0,136,136,0.4338235294117647,-0.010414271459013458,-0.009477672182231223,-0.8127154592006915,-0.8244899984148069,717,0.4211994421199442
首板,-0.5,1.8,8,103000,25,25,100,2,3,0.0015,1.0,136,136,0.4338235294117647,-0.010414271459013458,-0.009477672182231223,-0.8127154592006915,-0.8244899984148069,717,0.4211994421199442
二进三,-1.0,2.0,1,100000,8,25,100,1,3,0.0015,1.0,30,30,0.43333333333333335,0.0007887033579472883,-0.026838127033042336,-0.2446589048246649,-0.5939906583380226,35,0.4857142857142857
二进三,-1.0,2.0,2,100000,8,25,100,1,3,0.0015,1.0,30,30,0.43333333333333335,0.0007887033579472883,-0.026838127033042336,-0.2446589048246649,-0.5939906583380226,35,0.4857142857142857
二进三,-1.0,2.0,1,100000,8,25,100,2,3,0.0015,1.0,30,30,0.43333333333333335,0.0007887033579472883,-0.026838127033042336,-0.2446589048246649,-0.5939906583380226,36,0.5
二进三,-1.0,2.0,2,100000,8,25,100,2,3,0.0015,1.0,30,30,0.43333333333333335,0.0007887033579472883,-0.026838127033042336,-0.2446589048246649,-0.5939906583380226,36,0.5
全部,0.5,1.5,1,100000,22,30,90,1,3,0.0015,1.0,97,97,0.4329896907216495,-0.004464753023932121,-0.014282694198623434,-0.5062012852005968,-0.693678256678677,193,0.44559585492227977
全部,0.5,1.5,3,100000,22,30,90,1,3,0.0015,1.0,97,97,0.4329896907216495,-0.00460244047786627,-0.014282694198623434,-0.5132058388371735,-0.693678256678677,194,0.44329896907216493
全部,0.5,1.5,5,100000,22,30,90,1,3,0.0015,1.0,97,97,0.4329896907216495,-0.00460244047786627,-0.014282694198623434,-0.5132058388371735,-0.693678256678677,194,0.44329896907216493
二进三,-2.0,2.2,0,103000,10,30,90,2,3,0.0015,1.0,37,37,0.43243243243243246,0.0018552732751352175,-0.021499999999999908,-0.20825477614113996,-0.5205070613715438,46,0.45652173913043476
二进三,-2.0,2.2,0,103000,10,30,90,1,3,0.0015,1.0,37,37,0.43243243243243246,0.0015500722605575965,-0.021499999999999908,-0.2197911231666626,-0.5332744268707934,43,0.46511627906976744
首板,-0.5,1.8,2,100000,22,30,90,2,3,0.0015,1.0,132,132,0.4318181818181818,-0.005607561806844956,-0.00994409348771988,-0.6114205702082619,-0.7491771358868734,610,0.4377049180327869
首板,-0.5,1.8,2,103000,22,30,90,2,3,0.0015,1.0,132,132,0.4318181818181818,-0.005607561806844956,-0.00994409348771988,-0.6114205702082619,-0.7491771358868734,610,0.4377049180327869
首板,-0.5,1.8,5,100000,22,30,90,2,3,0.0015,1.0,132,132,0.4318181818181818,-0.005607561806844956,-0.00994409348771988,-0.6114205702082619,-0.7491771358868734,610,0.4377049180327869
首板,-0.5,1.8,5,103000,22,30,90,2,3,0.0015,1.0,132,132,0.4318181818181818,-0.005607561806844956,-0.00994409348771988,-0.6114205702082619,-0.7491771358868734,610,0.4377049180327869
首板,-0.5,1.8,8,100000,22,30,90,2,3,0.0015,1.0,132,132,0.4318181818181818,-0.005607561806844956,-0.00994409348771988,-0.6114205702082619,-0.7491771358868734,610,0.4377049180327869
首板,-0.5,1.8,8,103000,22,30,90,2,3,0.0015,1.0,132,132,0.4318181818181818,-0.005607561806844956,-0.00994409348771988,-0.6114205702082619,-0.7491771358868734,610,0.4377049180327869
首板,-0.5,1.8,2,100000,25,30,90,2,3,0.0015,1.0,132,132,0.4318181818181818,-0.009630238685102273,-0.008410303992165052,-0.7658021061173563,-0.7808330899710438,659,0.4324734446130501
首板,-0.5,1.8,2,103000,25,30,90,2,3,0.0015,1.0,132,132,0.4318181818181818,-0.009630238685102273,-0.008410303992165052,-0.7658021061173563,-0.7808330899710438,659,0.4324734446130501
首板,-0.5,1.8,5,100000,25,30,90,2,3,0.0015,1.0,132,132,0.4318181818181818,-0.009630238685102273,-0.008410303992165052,-0.7658021061173563,-0.7808330899710438,659,0.4324734446130501
首板,-0.5,1.8,5,103000,25,30,90,2,3,0.0015,1.0,132,132,0.4318181818181818,-0.009630238685102273,-0.008410303992165052,-0.7658021061173563,-0.7808330899710438,659,0.4324734446130501
首板,-0.5,1.8,8,100000,25,30,90,2,3,0.0015,1.0,132,132,0.4318181818181818,-0.009630238685102273,-0.008410303992165052,-0.7658021061173563,-0.7808330899710438,659,0.4324734446130501
首板,-0.5,1.8,8,103000,25,30,90,2,3,0.0015,1.0,132,132,0.4318181818181818,-0.009630238685102273,-0.008410303992165052,-0.7658021061173563,-0.7808330899710438,659,0.4324734446130501
全部,0.0,2.5,1,100000,12,30,90,2,3,0.0015,1.0,88,88,0.4318181818181818,-0.0039595607110652015,-0.008141212423518727,-0.47282944699524265,-0.7199379099476729,232,0.46551724137931033
全部,0.0,2.5,3,100000,12,30,90,2,3,0.0015,1.0,88,88,0.4318181818181818,-0.0039595607110652015,-0.008141212423518727,-0.47282944699524265,-0.7199379099476729,233,0.463519313304721
全部,0.0,2.5,5,100000,12,30,90,2,3,0.0015,1.0,88,88,0.4318181818181818,-0.0039595607110652015,-0.008141212423518727,-0.47282944699524265,-0.7199379099476729,234,0.4658119658119658
二进三,-1.0,2.0,1,103000,10,25,100,1,3,0.0015,1.0,44,44,0.4318181818181818,-0.00045410047448671276,-0.024126262626262607,-0.37510330174533113,-0.6673737342965952,58,0.4827586206896552
二进三,-1.0,2.0,2,103000,10,25,100,1,3,0.0015,1.0,44,44,0.4318181818181818,-0.00045410047448671276,-0.024126262626262607,-0.37510330174533113,-0.6673737342965952,58,0.4827586206896552
二进三,-1.0,2.0,1,103000,10,25,100,2,3,0.0015,1.0,44,44,0.4318181818181818,-0.0006975501441290017,-0.024211864406779637,-0.38198105847495,-0.6710346954503014,61,0.47540983606557374
二进三,-1.0,2.0,2,103000,10,25,100,2,3,0.0015,1.0,44,44,0.4318181818181818,-0.0006975501441290017,-0.024211864406779637,-0.38198105847495,-0.6710346954503014,61,0.47540983606557374
二进三,-2.0,2.2,1,103000,10,25,100,1,3,0.0015,1.0,51,51,0.43137254901960786,-0.011061297622422533,-0.021499999999999908,-0.6184521163377616,-0.7616661175741091,70,0.4714285714285714
二进三,-2.0,2.2,2,103000,10,25,100,1,3,0.0015,1.0,51,51,0.43137254901960786,-0.011061297622422533,-0.021499999999999908,-0.6184521163377616,-0.7616661175741091,70,0.4714285714285714
二进三,-2.0,2.2,1,103000,10,25,100,2,3,0.0015,1.0,51,51,0.43137254901960786,-0.014605005869685671,-0.021499999999999908,-0.671272803112642,-0.7642892750789079,74,0.4594594594594595
二进三,-2.0,2.2,2,103000,10,25,100,2,3,0.0015,1.0,51,51,0.43137254901960786,-0.014605005869685671,-0.021499999999999908,-0.671272803112642,-0.7642892750789079,74,0.4594594594594595
全部,0.3,1.8,1,100000,22,25,100,1,3,0.0015,1.0,116,116,0.43103448275862066,-0.0006389131079068018,-0.010143970686725066,-0.38312699016615304,-0.7637641756656703,282,0.3829787234042553
全部,0.3,1.8,3,100000,22,25,100,1,3,0.0015,1.0,116,116,0.43103448275862066,-0.0006389131079068018,-0.010143970686725066,-0.38312699016615304,-0.7637641756656703,282,0.3829787234042553
全部,0.3,1.8,5,100000,22,25,100,1,3,0.0015,1.0,116,116,0.43103448275862066,-0.0006389131079068018,-0.010143970686725066,-0.38312699016615304,-0.7637641756656703,282,0.3829787234042553
首板,0.3,1.8,2,100000,22,20,120,1,3,0.0015,1.0,116,116,0.43103448275862066,-0.0075148044853473655,-0.011670200019074093,-0.6952808025342456,-0.8086149874038702,281,0.3879003558718861
首板,0.3,1.8,2,103000,22,20,120,1,3,0.0015,1.0,116,116,0.43103448275862066,-0.0075148044853473655,-0.011670200019074093,-0.6952808025342456,-0.8086149874038702,281,0.3879003558718861
首板,0.3,1.8,5,100000,22,20,120,1,3,0.0015,1.0,116,116,0.43103448275862066,-0.0075148044853473655,-0.011670200019074093,-0.6952808025342456,-0.8086149874038702,281,0.3879003558718861
首板,0.3,1.8,5,103000,22,20,120,1,3,0.0015,1.0,116,116,0.43103448275862066,-0.0075148044853473655,-0.011670200019074093,-0.6952808025342456,-0.8086149874038702,281,0.3879003558718861
首板,0.3,1.8,8,100000,22,20,120,1,3,0.0015,1.0,116,116,0.43103448275862066,-0.0075148044853473655,-0.011670200019074093,-0.6952808025342456,-0.8086149874038702,281,0.3879003558718861
首板,0.3,1.8,8,103000,22,20,120,1,3,0.0015,1.0,116,116,0.43103448275862066,-0.0075148044853473655,-0.011670200019074093,-0.6952808025342456,-0.8086149874038702,281,0.3879003558718861
首板,0.0,2.0,2,100000,22,25,100,2,3,0.0015,1.0,123,123,0.43089430894308944,-0.009575653794686754,-0.008917929292929283,-0.7528864336277532,-0.8097476092008807,500,0.416
首板,0.0,2.0,2,103000,22,25,100,2,3,0.0015,1.0,123,123,0.43089430894308944,-0.009575653794686754,-0.008917929292929283,-0.7528864336277532,-0.8097476092008807,500,0.416
首板,0.0,2.0,5,100000,22,25,100,2,3,0.0015,1.0,123,123,0.43089430894308944,-0.009575653794686754,-0.008917929292929283,-0.7528864336277532,-0.8097476092008807,500,0.416
首板,0.0,2.0,5,103000,22,25,100,2,3,0.0015,1.0,123,123,0.43089430894308944,-0.009575653794686754,-0.008917929292929283,-0.7528864336277532,-0.8097476092008807,500,0.416
首板,0.0,2.0,8,100000,22,25,100,2,3,0.0015,1.0,123,123,0.43089430894308944,-0.009575653794686754,-0.008917929292929283,-0.7528864336277532,-0.8097476092008807,500,0.416
首板,0.0,2.0,8,103000,22,25,100,2,3,0.0015,1.0,123,123,0.43089430894308944,-0.009575653794686754,-0.008917929292929283,-0.7528864336277532,-0.8097476092008807,500,0.416
全部,0.0,2.0,1,103000,22,20,120,1,3,0.0015,1.0,130,130,0.4307692307692308,0.0002725570252788796,-0.013527760352639305,-0.4040845301929713,-0.7391330505454419,356,0.4044943820224719
全部,0.0,2.0,3,103000,22,20,120,1,3,0.0015,1.0,130,130,0.4307692307692308,0.0002725570252788796,-0.013527760352639305,-0.4040845301929713,-0.7391330505454419,356,0.4044943820224719
全部,0.0,2.0,5,103000,22,20,120,1,3,0.0015,1.0,130,130,0.4307692307692308,0.0002725570252788796,-0.013527760352639305,-0.4040845301929713,-0.7391330505454419,356,0.4044943820224719
全部,-2.0,2.5,1,103000,12,20,120,1,3,0.0015,1.0,130,130,0.4307692307692308,-0.004152698490898055,-0.01626257464380071,-0.709994745347359,-0.8246869293260833,340,0.4323529411764706
全部,-2.0,2.5,3,103000,12,20,120,1,3,0.0015,1.0,130,130,0.4307692307692308,-0.004152698490898055,-0.01626257464380071,-0.709994745347359,-0.8246869293260833,340,0.43529411764705883
全部,-2.0,2.5,5,103000,12,20,120,1,3,0.0015,1.0,130,130,0.4307692307692308,-0.004152698490898055,-0.01626257464380071,-0.709994745347359,-0.8246869293260833,340,0.43529411764705883
全部,-1.0,2.0,1,103000,22,25,100,2,3,0.0015,1.0,137,137,0.4306569343065693,-0.0008628745133434518,-0.008917929292929283,-0.34561147308914697,-0.6644014865882626,776,0.41881443298969073
全部,-1.0,2.0,3,103000,22,25,100,2,3,0.0015,1.0,137,137,0.4306569343065693,-0.0008628745133434518,-0.008917929292929283,-0.34561147308914697,-0.6644014865882626,777,0.4195624195624196
全部,-1.0,2.0,5,103000,22,25,100,2,3,0.0015,1.0,137,137,0.4306569343065693,-0.0008628745133434518,-0.008917929292929283,-0.34561147308914697,-0.6644014865882626,777,0.4195624195624196
全部,-1.0,2.0,1,100000,22,25,100,1,3,0.0015,1.0,137,137,0.4306569343065693,-0.0021462584417555456,-0.013695121951219412,-0.5638873284725451,-0.7482275300394887,402,0.40049751243781095
全部,-1.0,2.0,3,100000,22,25,100,1,3,0.0015,1.0,137,137,0.4306569343065693,-0.0021462584417555456,-0.013695121951219412,-0.5638873284725451,-0.7482275300394887,402,0.40049751243781095
全部,-1.0,2.0,5,100000,22,25,100,1,3,0.0015,1.0,137,137,0.4306569343065693,-0.0021462584417555456,-0.013695121951219412,-0.5638873284725451,-0.7482275300394887,402,0.40049751243781095
首板,-1.0,2.0,2,100000,25,25,100,2,3,0.0015,1.0,137,137,0.4306569343065693,-0.0046381592074957925,-0.006944508572116703,-0.5855210908254584,-0.7257632627978197,775,0.41161290322580646
首板,-1.0,2.0,2,103000,25,25,100,2,3,0.0015,1.0,137,137,0.4306569343065693,-0.0046381592074957925,-0.006944508572116703,-0.5855210908254584,-0.7257632627978197,775,0.41161290322580646
首板,-1.0,2.0,5,100000,25,25,100,2,3,0.0015,1.0,137,137,0.4306569343065693,-0.0046381592074957925,-0.006944508572116703,-0.5855210908254584,-0.7257632627978197,775,0.41161290322580646
首板,-1.0,2.0,5,103000,25,25,100,2,3,0.0015,1.0,137,137,0.4306569343065693,-0.0046381592074957925,-0.006944508572116703,-0.5855210908254584,-0.7257632627978197,775,0.41161290322580646
首板,-1.0,2.0,8,100000,25,25,100,2,3,0.0015,1.0,137,137,0.4306569343065693,-0.0046381592074957925,-0.006944508572116703,-0.5855210908254584,-0.7257632627978197,775,0.41161290322580646
首板,-1.0,2.0,8,103000,25,25,100,2,3,0.0015,1.0,137,137,0.4306569343065693,-0.0046381592074957925,-0.006944508572116703,-0.5855210908254584,-0.7257632627978197,775,0.41161290322580646
全部,0.3,1.8,1,100000,12,25,100,1,3,0.0015,1.0,79,79,0.43037974683544306,-0.0032095949943734855,-0.010092289199537028,-0.4764296429373682,-0.710013501180489,145,0.41379310344827586
全部,0.3,1.8,3,100000,12,25,100,1,3,0.0015,1.0,79,79,0.43037974683544306,-0.0032095949943734855,-0.010092289199537028,-0.4764296429373682,-0.710013501180489,146,0.4178082191780822
全部,0.3,1.8,5,100000,12,25,100,1,3,0.0015,1.0,79,79,0.43037974683544306,-0.0032095949943734855,-0.010092289199537028,-0.4764296429373682,-0.710013501180489,146,0.4178082191780822
全部,0.3,1.8,1,100000,16,30,90,2,3,0.0015,1.0,93,93,0.43010752688172044,-0.004931581283677041,-0.012950735991388074,-0.5459666919854999,-0.7625871059012648,270,0.42962962962962964
全部,0.3,1.8,3,100000,16,30,90,2,3,0.0015,1.0,93,93,0.43010752688172044,-0.005295379875873177,-0.013913920236972466,-0.5613922322651586,-0.7625871059012648,272,0.43014705882352944
全部,0.3,1.8,5,100000,16,30,90,2,3,0.0015,1.0,93,93,0.43010752688172044,-0.005295379875873177,-0.013913920236972466,-0.5613922322651586,-0.7625871059012648,272,0.43014705882352944
全部,-1.0,2.0,3,100000,12,25,100,2,3,0.0015,1.0,121,121,0.4297520661157025,-0.009945204299023607,-0.018129486919488957,-0.8071972861558389,-0.8163433281102529,445,0.4202247191011236
全部,-1.0,2.0,5,100000,12,25,100,2,3,0.0015,1.0,121,121,0.4297520661157025,-0.009945204299023607,-0.018129486919488957,-0.8071972861558389,-0.8163433281102529,445,0.4202247191011236
全部,-1.0,2.0,1,100000,12,25,100,2,3,0.0015,1.0,121,121,0.4297520661157025,-0.009980246072549548,-0.018129486919488957,-0.8080086719686115,-0.8163433281102529,445,0.41797752808988764
全部,-1.0,2.0,1,100000,22,30,90,1,3,0.0015,1.0,135,135,0.42962962962962964,0.005916497581954497,-0.012496563573883122,0.2105665942810684,-0.6346034857817778,387,0.42377260981912146
全部,-1.0,2.0,3,100000,22,30,90,1,3,0.0015,1.0,135,135,0.42962962962962964,0.005916497581954497,-0.012496563573883122,0.2105665942810684,-0.6346034857817778,387,0.42377260981912146
全部,-1.0,2.0,5,100000,22,30,90,1,3,0.0015,1.0,135,135,0.42962962962962964,0.005916497581954497,-0.012496563573883122,0.2105665942810684,-0.6346034857817778,387,0.42377260981912146
全部,-2.0,2.5,1,103000,16,30,90,1,3,0.0015,1.0,135,135,0.42962962962962964,0.0027548149351270313,-0.01697799168710107,-0.19521131609918319,-0.7016185579833819,380,0.4263157894736842
全部,-2.0,2.5,3,103000,16,30,90,1,3,0.0015,1.0,135,135,0.42962962962962964,0.0027370068457076885,-0.01697799168710107,-0.19712935734996884,-0.7016185579833819,380,0.42894736842105263
全部,-2.0,2.5,5,103000,16,30,90,1,3,0.0015,1.0,135,135,0.42962962962962964,0.0027370068457076885,-0.01697799168710107,-0.19712935734996884,-0.7016185579833819,380,0.42894736842105263
全部,-2.0,2.5,1,103000,16,25,100,1,3,0.0015,1.0,135,135,0.42962962962962964,0.0017954484775935889,-0.018129486919488957,-0.3526465801546568,-0.8038953052666834,393,0.4223918575063613
全部,-2.0,2.5,3,103000,16,25,100,1,3,0.0015,1.0,135,135,0.42962962962962964,0.0017954484775935889,-0.018129486919488957,-0.3526465801546568,-0.8038953052666834,393,0.42493638676844786
全部,-2.0,2.5,5,103000,16,25,100,1,3,0.0015,1.0,135,135,0.42962962962962964,0.0017954484775935889,-0.018129486919488957,-0.3526465801546568,-0.8038953052666834,393,0.42493638676844786
首板,-1.0,2.0,2,100000,16,20,120,1,3,0.0015,1.0,133,133,0.42857142857142855,0.004365476647146641,-0.014316404998397978,0.10119542891515665,-0.5820716899879372,359,0.40668523676880225
首板,-1.0,2.0,2,103000,16,20,120,1,3,0.0015,1.0,133,133,0.42857142857142855,0.004365476647146641,-0.014316404998397978,0.10119542891515665,-0.5820716899879372,359,0.40668523676880225
首板,-1.0,2.0,5,100000,16,20,120,1,3,0.0015,1.0,133,133,0.42857142857142855,0.004365476647146641,-0.014316404998397978,0.10119542891515665,-0.5820716899879372,359,0.40668523676880225
首板,-1.0,2.0,5,103000,16,20,120,1,3,0.0015,1.0,133,133,0.42857142857142855,0.004365476647146641,-0.014316404998397978,0.10119542891515665,-0.5820716899879372,359,0.40668523676880225
首板,-1.0,2.0,8,100000,16,20,120,1,3,0.0015,1.0,133,133,0.42857142857142855,0.004365476647146641,-0.014316404998397978,0.10119542891515665,-0.5820716899879372,359,0.40668523676880225
首板,-1.0,2.0,8,103000,16,20,120,1,3,0.0015,1.0,133,133,0.42857142857142855,0.004365476647146641,-0.014316404998397978,0.10119542891515665,-0.5820716899879372,359,0.40668523676880225
首板,0.0,2.0,2,100000,22,20,120,1,3,0.0015,1.0,126,126,0.42857142857142855,-0.0022047873831072973,-0.009741758241758268,-0.5009954845843128,-0.6797649248874282,327,0.3853211009174312
首板,0.0,2.0,2,103000,22,20,120,1,3,0.0015,1.0,126,126,0.42857142857142855,-0.0022047873831072973,-0.009741758241758268,-0.5009954845843128,-0.6797649248874282,327,0.3853211009174312
首板,0.0,2.0,5,100000,22,20,120,1,3,0.0015,1.0,126,126,0.42857142857142855,-0.0022047873831072973,-0.009741758241758268,-0.5009954845843128,-0.6797649248874282,327,0.3853211009174312
首板,0.0,2.0,5,103000,22,20,120,1,3,0.0015,1.0,126,126,0.42857142857142855,-0.0022047873831072973,-0.009741758241758268,-0.5009954845843128,-0.6797649248874282,327,0.3853211009174312
首板,0.0,2.0,8,100000,22,20,120,1,3,0.0015,1.0,126,126,0.42857142857142855,-0.0022047873831072973,-0.009741758241758268,-0.5009954845843128,-0.6797649248874282,327,0.3853211009174312
首板,0.0,2.0,8,103000,22,20,120,1,3,0.0015,1.0,126,126,0.42857142857142855,-0.0022047873831072973,-0.009741758241758268,-0.5009954845843128,-0.6797649248874282,327,0.3853211009174312
全部,0.0,2.0,1,103000,16,30,90,1,3,0.0015,1.0,112,112,0.42857142857142855,0.0032751585161668565,-0.020267996668774935,-0.16705263649315183,-0.8461190316049598,253,0.39920948616600793
全部,0.0,2.0,3,103000,16,30,90,1,3,0.0015,1.0,112,112,0.42857142857142855,0.0032751585161668565,-0.020267996668774935,-0.16705263649315183,-0.8461190316049598,253,0.39920948616600793
全部,0.0,2.0,5,103000,16,30,90,1,3,0.0015,1.0,112,112,0.42857142857142855,0.0032751585161668565,-0.020267996668774935,-0.16705263649315183,-0.8461190316049598,253,0.39920948616600793
全部,-0.5,1.8,1,103000,12,30,90,1,3,0.0015,1.0,112,112,0.42857142857142855,-0.0023255286871892373,-0.009764398568022524,-0.5220627349509215,-0.7968100456458737,250,0.432
全部,-0.5,1.8,3,103000,12,30,90,1,3,0.0015,1.0,112,112,0.42857142857142855,-0.0023255286871892373,-0.009764398568022524,-0.5220627349509215,-0.7968100456458737,250,0.432
全部,-0.5,1.8,5,103000,12,30,90,1,3,0.0015,1.0,112,112,0.42857142857142855,-0.0023255286871892373,-0.009764398568022524,-0.5220627349509215,-0.7968100456458737,250,0.432
首板,0.5,1.5,2,100000,22,20,120,1,3,0.0015,1.0,105,105,0.42857142857142855,-0.004782531016049405,-0.014282694198623434,-0.5401817610785535,-0.6728550934653302,226,0.4336283185840708
首板,0.5,1.5,2,103000,22,20,120,1,3,0.0015,1.0,105,105,0.42857142857142855,-0.004782531016049405,-0.014282694198623434,-0.5401817610785535,-0.6728550934653302,226,0.4336283185840708
首板,0.5,1.5,5,100000,22,20,120,1,3,0.0015,1.0,105,105,0.42857142857142855,-0.004782531016049405,-0.014282694198623434,-0.5401817610785535,-0.6728550934653302,226,0.4336283185840708
首板,0.5,1.5,5,103000,22,20,120,1,3,0.0015,1.0,105,105,0.42857142857142855,-0.004782531016049405,-0.014282694198623434,-0.5401817610785535,-0.6728550934653302,226,0.4336283185840708
首板,0.5,1.5,8,100000,22,20,120,1,3,0.0015,1.0,105,105,0.42857142857142855,-0.004782531016049405,-0.014282694198623434,-0.5401817610785535,-0.6728550934653302,226,0.4336283185840708
首板,0.5,1.5,8,103000,22,20,120,1,3,0.0015,1.0,105,105,0.42857142857142855,-0.004782531016049405,-0.014282694198623434,-0.5401817610785535,-0.6728550934653302,226,0.4336283185840708
二进三,-2.0,2.2,2,103000,8,20,120,1,3,0.0015,1.0,49,49,0.42857142857142855,-0.013121226766208942,-0.026923728813559367,-0.6169440124710135,-0.7096961064577594,70,0.4857142857142857
二进三,-2.0,2.2,2,103000,8,20,120,2,3,0.0015,1.0,49,49,0.42857142857142855,-0.01701820503783114,-0.03530281690140841,-0.6735253665155717,-0.7159812466367728,76,0.4868421052631579
二进三,-2.0,2.2,0,103000,12,30,90,1,3,0.0015,1.0,42,42,0.42857142857142855,0.0036318140742679045,-0.024211864406779637,-0.17421544201482642,-0.5702632966769388,50,0.46
二进三,-2.0,2.2,0,103000,12,30,90,2,3,0.0015,1.0,42,42,0.42857142857142855,0.0012375226311719615,-0.024211864406779637,-0.24105556285574814,-0.5585077686415181,54,0.4444444444444444
一进二,0.0,2.0,0,103000,12,30,90,1,3,0.0015,1.0,35,35,0.42857142857142855,-0.012825127348625558,-0.022635820621209335,-0.4376054864405672,-0.6769995091903698,46,0.41304347826086957
一进二,0.0,2.0,0,103000,12,30,90,2,3,0.0015,1.0,35,35,0.42857142857142855,-0.014709328481355526,-0.022635820621209335,-0.4665401497191768,-0.67197155247211,51,0.43137254901960786
二进三,-2.0,2.2,0,100000,8,30,90,1,3,0.0015,1.0,28,28,0.42857142857142855,-0.002905879100486627,-0.03245220775441915,-0.2776712966798518,-0.5437705386366516,31,0.45161290322580644
二进三,-2.0,2.2,0,100000,8,30,90,2,3,0.0015,1.0,28,28,0.42857142857142855,-0.002905879100486627,-0.03245220775441915,-0.2776712966798518,-0.5437705386366516,32,0.46875
二进三,0.3,1.8,0,100000,10,20,120,1,3,0.0015,1.0,14,14,0.42857142857142855,-0.007309959228645381,-0.023354583772391913,-0.19981506728692888,-0.3731388809409174,14,0.42857142857142855
二进三,0.3,1.8,0,100000,10,20,120,2,3,0.0015,1.0,14,14,0.42857142857142855,-0.007309959228645381,-0.023354583772391913,-0.19981506728692888,-0.3731388809409174,14,0.42857142857142855
全部,-2.0,2.5,3,103000,22,25,100,1,3,0.0015,1.0,138,138,0.427536231884058,0.0009148177249235091,-0.013520561962776565,-0.3491722079015528,-0.7300559831253451,411,0.40875912408759124
全部,-2.0,2.5,5,103000,22,25,100,1,3,0.0015,1.0,138,138,0.427536231884058,0.0009148177249235091,-0.013520561962776565,-0.3491722079015528,-0.7300559831253451,411,0.40875912408759124
全部,-2.0,2.5,1,100000,22,30,90,1,3,0.0015,1.0,138,138,0.427536231884058,0.0003488901561649862,-0.013823000987166876,-0.4058337081196378,-0.7567845361651839,404,0.42574257425742573
全部,-2.0,2.5,3,100000,22,30,90,1,3,0.0015,1.0,138,138,0.427536231884058,0.0003488901561649862,-0.013823000987166876,-0.4058337081196378,-0.7567845361651839,404,0.42574257425742573
全部,-2.0,2.5,5,100000,22,30,90,1,3,0.0015,1.0,138,138,0.427536231884058,0.0003488901561649862,-0.013823000987166876,-0.4058337081196378,-0.7567845361651839,404,0.42574257425742573
首板,-2.0,2.5,2,100000,25,30,90,1,3,0.0015,1.0,138,138,0.427536231884058,-0.00011344611494618153,-0.012937706869519837,-0.3751046171299196,-0.617969233979145,406,0.4211822660098522
首板,-2.0,2.5,2,103000,25,30,90,1,3,0.0015,1.0,138,138,0.427536231884058,-0.00011344611494618153,-0.012937706869519837,-0.3751046171299196,-0.617969233979145,406,0.4211822660098522
首板,-2.0,2.5,5,100000,25,30,90,1,3,0.0015,1.0,138,138,0.427536231884058,-0.00011344611494618153,-0.012937706869519837,-0.3751046171299196,-0.617969233979145,406,0.4211822660098522
首板,-2.0,2.5,5,103000,25,30,90,1,3,0.0015,1.0,138,138,0.427536231884058,-0.00011344611494618153,-0.012937706869519837,-0.3751046171299196,-0.617969233979145,406,0.4211822660098522
首板,-2.0,2.5,8,100000,25,30,90,1,3,0.0015,1.0,138,138,0.427536231884058,-0.00011344611494618153,-0.012937706869519837,-0.3751046171299196,-0.617969233979145,406,0.4211822660098522
首板,-2.0,2.5,8,103000,25,30,90,1,3,0.0015,1.0,138,138,0.427536231884058,-0.00011344611494618153,-0.012937706869519837,-0.3751046171299196,-0.617969233979145,406,0.4211822660098522
全部,-2.0,2.5,1,103000,22,30,90,1,3,0.0015,1.0,138,138,0.427536231884058,-0.0007649527734612635,-0.012937706869519837,-0.46709377965481236,-0.8009352854591939,406,0.42610837438423643
全部,-0.5,1.8,3,103000,16,25,100,2,3,0.0015,1.0,131,131,0.42748091603053434,-0.008334071368328312,-0.018944185911651923,-0.7492767521685437,-0.7746917609193437,589,0.41765704584040747
全部,-0.5,1.8,5,103000,16,25,100,2,3,0.0015,1.0,131,131,0.42748091603053434,-0.008334071368328312,-0.018944185911651923,-0.7492767521685437,-0.7746917609193437,589,0.41765704584040747
全部,-0.5,1.8,1,103000,16,25,100,2,3,0.0015,1.0,131,131,0.42748091603053434,-0.008479458627117634,-0.018944185911651923,-0.7536588396339521,-0.7746917609193437,588,0.4166666666666667
全部,-2.0,2.5,1,100000,12,25,100,1,3,0.0015,1.0,124,124,0.4274193548387097,0.0014439169065784989,-0.013892222363346694,-0.35924704695915466,-0.7756063669796224,319,0.41379310344827586
全部,-2.0,2.5,3,100000,12,25,100,1,3,0.0015,1.0,124,124,0.4274193548387097,0.001424529067291311,-0.013892222363346694,-0.3607741442209329,-0.7756063669796224,319,0.41379310344827586
全部,-2.0,2.5,5,100000,12,25,100,1,3,0.0015,1.0,124,124,0.4274193548387097,0.001424529067291311,-0.013892222363346694,-0.3607741442209329,-0.7756063669796224,319,0.41379310344827586
首板,-1.0,2.0,2,100000,16,30,90,2,3,0.0015,1.0,124,124,0.4274193548387097,-0.01021552168491993,-0.01766953521625364,-0.7748613826330795,-0.8055986716513,534,0.4157303370786517
首板,-1.0,2.0,2,103000,16,30,90,2,3,0.0015,1.0,124,124,0.4274193548387097,-0.01021552168491993,-0.01766953521625364,-0.7748613826330795,-0.8055986716513,534,0.4157303370786517
首板,-1.0,2.0,5,100000,16,30,90,2,3,0.0015,1.0,124,124,0.4274193548387097,-0.01021552168491993,-0.01766953521625364,-0.7748613826330795,-0.8055986716513,534,0.4157303370786517
首板,-1.0,2.0,5,103000,16,30,90,2,3,0.0015,1.0,124,124,0.4274193548387097,-0.01021552168491993,-0.01766953521625364,-0.7748613826330795,-0.8055986716513,534,0.4157303370786517
首板,-1.0,2.0,8,100000,16,30,90,2,3,0.0015,1.0,124,124,0.4274193548387097,-0.01021552168491993,-0.01766953521625364,-0.7748613826330795,-0.8055986716513,534,0.4157303370786517
首板,-1.0,2.0,8,103000,16,30,90,2,3,0.0015,1.0,124,124,0.4274193548387097,-0.01021552168491993,-0.01766953521625364,-0.7748613826330795,-0.8055986716513,534,0.4157303370786517
全部,0.0,2.5,1,100000,16,25,100,2,3,0.0015,1.0,117,117,0.42735042735042733,-0.006197112461312322,-0.013913920236972466,-0.6425889368601148,-0.8261016004942439,438,0.4200913242009132
全部,0.0,2.5,3,100000,16,25,100,2,3,0.0015,1.0,117,117,0.42735042735042733,-0.006197112461312322,-0.013913920236972466,-0.6425889368601148,-0.8261016004942439,439,0.4191343963553531
全部,0.0,2.5,5,100000,16,25,100,2,3,0.0015,1.0,117,117,0.42735042735042733,-0.006197112461312322,-0.013913920236972466,-0.6425889368601148,-0.8261016004942439,439,0.4191343963553531
全部,0.0,2.5,1,100000,16,30,90,1,3,0.0015,1.0,110,110,0.42727272727272725,-0.005818283583705356,-0.024372756135135953,-0.6652785637469496,-0.8501149463411921,244,0.38934426229508196
全部,0.0,2.5,3,100000,16,30,90,1,3,0.0015,1.0,110,110,0.42727272727272725,-0.005818283583705356,-0.024372756135135953,-0.6652785637469496,-0.8501149463411921,244,0.38934426229508196
全部,0.0,2.5,5,100000,16,30,90,1,3,0.0015,1.0,110,110,0.42727272727272725,-0.005818283583705356,-0.024372756135135953,-0.6652785637469496,-0.8501149463411921,244,0.38934426229508196
全部,0.5,1.5,3,103000,22,30,90,2,3,0.0015,1.0,103,103,0.42718446601941745,-0.005223825665921954,-0.016793118096856408,-0.5545433199408951,-0.724873285594947,300,0.4666666666666667
全部,0.5,1.5,5,103000,22,30,90,2,3,0.0015,1.0,103,103,0.42718446601941745,-0.005223825665921954,-0.016793118096856408,-0.5545433199408951,-0.724873285594947,300,0.4666666666666667
全部,0.5,1.5,1,103000,22,30,90,2,3,0.0015,1.0,103,103,0.42718446601941745,-0.005442024983729373,-0.016793118096856408,-0.5601888866753024,-0.724873285594947,299,0.4682274247491639
全部,0.3,1.8,1,100000,12,20,120,2,3,0.0015,1.0,82,82,0.4268292682926829,0.00029209115586421896,-0.009655351815708507,-0.2691130214971066,-0.5976336181867821,213,0.43661971830985913
全部,0.3,1.8,3,100000,12,20,120,2,3,0.0015,1.0,82,82,0.4268292682926829,-0.00012555099262650336,-0.009983242447223012,-0.2942374887765874,-0.5976336181867821,214,0.4392523364485981
全部,0.3,1.8,5,100000,12,20,120,2,3,0.0015,1.0,82,82,0.4268292682926829,-0.00012555099262650336,-0.009983242447223012,-0.2942374887765874,-0.5976336181867821,214,0.4392523364485981
首板,0.5,1.5,2,100000,16,25,100,2,3,0.0015,1.0,82,82,0.4268292682926829,-0.0005736801335530439,-0.01706321761415866,-0.2308599542625699,-0.5221324629098731,190,0.43157894736842106
首板,0.5,1.5,2,103000,16,25,100,2,3,0.0015,1.0,82,82,0.4268292682926829,-0.0005736801335530439,-0.01706321761415866,-0.2308599542625699,-0.5221324629098731,190,0.43157894736842106
首板,0.5,1.5,5,100000,16,25,100,2,3,0.0015,1.0,82,82,0.4268292682926829,-0.0005736801335530439,-0.01706321761415866,-0.2308599542625699,-0.5221324629098731,190,0.43157894736842106
首板,0.5,1.5,5,103000,16,25,100,2,3,0.0015,1.0,82,82,0.4268292682926829,-0.0005736801335530439,-0.01706321761415866,-0.2308599542625699,-0.5221324629098731,190,0.43157894736842106
首板,0.5,1.5,8,100000,16,25,100,2,3,0.0015,1.0,82,82,0.4268292682926829,-0.0005736801335530439,-0.01706321761415866,-0.2308599542625699,-0.5221324629098731,190,0.43157894736842106
首板,0.5,1.5,8,103000,16,25,100,2,3,0.0015,1.0,82,82,0.4268292682926829,-0.0005736801335530439,-0.01706321761415866,-0.2308599542625699,-0.5221324629098731,190,0.43157894736842106
全部,0.3,1.8,1,100000,12,30,90,1,3,0.0015,1.0,75,75,0.4266666666666667,-0.00753339162884795,-0.010092289199537028,-0.6082510742671601,-0.7792708503709463,126,0.42857142857142855
全部,0.3,1.8,3,100000,12,30,90,1,3,0.0015,1.0,75,75,0.4266666666666667,-0.00753339162884795,-0.010092289199537028,-0.6082510742671601,-0.7792708503709463,127,0.4330708661417323
全部,0.3,1.8,5,100000,12,30,90,1,3,0.0015,1.0,75,75,0.4266666666666667,-0.00753339162884795,-0.010092289199537028,-0.6082510742671601,-0.7792708503709463,127,0.4330708661417323
全部,0.0,2.5,1,103000,22,25,100,1,3,0.0015,1.0,129,129,0.4263565891472868,0.0021801848720885645,-0.014282694198623434,-0.24808093569079193,-0.7302122592657156,343,0.3935860058309038
全部,0.0,2.5,3,103000,22,25,100,1,3,0.0015,1.0,129,129,0.4263565891472868,0.0021801848720885645,-0.014282694198623434,-0.24808093569079193,-0.7302122592657156,343,0.3935860058309038
全部,0.0,2.5,5,103000,22,25,100,1,3,0.0015,1.0,129,129,0.4263565891472868,0.0021801848720885645,-0.014282694198623434,-0.24808093569079193,-0.7302122592657156,343,0.3935860058309038
全部,0.0,2.0,1,103000,16,20,120,2,3,0.0015,1.0,122,122,0.4262295081967213,0.0005046507530733368,-0.013163414233247989,-0.29580553082970995,-0.6576896973307624,484,0.44008264462809915
全部,0.0,2.0,3,103000,16,20,120,2,3,0.0015,1.0,122,122,0.4262295081967213,0.0005046507530733368,-0.013163414233247989,-0.29580553082970995,-0.6576896973307624,484,0.44008264462809915
全部,0.0,2.0,5,103000,16,20,120,2,3,0.0015,1.0,122,122,0.4262295081967213,0.0005046507530733368,-0.013163414233247989,-0.29580553082970995,-0.6576896973307624,484,0.44008264462809915
全部,0.0,2.5,1,100000,22,30,90,1,3,0.0015,1.0,122,122,0.4262295081967213,-0.0002970776216342362,-0.015686827027606765,-0.3966445098736108,-0.7689877535900115,301,0.39867109634551495
全部,0.0,2.5,3,100000,22,30,90,1,3,0.0015,1.0,122,122,0.4262295081967213,-0.0002970776216342362,-0.015686827027606765,-0.3966445098736108,-0.7689877535900115,301,0.39867109634551495
全部,0.0,2.5,5,100000,22,30,90,1,3,0.0015,1.0,122,122,0.4262295081967213,-0.0002970776216342362,-0.015686827027606765,-0.3966445098736108,-0.7689877535900115,301,0.39867109634551495
全部,0.5,1.5,1,103000,22,25,100,2,3,0.0015,1.0,108,108,0.42592592592592593,-0.0029491442131652224,-0.01515517508816061,-0.4544467394294839,-0.6737889388423723,349,0.45558739255014324
全部,0.5,1.5,3,103000,22,25,100,2,3,0.0015,1.0,108,108,0.42592592592592593,-0.003266242881463734,-0.016453221029627735,-0.4731925241166489,-0.6737889388423723,350,0.4542857142857143
全部,0.5,1.5,5,103000,22,25,100,2,3,0.0015,1.0,108,108,0.42592592592592593,-0.003266242881463734,-0.016453221029627735,-0.4731925241166489,-0.6737889388423723,350,0.4542857142857143
全部,-2.0,2.5,1,100000,16,30,90,1,3,0.0015,1.0,134,134,0.4253731343283582,0.0034263592220371993,-0.018386391385326994,-0.2005083911270339,-0.8278563395367426,374,0.4304812834224599
全部,-2.0,2.5,3,100000,16,30,90,1,3,0.0015,1.0,134,134,0.4253731343283582,0.00340841823642816,-0.018386391385326994,-0.2024138079353851,-0.8278563395367426,374,0.4304812834224599
全部,-2.0,2.5,5,100000,16,30,90,1,3,0.0015,1.0,134,134,0.4253731343283582,0.00340841823642816,-0.018386391385326994,-0.2024138079353851,-0.8278563395367426,374,0.4304812834224599
首板,-2.0,2.5,2,100000,16,30,90,2,3,0.0015,1.0,134,134,0.4253731343283582,-0.002721688142837894,-0.012696853461546587,-0.47026489220244316,-0.6995436153827485,657,0.4322678843226788
首板,-2.0,2.5,2,103000,16,30,90,2,3,0.0015,1.0,134,134,0.4253731343283582,-0.002721688142837894,-0.012696853461546587,-0.47026489220244316,-0.6995436153827485,657,0.4322678843226788
首板,-2.0,2.5,5,100000,16,30,90,2,3,0.0015,1.0,134,134,0.4253731343283582,-0.002721688142837894,-0.012696853461546587,-0.47026489220244316,-0.6995436153827485,657,0.4322678843226788
首板,-2.0,2.5,5,103000,16,30,90,2,3,0.0015,1.0,134,134,0.4253731343283582,-0.002721688142837894,-0.012696853461546587,-0.47026489220244316,-0.6995436153827485,657,0.4322678843226788
首板,-2.0,2.5,8,100000,16,30,90,2,3,0.0015,1.0,134,134,0.4253731343283582,-0.002721688142837894,-0.012696853461546587,-0.47026489220244316,-0.6995436153827485,657,0.4322678843226788
首板,-2.0,2.5,8,103000,16,30,90,2,3,0.0015,1.0,134,134,0.4253731343283582,-0.002721688142837894,-0.012696853461546587,-0.47026489220244316,-0.6995436153827485,657,0.4322678843226788
全部,0.5,1.5,5,100000,16,25,100,2,3,0.0015,1.0,87,87,0.42528735632183906,-0.0027000382150734275,-0.02025709313586327,-0.37984147568284843,-0.6361536427136936,218,0.43119266055045874
首板,0.0,2.5,2,100000,22,20,120,1,3,0.0015,1.0,127,127,0.4251968503937008,-0.0027764567401937948,-0.010047008547008516,-0.53715600767461,-0.7029708628503037,331,0.3867069486404834
首板,0.0,2.5,2,103000,22,20,120,1,3,0.0015,1.0,127,127,0.4251968503937008,-0.0027764567401937948,-0.010047008547008516,-0.53715600767461,-0.7029708628503037,331,0.3867069486404834
首板,0.0,2.5,5,100000,22,20,120,1,3,0.0015,1.0,127,127,0.4251968503937008,-0.0027764567401937948,-0.010047008547008516,-0.53715600767461,-0.7029708628503037,331,0.3867069486404834
首板,0.0,2.5,5,103000,22,20,120,1,3,0.0015,1.0,127,127,0.4251968503937008,-0.0027764567401937948,-0.010047008547008516,-0.53715600767461,-0.7029708628503037,331,0.3867069486404834
首板,0.0,2.5,8,100000,22,20,120,1,3,0.0015,1.0,127,127,0.4251968503937008,-0.0027764567401937948,-0.010047008547008516,-0.53715600767461,-0.7029708628503037,331,0.3867069486404834
首板,0.0,2.5,8,103000,22,20,120,1,3,0.0015,1.0,127,127,0.4251968503937008,-0.0027764567401937948,-0.010047008547008516,-0.53715600767461,-0.7029708628503037,331,0.3867069486404834
全部,-2.0,2.5,1,100000,12,20,120,2,3,0.0015,1.0,127,127,0.4251968503937008,-0.003963787624793897,-0.013388782358580929,-0.6136547737700131,-0.793371033459922,579,0.43350604490500866
全部,-2.0,2.5,3,100000,12,20,120,2,3,0.0015,1.0,127,127,0.4251968503937008,-0.0039732525542096895,-0.013388782358580929,-0.614114206401395,-0.793371033459922,579,0.43350604490500866
全部,-2.0,2.5,5,100000,12,20,120,2,3,0.0015,1.0,127,127,0.4251968503937008,-0.0039732525542096895,-0.013388782358580929,-0.614114206401395,-0.793371033459922,579,0.43350604490500866
首板,0.0,2.5,2,100000,25,25,100,1,3,0.0015,1.0,127,127,0.4251968503937008,-0.006364069434372588,-0.014282694198623434,-0.6844381749236947,-0.7675951560508375,339,0.3834808259587021
首板,0.0,2.5,2,103000,25,25,100,1,3,0.0015,1.0,127,127,0.4251968503937008,-0.006364069434372588,-0.014282694198623434,-0.6844381749236947,-0.7675951560508375,339,0.3834808259587021
首板,0.0,2.5,5,100000,25,25,100,1,3,0.0015,1.0,127,127,0.4251968503937008,-0.006364069434372588,-0.014282694198623434,-0.6844381749236947,-0.7675951560508375,339,0.3834808259587021
首板,0.0,2.5,5,103000,25,25,100,1,3,0.0015,1.0,127,127,0.4251968503937008,-0.006364069434372588,-0.014282694198623434,-0.6844381749236947,-0.7675951560508375,339,0.3834808259587021
首板,0.0,2.5,8,100000,25,25,100,1,3,0.0015,1.0,127,127,0.4251968503937008,-0.006364069434372588,-0.014282694198623434,-0.6844381749236947,-0.7675951560508375,339,0.3834808259587021
首板,0.0,2.5,8,103000,25,25,100,1,3,0.0015,1.0,127,127,0.4251968503937008,-0.006364069434372588,-0.014282694198623434,-0.6844381749236947,-0.7675951560508375,339,0.3834808259587021
全部,-0.5,1.8,1,100000,22,30,90,1,3,0.0015,1.0,132,132,0.42424242424242425,-0.004417765773426504,-0.014118643414828045,-0.6237586263775681,-0.7905354434372687,365,0.4301369863013699
全部,-0.5,1.8,3,100000,22,30,90,1,3,0.0015,1.0,132,132,0.42424242424242425,-0.004417765773426504,-0.014118643414828045,-0.6237586263775681,-0.7905354434372687,365,0.4301369863013699
全部,-0.5,1.8,5,100000,22,30,90,1,3,0.0015,1.0,132,132,0.42424242424242425,-0.004417765773426504,-0.014118643414828045,-0.6237586263775681,-0.7905354434372687,365,0.4301369863013699
首板,0.5,1.5,2,100000,22,25,100,1,3,0.0015,1.0,99,99,0.42424242424242425,-0.004057355078485482,-0.01591468780820876,-0.4942988877852251,-0.6206431474388776,211,0.43601895734597157
首板,0.5,1.5,2,103000,22,25,100,1,3,0.0015,1.0,99,99,0.42424242424242425,-0.004057355078485482,-0.01591468780820876,-0.4942988877852251,-0.6206431474388776,211,0.43601895734597157
首板,0.5,1.5,5,100000,22,25,100,1,3,0.0015,1.0,99,99,0.42424242424242425,-0.004057355078485482,-0.01591468780820876,-0.4942988877852251,-0.6206431474388776,211,0.43601895734597157
首板,0.5,1.5,5,103000,22,25,100,1,3,0.0015,1.0,99,99,0.42424242424242425,-0.004057355078485482,-0.01591468780820876,-0.4942988877852251,-0.6206431474388776,211,0.43601895734597157
首板,0.5,1.5,8,100000,22,25,100,1,3,0.0015,1.0,99,99,0.42424242424242425,-0.004057355078485482,-0.01591468780820876,-0.4942988877852251,-0.6206431474388776,211,0.43601895734597157
首板,0.5,1.5,8,103000,22,25,100,1,3,0.0015,1.0,99,99,0.42424242424242425,-0.004057355078485482,-0.01591468780820876,-0.4942988877852251,-0.6206431474388776,211,0.43601895734597157
二进三,-2.0,2.2,0,103000,8,30,90,1,3,0.0015,1.0,33,33,0.42424242424242425,0.0005031064870481079,-0.021499999999999908,-0.219883234650053,-0.4564361674833224,39,0.46153846153846156
二进三,-2.0,2.2,0,103000,8,30,90,2,3,0.0015,1.0,33,33,0.42424242424242425,0.0005031064870481079,-0.021499999999999908,-0.219883234650053,-0.4564361674833224,40,0.475
二进三,-1.0,2.0,1,100000,10,25,100,1,3,0.0015,1.0,33,33,0.42424242424242425,-0.0052583528203392505,-0.026923728813559367,-0.4154600839138487,-0.6513841956598829,41,0.4634146341463415
二进三,-1.0,2.0,2,100000,10,25,100,1,3,0.0015,1.0,33,33,0.42424242424242425,-0.0052583528203392505,-0.026923728813559367,-0.4154600839138487,-0.6513841956598829,41,0.4634146341463415
二进三,-1.0,2.0,1,100000,10,25,100,2,3,0.0015,1.0,33,33,0.42424242424242425,-0.005582952379862301,-0.03746431071678602,-0.4218936646205813,-0.6513841956598829,44,0.45454545454545453
二进三,-1.0,2.0,2,100000,10,25,100,2,3,0.0015,1.0,33,33,0.42424242424242425,-0.005582952379862301,-0.03746431071678602,-0.4218936646205813,-0.6513841956598829,44,0.45454545454545453
一进二,0.0,2.5,0,100000,16,30,90,1,3,0.0015,1.0,33,33,0.42424242424242425,-0.014688363604339255,-0.027869168356997986,-0.4558416136014686,-0.6944210229526284,43,0.3953488372093023
一进二,0.0,2.5,1,100000,16,30,90,1,3,0.0015,1.0,33,33,0.42424242424242425,-0.01677885172827008,-0.027869168356997986,-0.489783065060273,-0.6944210229526284,44,0.38636363636363635
一进二,0.0,2.5,3,100000,16,30,90,1,3,0.0015,1.0,33,33,0.42424242424242425,-0.01677885172827008,-0.027869168356997986,-0.489783065060273,-0.6944210229526284,44,0.38636363636363635
一进二,0.0,2.5,5,100000,16,30,90,1,3,0.0015,1.0,33,33,0.42424242424242425,-0.01677885172827008,-0.027869168356997986,-0.489783065060273,-0.6944210229526284,45,0.4
一进二,0.0,2.5,1,100000,16,30,90,2,3,0.0015,1.0,33,33,0.42424242424242425,-0.02221329849471807,-0.027869168356997986,-0.5628465478675712,-0.6959405825193511,54,0.4074074074074074
一进二,0.0,2.5,3,100000,16,30,90,2,3,0.0015,1.0,33,33,0.42424242424242425,-0.02221329849471807,-0.027869168356997986,-0.5628465478675712,-0.6959405825193511,55,0.4
一进二,0.0,2.5,5,100000,16,30,90,2,3,0.0015,1.0,33,33,0.42424242424242425,-0.02221329849471807,-0.027869168356997986,-0.5628465478675712,-0.6959405825193511,56,0.4107142857142857
一进二,0.0,2.5,0,100000,16,30,90,2,3,0.0015,1.0,33,33,0.42424242424242425,-0.022763261868829175,-0.028325633383010362,-0.5726543434288476,-0.6959405825193511,50,0.42
全部,0.5,1.5,1,100000,16,20,120,2,3,0.0015,1.0,92,92,0.42391304347826086,-0.006645327498242944,-0.020644759656529454,-0.5863651530311045,-0.733672477856581,244,0.430327868852459
全部,0.5,1.5,3,100000,16,20,120,2,3,0.0015,1.0,92,92,0.42391304347826086,-0.007017573761028151,-0.022236376488117382,-0.6005780820717608,-0.733672477856581,245,0.42857142857142855
全部,0.5,1.5,5,100000,16,20,120,2,3,0.0015,1.0,92,92,0.42391304347826086,-0.007017573761028151,-0.022236376488117382,-0.6005780820717608,-0.733672477856581,246,0.43089430894308944
一进二,0.0,2.5,1,103000,22,30,90,2,3,0.0015,1.0,59,59,0.423728813559322,-0.008663702216769577,-0.011809278350515427,-0.4843348744388182,-0.6400505137998681,113,0.4424778761061947
一进二,0.0,2.5,3,103000,22,30,90,2,3,0.0015,1.0,59,59,0.423728813559322,-0.008663702216769577,-0.011809278350515427,-0.4843348744388182,-0.6400505137998681,114,0.43859649122807015
一进二,0.0,2.5,5,103000,22,30,90,2,3,0.0015,1.0,59,59,0.423728813559322,-0.008663702216769577,-0.011809278350515427,-0.4843348744388182,-0.6400505137998681,114,0.43859649122807015
首板,0.0,2.0,2,100000,25,30,90,1,3,0.0015,1.0,123,123,0.42276422764227645,-0.006978815691361434,-0.014395662368112459,-0.6890538186582903,-0.6651725634968451,304,0.3980263157894737
首板,0.0,2.0,2,103000,25,30,90,1,3,0.0015,1.0,123,123,0.42276422764227645,-0.006978815691361434,-0.014395662368112459,-0.6890538186582903,-0.6651725634968451,304,0.3980263157894737
首板,0.0,2.0,5,100000,25,30,90,1,3,0.0015,1.0,123,123,0.42276422764227645,-0.006978815691361434,-0.014395662368112459,-0.6890538186582903,-0.6651725634968451,304,0.3980263157894737
首板,0.0,2.0,5,103000,25,30,90,1,3,0.0015,1.0,123,123,0.42276422764227645,-0.006978815691361434,-0.014395662368112459,-0.6890538186582903,-0.6651725634968451,304,0.3980263157894737
首板,0.0,2.0,8,100000,25,30,90,1,3,0.0015,1.0,123,123,0.42276422764227645,-0.006978815691361434,-0.014395662368112459,-0.6890538186582903,-0.6651725634968451,304,0.3980263157894737
首板,0.0,2.0,8,103000,25,30,90,1,3,0.0015,1.0,123,123,0.42276422764227645,-0.006978815691361434,-0.014395662368112459,-0.6890538186582903,-0.6651725634968451,304,0.3980263157894737
全部,0.0,2.0,1,100000,12,20,120,1,3,0.0015,1.0,97,97,0.422680412371134,-0.002374525720736636,-0.01697799168710107,-0.5101047130757411,-0.7391563341846079,202,0.400990099009901
全部,0.0,2.0,3,100000,12,20,120,1,3,0.0015,1.0,97,97,0.422680412371134,-0.002374525720736636,-0.01697799168710107,-0.5101047130757411,-0.7391563341846079,202,0.400990099009901
全部,0.0,2.0,5,100000,12,20,120,1,3,0.0015,1.0,97,97,0.422680412371134,-0.002374525720736636,-0.01697799168710107,-0.5101047130757411,-0.7391563341846079,202,0.400990099009901
全部,0.0,2.5,1,100000,12,25,100,1,3,0.0015,1.0,97,97,0.422680412371134,-0.0036697789119088087,-0.018129486919488957,-0.5693620739059978,-0.8130212048629496,195,0.4307692307692308
全部,0.0,2.5,3,100000,12,25,100,1,3,0.0015,1.0,97,97,0.422680412371134,-0.0036697789119088087,-0.018129486919488957,-0.5693620739059978,-0.8130212048629496,195,0.4307692307692308
全部,0.0,2.5,5,100000,12,25,100,1,3,0.0015,1.0,97,97,0.422680412371134,-0.0036697789119088087,-0.018129486919488957,-0.5693620739059978,-0.8130212048629496,195,0.4307692307692308
全部,-1.0,2.0,1,103000,22,30,90,1,3,0.0015,1.0,135,135,0.4222222222222222,0.004728915462321739,-0.01191666666666663,0.07544097405212447,-0.6653105546052477,393,0.4223918575063613
全部,-1.0,2.0,3,103000,22,30,90,1,3,0.0015,1.0,135,135,0.4222222222222222,0.004728915462321739,-0.01191666666666663,0.07544097405212447,-0.6653105546052477,393,0.4223918575063613
全部,-1.0,2.0,5,103000,22,30,90,1,3,0.0015,1.0,135,135,0.4222222222222222,0.004728915462321739,-0.01191666666666663,0.07544097405212447,-0.6653105546052477,393,0.4223918575063613
首板,-1.0,2.0,2,100000,22,30,90,2,3,0.0015,1.0,135,135,0.4222222222222222,-0.005691494841222421,-0.011559082674571841,-0.6249936452835796,-0.7009638800985644,692,0.4263005780346821
首板,-1.0,2.0,2,103000,22,30,90,2,3,0.0015,1.0,135,135,0.4222222222222222,-0.005691494841222421,-0.011559082674571841,-0.6249936452835796,-0.7009638800985644,692,0.4263005780346821
首板,-1.0,2.0,5,100000,22,30,90,2,3,0.0015,1.0,135,135,0.4222222222222222,-0.005691494841222421,-0.011559082674571841,-0.6249936452835796,-0.7009638800985644,692,0.4263005780346821
首板,-1.0,2.0,5,103000,22,30,90,2,3,0.0015,1.0,135,135,0.4222222222222222,-0.005691494841222421,-0.011559082674571841,-0.6249936452835796,-0.7009638800985644,692,0.4263005780346821
首板,-1.0,2.0,8,100000,22,30,90,2,3,0.0015,1.0,135,135,0.4222222222222222,-0.005691494841222421,-0.011559082674571841,-0.6249936452835796,-0.7009638800985644,692,0.4263005780346821
首板,-1.0,2.0,8,103000,22,30,90,2,3,0.0015,1.0,135,135,0.4222222222222222,-0.005691494841222421,-0.011559082674571841,-0.6249936452835796,-0.7009638800985644,692,0.4263005780346821
全部,-0.5,1.8,1,100000,12,30,90,1,3,0.0015,1.0,109,109,0.42201834862385323,-0.0018223424809538325,-0.009436507936508019,-0.5116102251746224,-0.7810008377379453,235,0.425531914893617
全部,-0.5,1.8,3,100000,12,30,90,1,3,0.0015,1.0,109,109,0.42201834862385323,-0.0018223424809538325,-0.009436507936508019,-0.5116102251746224,-0.7810008377379453,235,0.425531914893617
全部,-0.5,1.8,5,100000,12,30,90,1,3,0.0015,1.0,109,109,0.42201834862385323,-0.0018223424809538325,-0.009436507936508019,-0.5116102251746224,-0.7810008377379453,235,0.425531914893617
全部,0.5,1.5,1,100000,16,30,90,1,3,0.0015,1.0,83,83,0.42168674698795183,0.000857849350876795,-0.014282694198623434,-0.20927503688167348,-0.6257090845975123,147,0.4217687074829932
全部,0.5,1.5,3,100000,16,30,90,1,3,0.0015,1.0,83,83,0.42168674698795183,0.0003595193020996046,-0.014282694198623434,-0.24115862673979638,-0.6257090845975123,148,0.4189189189189189
全部,0.5,1.5,5,100000,16,30,90,1,3,0.0015,1.0,83,83,0.42168674698795183,0.0003595193020996046,-0.014282694198623434,-0.24115862673979638,-0.6257090845975123,148,0.4189189189189189
全部,0.5,1.5,5,100000,16,30,90,2,3,0.0015,1.0,83,83,0.42168674698795183,-0.0023939806662671395,-0.02077710843373498,-0.3535646075981357,-0.6704515966419846,192,0.4375
全部,0.5,1.5,1,100000,22,25,100,1,3,0.0015,1.0,102,102,0.4215686274509804,-0.005601324882663906,-0.019034178294079607,-0.5822912470123092,-0.7173661391850207,222,0.42342342342342343
全部,0.5,1.5,3,100000,22,25,100,1,3,0.0015,1.0,102,102,0.4215686274509804,-0.006272827944943109,-0.020267996668774935,-0.6109970724976632,-0.7173661391850207,222,0.42342342342342343
全部,0.5,1.5,5,100000,22,25,100,1,3,0.0015,1.0,102,102,0.4215686274509804,-0.006272827944943109,-0.020267996668774935,-0.6109970724976632,-0.7173661391850207,222,0.42342342342342343
全部,0.0,2.0,1,100000,12,25,100,2,3,0.0015,1.0,95,95,0.42105263157894735,-0.0036555611485664277,-0.018129486919488957,-0.5013242012113683,-0.699387352400527,254,0.452755905511811
全部,0.0,2.0,3,100000,12,25,100,2,3,0.0015,1.0,95,95,0.42105263157894735,-0.0036555611485664277,-0.018129486919488957,-0.5013242012113683,-0.699387352400527,255,0.4549019607843137
全部,0.0,2.0,5,100000,12,25,100,2,3,0.0015,1.0,95,95,0.42105263157894735,-0.0036555611485664277,-0.018129486919488957,-0.5013242012113683,-0.699387352400527,255,0.4549019607843137
二进三,-2.0,2.2,1,103000,12,25,100,1,3,0.0015,1.0,57,57,0.42105263157894735,-0.008451133576253735,-0.021499999999999908,-0.59797874374986,-0.731467099607143,78,0.47435897435897434
二进三,-2.0,2.2,2,103000,12,25,100,1,3,0.0015,1.0,57,57,0.42105263157894735,-0.008451133576253735,-0.021499999999999908,-0.59797874374986,-0.731467099607143,78,0.47435897435897434
二进三,-2.0,2.2,1,103000,12,25,100,2,3,0.0015,1.0,57,57,0.42105263157894735,-0.010708321332545784,-0.021499999999999908,-0.6258872449691819,-0.7233398704183679,86,0.46511627906976744
二进三,-2.0,2.2,2,103000,12,25,100,2,3,0.0015,1.0,57,57,0.42105263157894735,-0.010708321332545784,-0.021499999999999908,-0.6258872449691819,-0.7233398704183679,86,0.46511627906976744
全部,0.0,2.5,1,103000,22,30,90,1,3,0.0015,1.0,126,126,0.42063492063492064,0.0046723743518713775,-0.015630342942862252,0.01954317550088569,-0.8635984228084328,314,0.40764331210191085
全部,0.0,2.5,3,103000,22,30,90,1,3,0.0015,1.0,126,126,0.42063492063492064,0.0046723743518713775,-0.015630342942862252,0.01954317550088569,-0.8635984228084328,314,0.40764331210191085
全部,0.0,2.5,5,103000,22,30,90,1,3,0.0015,1.0,126,126,0.42063492063492064,0.0046723743518713775,-0.015630342942862252,0.01954317550088569,-0.8635984228084328,314,0.40764331210191085
全部,0.0,2.5,1,103000,22,30,90,2,3,0.0015,1.0,126,126,0.42063492063492064,0.002157235515133451,-0.006947982986119287,-0.09792771386449628,-0.8292309883748327,528,0.44696969696969696
全部,0.0,2.5,3,103000,22,30,90,2,3,0.0015,1.0,126,126,0.42063492063492064,0.002157235515133451,-0.006947982986119287,-0.09792771386449628,-0.8292309883748327,528,0.44696969696969696
全部,0.0,2.5,5,103000,22,30,90,2,3,0.0015,1.0,126,126,0.42063492063492064,0.002157235515133451,-0.006947982986119287,-0.09792771386449628,-0.8292309883748327,528,0.44696969696969696
全部,0.0,2.5,1,103000,16,20,120,2,3,0.0015,1.0,126,126,0.42063492063492064,-2.670358817782969e-05,-0.013088318191819048,-0.3402705983315458,-0.533378900245076,508,0.4409448818897638
全部,0.0,2.5,3,103000,16,20,120,2,3,0.0015,1.0,126,126,0.42063492063492064,-2.670358817782969e-05,-0.013088318191819048,-0.3402705983315458,-0.533378900245076,508,0.4409448818897638
全部,0.0,2.5,5,103000,16,20,120,2,3,0.0015,1.0,126,126,0.42063492063492064,-2.670358817782969e-05,-0.013088318191819048,-0.3402705983315458,-0.533378900245076,508,0.4409448818897638
全部,0.0,2.5,1,100000,12,30,90,1,3,0.0015,1.0,88,88,0.42045454545454547,-0.0038470958074472593,-0.016885554891978738,-0.5253300837367141,-0.8111496529617589,169,0.4319526627218935
全部,0.0,2.5,3,100000,12,30,90,1,3,0.0015,1.0,88,88,0.42045454545454547,-0.0038470958074472593,-0.016885554891978738,-0.5253300837367141,-0.8111496529617589,169,0.4319526627218935
全部,0.0,2.5,5,100000,12,30,90,1,3,0.0015,1.0,88,88,0.42045454545454547,-0.0038470958074472593,-0.016885554891978738,-0.5253300837367141,-0.8111496529617589,170,0.43529411764705883
首板,0.5,1.5,2,100000,16,20,120,2,3,0.0015,1.0,88,88,0.42045454545454547,-0.0055489198493626065,-0.019283282410103797,-0.5150116496351885,-0.705340533310082,214,0.42990654205607476
首板,0.5,1.5,2,103000,16,20,120,2,3,0.0015,1.0,88,88,0.42045454545454547,-0.0055489198493626065,-0.019283282410103797,-0.5150116496351885,-0.705340533310082,214,0.42990654205607476
首板,0.5,1.5,5,100000,16,20,120,2,3,0.0015,1.0,88,88,0.42045454545454547,-0.0055489198493626065,-0.019283282410103797,-0.5150116496351885,-0.705340533310082,214,0.42990654205607476
首板,0.5,1.5,5,103000,16,20,120,2,3,0.0015,1.0,88,88,0.42045454545454547,-0.0055489198493626065,-0.019283282410103797,-0.5150116496351885,-0.705340533310082,214,0.42990654205607476
首板,0.5,1.5,8,100000,16,20,120,2,3,0.0015,1.0,88,88,0.42045454545454547,-0.0055489198493626065,-0.019283282410103797,-0.5150116496351885,-0.705340533310082,214,0.42990654205607476
首板,0.5,1.5,8,103000,16,20,120,2,3,0.0015,1.0,88,88,0.42045454545454547,-0.0055489198493626065,-0.019283282410103797,-0.5150116496351885,-0.705340533310082,214,0.42990654205607476
全部,-2.0,2.5,1,103000,22,25,100,1,3,0.0015,1.0,138,138,0.42028985507246375,-0.0007410784465779314,-0.014804904879714087,-0.4833072144906727,-0.7431431702166839,411,0.40632603406326034
全部,0.0,2.0,1,100000,22,25,100,1,3,0.0015,1.0,124,124,0.41935483870967744,-0.0023133456796374536,-0.019814743459744433,-0.5440938194108399,-0.8010728744067009,324,0.37962962962962965
全部,0.0,2.0,3,100000,22,25,100,1,3,0.0015,1.0,124,124,0.41935483870967744,-0.0023133456796374536,-0.019814743459744433,-0.5440938194108399,-0.8010728744067009,324,0.37962962962962965
全部,0.0,2.0,5,100000,22,25,100,1,3,0.0015,1.0,124,124,0.41935483870967744,-0.0023133456796374536,-0.019814743459744433,-0.5440938194108399,-0.8010728744067009,324,0.37962962962962965
全部,0.3,1.8,1,100000,16,30,90,1,3,0.0015,1.0,93,93,0.41935483870967744,-0.004993672498025146,-0.02077710843373498,-0.585822989324499,-0.8194787418969838,193,0.39378238341968913
全部,0.3,1.8,3,100000,16,30,90,1,3,0.0015,1.0,93,93,0.41935483870967744,-0.004993672498025146,-0.02077710843373498,-0.585822989324499,-0.8194787418969838,193,0.39378238341968913
全部,0.3,1.8,5,100000,16,30,90,1,3,0.0015,1.0,93,93,0.41935483870967744,-0.004993672498025146,-0.02077710843373498,-0.585822989324499,-0.8194787418969838,193,0.39378238341968913
二进三,-1.0,2.0,0,103000,8,25,100,1,3,0.0015,1.0,31,31,0.41935483870967744,-0.00757971825890122,-0.026752525252525305,-0.40610265849905647,-0.4995134707129997,39,0.46153846153846156
二进三,-1.0,2.0,0,103000,8,25,100,2,3,0.0015,1.0,31,31,0.41935483870967744,-0.00757971825890122,-0.026752525252525305,-0.40610265849905647,-0.4995134707129997,40,0.475
一进二,0.0,2.5,0,100000,12,30,90,1,3,0.0015,1.0,31,31,0.41935483870967744,-0.014685155776159971,-0.027869168356997986,-0.43862807569234386,-0.6775868136932712,40,0.4
一进二,0.0,2.5,1,100000,12,30,90,1,3,0.0015,1.0,31,31,0.41935483870967744,-0.016910514101634726,-0.027869168356997986,-0.47364320804255877,-0.6775868136932712,41,0.3902439024390244
一进二,0.0,2.5,3,100000,12,30,90,1,3,0.0015,1.0,31,31,0.41935483870967744,-0.016910514101634726,-0.027869168356997986,-0.47364320804255877,-0.6775868136932712,41,0.3902439024390244
一进二,0.0,2.5,5,100000,12,30,90,1,3,0.0015,1.0,31,31,0.41935483870967744,-0.016910514101634726,-0.027869168356997986,-0.47364320804255877,-0.6775868136932712,42,0.40476190476190477
一进二,0.0,2.5,1,100000,12,30,90,2,3,0.0015,1.0,31,31,0.41935483870967744,-0.018518032386221673,-0.027869168356997986,-0.49454290660812994,-0.679190085117319,50,0.42
一进二,0.0,2.5,3,100000,12,30,90,2,3,0.0015,1.0,31,31,0.41935483870967744,-0.018518032386221673,-0.027869168356997986,-0.49454290660812994,-0.679190085117319,51,0.4117647058823529
一进二,0.0,2.5,5,100000,12,30,90,2,3,0.0015,1.0,31,31,0.41935483870967744,-0.018518032386221673,-0.027869168356997986,-0.49454290660812994,-0.679190085117319,52,0.4230769230769231
一进二,0.3,1.8,0,103000,12,25,100,2,3,0.0015,1.0,31,31,0.41935483870967744,-0.01904015226180369,-0.028325633383010362,-0.49182095663816705,-0.5836050495433744,41,0.43902439024390244
一进二,0.0,2.5,0,100000,12,30,90,2,3,0.0015,1.0,31,31,0.41935483870967744,-0.019103477268339945,-0.028325633383010362,-0.5058831346511712,-0.679190085117319,46,0.43478260869565216
首板,-0.5,1.8,2,100000,25,20,120,1,3,0.0015,1.0,136,136,0.41911764705882354,-0.00011087933298745869,-0.010337587587587625,-0.3397259888270303,-0.5795460978969575,395,0.3949367088607595
首板,-0.5,1.8,2,103000,25,20,120,1,3,0.0015,1.0,136,136,0.41911764705882354,-0.00011087933298745869,-0.010337587587587625,-0.3397259888270303,-0.5795460978969575,395,0.3949367088607595
首板,-0.5,1.8,5,100000,25,20,120,1,3,0.0015,1.0,136,136,0.41911764705882354,-0.00011087933298745869,-0.010337587587587625,-0.3397259888270303,-0.5795460978969575,395,0.3949367088607595
首板,-0.5,1.8,5,103000,25,20,120,1,3,0.0015,1.0,136,136,0.41911764705882354,-0.00011087933298745869,-0.010337587587587625,-0.3397259888270303,-0.5795460978969575,395,0.3949367088607595
首板,-0.5,1.8,8,100000,25,20,120,1,3,0.0015,1.0,136,136,0.41911764705882354,-0.00011087933298745869,-0.010337587587587625,-0.3397259888270303,-0.5795460978969575,395,0.3949367088607595
首板,-0.5,1.8,8,103000,25,20,120,1,3,0.0015,1.0,136,136,0.41911764705882354,-0.00011087933298745869,-0.010337587587587625,-0.3397259888270303,-0.5795460978969575,395,0.3949367088607595
全部,0.0,2.5,1,100000,22,20,120,1,3,0.0015,1.0,129,129,0.4186046511627907,0.002298303596266411,-0.0170138978668391,-0.27508407817949665,-0.7431150920434004,348,0.39080459770114945
全部,0.0,2.5,3,100000,22,20,120,1,3,0.0015,1.0,129,129,0.4186046511627907,0.002298303596266411,-0.0170138978668391,-0.27508407817949665,-0.7431150920434004,348,0.39080459770114945
全部,0.0,2.5,5,100000,22,20,120,1,3,0.0015,1.0,129,129,0.4186046511627907,0.002298303596266411,-0.0170138978668391,-0.27508407817949665,-0.7431150920434004,348,0.39080459770114945
全部,0.0,2.5,1,103000,22,25,100,2,3,0.0015,1.0,129,129,0.4186046511627907,-0.0010657383105023258,-0.013954592631032657,-0.41694868155800857,-0.8142564493846061,586,0.4402730375426621
全部,0.0,2.5,3,103000,22,25,100,2,3,0.0015,1.0,129,129,0.4186046511627907,-0.0010657383105023258,-0.013954592631032657,-0.41694868155800857,-0.8142564493846061,586,0.4402730375426621
全部,0.0,2.5,5,103000,22,25,100,2,3,0.0015,1.0,129,129,0.4186046511627907,-0.0010657383105023258,-0.013954592631032657,-0.41694868155800857,-0.8142564493846061,586,0.4402730375426621
全部,0.0,2.0,1,100000,12,30,90,2,3,0.0015,1.0,86,86,0.4186046511627907,-0.006595759146694829,-0.013779129886685004,-0.5839267914696968,-0.7760165047004165,217,0.46543778801843316
全部,0.0,2.0,3,100000,12,30,90,2,3,0.0015,1.0,86,86,0.4186046511627907,-0.006595759146694829,-0.013779129886685004,-0.5839267914696968,-0.7760165047004165,218,0.46788990825688076
全部,0.0,2.0,5,100000,12,30,90,2,3,0.0015,1.0,86,86,0.4186046511627907,-0.006595759146694829,-0.013779129886685004,-0.5839267914696968,-0.7760165047004165,219,0.4703196347031963
全部,0.0,2.5,1,103000,16,25,100,1,3,0.0015,1.0,122,122,0.4180327868852459,-0.0008329183485056832,-0.01945329767661197,-0.5240158776585035,-0.8328170773309456,287,0.39372822299651566
全部,0.0,2.5,3,103000,16,25,100,1,3,0.0015,1.0,122,122,0.4180327868852459,-0.0008329183485056832,-0.01945329767661197,-0.5240158776585035,-0.8328170773309456,287,0.39372822299651566
全部,0.0,2.5,5,103000,16,25,100,1,3,0.0015,1.0,122,122,0.4180327868852459,-0.0008329183485056832,-0.01945329767661197,-0.5240158776585035,-0.8328170773309456,287,0.39372822299651566
全部,0.0,2.5,1,103000,16,25,100,2,3,0.0015,1.0,122,122,0.4180327868852459,-0.003194832031316084,-0.016429053074312194,-0.5601615706832843,-0.7941943792682274,470,0.43829787234042555
全部,0.0,2.5,3,103000,16,25,100,2,3,0.0015,1.0,122,122,0.4180327868852459,-0.003194832031316084,-0.016429053074312194,-0.5601615706832843,-0.7941943792682274,471,0.43736730360934184
全部,0.0,2.5,5,103000,16,25,100,2,3,0.0015,1.0,122,122,0.4180327868852459,-0.003194832031316084,-0.016429053074312194,-0.5601615706832843,-0.7941943792682274,471,0.43736730360934184
全部,0.0,2.0,1,100000,16,25,100,2,3,0.0015,1.0,115,115,0.41739130434782606,-0.005988960846009526,-0.01669936833793917,-0.6334610272062261,-0.8335053859219242,415,0.41204819277108434
全部,0.0,2.0,3,100000,16,25,100,2,3,0.0015,1.0,115,115,0.41739130434782606,-0.005988960846009526,-0.01669936833793917,-0.6334610272062261,-0.8335053859219242,415,0.41204819277108434
全部,0.0,2.0,5,100000,16,25,100,2,3,0.0015,1.0,115,115,0.41739130434782606,-0.005988960846009526,-0.01669936833793917,-0.6334610272062261,-0.8335053859219242,415,0.41204819277108434
全部,-0.5,1.8,1,100000,16,25,100,1,3,0.0015,1.0,127,127,0.41732283464566927,-0.007135883919167732,-0.02187252619324792,-0.7522220686123621,-0.8994771348685479,331,0.4199395770392749
全部,-0.5,1.8,3,100000,16,25,100,1,3,0.0015,1.0,127,127,0.41732283464566927,-0.007135883919167732,-0.02187252619324792,-0.7522220686123621,-0.8994771348685479,331,0.4199395770392749
全部,-0.5,1.8,5,100000,16,25,100,1,3,0.0015,1.0,127,127,0.41732283464566927,-0.007135883919167732,-0.02187252619324792,-0.7522220686123621,-0.8994771348685479,331,0.4199395770392749
全部,-0.5,1.8,1,103000,22,30,90,2,3,0.0015,1.0,132,132,0.4166666666666667,-0.004413595889668709,-0.010065039495554762,-0.5520188585234402,-0.7167558648800354,668,0.4251497005988024
全部,-0.5,1.8,3,103000,22,30,90,2,3,0.0015,1.0,132,132,0.4166666666666667,-0.004413595889668709,-0.010065039495554762,-0.5520188585234402,-0.7167558648800354,669,0.4260089686098655
全部,-0.5,1.8,5,103000,22,30,90,2,3,0.0015,1.0,132,132,0.4166666666666667,-0.004413595889668709,-0.010065039495554762,-0.5520188585234402,-0.7167558648800354,669,0.4260089686098655
首板,-0.5,1.8,2,100000,22,30,90,1,3,0.0015,1.0,132,132,0.4166666666666667,-0.006095312653683664,-0.012786063137423918,-0.6791430720531481,-0.7985174647338138,354,0.4180790960451977
首板,-0.5,1.8,2,103000,22,30,90,1,3,0.0015,1.0,132,132,0.4166666666666667,-0.006095312653683664,-0.012786063137423918,-0.6791430720531481,-0.7985174647338138,354,0.4180790960451977
首板,-0.5,1.8,5,100000,22,30,90,1,3,0.0015,1.0,132,132,0.4166666666666667,-0.006095312653683664,-0.012786063137423918,-0.6791430720531481,-0.7985174647338138,354,0.4180790960451977
首板,-0.5,1.8,5,103000,22,30,90,1,3,0.0015,1.0,132,132,0.4166666666666667,-0.006095312653683664,-0.012786063137423918,-0.6791430720531481,-0.7985174647338138,354,0.4180790960451977
首板,-0.5,1.8,8,100000,22,30,90,1,3,0.0015,1.0,132,132,0.4166666666666667,-0.006095312653683664,-0.012786063137423918,-0.6791430720531481,-0.7985174647338138,354,0.4180790960451977
首板,-0.5,1.8,8,103000,22,30,90,1,3,0.0015,1.0,132,132,0.4166666666666667,-0.006095312653683664,-0.012786063137423918,-0.6791430720531481,-0.7985174647338138,354,0.4180790960451977
首板,-0.5,1.8,2,100000,16,30,90,1,3,0.0015,1.0,120,120,0.4166666666666667,-0.009527223843197282,-0.018276001500335648,-0.7751343126021351,-0.8533035958406678,285,0.41754385964912283
首板,-0.5,1.8,2,103000,16,30,90,1,3,0.0015,1.0,120,120,0.4166666666666667,-0.009527223843197282,-0.018276001500335648,-0.7751343126021351,-0.8533035958406678,285,0.41754385964912283
首板,-0.5,1.8,5,100000,16,30,90,1,3,0.0015,1.0,120,120,0.4166666666666667,-0.009527223843197282,-0.018276001500335648,-0.7751343126021351,-0.8533035958406678,285,0.41754385964912283
首板,-0.5,1.8,5,103000,16,30,90,1,3,0.0015,1.0,120,120,0.4166666666666667,-0.009527223843197282,-0.018276001500335648,-0.7751343126021351,-0.8533035958406678,285,0.41754385964912283
首板,-0.5,1.8,8,100000,16,30,90,1,3,0.0015,1.0,120,120,0.4166666666666667,-0.009527223843197282,-0.018276001500335648,-0.7751343126021351,-0.8533035958406678,285,0.41754385964912283
首板,-0.5,1.8,8,103000,16,30,90,1,3,0.0015,1.0,120,120,0.4166666666666667,-0.009527223843197282,-0.018276001500335648,-0.7751343126021351,-0.8533035958406678,285,0.41754385964912283
全部,-0.5,1.8,1,103000,12,20,120,2,3,0.0015,1.0,120,120,0.4166666666666667,-0.010015292434403082,-0.012641622644729343,-0.8034738230379758,-0.8179638993229605,458,0.4344978165938865
全部,-0.5,1.8,3,103000,12,20,120,2,3,0.0015,1.0,120,120,0.4166666666666667,-0.010025309484701461,-0.012641622644729343,-0.8037075273327023,-0.8179638993229605,459,0.4357298474945534
全部,-0.5,1.8,5,103000,12,20,120,2,3,0.0015,1.0,120,120,0.4166666666666667,-0.010025309484701461,-0.012641622644729343,-0.8037075273327023,-0.8179638993229605,459,0.4357298474945534
首板,0.0,2.5,2,100000,22,30,90,2,3,0.0015,1.0,120,120,0.4166666666666667,-0.010444197534656767,-0.013437984061430736,-0.769136724677032,-0.7630220706485538,457,0.43982494529540483
首板,0.0,2.5,2,103000,22,30,90,2,3,0.0015,1.0,120,120,0.4166666666666667,-0.010444197534656767,-0.013437984061430736,-0.769136724677032,-0.7630220706485538,457,0.43982494529540483
首板,0.0,2.5,5,100000,22,30,90,2,3,0.0015,1.0,120,120,0.4166666666666667,-0.010444197534656767,-0.013437984061430736,-0.769136724677032,-0.7630220706485538,457,0.43982494529540483
首板,0.0,2.5,5,103000,22,30,90,2,3,0.0015,1.0,120,120,0.4166666666666667,-0.010444197534656767,-0.013437984061430736,-0.769136724677032,-0.7630220706485538,457,0.43982494529540483
首板,0.0,2.5,8,100000,22,30,90,2,3,0.0015,1.0,120,120,0.4166666666666667,-0.010444197534656767,-0.013437984061430736,-0.769136724677032,-0.7630220706485538,457,0.43982494529540483
首板,0.0,2.5,8,103000,22,30,90,2,3,0.0015,1.0,120,120,0.4166666666666667,-0.010444197534656767,-0.013437984061430736,-0.769136724677032,-0.7630220706485538,457,0.43982494529540483
全部,0.5,1.5,1,100000,22,20,120,2,3,0.0015,1.0,108,108,0.4166666666666667,-0.007674745193218836,-0.017182266796751805,-0.6582398731017243,-0.7365692267986648,354,0.4406779661016949
全部,0.0,2.0,1,100000,16,30,90,1,3,0.0015,1.0,108,108,0.4166666666666667,-0.007687622219562322,-0.024372756135135953,-0.7261390888453831,-0.8851569633178792,237,0.38396624472573837
全部,0.0,2.0,3,100000,16,30,90,1,3,0.0015,1.0,108,108,0.4166666666666667,-0.007687622219562322,-0.024372756135135953,-0.7261390888453831,-0.8851569633178792,237,0.38396624472573837
全部,0.0,2.0,5,100000,16,30,90,1,3,0.0015,1.0,108,108,0.4166666666666667,-0.007687622219562322,-0.024372756135135953,-0.7261390888453831,-0.8851569633178792,237,0.38396624472573837
全部,0.5,1.5,3,100000,22,20,120,2,3,0.0015,1.0,108,108,0.4166666666666667,-0.007991843861517347,-0.018738669704793293,-0.669983111052119,-0.7365692267986648,355,0.4394366197183099
全部,0.5,1.5,5,100000,22,20,120,2,3,0.0015,1.0,108,108,0.4166666666666667,-0.007991843861517347,-0.018738669704793293,-0.669983111052119,-0.7365692267986648,356,0.4410112359550562
一进二,0.0,2.5,0,103000,12,25,100,1,3,0.0015,1.0,48,48,0.4166666666666667,-0.019962936692737125,-0.02309732207531051,-0.6748375534946036,-0.7896073539226962,63,0.38095238095238093
一进二,0.0,2.5,0,103000,12,25,100,2,3,0.0015,1.0,48,48,0.4166666666666667,-0.021846674530506052,-0.02309732207531051,-0.6990764073928901,-0.7771101743650167,76,0.39473684210526316
二进三,-1.0,2.0,0,103000,8,20,120,1,3,0.0015,1.0,36,36,0.4166666666666667,-0.011302651677068322,-0.024885261061317443,-0.49695926665074885,-0.45375538473320476,48,0.4166666666666667
二进三,-1.0,2.0,0,103000,8,20,120,2,3,0.0015,1.0,36,36,0.4166666666666667,-0.011302651677068322,-0.024885261061317443,-0.49695926665074885,-0.45375538473320476,49,0.42857142857142855
二进三,-2.0,2.2,1,100000,8,20,120,2,3,0.0015,1.0,36,36,0.4166666666666667,-0.021590133506966147,-0.04220600734062735,-0.6412156105727363,-0.7019786225738855,52,0.4423076923076923
一进二,0.3,1.8,1,100000,12,20,120,1,3,0.0015,1.0,24,24,0.4166666666666667,-0.015270028262836549,-0.003019298983611694,-0.3857589772532596,-0.6150683088752728,33,0.3939393939393939
一进二,0.3,1.8,3,100000,12,20,120,1,3,0.0015,1.0,24,24,0.4166666666666667,-0.015270028262836549,-0.003019298983611694,-0.3857589772532596,-0.6150683088752728,33,0.3939393939393939
一进二,0.3,1.8,5,100000,12,20,120,1,3,0.0015,1.0,24,24,0.4166666666666667,-0.015270028262836549,-0.003019298983611694,-0.3857589772532596,-0.6150683088752728,33,0.3939393939393939
一进二,0.3,1.8,1,100000,12,20,120,2,3,0.0015,1.0,24,24,0.4166666666666667,-0.017120951531533684,-0.003019298983611694,-0.4069338757057068,-0.6150683088752728,38,0.39473684210526316
一进二,0.3,1.8,3,100000,12,20,120,2,3,0.0015,1.0,24,24,0.4166666666666667,-0.01853067107629371,-0.015104094426776848,-0.42708298200984285,-0.6150683088752728,40,0.4
一进二,0.3,1.8,5,100000,12,20,120,2,3,0.0015,1.0,24,24,0.4166666666666667,-0.01853067107629371,-0.015104094426776848,-0.42708298200984285,-0.6150683088752728,40,0.4
二进三,0.3,1.8,0,100000,8,20,120,1,3,0.0015,1.0,12,12,0.4166666666666667,-0.00217745826380251,-0.023354583772391913,-0.12507975359807755,-0.32591808392670785,12,0.4166666666666667
二进三,0.3,1.8,0,100000,8,20,120,2,3,0.0015,1.0,12,12,0.4166666666666667,-0.00217745826380251,-0.023354583772391913,-0.12507975359807755,-0.32591808392670785,12,0.4166666666666667
一进二,-0.5,1.8,0,103000,22,20,120,2,3,0.0015,1.0,77,77,0.4155844155844156,-0.015347659669497828,-0.025786854179134233,-0.7691030262452966,-0.8433449645210598,145,0.4068965517241379
一进二,-0.5,1.8,0,103000,22,20,120,1,3,0.0015,1.0,77,77,0.4155844155844156,-0.017790991986667233,-0.026954545454545398,-0.8157432225517123,-0.8762618302274369,118,0.4067796610169492
全部,-1.0,2.0,1,103000,12,30,90,1,3,0.0015,1.0,118,118,0.4152542372881356,-0.002896044081513866,-0.011862972508591028,-0.5861187633013303,-0.7034477622725492,282,0.41843971631205673
全部,-1.0,2.0,3,103000,12,30,90,1,3,0.0015,1.0,118,118,0.4152542372881356,-0.0029164177431376904,-0.011862972508591028,-0.5871051604771287,-0.7034477622725492,282,0.41843971631205673
全部,-1.0,2.0,5,103000,12,30,90,1,3,0.0015,1.0,118,118,0.4152542372881356,-0.0029164177431376904,-0.011862972508591028,-0.5871051604771287,-0.7034477622725492,282,0.41843971631205673
全部,0.0,2.0,1,100000,16,20,120,2,3,0.0015,1.0,118,118,0.4152542372881356,-0.003204386926092178,-0.014075396172392951,-0.5049432522392625,-0.7743377422549389,450,0.41333333333333333
全部,0.0,2.0,3,100000,16,20,120,2,3,0.0015,1.0,118,118,0.4152542372881356,-0.003204386926092178,-0.014075396172392951,-0.5049432522392625,-0.7743377422549389,450,0.41333333333333333
全部,0.0,2.0,5,100000,16,20,120,2,3,0.0015,1.0,118,118,0.4152542372881356,-0.003204386926092178,-0.014075396172392951,-0.5049432522392625,-0.7743377422549389,450,0.41333333333333333
全部,0.0,2.0,1,100000,16,20,120,1,3,0.0015,1.0,118,118,0.4152542372881356,-0.004734248145133809,-0.021006205439661918,-0.6698905813185457,-0.8664211547613416,279,0.37992831541218636
全部,0.0,2.0,3,100000,16,20,120,1,3,0.0015,1.0,118,118,0.4152542372881356,-0.004734248145133809,-0.021006205439661918,-0.6698905813185457,-0.8664211547613416,279,0.37992831541218636
全部,0.0,2.0,5,100000,16,20,120,1,3,0.0015,1.0,118,118,0.4152542372881356,-0.004734248145133809,-0.021006205439661918,-0.6698905813185457,-0.8664211547613416,279,0.37992831541218636
首板,0.5,1.5,2,100000,25,25,100,1,3,0.0015,1.0,106,106,0.41509433962264153,-0.008968812457624913,-0.01492921416277959,-0.7001019413280772,-0.781528969876004,237,0.4219409282700422
首板,0.5,1.5,2,103000,25,25,100,1,3,0.0015,1.0,106,106,0.41509433962264153,-0.008968812457624913,-0.01492921416277959,-0.7001019413280772,-0.781528969876004,237,0.4219409282700422
首板,0.5,1.5,5,100000,25,25,100,1,3,0.0015,1.0,106,106,0.41509433962264153,-0.008968812457624913,-0.01492921416277959,-0.7001019413280772,-0.781528969876004,237,0.4219409282700422
首板,0.5,1.5,5,103000,25,25,100,1,3,0.0015,1.0,106,106,0.41509433962264153,-0.008968812457624913,-0.01492921416277959,-0.7001019413280772,-0.781528969876004,237,0.4219409282700422
首板,0.5,1.5,8,100000,25,25,100,1,3,0.0015,1.0,106,106,0.41509433962264153,-0.008968812457624913,-0.01492921416277959,-0.7001019413280772,-0.781528969876004,237,0.4219409282700422
首板,0.5,1.5,8,103000,25,25,100,1,3,0.0015,1.0,106,106,0.41509433962264153,-0.008968812457624913,-0.01492921416277959,-0.7001019413280772,-0.781528969876004,237,0.4219409282700422
全部,0.3,1.8,1,103000,22,20,120,2,3,0.0015,1.0,123,123,0.4146341463414634,-0.0032625250694000656,-0.013225900392250023,-0.5248013426513024,-0.822596848969348,508,0.4507874015748031
全部,0.3,1.8,3,103000,22,20,120,2,3,0.0015,1.0,123,123,0.4146341463414634,-0.0032625250694000656,-0.013225900392250023,-0.5248013426513024,-0.822596848969348,508,0.4507874015748031
全部,0.3,1.8,5,103000,22,20,120,2,3,0.0015,1.0,123,123,0.4146341463414634,-0.0032625250694000656,-0.013225900392250023,-0.5248013426513024,-0.822596848969348,508,0.4507874015748031
全部,0.3,1.8,1,100000,12,20,120,1,3,0.0015,1.0,82,82,0.4146341463414634,-0.00767612364562746,-0.013904398906269766,-0.6455821650131685,-0.7729347389724004,158,0.3987341772151899
全部,0.3,1.8,3,100000,12,20,120,1,3,0.0015,1.0,82,82,0.4146341463414634,-0.00767612364562746,-0.013904398906269766,-0.6455821650131685,-0.7729347389724004,158,0.3987341772151899
全部,0.3,1.8,5,100000,12,20,120,1,3,0.0015,1.0,82,82,0.4146341463414634,-0.00767612364562746,-0.013904398906269766,-0.6455821650131685,-0.7729347389724004,158,0.3987341772151899
二进三,-2.0,2.2,1,100000,12,20,120,2,3,0.0015,1.0,41,41,0.4146341463414634,-0.024333432003026303,-0.05555405405405395,-0.7369485984985941,-0.7814984616959989,67,0.43283582089552236
二进三,-2.0,2.2,0,100000,12,20,120,2,3,0.0015,1.0,41,41,0.4146341463414634,-0.029622683473556993,-0.05555405405405395,-0.7839158070088357,-0.7814984616959989,64,0.421875
全部,-2.0,2.5,1,103000,12,25,100,1,3,0.0015,1.0,128,128,0.4140625,0.0012508889409358192,-0.015594390232484434,-0.37051861126947516,-0.7535881848167271,328,0.4176829268292683
全部,-2.0,2.5,3,103000,12,25,100,1,3,0.0015,1.0,128,128,0.4140625,0.001232106971626356,-0.015594390232484434,-0.3720188451747718,-0.7535881848167271,328,0.42073170731707316
全部,-2.0,2.5,5,103000,12,25,100,1,3,0.0015,1.0,128,128,0.4140625,0.001232106971626356,-0.015594390232484434,-0.3720188451747718,-0.7535881848167271,328,0.42073170731707316
首板,0.0,2.0,2,100000,25,20,120,1,3,0.0015,1.0,128,128,0.4140625,-0.003471189155793028,-0.013406052981664694,-0.5711160267566812,-0.679826538652295,348,0.39655172413793105
首板,0.0,2.0,2,103000,25,20,120,1,3,0.0015,1.0,128,128,0.4140625,-0.003471189155793028,-0.013406052981664694,-0.5711160267566812,-0.679826538652295,348,0.39655172413793105
首板,0.0,2.0,5,100000,25,20,120,1,3,0.0015,1.0,128,128,0.4140625,-0.003471189155793028,-0.013406052981664694,-0.5711160267566812,-0.679826538652295,348,0.39655172413793105
首板,0.0,2.0,5,103000,25,20,120,1,3,0.0015,1.0,128,128,0.4140625,-0.003471189155793028,-0.013406052981664694,-0.5711160267566812,-0.679826538652295,348,0.39655172413793105
首板,0.0,2.0,8,100000,25,20,120,1,3,0.0015,1.0,128,128,0.4140625,-0.003471189155793028,-0.013406052981664694,-0.5711160267566812,-0.679826538652295,348,0.39655172413793105
首板,0.0,2.0,8,103000,25,20,120,1,3,0.0015,1.0,128,128,0.4140625,-0.003471189155793028,-0.013406052981664694,-0.5711160267566812,-0.679826538652295,348,0.39655172413793105
首板,0.0,2.0,2,100000,25,20,120,2,3,0.0015,1.0,128,128,0.4140625,-0.004608532807026328,-0.009960602120958756,-0.5527266581542574,-0.67149598633468,608,0.4095394736842105
首板,0.0,2.0,2,103000,25,20,120,2,3,0.0015,1.0,128,128,0.4140625,-0.004608532807026328,-0.009960602120958756,-0.5527266581542574,-0.67149598633468,608,0.4095394736842105
首板,0.0,2.0,5,100000,25,20,120,2,3,0.0015,1.0,128,128,0.4140625,-0.004608532807026328,-0.009960602120958756,-0.5527266581542574,-0.67149598633468,608,0.4095394736842105
首板,0.0,2.0,5,103000,25,20,120,2,3,0.0015,1.0,128,128,0.4140625,-0.004608532807026328,-0.009960602120958756,-0.5527266581542574,-0.67149598633468,608,0.4095394736842105
首板,0.0,2.0,8,100000,25,20,120,2,3,0.0015,1.0,128,128,0.4140625,-0.004608532807026328,-0.009960602120958756,-0.5527266581542574,-0.67149598633468,608,0.4095394736842105
首板,0.0,2.0,8,103000,25,20,120,2,3,0.0015,1.0,128,128,0.4140625,-0.004608532807026328,-0.009960602120958756,-0.5527266581542574,-0.67149598633468,608,0.4095394736842105
全部,-0.5,1.8,1,103000,12,25,100,1,3,0.0015,1.0,116,116,0.41379310344827586,0.0010117492113666257,-0.011862972508591028,-0.33149741218661466,-0.691685259143737,272,0.41911764705882354
全部,-0.5,1.8,3,103000,12,25,100,1,3,0.0015,1.0,116,116,0.41379310344827586,0.0010117492113666257,-0.011862972508591028,-0.33149741218661466,-0.691685259143737,272,0.41911764705882354
全部,-0.5,1.8,5,103000,12,25,100,1,3,0.0015,1.0,116,116,0.41379310344827586,0.0010117492113666257,-0.011862972508591028,-0.33149741218661466,-0.691685259143737,272,0.41911764705882354
全部,0.3,1.8,1,100000,22,25,100,2,3,0.0015,1.0,116,116,0.41379310344827586,-0.003854223927925917,-0.006112967688523319,-0.49357341528790943,-0.7785404911376584,438,0.4292237442922374
全部,0.3,1.8,3,100000,22,25,100,2,3,0.0015,1.0,116,116,0.41379310344827586,-0.0041494537225486685,-0.0072592435229560095,-0.5109819866967485,-0.7785404911376584,438,0.4315068493150685
全部,0.3,1.8,5,100000,22,25,100,2,3,0.0015,1.0,116,116,0.41379310344827586,-0.0041494537225486685,-0.0072592435229560095,-0.5109819866967485,-0.7785404911376584,438,0.4315068493150685
全部,0.5,1.5,1,100000,16,25,100,2,3,0.0015,1.0,87,87,0.41379310344827586,-0.0041368244038389465,-0.018309471684344325,-0.4465916002709138,-0.6361536427136936,216,0.4305555555555556
全部,0.5,1.5,3,100000,16,25,100,2,3,0.0015,1.0,87,87,0.41379310344827586,-0.004530464130002616,-0.02025709313586327,-0.46560729581371263,-0.6361536427136936,217,0.42857142857142855
二进三,-1.0,2.0,0,100000,8,25,100,1,3,0.0015,1.0,29,29,0.41379310344827586,-0.009209317276119395,-0.026923728813559367,-0.4222060677097853,-0.5939906583380226,33,0.45454545454545453
二进三,-1.0,2.0,0,100000,8,25,100,2,3,0.0015,1.0,29,29,0.41379310344827586,-0.009209317276119395,-0.026923728813559367,-0.4222060677097853,-0.5939906583380226,34,0.47058823529411764
一进二,0.0,2.0,0,100000,16,30,90,1,3,0.0015,1.0,29,29,0.41379310344827586,-0.013935444488267654,-0.028325633383010362,-0.407214071686808,-0.667113615980631,38,0.39473684210526316
一进二,0.3,1.8,0,100000,22,20,120,1,3,0.0015,1.0,29,29,0.41379310344827586,-0.01631262464840491,-0.028325633383010362,-0.4566775866114614,-0.5986292630320755,37,0.43243243243243246
一进二,0.0,2.0,1,100000,16,30,90,1,3,0.0015,1.0,29,29,0.41379310344827586,-0.016314275801706184,-0.028325633383010362,-0.44418862783482094,-0.667113615980631,38,0.39473684210526316
一进二,0.0,2.0,3,100000,16,30,90,1,3,0.0015,1.0,29,29,0.41379310344827586,-0.016314275801706184,-0.028325633383010362,-0.44418862783482094,-0.667113615980631,38,0.39473684210526316
一进二,0.0,2.0,5,100000,16,30,90,1,3,0.0015,1.0,29,29,0.41379310344827586,-0.016314275801706184,-0.028325633383010362,-0.44418862783482094,-0.667113615980631,39,0.41025641025641024
一进二,0.3,1.8,0,100000,22,20,120,2,3,0.0015,1.0,29,29,0.41379310344827586,-0.019049271525200365,-0.028325633383010362,-0.49253048487154394,-0.5986292630320755,39,0.46153846153846156
一进二,0.0,2.0,0,100000,16,30,90,2,3,0.0015,1.0,29,29,0.41379310344827586,-0.021137735381290282,-0.028325633383010362,-0.5060019877776322,-0.667113615980631,42,0.42857142857142855
一进二,0.0,2.0,1,100000,16,30,90,2,3,0.0015,1.0,29,29,0.41379310344827586,-0.02232715103800955,-0.028325633383010362,-0.5214013328457097,-0.667113615980631,46,0.41304347826086957
一进二,0.0,2.0,3,100000,16,30,90,2,3,0.0015,1.0,29,29,0.41379310344827586,-0.02232715103800955,-0.028325633383010362,-0.5214013328457097,-0.667113615980631,47,0.425531914893617
一进二,0.0,2.0,5,100000,16,30,90,2,3,0.0015,1.0,29,29,0.41379310344827586,-0.02232715103800955,-0.028325633383010362,-0.5214013328457097,-0.667113615980631,48,0.4375
全部,0.0,2.5,1,103000,22,20,120,2,3,0.0015,1.0,133,133,0.41353383458646614,0.0030087379459655447,-0.013954592631032657,0.019601096189299838,-0.5533282019103682,628,0.43789808917197454
全部,0.0,2.5,3,103000,22,20,120,2,3,0.0015,1.0,133,133,0.41353383458646614,0.0030087379459655447,-0.013954592631032657,0.019601096189299838,-0.5533282019103682,628,0.43789808917197454
全部,0.0,2.5,5,103000,22,20,120,2,3,0.0015,1.0,133,133,0.41353383458646614,0.0030087379459655447,-0.013954592631032657,0.019601096189299838,-0.5533282019103682,628,0.43789808917197454
全部,-1.0,2.0,1,100000,16,25,100,1,3,0.0015,1.0,133,133,0.41353383458646614,-0.007950680914258093,-0.02734013924220119,-0.7906514166150088,-0.8772216716276047,361,0.40166204986149584
全部,-1.0,2.0,3,100000,16,25,100,1,3,0.0015,1.0,133,133,0.41353383458646614,-0.007950680914258093,-0.02734013924220119,-0.7906514166150088,-0.8772216716276047,361,0.40166204986149584
全部,-1.0,2.0,5,100000,16,25,100,1,3,0.0015,1.0,133,133,0.41353383458646614,-0.007950680914258093,-0.02734013924220119,-0.7906514166150088,-0.8772216716276047,361,0.40166204986149584
首板,0.5,1.5,2,100000,25,30,90,1,3,0.0015,1.0,104,104,0.41346153846153844,-0.005843361200074478,-0.012200857692130139,-0.5751081630225281,-0.6961973294920707,209,0.4449760765550239
首板,0.5,1.5,2,103000,25,30,90,1,3,0.0015,1.0,104,104,0.41346153846153844,-0.005843361200074478,-0.012200857692130139,-0.5751081630225281,-0.6961973294920707,209,0.4449760765550239
首板,0.5,1.5,5,100000,25,30,90,1,3,0.0015,1.0,104,104,0.41346153846153844,-0.005843361200074478,-0.012200857692130139,-0.5751081630225281,-0.6961973294920707,209,0.4449760765550239
首板,0.5,1.5,5,103000,25,30,90,1,3,0.0015,1.0,104,104,0.41346153846153844,-0.005843361200074478,-0.012200857692130139,-0.5751081630225281,-0.6961973294920707,209,0.4449760765550239
首板,0.5,1.5,8,100000,25,30,90,1,3,0.0015,1.0,104,104,0.41346153846153844,-0.005843361200074478,-0.012200857692130139,-0.5751081630225281,-0.6961973294920707,209,0.4449760765550239
首板,0.5,1.5,8,103000,25,30,90,1,3,0.0015,1.0,104,104,0.41346153846153844,-0.005843361200074478,-0.012200857692130139,-0.5751081630225281,-0.6961973294920707,209,0.4449760765550239
首板,0.3,1.8,2,100000,25,20,120,1,3,0.0015,1.0,121,121,0.4132231404958678,-0.01148792922426506,-0.01591468780820876,-0.8237589904697762,-0.8727732932786556,305,0.3901639344262295
首板,0.3,1.8,2,103000,25,20,120,1,3,0.0015,1.0,121,121,0.4132231404958678,-0.01148792922426506,-0.01591468780820876,-0.8237589904697762,-0.8727732932786556,305,0.3901639344262295
首板,0.3,1.8,5,100000,25,20,120,1,3,0.0015,1.0,121,121,0.4132231404958678,-0.01148792922426506,-0.01591468780820876,-0.8237589904697762,-0.8727732932786556,305,0.3901639344262295
首板,0.3,1.8,5,103000,25,20,120,1,3,0.0015,1.0,121,121,0.4132231404958678,-0.01148792922426506,-0.01591468780820876,-0.8237589904697762,-0.8727732932786556,305,0.3901639344262295
首板,0.3,1.8,8,100000,25,20,120,1,3,0.0015,1.0,121,121,0.4132231404958678,-0.01148792922426506,-0.01591468780820876,-0.8237589904697762,-0.8727732932786556,305,0.3901639344262295
首板,0.3,1.8,8,103000,25,20,120,1,3,0.0015,1.0,121,121,0.4132231404958678,-0.01148792922426506,-0.01591468780820876,-0.8237589904697762,-0.8727732932786556,305,0.3901639344262295
全部,-2.0,2.5,1,100000,22,20,120,1,3,0.0015,1.0,138,138,0.41304347826086957,0.0003874696655271127,-0.01757169239316403,-0.45922748661111856,-0.7528877104930247,411,0.4233576642335766
全部,-2.0,2.5,3,100000,22,20,120,1,3,0.0015,1.0,138,138,0.41304347826086957,0.0003874696655271127,-0.01757169239316403,-0.45922748661111856,-0.7528877104930247,411,0.4233576642335766
全部,-2.0,2.5,5,100000,22,20,120,1,3,0.0015,1.0,138,138,0.41304347826086957,0.0003874696655271127,-0.01757169239316403,-0.45922748661111856,-0.7528877104930247,411,0.4233576642335766
全部,-2.0,2.5,1,100000,22,25,100,1,3,0.0015,1.0,138,138,0.41304347826086957,-0.0029503557091496266,-0.014804904879714087,-0.6162076332577748,-0.7940020146339739,409,0.41075794621026895
全部,-2.0,2.5,3,100000,22,25,100,1,3,0.0015,1.0,138,138,0.41304347826086957,-0.0029503557091496266,-0.014804904879714087,-0.6162076332577748,-0.7940020146339739,409,0.41075794621026895
全部,-2.0,2.5,5,100000,22,25,100,1,3,0.0015,1.0,138,138,0.41304347826086957,-0.0029503557091496266,-0.014804904879714087,-0.6162076332577748,-0.7940020146339739,409,0.41075794621026895
全部,0.5,1.5,1,100000,16,20,120,1,3,0.0015,1.0,92,92,0.41304347826086957,-0.005096277619147863,-0.020135647891569408,-0.5562947377663646,-0.7430510198870769,182,0.4340659340659341
全部,0.5,1.5,3,100000,16,20,120,1,3,0.0015,1.0,92,92,0.41304347826086957,-0.005840770144718282,-0.020644759656529454,-0.5867870981335108,-0.7430510198870769,182,0.4340659340659341
全部,0.5,1.5,5,100000,16,20,120,1,3,0.0015,1.0,92,92,0.41304347826086957,-0.005840770144718282,-0.020644759656529454,-0.5867870981335108,-0.7430510198870769,182,0.4340659340659341
首板,0.0,2.5,2,100000,25,30,90,1,3,0.0015,1.0,126,126,0.4126984126984127,-0.0064666506008234275,-0.01773152520460597,-0.6819822250719196,-0.6777866010541047,312,0.3974358974358974
首板,0.0,2.5,2,103000,25,30,90,1,3,0.0015,1.0,126,126,0.4126984126984127,-0.0064666506008234275,-0.01773152520460597,-0.6819822250719196,-0.6777866010541047,312,0.3974358974358974
首板,0.0,2.5,5,100000,25,30,90,1,3,0.0015,1.0,126,126,0.4126984126984127,-0.0064666506008234275,-0.01773152520460597,-0.6819822250719196,-0.6777866010541047,312,0.3974358974358974
首板,0.0,2.5,5,103000,25,30,90,1,3,0.0015,1.0,126,126,0.4126984126984127,-0.0064666506008234275,-0.01773152520460597,-0.6819822250719196,-0.6777866010541047,312,0.3974358974358974
首板,0.0,2.5,8,100000,25,30,90,1,3,0.0015,1.0,126,126,0.4126984126984127,-0.0064666506008234275,-0.01773152520460597,-0.6819822250719196,-0.6777866010541047,312,0.3974358974358974
首板,0.0,2.5,8,103000,25,30,90,1,3,0.0015,1.0,126,126,0.4126984126984127,-0.0064666506008234275,-0.01773152520460597,-0.6819822250719196,-0.6777866010541047,312,0.3974358974358974
全部,-0.5,1.8,1,100000,12,25,100,1,3,0.0015,1.0,114,114,0.41228070175438597,-0.0034447052281528865,-0.012942672966232025,-0.5928685949692422,-0.7581468939064678,256,0.4140625
全部,-0.5,1.8,3,100000,12,25,100,1,3,0.0015,1.0,114,114,0.41228070175438597,-0.0034447052281528865,-0.012942672966232025,-0.5928685949692422,-0.7581468939064678,256,0.4140625
全部,-0.5,1.8,5,100000,12,25,100,1,3,0.0015,1.0,114,114,0.41228070175438597,-0.0034447052281528865,-0.012942672966232025,-0.5928685949692422,-0.7581468939064678,256,0.4140625
首板,0.0,2.5,2,100000,25,20,120,2,3,0.0015,1.0,131,131,0.4122137404580153,-0.0065699084866100805,-0.012950735991388074,-0.6581608974216273,-0.6939463019346853,626,0.4073482428115016
首板,0.0,2.5,2,103000,25,20,120,2,3,0.0015,1.0,131,131,0.4122137404580153,-0.0065699084866100805,-0.012950735991388074,-0.6581608974216273,-0.6939463019346853,626,0.4073482428115016
首板,0.0,2.5,5,100000,25,20,120,2,3,0.0015,1.0,131,131,0.4122137404580153,-0.0065699084866100805,-0.012950735991388074,-0.6581608974216273,-0.6939463019346853,626,0.4073482428115016
首板,0.0,2.5,5,103000,25,20,120,2,3,0.0015,1.0,131,131,0.4122137404580153,-0.0065699084866100805,-0.012950735991388074,-0.6581608974216273,-0.6939463019346853,626,0.4073482428115016
首板,0.0,2.5,8,100000,25,20,120,2,3,0.0015,1.0,131,131,0.4122137404580153,-0.0065699084866100805,-0.012950735991388074,-0.6581608974216273,-0.6939463019346853,626,0.4073482428115016
首板,0.0,2.5,8,103000,25,20,120,2,3,0.0015,1.0,131,131,0.4122137404580153,-0.0065699084866100805,-0.012950735991388074,-0.6581608974216273,-0.6939463019346853,626,0.4073482428115016
全部,0.0,2.0,1,100000,22,30,90,1,3,0.0015,1.0,119,119,0.4117647058823529,-0.0022344680939721953,-0.019558690744920948,-0.4998921400310752,-0.7378284015976355,294,0.3945578231292517
全部,0.0,2.0,3,100000,22,30,90,1,3,0.0015,1.0,119,119,0.4117647058823529,-0.0022344680939721953,-0.019558690744920948,-0.4998921400310752,-0.7378284015976355,294,0.3945578231292517
全部,0.0,2.0,5,100000,22,30,90,1,3,0.0015,1.0,119,119,0.4117647058823529,-0.0022344680939721953,-0.019558690744920948,-0.4998921400310752,-0.7378284015976355,294,0.3945578231292517
全部,0.3,1.8,1,100000,22,20,120,1,3,0.0015,1.0,119,119,0.4117647058823529,-0.0031837567110211437,-0.013100928074245953,-0.56300878695022,-0.8629984537482203,299,0.38127090301003347
全部,0.3,1.8,3,100000,22,20,120,1,3,0.0015,1.0,119,119,0.4117647058823529,-0.0031837567110211437,-0.013100928074245953,-0.56300878695022,-0.8629984537482203,299,0.38127090301003347
全部,0.3,1.8,5,100000,22,20,120,1,3,0.0015,1.0,119,119,0.4117647058823529,-0.0031837567110211437,-0.013100928074245953,-0.56300878695022,-0.8629984537482203,299,0.38127090301003347
全部,0.0,2.0,1,103000,22,30,90,1,3,0.0015,1.0,124,124,0.4112903225806452,0.002183861571882459,-0.018286294305880024,-0.24171326584632713,-0.876118806195596,309,0.4077669902912621
全部,0.0,2.0,3,103000,22,30,90,1,3,0.0015,1.0,124,124,0.4112903225806452,0.002183861571882459,-0.018286294305880024,-0.24171326584632713,-0.876118806195596,309,0.4077669902912621
全部,0.0,2.0,5,103000,22,30,90,1,3,0.0015,1.0,124,124,0.4112903225806452,0.002183861571882459,-0.018286294305880024,-0.24171326584632713,-0.876118806195596,309,0.4077669902912621
首板,-1.0,2.0,2,100000,16,30,90,1,3,0.0015,1.0,124,124,0.4112903225806452,-0.0063558721560901,-0.02009018038946664,-0.6873980034481526,-0.7813038992773341,316,0.41455696202531644
首板,-1.0,2.0,2,103000,16,30,90,1,3,0.0015,1.0,124,124,0.4112903225806452,-0.0063558721560901,-0.02009018038946664,-0.6873980034481526,-0.7813038992773341,316,0.41455696202531644
首板,-1.0,2.0,5,100000,16,30,90,1,3,0.0015,1.0,124,124,0.4112903225806452,-0.0063558721560901,-0.02009018038946664,-0.6873980034481526,-0.7813038992773341,316,0.41455696202531644
首板,-1.0,2.0,5,103000,16,30,90,1,3,0.0015,1.0,124,124,0.4112903225806452,-0.0063558721560901,-0.02009018038946664,-0.6873980034481526,-0.7813038992773341,316,0.41455696202531644
首板,-1.0,2.0,8,100000,16,30,90,1,3,0.0015,1.0,124,124,0.4112903225806452,-0.0063558721560901,-0.02009018038946664,-0.6873980034481526,-0.7813038992773341,316,0.41455696202531644
首板,-1.0,2.0,8,103000,16,30,90,1,3,0.0015,1.0,124,124,0.4112903225806452,-0.0063558721560901,-0.02009018038946664,-0.6873980034481526,-0.7813038992773341,316,0.41455696202531644
全部,0.0,2.5,1,100000,16,25,100,1,3,0.0015,1.0,117,117,0.41025641025641024,-0.00807722424350833,-0.025665707710011365,-0.7698403631994073,-0.8962515873808271,271,0.3800738007380074
全部,0.0,2.5,3,100000,16,25,100,1,3,0.0015,1.0,117,117,0.41025641025641024,-0.00807722424350833,-0.025665707710011365,-0.7698403631994073,-0.8962515873808271,271,0.3800738007380074
全部,0.0,2.5,5,100000,16,25,100,1,3,0.0015,1.0,117,117,0.41025641025641024,-0.00807722424350833,-0.025665707710011365,-0.7698403631994073,-0.8962515873808271,271,0.3800738007380074
二进三,-1.0,2.0,0,103000,12,25,100,2,3,0.0015,1.0,39,39,0.41025641025641024,-0.005478204436713359,-0.026923728813559367,-0.44171024846537066,-0.6463488397717854,55,0.45454545454545453
二进三,-1.0,2.0,0,103000,12,25,100,1,3,0.0015,1.0,39,39,0.41025641025641024,-0.008833986300460804,-0.026752525252525305,-0.5200305737574054,-0.6424131567631144,51,0.45098039215686275
全部,0.0,2.0,1,103000,16,20,120,1,3,0.0015,1.0,122,122,0.4098360655737705,0.0005015228939450829,-0.022529411764705798,-0.4503850479442679,-0.7429344228925336,296,0.40202702702702703
全部,0.0,2.0,3,103000,16,20,120,1,3,0.0015,1.0,122,122,0.4098360655737705,0.0005015228939450829,-0.022529411764705798,-0.4503850479442679,-0.7429344228925336,296,0.40202702702702703
全部,0.0,2.0,5,103000,16,20,120,1,3,0.0015,1.0,122,122,0.4098360655737705,0.0005015228939450829,-0.022529411764705798,-0.4503850479442679,-0.7429344228925336,296,0.40202702702702703
全部,0.5,1.5,1,100000,16,30,90,2,3,0.0015,1.0,83,83,0.40963855421686746,-0.0032056281250936085,-0.02077710843373498,-0.3899039654934221,-0.6704515966419846,190,0.4368421052631579
全部,0.5,1.5,3,100000,16,30,90,2,3,0.0015,1.0,83,83,0.40963855421686746,-0.0043126198783013485,-0.02077710843373498,-0.4429644294453149,-0.6704515966419846,191,0.43455497382198954
首板,0.5,1.5,2,100000,22,20,120,2,3,0.0015,1.0,105,105,0.4095238095238095,-0.008337085491807703,-0.017144287319780294,-0.6685798321799081,-0.7132125834682227,332,0.4427710843373494
首板,0.5,1.5,2,103000,22,20,120,2,3,0.0015,1.0,105,105,0.4095238095238095,-0.008337085491807703,-0.017144287319780294,-0.6685798321799081,-0.7132125834682227,332,0.4427710843373494
首板,0.5,1.5,5,100000,22,20,120,2,3,0.0015,1.0,105,105,0.4095238095238095,-0.008337085491807703,-0.017144287319780294,-0.6685798321799081,-0.7132125834682227,332,0.4427710843373494
首板,0.5,1.5,5,103000,22,20,120,2,3,0.0015,1.0,105,105,0.4095238095238095,-0.008337085491807703,-0.017144287319780294,-0.6685798321799081,-0.7132125834682227,332,0.4427710843373494
首板,0.5,1.5,8,100000,22,20,120,2,3,0.0015,1.0,105,105,0.4095238095238095,-0.008337085491807703,-0.017144287319780294,-0.6685798321799081,-0.7132125834682227,332,0.4427710843373494
首板,0.5,1.5,8,103000,22,20,120,2,3,0.0015,1.0,105,105,0.4095238095238095,-0.008337085491807703,-0.017144287319780294,-0.6685798321799081,-0.7132125834682227,332,0.4427710843373494
全部,0.0,2.0,1,100000,22,20,120,1,3,0.0015,1.0,127,127,0.4094488188976378,0.0045542385508933565,-0.020512410879323928,-0.06709905783274128,-0.6716174827681552,343,0.3877551020408163
全部,0.0,2.0,3,100000,22,20,120,1,3,0.0015,1.0,127,127,0.4094488188976378,0.0045542385508933565,-0.020512410879323928,-0.06709905783274128,-0.6716174827681552,343,0.3877551020408163
全部,0.0,2.0,5,100000,22,20,120,1,3,0.0015,1.0,127,127,0.4094488188976378,0.0045542385508933565,-0.020512410879323928,-0.06709905783274128,-0.6716174827681552,343,0.3877551020408163
全部,-2.0,2.5,1,100000,12,20,120,1,3,0.0015,1.0,127,127,0.4094488188976378,-0.005054844180157004,-0.018129486919488957,-0.7194146196988886,-0.858649680554139,332,0.42168674698795183
全部,-2.0,2.5,3,100000,12,20,120,1,3,0.0015,1.0,127,127,0.4094488188976378,-0.005054844180157004,-0.018129486919488957,-0.7194146196988886,-0.858649680554139,332,0.42168674698795183
全部,-2.0,2.5,5,100000,12,20,120,1,3,0.0015,1.0,127,127,0.4094488188976378,-0.005054844180157004,-0.018129486919488957,-0.7194146196988886,-0.858649680554139,332,0.42168674698795183
首板,-0.5,1.8,2,100000,25,30,90,1,3,0.0015,1.0,132,132,0.4090909090909091,-0.011533495206249302,-0.011294426386710075,-0.8494952905691359,-0.8621591880652086,368,0.4076086956521739
首板,-0.5,1.8,2,103000,25,30,90,1,3,0.0015,1.0,132,132,0.4090909090909091,-0.011533495206249302,-0.011294426386710075,-0.8494952905691359,-0.8621591880652086,368,0.4076086956521739
首板,-0.5,1.8,5,100000,25,30,90,1,3,0.0015,1.0,132,132,0.4090909090909091,-0.011533495206249302,-0.011294426386710075,-0.8494952905691359,-0.8621591880652086,368,0.4076086956521739
首板,-0.5,1.8,5,103000,25,30,90,1,3,0.0015,1.0,132,132,0.4090909090909091,-0.011533495206249302,-0.011294426386710075,-0.8494952905691359,-0.8621591880652086,368,0.4076086956521739
首板,-0.5,1.8,8,100000,25,30,90,1,3,0.0015,1.0,132,132,0.4090909090909091,-0.011533495206249302,-0.011294426386710075,-0.8494952905691359,-0.8621591880652086,368,0.4076086956521739
首板,-0.5,1.8,8,103000,25,30,90,1,3,0.0015,1.0,132,132,0.4090909090909091,-0.011533495206249302,-0.011294426386710075,-0.8494952905691359,-0.8621591880652086,368,0.4076086956521739
首板,0.5,1.5,2,100000,16,20,120,1,3,0.0015,1.0,88,88,0.4090909090909091,-0.0016154165534002917,-0.016353902952532584,-0.3396372849660557,-0.6988837175233018,166,0.43373493975903615
首板,0.5,1.5,2,103000,16,20,120,1,3,0.0015,1.0,88,88,0.4090909090909091,-0.0016154165534002917,-0.016353902952532584,-0.3396372849660557,-0.6988837175233018,166,0.43373493975903615
首板,0.5,1.5,5,100000,16,20,120,1,3,0.0015,1.0,88,88,0.4090909090909091,-0.0016154165534002917,-0.016353902952532584,-0.3396372849660557,-0.6988837175233018,166,0.43373493975903615
首板,0.5,1.5,5,103000,16,20,120,1,3,0.0015,1.0,88,88,0.4090909090909091,-0.0016154165534002917,-0.016353902952532584,-0.3396372849660557,-0.6988837175233018,166,0.43373493975903615
首板,0.5,1.5,8,100000,16,20,120,1,3,0.0015,1.0,88,88,0.4090909090909091,-0.0016154165534002917,-0.016353902952532584,-0.3396372849660557,-0.6988837175233018,166,0.43373493975903615
首板,0.5,1.5,8,103000,16,20,120,1,3,0.0015,1.0,88,88,0.4090909090909091,-0.0016154165534002917,-0.016353902952532584,-0.3396372849660557,-0.6988837175233018,166,0.43373493975903615
首板,-2.0,2.5,2,100000,22,30,90,1,3,0.0015,1.0,137,137,0.40875912408759124,0.0008286315364261604,-0.01334600197433372,-0.2644817469851418,-0.5655640832141999,402,0.4228855721393035
首板,-2.0,2.5,2,103000,22,30,90,1,3,0.0015,1.0,137,137,0.40875912408759124,0.0008286315364261604,-0.01334600197433372,-0.2644817469851418,-0.5655640832141999,402,0.4228855721393035
首板,-2.0,2.5,5,100000,22,30,90,1,3,0.0015,1.0,137,137,0.40875912408759124,0.0008286315364261604,-0.01334600197433372,-0.2644817469851418,-0.5655640832141999,402,0.4228855721393035
首板,-2.0,2.5,5,103000,22,30,90,1,3,0.0015,1.0,137,137,0.40875912408759124,0.0008286315364261604,-0.01334600197433372,-0.2644817469851418,-0.5655640832141999,402,0.4228855721393035
首板,-2.0,2.5,8,100000,22,30,90,1,3,0.0015,1.0,137,137,0.40875912408759124,0.0008286315364261604,-0.01334600197433372,-0.2644817469851418,-0.5655640832141999,402,0.4228855721393035
首板,-2.0,2.5,8,103000,22,30,90,1,3,0.0015,1.0,137,137,0.40875912408759124,0.0008286315364261604,-0.01334600197433372,-0.2644817469851418,-0.5655640832141999,402,0.4228855721393035
全部,-1.0,2.0,1,103000,22,25,100,1,3,0.0015,1.0,137,137,0.40875912408759124,-0.0012376733234712748,-0.021499999999999908,-0.524666734317715,-0.7372236950617646,406,0.39408866995073893
全部,-1.0,2.0,3,103000,22,25,100,1,3,0.0015,1.0,137,137,0.40875912408759124,-0.0012376733234712748,-0.021499999999999908,-0.524666734317715,-0.7372236950617646,406,0.39408866995073893
全部,-1.0,2.0,5,103000,22,25,100,1,3,0.0015,1.0,137,137,0.40875912408759124,-0.0012376733234712748,-0.021499999999999908,-0.524666734317715,-0.7372236950617646,406,0.39408866995073893
首板,-1.0,2.0,2,100000,25,20,120,2,3,0.0015,1.0,137,137,0.40875912408759124,-0.007093383754871735,-0.008917929292929283,-0.7046467024273199,-0.770497234068112,800,0.405
首板,-1.0,2.0,2,103000,25,20,120,2,3,0.0015,1.0,137,137,0.40875912408759124,-0.007093383754871735,-0.008917929292929283,-0.7046467024273199,-0.770497234068112,800,0.405
首板,-1.0,2.0,5,100000,25,20,120,2,3,0.0015,1.0,137,137,0.40875912408759124,-0.007093383754871735,-0.008917929292929283,-0.7046467024273199,-0.770497234068112,800,0.405
首板,-1.0,2.0,5,103000,25,20,120,2,3,0.0015,1.0,137,137,0.40875912408759124,-0.007093383754871735,-0.008917929292929283,-0.7046467024273199,-0.770497234068112,800,0.405
首板,-1.0,2.0,8,100000,25,20,120,2,3,0.0015,1.0,137,137,0.40875912408759124,-0.007093383754871735,-0.008917929292929283,-0.7046467024273199,-0.770497234068112,800,0.405
首板,-1.0,2.0,8,103000,25,20,120,2,3,0.0015,1.0,137,137,0.40875912408759124,-0.007093383754871735,-0.008917929292929283,-0.7046467024273199,-0.770497234068112,800,0.405
全部,-0.5,1.8,1,103000,12,20,120,1,3,0.0015,1.0,120,120,0.4083333333333333,-0.00527732514798499,-0.012206615120274876,-0.6950233162055645,-0.8260855020578217,286,0.42657342657342656
全部,-0.5,1.8,3,103000,12,20,120,1,3,0.0015,1.0,120,120,0.4083333333333333,-0.00527732514798499,-0.012206615120274876,-0.6950233162055645,-0.8260855020578217,286,0.42657342657342656
全部,-0.5,1.8,5,103000,12,20,120,1,3,0.0015,1.0,120,120,0.4083333333333333,-0.00527732514798499,-0.012206615120274876,-0.6950233162055645,-0.8260855020578217,286,0.42657342657342656
首板,-1.0,2.0,2,100000,25,30,90,2,3,0.0015,1.0,135,135,0.4074074074074074,-0.009396156957931796,-0.012496563573883122,-0.7690784216897399,-0.7983404130604018,736,0.4157608695652174
首板,-1.0,2.0,2,103000,25,30,90,2,3,0.0015,1.0,135,135,0.4074074074074074,-0.009396156957931796,-0.012496563573883122,-0.7690784216897399,-0.7983404130604018,736,0.4157608695652174
首板,-1.0,2.0,5,100000,25,30,90,2,3,0.0015,1.0,135,135,0.4074074074074074,-0.009396156957931796,-0.012496563573883122,-0.7690784216897399,-0.7983404130604018,736,0.4157608695652174
首板,-1.0,2.0,5,103000,25,30,90,2,3,0.0015,1.0,135,135,0.4074074074074074,-0.009396156957931796,-0.012496563573883122,-0.7690784216897399,-0.7983404130604018,736,0.4157608695652174
首板,-1.0,2.0,8,100000,25,30,90,2,3,0.0015,1.0,135,135,0.4074074074074074,-0.009396156957931796,-0.012496563573883122,-0.7690784216897399,-0.7983404130604018,736,0.4157608695652174
首板,-1.0,2.0,8,103000,25,30,90,2,3,0.0015,1.0,135,135,0.4074074074074074,-0.009396156957931796,-0.012496563573883122,-0.7690784216897399,-0.7983404130604018,736,0.4157608695652174
一进二,0.0,2.0,0,100000,12,30,90,1,3,0.0015,1.0,27,27,0.4074074074074074,-0.013875989639908356,-0.028325633383010362,-0.3884622830457307,-0.6487750538769163,35,0.4
一进二,0.3,1.8,0,100000,16,20,120,1,3,0.0015,1.0,27,27,0.4074074074074074,-0.014781919426186315,-0.028325633383010362,-0.4120532923194383,-0.5656637798395856,35,0.42857142857142855
一进二,0.0,2.0,1,100000,12,30,90,1,3,0.0015,1.0,27,27,0.4074074074074074,-0.016431030680268254,-0.028325633383010362,-0.42660646726497353,-0.6487750538769163,35,0.4
一进二,0.0,2.0,3,100000,12,30,90,1,3,0.0015,1.0,27,27,0.4074074074074074,-0.016431030680268254,-0.028325633383010362,-0.42660646726497353,-0.6487750538769163,35,0.4
一进二,0.0,2.0,5,100000,12,30,90,1,3,0.0015,1.0,27,27,0.4074074074074074,-0.016431030680268254,-0.028325633383010362,-0.42660646726497353,-0.6487750538769163,36,0.4166666666666667
一进二,0.3,1.8,0,100000,22,25,100,1,3,0.0015,1.0,27,27,0.4074074074074074,-0.016598379001207853,-0.028325633383010362,-0.4177454032868476,-0.5698687357140243,34,0.4411764705882353
一进二,0.0,2.0,0,100000,12,30,90,2,3,0.0015,1.0,27,27,0.4074074074074074,-0.016815351100170135,-0.028325633383010362,-0.42881659018984875,-0.6487750538769163,38,0.4473684210526316
一进二,0.3,1.8,0,100000,16,20,120,2,3,0.0015,1.0,27,27,0.4074074074074074,-0.017721280886448098,-0.028325633383010362,-0.4508508699149485,-0.5656637798395856,37,0.4594594594594595
一进二,0.0,2.0,1,100000,12,30,90,2,3,0.0015,1.0,27,27,0.4074074074074074,-0.018092871620350087,-0.028325633383010362,-0.4466220270685466,-0.6487750538769163,42,0.42857142857142855
一进二,0.0,2.0,3,100000,12,30,90,2,3,0.0015,1.0,27,27,0.4074074074074074,-0.018092871620350087,-0.028325633383010362,-0.4466220270685466,-0.6487750538769163,43,0.4418604651162791
一进二,0.0,2.0,5,100000,12,30,90,2,3,0.0015,1.0,27,27,0.4074074074074074,-0.018092871620350087,-0.028325633383010362,-0.4466220270685466,-0.6487750538769163,44,0.45454545454545453
一进二,0.3,1.8,0,100000,22,25,100,2,3,0.0015,1.0,27,27,0.4074074074074074,-0.019537740461469635,-0.028325633383010362,-0.4561673684092281,-0.5698687357140243,36,0.4722222222222222
全部,0.0,2.0,1,100000,12,30,90,1,3,0.0015,1.0,86,86,0.4069767441860465,-0.005541327611902652,-0.02060983862571575,-0.5894863094355662,-0.8146686049472167,162,0.43209876543209874
全部,0.0,2.0,3,100000,12,30,90,1,3,0.0015,1.0,86,86,0.4069767441860465,-0.005541327611902652,-0.02060983862571575,-0.5894863094355662,-0.8146686049472167,162,0.43209876543209874
全部,0.0,2.0,5,100000,12,30,90,1,3,0.0015,1.0,86,86,0.4069767441860465,-0.005541327611902652,-0.02060983862571575,-0.5894863094355662,-0.8146686049472167,163,0.43558282208588955
一进二,-1.0,2.0,0,103000,22,20,120,1,3,0.0015,1.0,86,86,0.4069767441860465,-0.019550654127637415,-0.025256684491978543,-0.8700185280288774,-0.9239495215389372,136,0.3897058823529412
二进三,-1.0,2.0,0,100000,10,25,100,1,3,0.0015,1.0,32,32,0.40625,-0.014508029525533636,-0.04123889143380666,-0.5528594712331782,-0.6513841956598829,39,0.4358974358974359
二进三,-1.0,2.0,0,100000,10,25,100,2,3,0.0015,1.0,32,32,0.40625,-0.014842772821291782,-0.046509182385419984,-0.557780802693883,-0.6513841956598829,42,0.42857142857142855
二进三,-2.0,2.2,1,100000,8,25,100,1,3,0.0015,1.0,32,32,0.40625,-0.017287025024139153,-0.031113272857483887,-0.554374379766698,-0.6870118779304736,41,0.4634146341463415
二进三,-2.0,2.2,2,100000,8,25,100,1,3,0.0015,1.0,32,32,0.40625,-0.017287025024139153,-0.031113272857483887,-0.554374379766698,-0.6870118779304736,41,0.4634146341463415
二进三,-2.0,2.2,1,100000,8,25,100,2,3,0.0015,1.0,32,32,0.40625,-0.017985671040617934,-0.04220600734062735,-0.5646109396549477,-0.6942015939396163,43,0.46511627906976744
二进三,-2.0,2.2,2,100000,8,25,100,2,3,0.0015,1.0,32,32,0.40625,-0.017985671040617934,-0.04220600734062735,-0.5646109396549477,-0.6942015939396163,43,0.46511627906976744
全部,-1.0,2.0,1,100000,16,20,120,2,3,0.0015,1.0,133,133,0.40601503759398494,-0.007301444802291578,-0.01685777150108475,-0.7247362409010649,-0.7636940012803136,682,0.4046920821114369
全部,-1.0,2.0,3,100000,16,20,120,2,3,0.0015,1.0,133,133,0.40601503759398494,-0.007310482742410417,-0.01685777150108475,-0.7250635780715045,-0.7636940012803136,682,0.4046920821114369
全部,-1.0,2.0,5,100000,16,20,120,2,3,0.0015,1.0,133,133,0.40601503759398494,-0.007310482742410417,-0.01685777150108475,-0.7250635780715045,-0.7636940012803136,682,0.4046920821114369
全部,-1.0,2.0,1,103000,16,25,100,2,3,0.0015,1.0,133,133,0.40601503759398494,-0.010269497924152755,-0.018944185911651923,-0.8077727006639133,-0.8575004716736364,669,0.4125560538116592
全部,-1.0,2.0,3,103000,16,25,100,2,3,0.0015,1.0,133,133,0.40601503759398494,-0.01039378278637126,-0.018944185911651923,-0.8108755477808283,-0.8575004716736364,670,0.4134328358208955
全部,-1.0,2.0,5,103000,16,25,100,2,3,0.0015,1.0,133,133,0.40601503759398494,-0.01039378278637126,-0.018944185911651923,-0.8108755477808283,-0.8575004716736364,670,0.4134328358208955
全部,-2.0,2.5,1,103000,22,20,120,1,3,0.0015,1.0,138,138,0.4057971014492754,-0.0029211640264333455,-0.018844088832204953,-0.6566256816425775,-0.7967958023480028,413,0.4213075060532688
全部,-2.0,2.5,3,103000,22,20,120,1,3,0.0015,1.0,138,138,0.4057971014492754,-0.0029211640264333455,-0.018844088832204953,-0.6566256816425775,-0.7967958023480028,413,0.423728813559322
全部,-2.0,2.5,5,103000,22,20,120,1,3,0.0015,1.0,138,138,0.4057971014492754,-0.0029211640264333455,-0.018844088832204953,-0.6566256816425775,-0.7967958023480028,413,0.423728813559322
首板,0.3,1.8,2,100000,22,25,100,1,3,0.0015,1.0,111,111,0.40540540540540543,-0.012779923674636953,-0.014282694198623434,-0.8223622129133467,-0.7995923393570964,264,0.38636363636363635
首板,0.3,1.8,2,103000,22,25,100,1,3,0.0015,1.0,111,111,0.40540540540540543,-0.012779923674636953,-0.014282694198623434,-0.8223622129133467,-0.7995923393570964,264,0.38636363636363635
首板,0.3,1.8,5,100000,22,25,100,1,3,0.0015,1.0,111,111,0.40540540540540543,-0.012779923674636953,-0.014282694198623434,-0.8223622129133467,-0.7995923393570964,264,0.38636363636363635
首板,0.3,1.8,5,103000,22,25,100,1,3,0.0015,1.0,111,111,0.40540540540540543,-0.012779923674636953,-0.014282694198623434,-0.8223622129133467,-0.7995923393570964,264,0.38636363636363635
首板,0.3,1.8,8,100000,22,25,100,1,3,0.0015,1.0,111,111,0.40540540540540543,-0.012779923674636953,-0.014282694198623434,-0.8223622129133467,-0.7995923393570964,264,0.38636363636363635
首板,0.3,1.8,8,103000,22,25,100,1,3,0.0015,1.0,111,111,0.40540540540540543,-0.012779923674636953,-0.014282694198623434,-0.8223622129133467,-0.7995923393570964,264,0.38636363636363635
二进三,-2.0,2.2,1,100000,12,25,100,2,3,0.0015,1.0,37,37,0.40540540540540543,-0.014449498889416362,-0.05449868956182252,-0.5697985557841548,-0.6768967575466218,56,0.4642857142857143
二进三,-2.0,2.2,2,100000,12,25,100,2,3,0.0015,1.0,37,37,0.40540540540540543,-0.014449498889416362,-0.05449868956182252,-0.5697985557841548,-0.6768967575466218,56,0.4642857142857143
一进二,0.0,2.5,0,100000,16,25,100,1,3,0.0015,1.0,37,37,0.40540540540540543,-0.015866129378305633,-0.027869168356997986,-0.5145210393125472,-0.7273731915320651,52,0.38461538461538464
一进二,0.0,2.5,1,100000,16,25,100,1,3,0.0015,1.0,37,37,0.40540540540540543,-0.017730618786135834,-0.027869168356997986,-0.5448024077345271,-0.7273731915320651,53,0.37735849056603776
一进二,0.0,2.5,3,100000,16,25,100,1,3,0.0015,1.0,37,37,0.40540540540540543,-0.017730618786135834,-0.027869168356997986,-0.5448024077345271,-0.7273731915320651,53,0.37735849056603776
一进二,0.0,2.5,5,100000,16,25,100,1,3,0.0015,1.0,37,37,0.40540540540540543,-0.017730618786135834,-0.027869168356997986,-0.5448024077345271,-0.7273731915320651,53,0.37735849056603776
二进三,-2.0,2.2,1,100000,12,25,100,1,3,0.0015,1.0,37,37,0.40540540540540543,-0.017986674367420432,-0.05555405405405395,-0.6301498643286362,-0.7222236706455991,51,0.47058823529411764
二进三,-2.0,2.2,2,100000,12,25,100,1,3,0.0015,1.0,37,37,0.40540540540540543,-0.017986674367420432,-0.05555405405405395,-0.6301498643286362,-0.7222236706455991,51,0.47058823529411764
二进三,-2.0,2.2,0,100000,12,25,100,2,3,0.0015,1.0,37,37,0.40540540540540543,-0.020310561329734154,-0.05449868956182252,-0.6466100109467865,-0.6768967575466218,53,0.4528301886792453
二进三,-2.0,2.2,0,100000,12,25,100,1,3,0.0015,1.0,37,37,0.40540540540540543,-0.02082469145234899,-0.05555405405405395,-0.6645409589241142,-0.7222236706455991,48,0.4583333333333333
一进二,0.0,2.5,1,100000,16,25,100,2,3,0.0015,1.0,37,37,0.40540540540540543,-0.022577557794048905,-0.027869168356997986,-0.6099870756255306,-0.728728889096588,65,0.4
一进二,0.0,2.5,3,100000,16,25,100,2,3,0.0015,1.0,37,37,0.40540540540540543,-0.022577557794048905,-0.027869168356997986,-0.6099870756255306,-0.728728889096588,66,0.3939393939393939
一进二,0.0,2.5,5,100000,16,25,100,2,3,0.0015,1.0,37,37,0.40540540540540543,-0.022577557794048905,-0.027869168356997986,-0.6099870756255306,-0.728728889096588,66,0.3939393939393939
一进二,0.0,2.5,0,100000,16,25,100,2,3,0.0015,1.0,37,37,0.40540540540540543,-0.023068065668256105,-0.028325633383010362,-0.6187372456398841,-0.728728889096588,60,0.4
首板,0.3,1.8,2,100000,25,20,120,2,3,0.0015,1.0,121,121,0.4049586776859504,-0.009566458751972066,-0.011821556173084611,-0.7475505708383479,-0.8000061680661891,494,0.4251012145748988
首板,0.3,1.8,2,103000,25,20,120,2,3,0.0015,1.0,121,121,0.4049586776859504,-0.009566458751972066,-0.011821556173084611,-0.7475505708383479,-0.8000061680661891,494,0.4251012145748988
首板,0.3,1.8,5,100000,25,20,120,2,3,0.0015,1.0,121,121,0.4049586776859504,-0.009566458751972066,-0.011821556173084611,-0.7475505708383479,-0.8000061680661891,494,0.4251012145748988
首板,0.3,1.8,5,103000,25,20,120,2,3,0.0015,1.0,121,121,0.4049586776859504,-0.009566458751972066,-0.011821556173084611,-0.7475505708383479,-0.8000061680661891,494,0.4251012145748988
首板,0.3,1.8,8,100000,25,20,120,2,3,0.0015,1.0,121,121,0.4049586776859504,-0.009566458751972066,-0.011821556173084611,-0.7475505708383479,-0.8000061680661891,494,0.4251012145748988
首板,0.3,1.8,8,103000,25,20,120,2,3,0.0015,1.0,121,121,0.4049586776859504,-0.009566458751972066,-0.011821556173084611,-0.7475505708383479,-0.8000061680661891,494,0.4251012145748988
二进三,-2.0,2.2,2,100000,12,20,120,2,3,0.0015,1.0,42,42,0.40476190476190477,-0.028686989321732918,-0.05517279505210532,-0.7825997236497966,-0.7814984616959989,68,0.4411764705882353
全部,-0.5,1.8,3,103000,16,25,100,1,3,0.0015,1.0,131,131,0.40458015267175573,-0.003371515429582209,-0.021646520146520187,-0.6159241230857648,-0.6866359471299648,345,0.4144927536231884
全部,-0.5,1.8,5,103000,16,25,100,1,3,0.0015,1.0,131,131,0.40458015267175573,-0.003371515429582209,-0.021646520146520187,-0.6159241230857648,-0.6866359471299648,345,0.4144927536231884
全部,-0.5,1.8,1,103000,16,25,100,1,3,0.0015,1.0,131,131,0.40458015267175573,-0.003662289947160851,-0.021646520146520187,-0.6291190967152505,-0.6866359471299648,345,0.4144927536231884
首板,0.0,2.5,2,100000,25,20,120,1,3,0.0015,1.0,131,131,0.40458015267175573,-0.009446301059258862,-0.018129486919488957,-0.7976965208644075,-0.8162185010835842,354,0.3898305084745763
首板,0.0,2.5,2,103000,25,20,120,1,3,0.0015,1.0,131,131,0.40458015267175573,-0.009446301059258862,-0.018129486919488957,-0.7976965208644075,-0.8162185010835842,354,0.3898305084745763
首板,0.0,2.5,5,100000,25,20,120,1,3,0.0015,1.0,131,131,0.40458015267175573,-0.009446301059258862,-0.018129486919488957,-0.7976965208644075,-0.8162185010835842,354,0.3898305084745763
首板,0.0,2.5,5,103000,25,20,120,1,3,0.0015,1.0,131,131,0.40458015267175573,-0.009446301059258862,-0.018129486919488957,-0.7976965208644075,-0.8162185010835842,354,0.3898305084745763
首板,0.0,2.5,8,100000,25,20,120,1,3,0.0015,1.0,131,131,0.40458015267175573,-0.009446301059258862,-0.018129486919488957,-0.7976965208644075,-0.8162185010835842,354,0.3898305084745763
首板,0.0,2.5,8,103000,25,20,120,1,3,0.0015,1.0,131,131,0.40458015267175573,-0.009446301059258862,-0.018129486919488957,-0.7976965208644075,-0.8162185010835842,354,0.3898305084745763
首板,0.5,1.5,2,100000,22,30,90,1,3,0.0015,1.0,94,94,0.40425531914893614,-0.005665605407097028,-0.014339178283367946,-0.5413060493632125,-0.6610630198127413,183,0.45901639344262296
首板,0.5,1.5,2,103000,22,30,90,1,3,0.0015,1.0,94,94,0.40425531914893614,-0.005665605407097028,-0.014339178283367946,-0.5413060493632125,-0.6610630198127413,183,0.45901639344262296
首板,0.5,1.5,5,100000,22,30,90,1,3,0.0015,1.0,94,94,0.40425531914893614,-0.005665605407097028,-0.014339178283367946,-0.5413060493632125,-0.6610630198127413,183,0.45901639344262296
首板,0.5,1.5,5,103000,22,30,90,1,3,0.0015,1.0,94,94,0.40425531914893614,-0.005665605407097028,-0.014339178283367946,-0.5413060493632125,-0.6610630198127413,183,0.45901639344262296
首板,0.5,1.5,8,100000,22,30,90,1,3,0.0015,1.0,94,94,0.40425531914893614,-0.005665605407097028,-0.014339178283367946,-0.5413060493632125,-0.6610630198127413,183,0.45901639344262296
首板,0.5,1.5,8,103000,22,30,90,1,3,0.0015,1.0,94,94,0.40425531914893614,-0.005665605407097028,-0.014339178283367946,-0.5413060493632125,-0.6610630198127413,183,0.45901639344262296
一进二,-0.5,1.8,0,100000,22,20,120,1,3,0.0015,1.0,52,52,0.40384615384615385,-0.01968228119831999,-0.013055228751505887,-0.7143674679379111,-0.8337736535178388,76,0.39473684210526316
一进二,-0.5,1.8,0,100000,22,20,120,2,3,0.0015,1.0,52,52,0.40384615384615385,-0.02084673230734583,-0.02605446169104092,-0.7289707243953514,-0.8218299077257137,87,0.40229885057471265
一进二,-0.5,1.8,1,100000,22,20,120,1,3,0.0015,1.0,52,52,0.40384615384615385,-0.02100893712312224,-0.013055228751505887,-0.732183572521367,-0.8337736535178388,76,0.39473684210526316
一进二,-0.5,1.8,3,100000,22,20,120,1,3,0.0015,1.0,52,52,0.40384615384615385,-0.02100893712312224,-0.013055228751505887,-0.732183572521367,-0.8337736535178388,76,0.39473684210526316
一进二,-0.5,1.8,5,100000,22,20,120,1,3,0.0015,1.0,52,52,0.40384615384615385,-0.02100893712312224,-0.013055228751505887,-0.732183572521367,-0.8337736535178388,76,0.39473684210526316
一进二,-0.5,1.8,1,100000,22,20,120,2,3,0.0015,1.0,52,52,0.40384615384615385,-0.021173544726758198,-0.02605446169104092,-0.7327186399481633,-0.8218299077257137,91,0.3956043956043956
一进二,-0.5,1.8,3,100000,22,20,120,2,3,0.0015,1.0,52,52,0.40384615384615385,-0.021173544726758198,-0.02605446169104092,-0.7327186399481633,-0.8218299077257137,91,0.3956043956043956
一进二,-0.5,1.8,5,100000,22,20,120,2,3,0.0015,1.0,52,52,0.40384615384615385,-0.021173544726758198,-0.02605446169104092,-0.7327186399481633,-0.8218299077257137,91,0.3956043956043956
全部,0.0,2.0,1,103000,16,25,100,2,3,0.0015,1.0,119,119,0.40336134453781514,0.00022781567214027624,-0.018944185911651923,-0.34580888280835054,-0.7530020328322793,445,0.4337078651685393
全部,0.0,2.0,3,103000,16,25,100,2,3,0.0015,1.0,119,119,0.40336134453781514,0.00022781567214027624,-0.018944185911651923,-0.34580888280835054,-0.7530020328322793,445,0.4337078651685393
全部,0.0,2.0,5,103000,16,25,100,2,3,0.0015,1.0,119,119,0.40336134453781514,0.00022781567214027624,-0.018944185911651923,-0.34580888280835054,-0.7530020328322793,445,0.4337078651685393
全部,0.0,2.0,1,103000,16,25,100,1,3,0.0015,1.0,119,119,0.40336134453781514,5.7437039870323716e-05,-0.023558823529411688,-0.45865389620702135,-0.8335084945501359,278,0.3920863309352518
全部,0.0,2.0,3,103000,16,25,100,1,3,0.0015,1.0,119,119,0.40336134453781514,5.7437039870323716e-05,-0.023558823529411688,-0.45865389620702135,-0.8335084945501359,278,0.3920863309352518
全部,0.0,2.0,5,103000,16,25,100,1,3,0.0015,1.0,119,119,0.40336134453781514,5.7437039870323716e-05,-0.023558823529411688,-0.45865389620702135,-0.8335084945501359,278,0.3920863309352518
全部,0.0,2.0,1,100000,22,30,90,2,3,0.0015,1.0,119,119,0.40336134453781514,-0.004430593345221177,-0.012877031956600338,-0.5244742183337033,-0.7039824349867109,474,0.43037974683544306
全部,0.0,2.0,3,100000,22,30,90,2,3,0.0015,1.0,119,119,0.40336134453781514,-0.004430593345221177,-0.012877031956600338,-0.5244742183337033,-0.7039824349867109,474,0.43037974683544306
全部,0.0,2.0,5,100000,22,30,90,2,3,0.0015,1.0,119,119,0.40336134453781514,-0.004430593345221177,-0.012877031956600338,-0.5244742183337033,-0.7039824349867109,474,0.43037974683544306
全部,-0.5,1.8,1,103000,22,25,100,2,3,0.0015,1.0,134,134,0.40298507462686567,-0.006814646811377114,-0.017603208495067607,-0.6884477743942679,-0.7590078579984261,724,0.425414364640884
全部,-0.5,1.8,3,103000,22,25,100,2,3,0.0015,1.0,134,134,0.40298507462686567,-0.006814646811377114,-0.017603208495067607,-0.6884477743942679,-0.7590078579984261,725,0.4262068965517241
全部,-0.5,1.8,5,103000,22,25,100,2,3,0.0015,1.0,134,134,0.40298507462686567,-0.006814646811377114,-0.017603208495067607,-0.6884477743942679,-0.7590078579984261,725,0.4262068965517241
全部,0.5,1.5,1,100000,22,30,90,2,3,0.0015,1.0,97,97,0.4020618556701031,-0.011239118770529303,-0.02077710843373498,-0.7267564894850839,-0.7575889540219043,276,0.44565217391304346
全部,0.5,1.5,3,100000,22,30,90,2,3,0.0015,1.0,97,97,0.4020618556701031,-0.011376806224463451,-0.02077710843373498,-0.7306324591218736,-0.7606301341802271,277,0.44404332129963897
全部,0.5,1.5,5,100000,22,30,90,2,3,0.0015,1.0,97,97,0.4020618556701031,-0.011376806224463451,-0.02077710843373498,-0.7306324591218736,-0.7606301341802271,278,0.4460431654676259
全部,0.3,1.8,1,100000,16,25,100,1,3,0.0015,1.0,102,102,0.4019607843137255,-0.006431711671903171,-0.026791793831202115,-0.6809036985545703,-0.8509811448498688,218,0.37155963302752293
全部,0.3,1.8,3,100000,16,25,100,1,3,0.0015,1.0,102,102,0.4019607843137255,-0.006431711671903171,-0.026791793831202115,-0.6809036985545703,-0.8509811448498688,218,0.37155963302752293
全部,0.3,1.8,5,100000,16,25,100,1,3,0.0015,1.0,102,102,0.4019607843137255,-0.006431711671903171,-0.026791793831202115,-0.6809036985545703,-0.8509811448498688,218,0.37155963302752293
全部,0.0,2.0,1,100000,22,20,120,2,3,0.0015,1.0,127,127,0.4015748031496063,0.002183193632072896,-0.013593023255814072,-0.018297963738309053,-0.5435171983779065,582,0.41924398625429554
全部,0.0,2.0,3,100000,22,20,120,2,3,0.0015,1.0,127,127,0.4015748031496063,0.002183193632072896,-0.013593023255814072,-0.018297963738309053,-0.5435171983779065,582,0.41924398625429554
全部,0.0,2.0,5,100000,22,20,120,2,3,0.0015,1.0,127,127,0.4015748031496063,0.002183193632072896,-0.013593023255814072,-0.018297963738309053,-0.5435171983779065,582,0.41924398625429554
全部,-0.5,1.8,1,100000,22,30,90,2,3,0.0015,1.0,132,132,0.4015151515151515,-0.006850564214274449,-0.012928172961816392,-0.678269369937119,-0.7323602284738432,648,0.42746913580246915
全部,-0.5,1.8,3,100000,22,30,90,2,3,0.0015,1.0,132,132,0.4015151515151515,-0.006850564214274449,-0.012928172961816392,-0.678269369937119,-0.7323602284738432,648,0.42746913580246915
全部,-0.5,1.8,5,100000,22,30,90,2,3,0.0015,1.0,132,132,0.4015151515151515,-0.006850564214274449,-0.012928172961816392,-0.678269369937119,-0.7323602284738432,648,0.42746913580246915
首板,-0.5,1.8,2,100000,22,25,100,1,3,0.0015,1.0,132,132,0.4015151515151515,-0.007211047784858536,-0.014985576903306042,-0.737406707350354,-0.8003146101985545,374,0.4037433155080214
首板,-0.5,1.8,2,103000,22,25,100,1,3,0.0015,1.0,132,132,0.4015151515151515,-0.007211047784858536,-0.014985576903306042,-0.737406707350354,-0.8003146101985545,374,0.4037433155080214
首板,-0.5,1.8,5,100000,22,25,100,1,3,0.0015,1.0,132,132,0.4015151515151515,-0.007211047784858536,-0.014985576903306042,-0.737406707350354,-0.8003146101985545,374,0.4037433155080214
首板,-0.5,1.8,5,103000,22,25,100,1,3,0.0015,1.0,132,132,0.4015151515151515,-0.007211047784858536,-0.014985576903306042,-0.737406707350354,-0.8003146101985545,374,0.4037433155080214
首板,-0.5,1.8,8,100000,22,25,100,1,3,0.0015,1.0,132,132,0.4015151515151515,-0.007211047784858536,-0.014985576903306042,-0.737406707350354,-0.8003146101985545,374,0.4037433155080214
首板,-0.5,1.8,8,103000,22,25,100,1,3,0.0015,1.0,132,132,0.4015151515151515,-0.007211047784858536,-0.014985576903306042,-0.737406707350354,-0.8003146101985545,374,0.4037433155080214
首板,-1.0,2.0,2,100000,22,30,90,1,3,0.0015,1.0,135,135,0.4,-0.004361724358604399,-0.013954592631032657,-0.6220463167370409,-0.7072274648326727,379,0.41952506596306066
首板,-1.0,2.0,2,103000,22,30,90,1,3,0.0015,1.0,135,135,0.4,-0.004361724358604399,-0.013954592631032657,-0.6220463167370409,-0.7072274648326727,379,0.41952506596306066
首板,-1.0,2.0,5,100000,22,30,90,1,3,0.0015,1.0,135,135,0.4,-0.004361724358604399,-0.013954592631032657,-0.6220463167370409,-0.7072274648326727,379,0.41952506596306066
首板,-1.0,2.0,5,103000,22,30,90,1,3,0.0015,1.0,135,135,0.4,-0.004361724358604399,-0.013954592631032657,-0.6220463167370409,-0.7072274648326727,379,0.41952506596306066
首板,-1.0,2.0,8,100000,22,30,90,1,3,0.0015,1.0,135,135,0.4,-0.004361724358604399,-0.013954592631032657,-0.6220463167370409,-0.7072274648326727,379,0.41952506596306066
首板,-1.0,2.0,8,103000,22,30,90,1,3,0.0015,1.0,135,135,0.4,-0.004361724358604399,-0.013954592631032657,-0.6220463167370409,-0.7072274648326727,379,0.41952506596306066
全部,0.0,2.0,1,103000,22,20,120,2,3,0.0015,1.0,130,130,0.4,-0.0032986427033089597,-0.019693948089556546,-0.5292301402958346,-0.7814399988338968,611,0.44353518821603927
全部,0.0,2.0,3,103000,22,20,120,2,3,0.0015,1.0,130,130,0.4,-0.0032986427033089597,-0.019693948089556546,-0.5292301402958346,-0.7814399988338968,611,0.44353518821603927
全部,0.0,2.0,5,103000,22,20,120,2,3,0.0015,1.0,130,130,0.4,-0.0032986427033089597,-0.019693948089556546,-0.5292301402958346,-0.7814399988338968,611,0.44353518821603927
首板,-0.5,1.8,2,100000,16,25,100,2,3,0.0015,1.0,125,125,0.4,-0.015407015046133923,-0.018944185911651923,-0.8864012175229861,-0.8820590731038869,501,0.4171656686626746
首板,-0.5,1.8,2,103000,16,25,100,2,3,0.0015,1.0,125,125,0.4,-0.015407015046133923,-0.018944185911651923,-0.8864012175229861,-0.8820590731038869,501,0.4171656686626746
首板,-0.5,1.8,5,100000,16,25,100,2,3,0.0015,1.0,125,125,0.4,-0.015407015046133923,-0.018944185911651923,-0.8864012175229861,-0.8820590731038869,501,0.4171656686626746
首板,-0.5,1.8,5,103000,16,25,100,2,3,0.0015,1.0,125,125,0.4,-0.015407015046133923,-0.018944185911651923,-0.8864012175229861,-0.8820590731038869,501,0.4171656686626746
首板,-0.5,1.8,8,100000,16,25,100,2,3,0.0015,1.0,125,125,0.4,-0.015407015046133923,-0.018944185911651923,-0.8864012175229861,-0.8820590731038869,501,0.4171656686626746
首板,-0.5,1.8,8,103000,16,25,100,2,3,0.0015,1.0,125,125,0.4,-0.015407015046133923,-0.018944185911651923,-0.8864012175229861,-0.8820590731038869,501,0.4171656686626746
全部,0.0,2.0,1,100000,16,25,100,1,3,0.0015,1.0,115,115,0.4,-0.008651683990463623,-0.028325633383010362,-0.7800949407575288,-0.8978362034958527,262,0.37404580152671757
全部,0.0,2.0,3,100000,16,25,100,1,3,0.0015,1.0,115,115,0.4,-0.008651683990463623,-0.028325633383010362,-0.7800949407575288,-0.8978362034958527,262,0.37404580152671757
全部,0.0,2.0,5,100000,16,25,100,1,3,0.0015,1.0,115,115,0.4,-0.008651683990463623,-0.028325633383010362,-0.7800949407575288,-0.8978362034958527,262,0.37404580152671757
首板,0.0,2.5,2,100000,16,30,90,2,3,0.0015,1.0,105,105,0.4,-0.011071118248390978,-0.0161277237633346,-0.7537317084828719,-0.7422480533116363,329,0.4194528875379939
首板,0.0,2.5,2,103000,16,30,90,2,3,0.0015,1.0,105,105,0.4,-0.011071118248390978,-0.0161277237633346,-0.7537317084828719,-0.7422480533116363,329,0.4194528875379939
首板,0.0,2.5,5,100000,16,30,90,2,3,0.0015,1.0,105,105,0.4,-0.011071118248390978,-0.0161277237633346,-0.7537317084828719,-0.7422480533116363,329,0.4194528875379939
首板,0.0,2.5,5,103000,16,30,90,2,3,0.0015,1.0,105,105,0.4,-0.011071118248390978,-0.0161277237633346,-0.7537317084828719,-0.7422480533116363,329,0.4194528875379939
首板,0.0,2.5,8,100000,16,30,90,2,3,0.0015,1.0,105,105,0.4,-0.011071118248390978,-0.0161277237633346,-0.7537317084828719,-0.7422480533116363,329,0.4194528875379939
首板,0.0,2.5,8,103000,16,30,90,2,3,0.0015,1.0,105,105,0.4,-0.011071118248390978,-0.0161277237633346,-0.7537317084828719,-0.7422480533116363,329,0.4194528875379939
全部,0.0,2.0,1,100000,12,25,100,1,3,0.0015,1.0,95,95,0.4,-0.0050275819534680065,-0.02307980456026054,-0.6186322016126095,-0.8237126591451973,185,0.41621621621621624
全部,0.0,2.0,3,100000,12,25,100,1,3,0.0015,1.0,95,95,0.4,-0.0050275819534680065,-0.02307980456026054,-0.6186322016126095,-0.8237126591451973,185,0.41621621621621624
全部,0.0,2.0,5,100000,12,25,100,1,3,0.0015,1.0,95,95,0.4,-0.0050275819534680065,-0.02307980456026054,-0.6186322016126095,-0.8237126591451973,185,0.41621621621621624
一进二,0.0,2.5,0,100000,22,25,100,1,3,0.0015,1.0,40,40,0.4,-0.01795540216449638,-0.028097400870004174,-0.5770366552860755,-0.7624796209397084,55,0.38181818181818183
一进二,0.0,2.5,1,100000,22,25,100,1,3,0.0015,1.0,40,40,0.4,-0.019680054866739315,-0.028097400870004174,-0.6034186613201554,-0.7624796209397084,56,0.375
一进二,0.0,2.5,3,100000,22,25,100,1,3,0.0015,1.0,40,40,0.4,-0.019680054866739315,-0.028097400870004174,-0.6034186613201554,-0.7624796209397084,56,0.375
一进二,0.0,2.5,5,100000,22,25,100,1,3,0.0015,1.0,40,40,0.4,-0.019680054866739315,-0.028097400870004174,-0.6034186613201554,-0.7624796209397084,56,0.375
一进二,0.0,2.5,1,100000,22,25,100,2,3,0.0015,1.0,40,40,0.4,-0.024163473449058906,-0.028097400870004174,-0.6602094337074988,-0.7636607439599503,68,0.39705882352941174
一进二,0.0,2.5,3,100000,22,25,100,2,3,0.0015,1.0,40,40,0.4,-0.024163473449058906,-0.028097400870004174,-0.6602094337074988,-0.7636607439599503,69,0.391304347826087
一进二,0.0,2.5,5,100000,22,25,100,2,3,0.0015,1.0,40,40,0.4,-0.024163473449058906,-0.028097400870004174,-0.6602094337074988,-0.7636607439599503,69,0.391304347826087
一进二,0.0,2.5,0,100000,22,25,100,2,3,0.0015,1.0,40,40,0.4,-0.024617193232700563,-0.03264331314540592,-0.6678328354937384,-0.7636607439599503,63,0.3968253968253968
二进三,-2.0,2.2,1,100000,10,20,120,2,3,0.0015,1.0,40,40,0.4,-0.02868425719483575,-0.056787896592244425,-0.770625940462925,-0.8094722758752664,61,0.4098360655737705
二进三,-1.0,2.0,1,100000,8,20,120,1,3,0.0015,1.0,35,35,0.4,-0.010602225269144111,-0.026923728813559367,-0.4806375832306594,-0.5685957711927336,43,0.4418604651162791
二进三,-1.0,2.0,2,100000,8,20,120,1,3,0.0015,1.0,35,35,0.4,-0.010602225269144111,-0.026923728813559367,-0.4806375832306594,-0.5685957711927336,43,0.4418604651162791
二进三,-1.0,2.0,1,100000,8,20,120,2,3,0.0015,1.0,35,35,0.4,-0.010602225269144111,-0.026923728813559367,-0.4806375832306594,-0.5685957711927336,44,0.45454545454545453
二进三,-1.0,2.0,2,100000,8,20,120,2,3,0.0015,1.0,35,35,0.4,-0.010602225269144111,-0.026923728813559367,-0.4806375832306594,-0.5685957711927336,44,0.45454545454545453
一进二,0.0,2.0,0,100000,22,25,100,1,3,0.0015,1.0,35,35,0.4,-0.01479544232143936,-0.028325633383010362,-0.47680423410839134,-0.7061928458094506,48,0.3958333333333333
一进二,0.0,2.5,0,100000,12,25,100,1,3,0.0015,1.0,35,35,0.4,-0.01593058906043063,-0.027869168356997986,-0.4991637266205845,-0.7123543025109513,48,0.375
二进三,-1.0,2.0,0,103000,10,25,100,1,3,0.0015,1.0,35,35,0.4,-0.016416907327011225,-0.026923728813559367,-0.6058603532678157,-0.6390518269011312,45,0.4444444444444444
二进三,-1.0,2.0,0,103000,10,25,100,2,3,0.0015,1.0,35,35,0.4,-0.016722958340275818,-0.03746431071678602,-0.6101983448355307,-0.6430245054790592,48,0.4375
一进二,0.0,2.0,1,100000,22,25,100,1,3,0.0015,1.0,35,35,0.4,-0.01676647398114557,-0.028325633383010362,-0.5094381585967964,-0.7061928458094506,48,0.3958333333333333
一进二,0.0,2.0,3,100000,22,25,100,1,3,0.0015,1.0,35,35,0.4,-0.01676647398114557,-0.028325633383010362,-0.5094381585967964,-0.7061928458094506,48,0.3958333333333333
一进二,0.0,2.0,5,100000,22,25,100,1,3,0.0015,1.0,35,35,0.4,-0.01676647398114557,-0.028325633383010362,-0.5094381585967964,-0.7061928458094506,48,0.3958333333333333
一进二,0.0,2.5,1,100000,12,25,100,1,3,0.0015,1.0,35,35,0.4,-0.017901620720136836,-0.027869168356997986,-0.5304029953456761,-0.7123543025109513,49,0.3673469387755102
一进二,0.0,2.5,3,100000,12,25,100,1,3,0.0015,1.0,35,35,0.4,-0.017901620720136836,-0.027869168356997986,-0.5304029953456761,-0.7123543025109513,49,0.3673469387755102
一进二,0.0,2.5,5,100000,12,25,100,1,3,0.0015,1.0,35,35,0.4,-0.017901620720136836,-0.027869168356997986,-0.5304029953456761,-0.7123543025109513,49,0.3673469387755102
一进二,0.0,2.5,0,100000,22,30,90,1,3,0.0015,1.0,35,35,0.4,-0.018184407544085252,-0.028325633383010362,-0.5354683734820829,-0.7391364301541162,45,0.37777777777777777
一进二,0.0,2.5,0,100000,12,25,100,2,3,0.0015,1.0,35,35,0.4,-0.01984395952493289,-0.028325633383010362,-0.559166323181491,-0.7137846848483405,55,0.4
一进二,0.0,2.5,1,100000,22,30,90,1,3,0.0015,1.0,35,35,0.4,-0.020155439203791457,-0.028325633383010362,-0.5644431684069378,-0.7391364301541162,47,0.3829787234042553
一进二,0.0,2.5,3,100000,22,30,90,1,3,0.0015,1.0,35,35,0.4,-0.020155439203791457,-0.028325633383010362,-0.5644431684069378,-0.7391364301541162,47,0.3829787234042553
一进二,0.0,2.5,5,100000,22,30,90,1,3,0.0015,1.0,35,35,0.4,-0.020155439203791457,-0.028325633383010362,-0.5644431684069378,-0.7391364301541162,47,0.3829787234042553
一进二,0.0,2.0,0,100000,22,25,100,2,3,0.0015,1.0,35,35,0.4,-0.02076305477565811,-0.028325633383010362,-0.563994933062816,-0.7061928458094506,52,0.4230769230769231
二进三,-2.0,2.2,1,100000,10,25,100,1,3,0.0015,1.0,35,35,0.4,-0.021439186988059054,-0.05555405405405395,-0.6551412807791851,-0.7577861819261739,47,0.44680851063829785
二进三,-2.0,2.2,2,100000,10,25,100,1,3,0.0015,1.0,35,35,0.4,-0.021439186988059054,-0.05555405405405395,-0.6551412807791851,-0.7577861819261739,47,0.44680851063829785
二进三,-2.0,2.2,1,100000,10,25,100,2,3,0.0015,1.0,35,35,0.4,-0.02174523800132365,-0.05555405405405395,-0.6589368751286406,-0.7604520428947418,50,0.44
二进三,-2.0,2.2,2,100000,10,25,100,2,3,0.0015,1.0,35,35,0.4,-0.02174523800132365,-0.05555405405405395,-0.6589368751286406,-0.7604520428947418,50,0.44
一进二,0.0,2.0,1,100000,22,25,100,2,3,0.0015,1.0,35,35,0.4,-0.021748570605511216,-0.028325633383010362,-0.5775864705003666,-0.7061928458094506,57,0.42105263157894735
一进二,0.0,2.0,3,100000,22,25,100,2,3,0.0015,1.0,35,35,0.4,-0.021748570605511216,-0.028325633383010362,-0.5775864705003666,-0.7061928458094506,58,0.43103448275862066
一进二,0.0,2.0,5,100000,22,25,100,2,3,0.0015,1.0,35,35,0.4,-0.021748570605511216,-0.028325633383010362,-0.5775864705003666,-0.7061928458094506,58,0.43103448275862066
一进二,0.0,2.5,1,100000,12,25,100,2,3,0.0015,1.0,35,35,0.4,-0.02217544850925961,-0.027869168356997986,-0.5864839223679812,-0.7137846848483405,61,0.4098360655737705
一进二,0.0,2.5,3,100000,12,25,100,2,3,0.0015,1.0,35,35,0.4,-0.02217544850925961,-0.027869168356997986,-0.5864839223679812,-0.7137846848483405,62,0.4032258064516129
一进二,0.0,2.5,5,100000,12,25,100,2,3,0.0015,1.0,35,35,0.4,-0.02217544850925961,-0.027869168356997986,-0.5864839223679812,-0.7137846848483405,62,0.4032258064516129
一进二,0.0,2.5,1,100000,22,30,90,2,3,0.0015,1.0,35,35,0.4,-0.025279346155013847,-0.028325633383010362,-0.6268152632894024,-0.7404336323929577,57,0.40350877192982454
一进二,0.0,2.5,3,100000,22,30,90,2,3,0.0015,1.0,35,35,0.4,-0.025279346155013847,-0.028325633383010362,-0.6268152632894024,-0.7404336323929577,58,0.39655172413793105
一进二,0.0,2.5,5,100000,22,30,90,2,3,0.0015,1.0,35,35,0.4,-0.025279346155013847,-0.028325633383010362,-0.6268152632894024,-0.7404336323929577,59,0.4067796610169492
一进二,0.0,2.5,0,100000,22,30,90,2,3,0.0015,1.0,35,35,0.4,-0.025797883050604316,-0.03696099290780147,-0.6351878829871134,-0.7404336323929577,52,0.40384615384615385
一进二,0.0,2.0,0,100000,22,30,90,1,3,0.0015,1.0,30,30,0.4,-0.016621704865790517,-0.03264331314540592,-0.46324612763166784,-0.6985791208142759,39,0.38461538461538464
一进二,0.0,2.0,1,100000,22,30,90,1,3,0.0015,1.0,30,30,0.4,-0.01892124180211443,-0.03264331314540592,-0.4967257283502946,-0.6985791208142759,40,0.4
一进二,0.0,2.0,3,100000,22,30,90,1,3,0.0015,1.0,30,30,0.4,-0.01892124180211443,-0.03264331314540592,-0.4967257283502946,-0.6985791208142759,40,0.4
一进二,0.0,2.0,5,100000,22,30,90,1,3,0.0015,1.0,30,30,0.4,-0.01892124180211443,-0.03264331314540592,-0.4967257283502946,-0.6985791208142759,40,0.4
一进二,0.0,2.0,0,100000,22,30,90,2,3,0.0015,1.0,30,30,0.4,-0.023583919395712392,-0.03264331314540592,-0.5526962882585116,-0.6985791208142759,43,0.4186046511627907
一进二,0.0,2.0,1,100000,22,30,90,2,3,0.0015,1.0,30,30,0.4,-0.024733687863874348,-0.03264331314540592,-0.5666400370933518,-0.6985791208142759,48,0.4166666666666667
一进二,0.0,2.0,3,100000,22,30,90,2,3,0.0015,1.0,30,30,0.4,-0.024733687863874348,-0.03264331314540592,-0.5666400370933518,-0.6985791208142759,49,0.42857142857142855
一进二,0.0,2.0,5,100000,22,30,90,2,3,0.0015,1.0,30,30,0.4,-0.024733687863874348,-0.03264331314540592,-0.5666400370933518,-0.6985791208142759,50,0.44
一进二,0.3,1.8,0,100000,16,25,100,1,3,0.0015,1.0,25,25,0.4,-0.014968077709436003,-0.028325633383010362,-0.3699235210372923,-0.5345410855955832,32,0.4375
一进二,0.3,1.8,0,100000,16,25,100,2,3,0.0015,1.0,25,25,0.4,-0.018142588086518724,-0.028325633383010362,-0.4115011687463819,-0.5345410855955832,34,0.47058823529411764
首板,-2.0,2.5,2,100000,25,20,120,1,3,0.0015,1.0,138,138,0.39855072463768115,-0.0009392166041359679,-0.01511554640330337,-0.4513272268583567,-0.7077417304480587,412,0.41504854368932037
首板,-2.0,2.5,2,103000,25,20,120,1,3,0.0015,1.0,138,138,0.39855072463768115,-0.0009392166041359679,-0.01511554640330337,-0.4513272268583567,-0.7077417304480587,412,0.41504854368932037
首板,-2.0,2.5,5,100000,25,20,120,1,3,0.0015,1.0,138,138,0.39855072463768115,-0.0009392166041359679,-0.01511554640330337,-0.4513272268583567,-0.7077417304480587,412,0.41504854368932037
首板,-2.0,2.5,5,103000,25,20,120,1,3,0.0015,1.0,138,138,0.39855072463768115,-0.0009392166041359679,-0.01511554640330337,-0.4513272268583567,-0.7077417304480587,412,0.41504854368932037
首板,-2.0,2.5,8,100000,25,20,120,1,3,0.0015,1.0,138,138,0.39855072463768115,-0.0009392166041359679,-0.01511554640330337,-0.4513272268583567,-0.7077417304480587,412,0.41504854368932037
首板,-2.0,2.5,8,103000,25,20,120,1,3,0.0015,1.0,138,138,0.39855072463768115,-0.0009392166041359679,-0.01511554640330337,-0.4513272268583567,-0.7077417304480587,412,0.41504854368932037
全部,-0.5,1.8,1,100000,22,25,100,1,3,0.0015,1.0,133,133,0.39849624060150374,-0.006405139377080664,-0.021499999999999908,-0.7296031303961632,-0.8296962983778198,381,0.41732283464566927
全部,-0.5,1.8,3,100000,22,25,100,1,3,0.0015,1.0,133,133,0.39849624060150374,-0.006405139377080664,-0.021499999999999908,-0.7296031303961632,-0.8296962983778198,381,0.41732283464566927
全部,-0.5,1.8,5,100000,22,25,100,1,3,0.0015,1.0,133,133,0.39849624060150374,-0.006405139377080664,-0.021499999999999908,-0.7296031303961632,-0.8296962983778198,381,0.41732283464566927
全部,-1.0,2.0,1,100000,16,20,120,1,3,0.0015,1.0,133,133,0.39849624060150374,-0.008178361829897765,-0.026923728813559367,-0.8043384339991473,-0.8386518849721585,374,0.4117647058823529
全部,-1.0,2.0,3,100000,16,20,120,1,3,0.0015,1.0,133,133,0.39849624060150374,-0.008178361829897765,-0.026923728813559367,-0.8043384339991473,-0.8386518849721585,374,0.4117647058823529
全部,-1.0,2.0,5,100000,16,20,120,1,3,0.0015,1.0,133,133,0.39849624060150374,-0.008178361829897765,-0.026923728813559367,-0.8043384339991473,-0.8386518849721585,374,0.4117647058823529
首板,0.5,1.5,2,100000,16,30,90,1,3,0.0015,1.0,78,78,0.3974358974358974,0.001887484903194998,-0.015537906147739922,-0.09149290729262682,-0.525539937229767,133,0.42105263157894735
首板,0.5,1.5,2,103000,16,30,90,1,3,0.0015,1.0,78,78,0.3974358974358974,0.001887484903194998,-0.015537906147739922,-0.09149290729262682,-0.525539937229767,133,0.42105263157894735
首板,0.5,1.5,5,100000,16,30,90,1,3,0.0015,1.0,78,78,0.3974358974358974,0.001887484903194998,-0.015537906147739922,-0.09149290729262682,-0.525539937229767,133,0.42105263157894735
首板,0.5,1.5,5,103000,16,30,90,1,3,0.0015,1.0,78,78,0.3974358974358974,0.001887484903194998,-0.015537906147739922,-0.09149290729262682,-0.525539937229767,133,0.42105263157894735
首板,0.5,1.5,8,100000,16,30,90,1,3,0.0015,1.0,78,78,0.3974358974358974,0.001887484903194998,-0.015537906147739922,-0.09149290729262682,-0.525539937229767,133,0.42105263157894735
首板,0.5,1.5,8,103000,16,30,90,1,3,0.0015,1.0,78,78,0.3974358974358974,0.001887484903194998,-0.015537906147739922,-0.09149290729262682,-0.525539937229767,133,0.42105263157894735
首板,-0.5,1.8,2,100000,25,20,120,2,3,0.0015,1.0,136,136,0.39705882352941174,-0.003286772614184707,-0.010763659472035225,-0.4799372128500392,-0.6295024693287412,748,0.4077540106951872
首板,-0.5,1.8,2,103000,25,20,120,2,3,0.0015,1.0,136,136,0.39705882352941174,-0.003286772614184707,-0.010763659472035225,-0.4799372128500392,-0.6295024693287412,748,0.4077540106951872
首板,-0.5,1.8,5,100000,25,20,120,2,3,0.0015,1.0,136,136,0.39705882352941174,-0.003286772614184707,-0.010763659472035225,-0.4799372128500392,-0.6295024693287412,748,0.4077540106951872
首板,-0.5,1.8,5,103000,25,20,120,2,3,0.0015,1.0,136,136,0.39705882352941174,-0.003286772614184707,-0.010763659472035225,-0.4799372128500392,-0.6295024693287412,748,0.4077540106951872
首板,-0.5,1.8,8,100000,25,20,120,2,3,0.0015,1.0,136,136,0.39705882352941174,-0.003286772614184707,-0.010763659472035225,-0.4799372128500392,-0.6295024693287412,748,0.4077540106951872
首板,-0.5,1.8,8,103000,25,20,120,2,3,0.0015,1.0,136,136,0.39705882352941174,-0.003286772614184707,-0.010763659472035225,-0.4799372128500392,-0.6295024693287412,748,0.4077540106951872
一进二,-0.5,1.8,1,103000,22,30,90,1,3,0.0015,1.0,68,68,0.39705882352941174,-0.013933833322560256,-0.02200744629039203,-0.6880274188535047,-0.8063671341791429,106,0.37735849056603776
一进二,-0.5,1.8,3,103000,22,30,90,1,3,0.0015,1.0,68,68,0.39705882352941174,-0.013933833322560256,-0.02200744629039203,-0.6880274188535047,-0.8063671341791429,107,0.38317757009345793
一进二,-0.5,1.8,5,103000,22,30,90,1,3,0.0015,1.0,68,68,0.39705882352941174,-0.013933833322560256,-0.02200744629039203,-0.6880274188535047,-0.8063671341791429,107,0.38317757009345793
首板,0.0,2.0,2,100000,22,20,120,2,3,0.0015,1.0,126,126,0.3968253968253968,-0.0068334308033408744,-0.009960602120958756,-0.6602451827913547,-0.7644622231057208,550,0.41818181818181815
首板,0.0,2.0,2,103000,22,20,120,2,3,0.0015,1.0,126,126,0.3968253968253968,-0.0068334308033408744,-0.009960602120958756,-0.6602451827913547,-0.7644622231057208,550,0.41818181818181815
首板,0.0,2.0,5,100000,22,20,120,2,3,0.0015,1.0,126,126,0.3968253968253968,-0.0068334308033408744,-0.009960602120958756,-0.6602451827913547,-0.7644622231057208,550,0.41818181818181815
首板,0.0,2.0,5,103000,22,20,120,2,3,0.0015,1.0,126,126,0.3968253968253968,-0.0068334308033408744,-0.009960602120958756,-0.6602451827913547,-0.7644622231057208,550,0.41818181818181815
首板,0.0,2.0,8,100000,22,20,120,2,3,0.0015,1.0,126,126,0.3968253968253968,-0.0068334308033408744,-0.009960602120958756,-0.6602451827913547,-0.7644622231057208,550,0.41818181818181815
首板,0.0,2.0,8,103000,22,20,120,2,3,0.0015,1.0,126,126,0.3968253968253968,-0.0068334308033408744,-0.009960602120958756,-0.6602451827913547,-0.7644622231057208,550,0.41818181818181815
全部,0.0,2.5,1,100000,22,20,120,2,3,0.0015,1.0,129,129,0.3953488372093023,0.0045274279834638985,-0.013225900392250023,0.3190336522499624,-0.5570586127170181,598,0.4180602006688963
全部,0.0,2.5,3,100000,22,20,120,2,3,0.0015,1.0,129,129,0.3953488372093023,0.0045274279834638985,-0.013225900392250023,0.3190336522499624,-0.5570586127170181,598,0.4180602006688963
全部,0.0,2.5,5,100000,22,20,120,2,3,0.0015,1.0,129,129,0.3953488372093023,0.0045274279834638985,-0.013225900392250023,0.3190336522499624,-0.5570586127170181,598,0.4180602006688963
首板,-1.0,2.0,2,100000,16,25,100,2,3,0.0015,1.0,129,129,0.3953488372093023,-0.01476785809018783,-0.02025709313586327,-0.8845169333341929,-0.8954792230798447,592,0.4206081081081081
首板,-1.0,2.0,2,103000,16,25,100,2,3,0.0015,1.0,129,129,0.3953488372093023,-0.01476785809018783,-0.02025709313586327,-0.8845169333341929,-0.8954792230798447,592,0.4206081081081081
首板,-1.0,2.0,5,100000,16,25,100,2,3,0.0015,1.0,129,129,0.3953488372093023,-0.01476785809018783,-0.02025709313586327,-0.8845169333341929,-0.8954792230798447,592,0.4206081081081081
首板,-1.0,2.0,5,103000,16,25,100,2,3,0.0015,1.0,129,129,0.3953488372093023,-0.01476785809018783,-0.02025709313586327,-0.8845169333341929,-0.8954792230798447,592,0.4206081081081081
首板,-1.0,2.0,8,100000,16,25,100,2,3,0.0015,1.0,129,129,0.3953488372093023,-0.01476785809018783,-0.02025709313586327,-0.8845169333341929,-0.8954792230798447,592,0.4206081081081081
首板,-1.0,2.0,8,103000,16,25,100,2,3,0.0015,1.0,129,129,0.3953488372093023,-0.01476785809018783,-0.02025709313586327,-0.8845169333341929,-0.8954792230798447,592,0.4206081081081081
一进二,-0.5,1.8,1,103000,22,20,120,2,3,0.0015,1.0,86,86,0.3953488372093023,-0.01202869964352832,-0.025807027515293124,-0.7406285374044714,-0.793319630834992,182,0.41208791208791207
一进二,-0.5,1.8,3,103000,22,20,120,2,3,0.0015,1.0,86,86,0.3953488372093023,-0.01202869964352832,-0.025807027515293124,-0.7406285374044714,-0.793319630834992,183,0.41530054644808745
一进二,-0.5,1.8,5,103000,22,20,120,2,3,0.0015,1.0,86,86,0.3953488372093023,-0.01202869964352832,-0.025807027515293124,-0.7406285374044714,-0.793319630834992,183,0.41530054644808745
一进二,-0.5,1.8,1,103000,22,20,120,1,3,0.0015,1.0,86,86,0.3953488372093023,-0.013001327652118266,-0.025388893558054293,-0.7677822550089262,-0.8259596565402646,145,0.4068965517241379
一进二,-0.5,1.8,3,103000,22,20,120,1,3,0.0015,1.0,86,86,0.3953488372093023,-0.013001327652118266,-0.025388893558054293,-0.7677822550089262,-0.8259596565402646,146,0.410958904109589
一进二,-0.5,1.8,5,103000,22,20,120,1,3,0.0015,1.0,86,86,0.3953488372093023,-0.013001327652118266,-0.025388893558054293,-0.7677822550089262,-0.8259596565402646,146,0.410958904109589
二进三,-1.0,2.0,0,103000,12,20,120,1,3,0.0015,1.0,43,43,0.3953488372093023,-0.017066398434960682,-0.026752525252525305,-0.6660587286970585,-0.6941769211724469,60,0.4166666666666667
二进三,-1.0,2.0,0,103000,12,20,120,2,3,0.0015,1.0,43,43,0.3953488372093023,-0.017458778280013677,-0.026923728813559367,-0.6719281799044704,-0.699552158657395,65,0.4153846153846154
二进三,-1.0,2.0,1,100000,12,20,120,1,3,0.0015,1.0,38,38,0.39473684210526316,-0.016736066452555848,-0.0329853312403216,-0.6213807876422237,-0.6855029858824713,53,0.4528301886792453
二进三,-1.0,2.0,2,100000,12,20,120,1,3,0.0015,1.0,38,38,0.39473684210526316,-0.016736066452555848,-0.0329853312403216,-0.6213807876422237,-0.6855029858824713,53,0.4528301886792453
二进三,-1.0,2.0,1,100000,12,20,120,2,3,0.0015,1.0,38,38,0.39473684210526316,-0.017180075224589503,-0.03825562219193493,-0.6280355116433989,-0.6910306790365319,58,0.4482758620689655
二进三,-1.0,2.0,2,100000,12,20,120,2,3,0.0015,1.0,38,38,0.39473684210526316,-0.017180075224589503,-0.03825562219193493,-0.6280355116433989,-0.6910306790365319,58,0.4482758620689655
二进三,-1.0,2.0,0,100000,12,20,120,1,3,0.0015,1.0,38,38,0.39473684210526316,-0.019499398877354707,-0.0329853312403216,-0.6565872885786781,-0.6855029858824713,51,0.43137254901960786
二进三,-1.0,2.0,0,100000,12,20,120,2,3,0.0015,1.0,38,38,0.39473684210526316,-0.019943407649388362,-0.03825562219193493,-0.6626232126375045,-0.6910306790365319,56,0.42857142857142855
首板,0.5,1.5,2,100000,25,30,90,2,3,0.0015,1.0,104,104,0.3942307692307692,-0.009467736082712437,-0.015118821443551478,-0.6989723013630017,-0.7565727699777492,290,0.4379310344827586
首板,0.5,1.5,2,103000,25,30,90,2,3,0.0015,1.0,104,104,0.3942307692307692,-0.009467736082712437,-0.015118821443551478,-0.6989723013630017,-0.7565727699777492,290,0.4379310344827586
首板,0.5,1.5,5,100000,25,30,90,2,3,0.0015,1.0,104,104,0.3942307692307692,-0.009467736082712437,-0.015118821443551478,-0.6989723013630017,-0.7565727699777492,290,0.4379310344827586
首板,0.5,1.5,5,103000,25,30,90,2,3,0.0015,1.0,104,104,0.3942307692307692,-0.009467736082712437,-0.015118821443551478,-0.6989723013630017,-0.7565727699777492,290,0.4379310344827586
首板,0.5,1.5,8,100000,25,30,90,2,3,0.0015,1.0,104,104,0.3942307692307692,-0.009467736082712437,-0.015118821443551478,-0.6989723013630017,-0.7565727699777492,290,0.4379310344827586
首板,0.5,1.5,8,103000,25,30,90,2,3,0.0015,1.0,104,104,0.3942307692307692,-0.009467736082712437,-0.015118821443551478,-0.6989723013630017,-0.7565727699777492,290,0.4379310344827586
首板,-2.0,2.5,2,100000,22,20,120,1,3,0.0015,1.0,137,137,0.39416058394160586,0.0010251864532431667,-0.014316404998397978,-0.2612257492140233,-0.7345905749026783,409,0.4156479217603912
首板,-2.0,2.5,2,103000,22,20,120,1,3,0.0015,1.0,137,137,0.39416058394160586,0.0010251864532431667,-0.014316404998397978,-0.2612257492140233,-0.7345905749026783,409,0.4156479217603912
首板,-2.0,2.5,5,100000,22,20,120,1,3,0.0015,1.0,137,137,0.39416058394160586,0.0010251864532431667,-0.014316404998397978,-0.2612257492140233,-0.7345905749026783,409,0.4156479217603912
首板,-2.0,2.5,5,103000,22,20,120,1,3,0.0015,1.0,137,137,0.39416058394160586,0.0010251864532431667,-0.014316404998397978,-0.2612257492140233,-0.7345905749026783,409,0.4156479217603912
首板,-2.0,2.5,8,100000,22,20,120,1,3,0.0015,1.0,137,137,0.39416058394160586,0.0010251864532431667,-0.014316404998397978,-0.2612257492140233,-0.7345905749026783,409,0.4156479217603912
首板,-2.0,2.5,8,103000,22,20,120,1,3,0.0015,1.0,137,137,0.39416058394160586,0.0010251864532431667,-0.014316404998397978,-0.2612257492140233,-0.7345905749026783,409,0.4156479217603912
一进二,0.0,2.0,0,100000,16,25,100,1,3,0.0015,1.0,33,33,0.3939393939393939,-0.013451096695565629,-0.028325633383010362,-0.4338329867345202,-0.6820618020854639,46,0.391304347826087
一进二,0.0,2.0,1,100000,16,25,100,1,3,0.0015,1.0,33,33,0.3939393939393939,-0.015541584819496452,-0.028325633383010362,-0.4691472089879153,-0.6820618020854639,46,0.391304347826087
一进二,0.0,2.0,3,100000,16,25,100,1,3,0.0015,1.0,33,33,0.3939393939393939,-0.015541584819496452,-0.028325633383010362,-0.4691472089879153,-0.6820618020854639,46,0.391304347826087
一进二,0.0,2.0,5,100000,16,25,100,1,3,0.0015,1.0,33,33,0.3939393939393939,-0.015541584819496452,-0.028325633383010362,-0.4691472089879153,-0.6820618020854639,46,0.391304347826087
一进二,0.0,2.0,0,100000,16,25,100,2,3,0.0015,1.0,33,33,0.3939393939393939,-0.019780382631858242,-0.028325633383010362,-0.5281848542948995,-0.6820618020854639,50,0.42
一进二,0.0,2.0,1,100000,16,25,100,2,3,0.0015,1.0,33,33,0.3939393939393939,-0.020825626693823655,-0.028325633383010362,-0.5428926953333113,-0.6820618020854639,54,0.4074074074074074
一进二,0.0,2.0,3,100000,16,25,100,2,3,0.0015,1.0,33,33,0.3939393939393939,-0.020825626693823655,-0.028325633383010362,-0.5428926953333113,-0.6820618020854639,55,0.41818181818181815
一进二,0.0,2.0,5,100000,16,25,100,2,3,0.0015,1.0,33,33,0.3939393939393939,-0.020825626693823655,-0.028325633383010362,-0.5428926953333113,-0.6820618020854639,56,0.42857142857142855
全部,0.0,2.0,1,103000,22,25,100,1,3,0.0015,1.0,127,127,0.3937007874015748,-0.0014188193128732525,-0.023558823529411688,-0.5109962782773512,-0.8068825007994882,339,0.3952802359882006
全部,0.0,2.0,3,103000,22,25,100,1,3,0.0015,1.0,127,127,0.3937007874015748,-0.0014188193128732525,-0.023558823529411688,-0.5109962782773512,-0.8068825007994882,339,0.3952802359882006
全部,0.0,2.0,5,103000,22,25,100,1,3,0.0015,1.0,127,127,0.3937007874015748,-0.0014188193128732525,-0.023558823529411688,-0.5109962782773512,-0.8068825007994882,339,0.3952802359882006
全部,0.0,2.5,1,100000,16,20,120,2,3,0.0015,1.0,122,122,0.39344262295081966,-0.002326311701704455,-0.01677856991951196,-0.46501281794474003,-0.7177354412142811,474,0.41983122362869196
全部,0.0,2.5,3,100000,16,20,120,2,3,0.0015,1.0,122,122,0.39344262295081966,-0.002326311701704455,-0.01677856991951196,-0.46501281794474003,-0.7177354412142811,474,0.41983122362869196
全部,0.0,2.5,5,100000,16,20,120,2,3,0.0015,1.0,122,122,0.39344262295081966,-0.002326311701704455,-0.01677856991951196,-0.46501281794474003,-0.7177354412142811,474,0.41983122362869196
一进二,-0.5,1.8,1,103000,12,30,90,1,3,0.0015,1.0,56,56,0.39285714285714285,-0.01643512931729874,-0.026961009462589447,-0.6761337547012103,-0.7688569448180186,83,0.37349397590361444
一进二,-0.5,1.8,3,103000,12,30,90,1,3,0.0015,1.0,56,56,0.39285714285714285,-0.01643512931729874,-0.026961009462589447,-0.6761337547012103,-0.7688569448180186,84,0.38095238095238093
一进二,-0.5,1.8,5,103000,12,30,90,1,3,0.0015,1.0,56,56,0.39285714285714285,-0.01643512931729874,-0.026961009462589447,-0.6761337547012103,-0.7688569448180186,84,0.38095238095238093
二进三,-2.0,2.2,1,103000,10,20,120,1,3,0.0015,1.0,56,56,0.39285714285714285,-0.020415773503734486,-0.030169311215290318,-0.7836447051843709,-0.8476758589700575,81,0.43209876543209874
二进三,-2.0,2.2,1,103000,10,20,120,2,3,0.0015,1.0,56,56,0.39285714285714285,-0.023318099780824008,-0.035439602166903644,-0.8095123584281726,-0.8460516697002863,89,0.42696629213483145
一进二,-0.5,1.8,1,103000,22,25,100,1,3,0.0015,1.0,79,79,0.3924050632911392,-0.010379234149743602,-0.02495058626465657,-0.6639832023635005,-0.7828086062105548,126,0.3968253968253968
一进二,-0.5,1.8,3,103000,22,25,100,1,3,0.0015,1.0,79,79,0.3924050632911392,-0.010379234149743602,-0.02495058626465657,-0.6639832023635005,-0.7828086062105548,127,0.4015748031496063
一进二,-0.5,1.8,5,103000,22,25,100,1,3,0.0015,1.0,79,79,0.3924050632911392,-0.010379234149743602,-0.02495058626465657,-0.6639832023635005,-0.7828086062105548,127,0.4015748031496063
全部,0.3,1.8,1,100000,16,25,100,2,3,0.0015,1.0,102,102,0.39215686274509803,-0.006742244376618612,-0.014914304022590613,-0.637578572113863,-0.8062753114023962,316,0.41455696202531644
全部,0.3,1.8,3,100000,16,25,100,2,3,0.0015,1.0,102,102,0.39215686274509803,-0.007077995907758211,-0.016624002469834837,-0.6500369214539476,-0.8062753114023962,317,0.416403785488959
全部,0.3,1.8,5,100000,16,25,100,2,3,0.0015,1.0,102,102,0.39215686274509803,-0.007077995907758211,-0.016624002469834837,-0.6500369214539476,-0.8062753114023962,317,0.416403785488959
全部,0.5,1.5,1,100000,22,25,100,2,3,0.0015,1.0,102,102,0.39215686274509803,-0.010244690055342608,-0.01782139440790262,-0.7201352585345353,-0.7731373602388933,321,0.43613707165109034
全部,0.5,1.5,3,100000,22,25,100,2,3,0.0015,1.0,102,102,0.39215686274509803,-0.010580441586482208,-0.019283282410103797,-0.7297517058444724,-0.7731373602388933,322,0.43478260869565216
全部,0.5,1.5,5,100000,22,25,100,2,3,0.0015,1.0,102,102,0.39215686274509803,-0.010580441586482208,-0.019283282410103797,-0.7297517058444724,-0.7731373602388933,323,0.43653250773993807
首板,-2.0,2.5,2,100000,25,25,100,1,3,0.0015,1.0,138,138,0.391304347826087,-0.004988502720543305,-0.017551294890600366,-0.6737260339492672,-0.775908859225566,409,0.41075794621026895
首板,-2.0,2.5,2,103000,25,25,100,1,3,0.0015,1.0,138,138,0.391304347826087,-0.004988502720543305,-0.017551294890600366,-0.6737260339492672,-0.775908859225566,409,0.41075794621026895
首板,-2.0,2.5,5,100000,25,25,100,1,3,0.0015,1.0,138,138,0.391304347826087,-0.004988502720543305,-0.017551294890600366,-0.6737260339492672,-0.775908859225566,409,0.41075794621026895
首板,-2.0,2.5,5,103000,25,25,100,1,3,0.0015,1.0,138,138,0.391304347826087,-0.004988502720543305,-0.017551294890600366,-0.6737260339492672,-0.775908859225566,409,0.41075794621026895
首板,-2.0,2.5,8,100000,25,25,100,1,3,0.0015,1.0,138,138,0.391304347826087,-0.004988502720543305,-0.017551294890600366,-0.6737260339492672,-0.775908859225566,409,0.41075794621026895
首板,-2.0,2.5,8,103000,25,25,100,1,3,0.0015,1.0,138,138,0.391304347826087,-0.004988502720543305,-0.017551294890600366,-0.6737260339492672,-0.775908859225566,409,0.41075794621026895
首板,0.3,1.8,2,100000,25,30,90,1,3,0.0015,1.0,115,115,0.391304347826087,-0.014367751784498464,-0.0170138978668391,-0.8534679113444599,-0.8452713447252458,256,0.4140625
首板,0.3,1.8,2,103000,25,30,90,1,3,0.0015,1.0,115,115,0.391304347826087,-0.014367751784498464,-0.0170138978668391,-0.8534679113444599,-0.8452713447252458,256,0.4140625
首板,0.3,1.8,5,100000,25,30,90,1,3,0.0015,1.0,115,115,0.391304347826087,-0.014367751784498464,-0.0170138978668391,-0.8534679113444599,-0.8452713447252458,256,0.4140625
首板,0.3,1.8,5,103000,25,30,90,1,3,0.0015,1.0,115,115,0.391304347826087,-0.014367751784498464,-0.0170138978668391,-0.8534679113444599,-0.8452713447252458,256,0.4140625
首板,0.3,1.8,8,100000,25,30,90,1,3,0.0015,1.0,115,115,0.391304347826087,-0.014367751784498464,-0.0170138978668391,-0.8534679113444599,-0.8452713447252458,256,0.4140625
首板,0.3,1.8,8,103000,25,30,90,1,3,0.0015,1.0,115,115,0.391304347826087,-0.014367751784498464,-0.0170138978668391,-0.8534679113444599,-0.8452713447252458,256,0.4140625
一进二,0.3,1.8,0,100000,12,25,100,1,3,0.0015,1.0,23,23,0.391304347826087,-0.014988077080594069,-0.028325633383010362,-0.34999210836890515,-0.5079728937290047,29,0.41379310344827586
一进二,0.3,1.8,0,100000,12,25,100,2,3,0.0015,1.0,23,23,0.391304347826087,-0.018438631838292682,-0.028325633383010362,-0.39288499523060516,-0.5079728937290047,31,0.45161290322580644
首板,0.5,1.5,2,100000,25,20,120,2,3,0.0015,1.0,110,110,0.39090909090909093,-0.012102423085315379,-0.017182266796751805,-0.7885865991027944,-0.811132658448211,377,0.4350132625994695
首板,0.5,1.5,2,103000,25,20,120,2,3,0.0015,1.0,110,110,0.39090909090909093,-0.012102423085315379,-0.017182266796751805,-0.7885865991027944,-0.811132658448211,377,0.4350132625994695
首板,0.5,1.5,5,100000,25,20,120,2,3,0.0015,1.0,110,110,0.39090909090909093,-0.012102423085315379,-0.017182266796751805,-0.7885865991027944,-0.811132658448211,377,0.4350132625994695
首板,0.5,1.5,5,103000,25,20,120,2,3,0.0015,1.0,110,110,0.39090909090909093,-0.012102423085315379,-0.017182266796751805,-0.7885865991027944,-0.811132658448211,377,0.4350132625994695
首板,0.5,1.5,8,100000,25,20,120,2,3,0.0015,1.0,110,110,0.39090909090909093,-0.012102423085315379,-0.017182266796751805,-0.7885865991027944,-0.811132658448211,377,0.4350132625994695
首板,0.5,1.5,8,103000,25,20,120,2,3,0.0015,1.0,110,110,0.39090909090909093,-0.012102423085315379,-0.017182266796751805,-0.7885865991027944,-0.811132658448211,377,0.4350132625994695
一进二,0.0,2.0,0,103000,12,25,100,2,3,0.0015,1.0,41,41,0.3902439024390244,-0.019132873688086586,-0.023558823529411688,-0.5999606975218501,-0.7540128441288158,61,0.39344262295081966
二进三,-2.0,2.2,0,103000,8,20,120,1,3,0.0015,1.0,41,41,0.3902439024390244,-0.02275209409282468,-0.026923728813559367,-0.6929467118520853,-0.6867848560225409,56,0.4107142857142857
二进三,-2.0,2.2,0,103000,8,20,120,2,3,0.0015,1.0,41,41,0.3902439024390244,-0.023297378788613,-0.03530281690140841,-0.7000000975424425,-0.6939797869996994,60,0.4166666666666667
二进三,-2.0,2.2,1,100000,12,20,120,1,3,0.0015,1.0,41,41,0.3902439024390244,-0.025209646689253525,-0.05555405405405395,-0.7461874973362173,-0.7891726789658313,60,0.43333333333333335
二进三,-2.0,2.2,0,100000,12,20,120,1,3,0.0015,1.0,41,41,0.3902439024390244,-0.0277707840585793,-0.05555405405405395,-0.7697886507406366,-0.7891726789658313,57,0.42105263157894735
首板,0.0,2.0,2,100000,22,30,90,2,3,0.0015,1.0,118,118,0.3898305084745763,-0.01119175942877968,-0.014793726154964187,-0.7790027544396871,-0.7608054531482273,438,0.4360730593607306
首板,0.0,2.0,2,103000,22,30,90,2,3,0.0015,1.0,118,118,0.3898305084745763,-0.01119175942877968,-0.014793726154964187,-0.7790027544396871,-0.7608054531482273,438,0.4360730593607306
首板,0.0,2.0,5,100000,22,30,90,2,3,0.0015,1.0,118,118,0.3898305084745763,-0.01119175942877968,-0.014793726154964187,-0.7790027544396871,-0.7608054531482273,438,0.4360730593607306
首板,0.0,2.0,5,103000,22,30,90,2,3,0.0015,1.0,118,118,0.3898305084745763,-0.01119175942877968,-0.014793726154964187,-0.7790027544396871,-0.7608054531482273,438,0.4360730593607306
首板,0.0,2.0,8,100000,22,30,90,2,3,0.0015,1.0,118,118,0.3898305084745763,-0.01119175942877968,-0.014793726154964187,-0.7790027544396871,-0.7608054531482273,438,0.4360730593607306
首板,0.0,2.0,8,103000,22,30,90,2,3,0.0015,1.0,118,118,0.3898305084745763,-0.01119175942877968,-0.014793726154964187,-0.7790027544396871,-0.7608054531482273,438,0.4360730593607306
全部,-0.5,1.8,1,100000,12,20,120,1,3,0.0015,1.0,118,118,0.3898305084745763,-0.011426238708752935,-0.01626257464380071,-0.8436771431899405,-0.8704622592469548,273,0.41025641025641024
全部,-0.5,1.8,3,100000,12,20,120,1,3,0.0015,1.0,118,118,0.3898305084745763,-0.011426238708752935,-0.01626257464380071,-0.8436771431899405,-0.8704622592469548,273,0.41025641025641024
全部,-0.5,1.8,5,100000,12,20,120,1,3,0.0015,1.0,118,118,0.3898305084745763,-0.011426238708752935,-0.01626257464380071,-0.8436771431899405,-0.8704622592469548,273,0.41025641025641024
二进三,-1.0,2.0,1,103000,12,20,120,1,3,0.0015,1.0,54,54,0.3888888888888889,-0.011176203490117444,-0.026838127033042336,-0.6510027753479619,-0.7978561609981311,77,0.45454545454545453
二进三,-1.0,2.0,2,103000,12,20,120,1,3,0.0015,1.0,54,54,0.3888888888888889,-0.011176203490117444,-0.026838127033042336,-0.6510027753479619,-0.7978561609981311,77,0.45454545454545453
二进三,-1.0,2.0,1,103000,12,20,120,2,3,0.0015,1.0,54,54,0.3888888888888889,-0.011659822077149893,-0.03219401976517269,-0.6599417639909486,-0.8030337422321624,83,0.4578313253012048
二进三,-1.0,2.0,2,103000,12,20,120,2,3,0.0015,1.0,54,54,0.3888888888888889,-0.011659822077149893,-0.03219401976517269,-0.6599417639909486,-0.8030337422321624,83,0.4578313253012048
二进三,-2.0,2.2,0,103000,8,25,100,1,3,0.0015,1.0,36,36,0.3888888888888889,-0.019402366215315117,-0.026838127033042336,-0.6135471650306457,-0.6377275807801606,47,0.44680851063829785
二进三,-2.0,2.2,0,103000,8,25,100,2,3,0.0015,1.0,36,36,0.3888888888888889,-0.02002338489662959,-0.031113272857483887,-0.6224244544178146,-0.6460494167492494,49,0.4489795918367347
二进三,-2.0,2.2,1,100000,8,20,120,1,3,0.0015,1.0,36,36,0.3888888888888889,-0.022435701922112656,-0.03717487528424612,-0.6519053079107748,-0.7108579339899592,49,0.42857142857142855
二进三,-2.0,2.2,0,100000,8,20,120,2,3,0.0015,1.0,36,36,0.3888888888888889,-0.030721022074776148,-0.04354494223756261,-0.735973698031404,-0.7132976791384023,49,0.42857142857142855
二进三,-1.0,2.0,1,103000,10,20,120,1,3,0.0015,1.0,49,49,0.3877551020408163,-0.014275300619705208,-0.026923728813559367,-0.6727612023110794,-0.8104589315827728,69,0.4492753623188406
二进三,-1.0,2.0,2,103000,10,20,120,1,3,0.0015,1.0,49,49,0.3877551020408163,-0.014275300619705208,-0.026923728813559367,-0.6727612023110794,-0.8104589315827728,69,0.4492753623188406
二进三,-1.0,2.0,1,103000,10,20,120,2,3,0.0015,1.0,49,49,0.3877551020408163,-0.014619633953119066,-0.03746431071678602,-0.6785128488467506,-0.8137903618325738,73,0.4383561643835616
二进三,-1.0,2.0,2,103000,10,20,120,2,3,0.0015,1.0,49,49,0.3877551020408163,-0.014619633953119066,-0.03746431071678602,-0.6785128488467506,-0.8137903618325738,73,0.4383561643835616
一进二,-1.0,2.0,0,103000,16,20,120,1,3,0.0015,1.0,80,80,0.3875,-0.021671577041935407,-0.028772091744810158,-0.8759793673633236,-0.9250425568952427,121,0.3884297520661157
全部,0.0,2.0,1,103000,22,30,90,2,3,0.0015,1.0,124,124,0.3870967741935484,-0.0017285992096443526,-0.011536342065256722,-0.4301135119803041,-0.85503887875432,505,0.44554455445544555
全部,0.0,2.0,3,103000,22,30,90,2,3,0.0015,1.0,124,124,0.3870967741935484,-0.0017285992096443526,-0.011536342065256722,-0.4301135119803041,-0.85503887875432,505,0.44554455445544555
全部,0.0,2.0,5,103000,22,30,90,2,3,0.0015,1.0,124,124,0.3870967741935484,-0.0017285992096443526,-0.011536342065256722,-0.4301135119803041,-0.85503887875432,505,0.44554455445544555
全部,-1.0,2.0,1,100000,12,20,120,2,3,0.0015,1.0,124,124,0.3870967741935484,-0.013478126393738224,-0.017603208495067607,-0.8760850673091279,-0.8823479276351461,492,0.4186991869918699
全部,-1.0,2.0,3,100000,12,20,120,2,3,0.0015,1.0,124,124,0.3870967741935484,-0.013487820313381816,-0.017603208495067607,-0.8762324240246468,-0.8823479276351461,492,0.4186991869918699
全部,-1.0,2.0,5,100000,12,20,120,2,3,0.0015,1.0,124,124,0.3870967741935484,-0.013487820313381816,-0.017603208495067607,-0.8762324240246468,-0.8823479276351461,492,0.4186991869918699
二进三,-2.0,2.2,2,103000,12,20,120,1,3,0.0015,1.0,62,62,0.3870967741935484,-0.013877755725332775,-0.03109858007188948,-0.7237746952755539,-0.8246720377675056,92,0.43478260869565216
二进三,-2.0,2.2,1,103000,12,20,120,1,3,0.0015,1.0,62,62,0.3870967741935484,-0.015807368555004482,-0.02785299767015853,-0.750970970840543,-0.8246720377675056,91,0.42857142857142855
二进三,-2.0,2.2,2,103000,12,20,120,2,3,0.0015,1.0,62,62,0.3870967741935484,-0.019747123617511055,-0.035439602166903644,-0.7977233355337157,-0.8372684293626809,103,0.4368932038834951
二进三,-2.0,2.2,1,103000,12,20,120,2,3,0.0015,1.0,62,62,0.3870967741935484,-0.01987266099316016,-0.03109858007188948,-0.7986444345344106,-0.8372684293626809,102,0.43137254901960786
一进二,0.0,2.0,0,100000,12,25,100,1,3,0.0015,1.0,31,31,0.3870967741935484,-0.013368065195852553,-0.028325633383010362,-0.4159232428266064,-0.664546728872798,42,0.38095238095238093
一进二,0.0,2.0,1,100000,12,25,100,1,3,0.0015,1.0,31,31,0.3870967741935484,-0.015593423521327308,-0.028325633383010362,-0.4523545712731326,-0.664546728872798,42,0.38095238095238093
一进二,0.0,2.0,3,100000,12,25,100,1,3,0.0015,1.0,31,31,0.3870967741935484,-0.015593423521327308,-0.028325633383010362,-0.4523545712731326,-0.664546728872798,42,0.38095238095238093
一进二,0.0,2.0,5,100000,12,25,100,1,3,0.0015,1.0,31,31,0.3870967741935484,-0.015593423521327308,-0.028325633383010362,-0.4523545712731326,-0.664546728872798,42,0.38095238095238093
一进二,0.0,2.0,0,100000,12,25,100,2,3,0.0015,1.0,31,31,0.3870967741935484,-0.015928154209628943,-0.028325633383010362,-0.45446544913908826,-0.664546728872798,45,0.4222222222222222
一进二,0.3,1.8,0,103000,12,25,100,1,3,0.0015,1.0,31,31,0.3870967741935484,-0.016958637025106908,-0.028325633383010362,-0.4638835873995649,-0.5897012981006735,38,0.39473684210526316
一进二,0.0,2.0,1,100000,12,25,100,2,3,0.0015,1.0,31,31,0.3870967741935484,-0.02025860452711153,-0.028325633383010362,-0.5153462670862026,-0.664546728872798,50,0.42
一进二,0.0,2.0,3,100000,12,25,100,2,3,0.0015,1.0,31,31,0.3870967741935484,-0.02025860452711153,-0.028325633383010362,-0.5153462670862026,-0.664546728872798,51,0.43137254901960786
一进二,0.0,2.0,5,100000,12,25,100,2,3,0.0015,1.0,31,31,0.3870967741935484,-0.02025860452711153,-0.028325633383010362,-0.5153462670862026,-0.664546728872798,52,0.4423076923076923
首板,-2.0,2.5,2,100000,22,25,100,1,3,0.0015,1.0,137,137,0.38686131386861317,-0.0038080944764012177,-0.016793118096856408,-0.6054666245984117,-0.755165923801909,406,0.41133004926108374
首板,-2.0,2.5,2,103000,22,25,100,1,3,0.0015,1.0,137,137,0.38686131386861317,-0.0038080944764012177,-0.016793118096856408,-0.6054666245984117,-0.755165923801909,406,0.41133004926108374
首板,-2.0,2.5,5,100000,22,25,100,1,3,0.0015,1.0,137,137,0.38686131386861317,-0.0038080944764012177,-0.016793118096856408,-0.6054666245984117,-0.755165923801909,406,0.41133004926108374
首板,-2.0,2.5,5,103000,22,25,100,1,3,0.0015,1.0,137,137,0.38686131386861317,-0.0038080944764012177,-0.016793118096856408,-0.6054666245984117,-0.755165923801909,406,0.41133004926108374
首板,-2.0,2.5,8,100000,22,25,100,1,3,0.0015,1.0,137,137,0.38686131386861317,-0.0038080944764012177,-0.016793118096856408,-0.6054666245984117,-0.755165923801909,406,0.41133004926108374
首板,-2.0,2.5,8,103000,22,25,100,1,3,0.0015,1.0,137,137,0.38686131386861317,-0.0038080944764012177,-0.016793118096856408,-0.6054666245984117,-0.755165923801909,406,0.41133004926108374
首板,0.5,1.5,2,100000,25,25,100,2,3,0.0015,1.0,106,106,0.3867924528301887,-0.010190864742286433,-0.0170680207854135,-0.7257596829905439,-0.7899502053617536,338,0.4260355029585799
首板,0.5,1.5,2,103000,25,25,100,2,3,0.0015,1.0,106,106,0.3867924528301887,-0.010190864742286433,-0.0170680207854135,-0.7257596829905439,-0.7899502053617536,338,0.4260355029585799
首板,0.5,1.5,5,100000,25,25,100,2,3,0.0015,1.0,106,106,0.3867924528301887,-0.010190864742286433,-0.0170680207854135,-0.7257596829905439,-0.7899502053617536,338,0.4260355029585799
首板,0.5,1.5,5,103000,25,25,100,2,3,0.0015,1.0,106,106,0.3867924528301887,-0.010190864742286433,-0.0170680207854135,-0.7257596829905439,-0.7899502053617536,338,0.4260355029585799
首板,0.5,1.5,8,100000,25,25,100,2,3,0.0015,1.0,106,106,0.3867924528301887,-0.010190864742286433,-0.0170680207854135,-0.7257596829905439,-0.7899502053617536,338,0.4260355029585799
首板,0.5,1.5,8,103000,25,25,100,2,3,0.0015,1.0,106,106,0.3867924528301887,-0.010190864742286433,-0.0170680207854135,-0.7257596829905439,-0.7899502053617536,338,0.4260355029585799
全部,0.3,1.8,1,100000,16,20,120,1,3,0.0015,1.0,106,106,0.3867924528301887,-0.01076539361490775,-0.021006205439661918,-0.8047724760600206,-0.8972311187490876,233,0.3776824034334764
全部,0.3,1.8,3,100000,16,20,120,1,3,0.0015,1.0,106,106,0.3867924528301887,-0.01076539361490775,-0.021006205439661918,-0.8047724760600206,-0.8972311187490876,233,0.3776824034334764
全部,0.3,1.8,5,100000,16,20,120,1,3,0.0015,1.0,106,106,0.3867924528301887,-0.01076539361490775,-0.021006205439661918,-0.8047724760600206,-0.8972311187490876,233,0.3776824034334764
全部,-1.0,2.0,1,100000,12,30,90,1,3,0.0015,1.0,114,114,0.38596491228070173,-0.010600261680801365,-0.015594390232484434,-0.8243185048919784,-0.8818073445062301,265,0.41132075471698115
全部,-1.0,2.0,3,100000,12,30,90,1,3,0.0015,1.0,114,114,0.38596491228070173,-0.010621350207745323,-0.015594390232484434,-0.8247372040627765,-0.8818073445062301,265,0.41132075471698115
全部,-1.0,2.0,5,100000,12,30,90,1,3,0.0015,1.0,114,114,0.38596491228070173,-0.010621350207745323,-0.015594390232484434,-0.8247372040627765,-0.8818073445062301,265,0.41132075471698115
一进二,-1.0,2.0,0,100000,22,20,120,1,3,0.0015,1.0,57,57,0.38596491228070173,-0.024433672781874402,-0.029218550106609953,-0.808135547940729,-0.8942790052515301,87,0.39080459770114945
一进二,-1.0,2.0,1,100000,22,20,120,1,3,0.0015,1.0,57,57,0.38596491228070173,-0.02564395537993962,-0.029218550106609953,-0.8201029422674802,-0.8942790052515301,87,0.39080459770114945
一进二,-1.0,2.0,3,100000,22,20,120,1,3,0.0015,1.0,57,57,0.38596491228070173,-0.02564395537993962,-0.029218550106609953,-0.8201029422674802,-0.8942790052515301,87,0.39080459770114945
一进二,-1.0,2.0,5,100000,22,20,120,1,3,0.0015,1.0,57,57,0.38596491228070173,-0.02564395537993962,-0.029218550106609953,-0.8201029422674802,-0.8942790052515301,87,0.39080459770114945
全部,-1.0,2.0,1,103000,12,20,120,2,3,0.0015,1.0,127,127,0.3858267716535433,-0.01608743537718157,-0.01685777150108475,-0.9141997594906447,-0.9155278846405367,529,0.43100189035916825
全部,-1.0,2.0,3,103000,12,20,120,2,3,0.0015,1.0,127,127,0.3858267716535433,-0.016096900306597366,-0.01685777150108475,-0.9143017911131267,-0.9155278846405367,530,0.4320754716981132
全部,-1.0,2.0,5,103000,12,20,120,2,3,0.0015,1.0,127,127,0.3858267716535433,-0.016096900306597366,-0.01685777150108475,-0.9143017911131267,-0.9155278846405367,530,0.4320754716981132
首板,0.3,1.8,2,100000,16,25,100,1,3,0.0015,1.0,96,96,0.3854166666666667,-0.01000453543138534,-0.026791793831202115,-0.7290930100315289,-0.7162165440600592,195,0.36923076923076925
首板,0.3,1.8,2,103000,16,25,100,1,3,0.0015,1.0,96,96,0.3854166666666667,-0.01000453543138534,-0.026791793831202115,-0.7290930100315289,-0.7162165440600592,195,0.36923076923076925
首板,0.3,1.8,5,100000,16,25,100,1,3,0.0015,1.0,96,96,0.3854166666666667,-0.01000453543138534,-0.026791793831202115,-0.7290930100315289,-0.7162165440600592,195,0.36923076923076925
首板,0.3,1.8,5,103000,16,25,100,1,3,0.0015,1.0,96,96,0.3854166666666667,-0.01000453543138534,-0.026791793831202115,-0.7290930100315289,-0.7162165440600592,195,0.36923076923076925
首板,0.3,1.8,8,100000,16,25,100,1,3,0.0015,1.0,96,96,0.3854166666666667,-0.01000453543138534,-0.026791793831202115,-0.7290930100315289,-0.7162165440600592,195,0.36923076923076925
首板,0.3,1.8,8,103000,16,25,100,1,3,0.0015,1.0,96,96,0.3854166666666667,-0.01000453543138534,-0.026791793831202115,-0.7290930100315289,-0.7162165440600592,195,0.36923076923076925
首板,-1.0,2.0,2,100000,25,30,90,1,3,0.0015,1.0,135,135,0.3851851851851852,-0.00979348869185034,-0.013954592631032657,-0.8180488496087472,-0.8536263837570106,391,0.4143222506393862
首板,-1.0,2.0,2,103000,25,30,90,1,3,0.0015,1.0,135,135,0.3851851851851852,-0.00979348869185034,-0.013954592631032657,-0.8180488496087472,-0.8536263837570106,391,0.4143222506393862
首板,-1.0,2.0,5,100000,25,30,90,1,3,0.0015,1.0,135,135,0.3851851851851852,-0.00979348869185034,-0.013954592631032657,-0.8180488496087472,-0.8536263837570106,391,0.4143222506393862
首板,-1.0,2.0,5,103000,25,30,90,1,3,0.0015,1.0,135,135,0.3851851851851852,-0.00979348869185034,-0.013954592631032657,-0.8180488496087472,-0.8536263837570106,391,0.4143222506393862
首板,-1.0,2.0,8,100000,25,30,90,1,3,0.0015,1.0,135,135,0.3851851851851852,-0.00979348869185034,-0.013954592631032657,-0.8180488496087472,-0.8536263837570106,391,0.4143222506393862
首板,-1.0,2.0,8,103000,25,30,90,1,3,0.0015,1.0,135,135,0.3851851851851852,-0.00979348869185034,-0.013954592631032657,-0.8180488496087472,-0.8536263837570106,391,0.4143222506393862
首板,0.0,2.0,2,100000,16,30,90,2,3,0.0015,1.0,104,104,0.38461538461538464,-0.015215324438892164,-0.021504072271249897,-0.8342878328425339,-0.8206428019925808,313,0.41214057507987223
首板,0.0,2.0,2,103000,16,30,90,2,3,0.0015,1.0,104,104,0.38461538461538464,-0.015215324438892164,-0.021504072271249897,-0.8342878328425339,-0.8206428019925808,313,0.41214057507987223
首板,0.0,2.0,5,100000,16,30,90,2,3,0.0015,1.0,104,104,0.38461538461538464,-0.015215324438892164,-0.021504072271249897,-0.8342878328425339,-0.8206428019925808,313,0.41214057507987223
首板,0.0,2.0,5,103000,16,30,90,2,3,0.0015,1.0,104,104,0.38461538461538464,-0.015215324438892164,-0.021504072271249897,-0.8342878328425339,-0.8206428019925808,313,0.41214057507987223
首板,0.0,2.0,8,100000,16,30,90,2,3,0.0015,1.0,104,104,0.38461538461538464,-0.015215324438892164,-0.021504072271249897,-0.8342878328425339,-0.8206428019925808,313,0.41214057507987223
首板,0.0,2.0,8,103000,16,30,90,2,3,0.0015,1.0,104,104,0.38461538461538464,-0.015215324438892164,-0.021504072271249897,-0.8342878328425339,-0.8206428019925808,313,0.41214057507987223
首板,0.5,1.5,2,100000,16,30,90,2,3,0.0015,1.0,78,78,0.38461538461538464,-0.002468485409440828,-0.024018059859359286,-0.33077861809457554,-0.5864338160246327,167,0.437125748502994
首板,0.5,1.5,2,103000,16,30,90,2,3,0.0015,1.0,78,78,0.38461538461538464,-0.002468485409440828,-0.024018059859359286,-0.33077861809457554,-0.5864338160246327,167,0.437125748502994
首板,0.5,1.5,5,100000,16,30,90,2,3,0.0015,1.0,78,78,0.38461538461538464,-0.002468485409440828,-0.024018059859359286,-0.33077861809457554,-0.5864338160246327,167,0.437125748502994
首板,0.5,1.5,5,103000,16,30,90,2,3,0.0015,1.0,78,78,0.38461538461538464,-0.002468485409440828,-0.024018059859359286,-0.33077861809457554,-0.5864338160246327,167,0.437125748502994
首板,0.5,1.5,8,100000,16,30,90,2,3,0.0015,1.0,78,78,0.38461538461538464,-0.002468485409440828,-0.024018059859359286,-0.33077861809457554,-0.5864338160246327,167,0.437125748502994
首板,0.5,1.5,8,103000,16,30,90,2,3,0.0015,1.0,78,78,0.38461538461538464,-0.002468485409440828,-0.024018059859359286,-0.33077861809457554,-0.5864338160246327,167,0.437125748502994
二进三,-1.0,2.0,0,103000,10,20,120,1,3,0.0015,1.0,39,39,0.38461538461538464,-0.024715933934121297,-0.026923728813559367,-0.7257752525384554,-0.7022233355210885,54,0.4074074074074074
二进三,-1.0,2.0,0,103000,10,20,120,2,3,0.0015,1.0,39,39,0.38461538461538464,-0.025148557865846397,-0.03746431071678602,-0.7305951083436706,-0.7074571468318185,58,0.39655172413793105
首板,-0.5,1.8,2,100000,16,25,100,1,3,0.0015,1.0,125,125,0.384,-0.014747584440635255,-0.030680695847362605,-0.8908377119870866,-0.8843329630959287,309,0.4110032362459547
首板,-0.5,1.8,2,103000,16,25,100,1,3,0.0015,1.0,125,125,0.384,-0.014747584440635255,-0.030680695847362605,-0.8908377119870866,-0.8843329630959287,309,0.4110032362459547
首板,-0.5,1.8,5,100000,16,25,100,1,3,0.0015,1.0,125,125,0.384,-0.014747584440635255,-0.030680695847362605,-0.8908377119870866,-0.8843329630959287,309,0.4110032362459547
首板,-0.5,1.8,5,103000,16,25,100,1,3,0.0015,1.0,125,125,0.384,-0.014747584440635255,-0.030680695847362605,-0.8908377119870866,-0.8843329630959287,309,0.4110032362459547
首板,-0.5,1.8,8,100000,16,25,100,1,3,0.0015,1.0,125,125,0.384,-0.014747584440635255,-0.030680695847362605,-0.8908377119870866,-0.8843329630959287,309,0.4110032362459547
首板,-0.5,1.8,8,103000,16,25,100,1,3,0.0015,1.0,125,125,0.384,-0.014747584440635255,-0.030680695847362605,-0.8908377119870866,-0.8843329630959287,309,0.4110032362459547
首板,0.5,1.5,2,100000,22,25,100,2,3,0.0015,1.0,99,99,0.3838383838383838,-0.008289547749278368,-0.017333317131460912,-0.6519680928693607,-0.7185626322900772,299,0.4414715719063545
首板,0.5,1.5,2,103000,22,25,100,2,3,0.0015,1.0,99,99,0.3838383838383838,-0.008289547749278368,-0.017333317131460912,-0.6519680928693607,-0.7185626322900772,299,0.4414715719063545
首板,0.5,1.5,5,100000,22,25,100,2,3,0.0015,1.0,99,99,0.3838383838383838,-0.008289547749278368,-0.017333317131460912,-0.6519680928693607,-0.7185626322900772,299,0.4414715719063545
首板,0.5,1.5,5,103000,22,25,100,2,3,0.0015,1.0,99,99,0.3838383838383838,-0.008289547749278368,-0.017333317131460912,-0.6519680928693607,-0.7185626322900772,299,0.4414715719063545
首板,0.5,1.5,8,100000,22,25,100,2,3,0.0015,1.0,99,99,0.3838383838383838,-0.008289547749278368,-0.017333317131460912,-0.6519680928693607,-0.7185626322900772,299,0.4414715719063545
首板,0.5,1.5,8,103000,22,25,100,2,3,0.0015,1.0,99,99,0.3838383838383838,-0.008289547749278368,-0.017333317131460912,-0.6519680928693607,-0.7185626322900772,299,0.4414715719063545
一进二,-1.0,2.0,0,103000,22,20,120,2,3,0.0015,1.0,86,86,0.38372093023255816,-0.020660088091175494,-0.026370699816839815,-0.8769736144272322,-0.9051520201831065,172,0.4011627906976744
一进二,-0.5,1.8,0,103000,16,20,120,2,3,0.0015,1.0,73,73,0.3835616438356164,-0.018356166138685952,-0.028325633383010362,-0.8029755938086726,-0.8619150117910109,128,0.4140625
一进二,-0.5,1.8,0,103000,16,20,120,1,3,0.0015,1.0,73,73,0.3835616438356164,-0.01983964803851273,-0.028325633383010362,-0.8287377431911873,-0.8811929531565257,107,0.40186915887850466
全部,-1.0,2.0,1,103000,16,20,120,1,3,0.0015,1.0,133,133,0.38345864661654133,-0.007216637284957535,-0.02783737748801879,-0.8084739783190492,-0.8121427694454862,380,0.41842105263157897
全部,-1.0,2.0,3,103000,16,20,120,1,3,0.0015,1.0,133,133,0.38345864661654133,-0.007216637284957535,-0.02783737748801879,-0.8084739783190492,-0.8121427694454862,380,0.41842105263157897
全部,-1.0,2.0,5,103000,16,20,120,1,3,0.0015,1.0,133,133,0.38345864661654133,-0.007216637284957535,-0.02783737748801879,-0.8084739783190492,-0.8121427694454862,380,0.41842105263157897
首板,0.0,2.5,2,100000,22,30,90,1,3,0.0015,1.0,120,120,0.38333333333333336,-0.006765477191792548,-0.021692643926630006,-0.6856641213464831,-0.678042641410141,283,0.3992932862190813
首板,0.0,2.5,2,103000,22,30,90,1,3,0.0015,1.0,120,120,0.38333333333333336,-0.006765477191792548,-0.021692643926630006,-0.6856641213464831,-0.678042641410141,283,0.3992932862190813
首板,0.0,2.5,5,100000,22,30,90,1,3,0.0015,1.0,120,120,0.38333333333333336,-0.006765477191792548,-0.021692643926630006,-0.6856641213464831,-0.678042641410141,283,0.3992932862190813
首板,0.0,2.5,5,103000,22,30,90,1,3,0.0015,1.0,120,120,0.38333333333333336,-0.006765477191792548,-0.021692643926630006,-0.6856641213464831,-0.678042641410141,283,0.3992932862190813
首板,0.0,2.5,8,100000,22,30,90,1,3,0.0015,1.0,120,120,0.38333333333333336,-0.006765477191792548,-0.021692643926630006,-0.6856641213464831,-0.678042641410141,283,0.3992932862190813
首板,0.0,2.5,8,103000,22,30,90,1,3,0.0015,1.0,120,120,0.38333333333333336,-0.006765477191792548,-0.021692643926630006,-0.6856641213464831,-0.678042641410141,283,0.3992932862190813
首板,0.3,1.8,2,100000,22,30,90,1,3,0.0015,1.0,107,107,0.38317757009345793,-0.013168163930270569,-0.016793118096856408,-0.820059664291634,-0.7969946466569005,232,0.4224137931034483
首板,0.3,1.8,2,103000,22,30,90,1,3,0.0015,1.0,107,107,0.38317757009345793,-0.013168163930270569,-0.016793118096856408,-0.820059664291634,-0.7969946466569005,232,0.4224137931034483
首板,0.3,1.8,5,100000,22,30,90,1,3,0.0015,1.0,107,107,0.38317757009345793,-0.013168163930270569,-0.016793118096856408,-0.820059664291634,-0.7969946466569005,232,0.4224137931034483
首板,0.3,1.8,5,103000,22,30,90,1,3,0.0015,1.0,107,107,0.38317757009345793,-0.013168163930270569,-0.016793118096856408,-0.820059664291634,-0.7969946466569005,232,0.4224137931034483
首板,0.3,1.8,8,100000,22,30,90,1,3,0.0015,1.0,107,107,0.38317757009345793,-0.013168163930270569,-0.016793118096856408,-0.820059664291634,-0.7969946466569005,232,0.4224137931034483
首板,0.3,1.8,8,103000,22,30,90,1,3,0.0015,1.0,107,107,0.38317757009345793,-0.013168163930270569,-0.016793118096856408,-0.820059664291634,-0.7969946466569005,232,0.4224137931034483
首板,0.3,1.8,2,100000,25,30,90,2,3,0.0015,1.0,115,115,0.3826086956521739,-0.014613702725283256,-0.014774876929656233,-0.8463173717145116,-0.8369044010514796,390,0.4307692307692308
首板,0.3,1.8,2,103000,25,30,90,2,3,0.0015,1.0,115,115,0.3826086956521739,-0.014613702725283256,-0.014774876929656233,-0.8463173717145116,-0.8369044010514796,390,0.4307692307692308
首板,0.3,1.8,5,100000,25,30,90,2,3,0.0015,1.0,115,115,0.3826086956521739,-0.014613702725283256,-0.014774876929656233,-0.8463173717145116,-0.8369044010514796,390,0.4307692307692308
首板,0.3,1.8,5,103000,25,30,90,2,3,0.0015,1.0,115,115,0.3826086956521739,-0.014613702725283256,-0.014774876929656233,-0.8463173717145116,-0.8369044010514796,390,0.4307692307692308
首板,0.3,1.8,8,100000,25,30,90,2,3,0.0015,1.0,115,115,0.3826086956521739,-0.014613702725283256,-0.014774876929656233,-0.8463173717145116,-0.8369044010514796,390,0.4307692307692308
首板,0.3,1.8,8,103000,25,30,90,2,3,0.0015,1.0,115,115,0.3826086956521739,-0.014613702725283256,-0.014774876929656233,-0.8463173717145116,-0.8369044010514796,390,0.4307692307692308
二进三,-1.0,2.0,0,100000,8,20,120,1,3,0.0015,1.0,34,34,0.38235294117647056,-0.019464976063703673,-0.031113272857483887,-0.6027166336034597,-0.5685957711927336,41,0.4146341463414634
二进三,-1.0,2.0,0,100000,8,20,120,2,3,0.0015,1.0,34,34,0.38235294117647056,-0.019464976063703673,-0.031113272857483887,-0.6027166336034597,-0.5685957711927336,42,0.42857142857142855
首板,0.0,2.0,2,100000,22,30,90,1,3,0.0015,1.0,118,118,0.3813559322033898,-0.005925181383569954,-0.02192845649699776,-0.6459308430707917,-0.6270833619831155,278,0.39568345323741005
首板,0.0,2.0,2,103000,22,30,90,1,3,0.0015,1.0,118,118,0.3813559322033898,-0.005925181383569954,-0.02192845649699776,-0.6459308430707917,-0.6270833619831155,278,0.39568345323741005
首板,0.0,2.0,5,100000,22,30,90,1,3,0.0015,1.0,118,118,0.3813559322033898,-0.005925181383569954,-0.02192845649699776,-0.6459308430707917,-0.6270833619831155,278,0.39568345323741005
首板,0.0,2.0,5,103000,22,30,90,1,3,0.0015,1.0,118,118,0.3813559322033898,-0.005925181383569954,-0.02192845649699776,-0.6459308430707917,-0.6270833619831155,278,0.39568345323741005
首板,0.0,2.0,8,100000,22,30,90,1,3,0.0015,1.0,118,118,0.3813559322033898,-0.005925181383569954,-0.02192845649699776,-0.6459308430707917,-0.6270833619831155,278,0.39568345323741005
首板,0.0,2.0,8,103000,22,30,90,1,3,0.0015,1.0,118,118,0.3813559322033898,-0.005925181383569954,-0.02192845649699776,-0.6459308430707917,-0.6270833619831155,278,0.39568345323741005
首板,0.0,2.5,2,100000,16,20,120,1,3,0.0015,1.0,118,118,0.3813559322033898,-0.008145843100366772,-0.022843991989892787,-0.7421049537801105,-0.7579597892919332,265,0.38113207547169814
首板,0.0,2.5,2,103000,16,20,120,1,3,0.0015,1.0,118,118,0.3813559322033898,-0.008145843100366772,-0.022843991989892787,-0.7421049537801105,-0.7579597892919332,265,0.38113207547169814
首板,0.0,2.5,5,100000,16,20,120,1,3,0.0015,1.0,118,118,0.3813559322033898,-0.008145843100366772,-0.022843991989892787,-0.7421049537801105,-0.7579597892919332,265,0.38113207547169814
首板,0.0,2.5,5,103000,16,20,120,1,3,0.0015,1.0,118,118,0.3813559322033898,-0.008145843100366772,-0.022843991989892787,-0.7421049537801105,-0.7579597892919332,265,0.38113207547169814
首板,0.0,2.5,8,100000,16,20,120,1,3,0.0015,1.0,118,118,0.3813559322033898,-0.008145843100366772,-0.022843991989892787,-0.7421049537801105,-0.7579597892919332,265,0.38113207547169814
首板,0.0,2.5,8,103000,16,20,120,1,3,0.0015,1.0,118,118,0.3813559322033898,-0.008145843100366772,-0.022843991989892787,-0.7421049537801105,-0.7579597892919332,265,0.38113207547169814
首板,0.0,2.5,2,100000,16,30,90,1,3,0.0015,1.0,105,105,0.38095238095238093,-0.009816231945548856,-0.025665707710011365,-0.7465317681585351,-0.7218110909745327,220,0.39090909090909093
首板,0.0,2.5,2,103000,16,30,90,1,3,0.0015,1.0,105,105,0.38095238095238093,-0.009816231945548856,-0.025665707710011365,-0.7465317681585351,-0.7218110909745327,220,0.39090909090909093
首板,0.0,2.5,5,100000,16,30,90,1,3,0.0015,1.0,105,105,0.38095238095238093,-0.009816231945548856,-0.025665707710011365,-0.7465317681585351,-0.7218110909745327,220,0.39090909090909093
首板,0.0,2.5,5,103000,16,30,90,1,3,0.0015,1.0,105,105,0.38095238095238093,-0.009816231945548856,-0.025665707710011365,-0.7465317681585351,-0.7218110909745327,220,0.39090909090909093
首板,0.0,2.5,8,100000,16,30,90,1,3,0.0015,1.0,105,105,0.38095238095238093,-0.009816231945548856,-0.025665707710011365,-0.7465317681585351,-0.7218110909745327,220,0.39090909090909093
首板,0.0,2.5,8,103000,16,30,90,1,3,0.0015,1.0,105,105,0.38095238095238093,-0.009816231945548856,-0.025665707710011365,-0.7465317681585351,-0.7218110909745327,220,0.39090909090909093
二进三,-2.0,2.2,2,100000,12,20,120,1,3,0.0015,1.0,42,42,0.38095238095238093,-0.026879182749968984,-0.05517279505210532,-0.7683865244600041,-0.7891726789658313,61,0.4426229508196721
首板,0.0,2.5,2,100000,16,25,100,2,3,0.0015,1.0,113,113,0.3805309734513274,-0.01690033591317526,-0.01931250000000001,-0.8867538548021123,-0.8793305815831374,382,0.41361256544502617
首板,0.0,2.5,2,103000,16,25,100,2,3,0.0015,1.0,113,113,0.3805309734513274,-0.01690033591317526,-0.01931250000000001,-0.8867538548021123,-0.8793305815831374,382,0.41361256544502617
首板,0.0,2.5,5,100000,16,25,100,2,3,0.0015,1.0,113,113,0.3805309734513274,-0.01690033591317526,-0.01931250000000001,-0.8867538548021123,-0.8793305815831374,382,0.41361256544502617
首板,0.0,2.5,5,103000,16,25,100,2,3,0.0015,1.0,113,113,0.3805309734513274,-0.01690033591317526,-0.01931250000000001,-0.8867538548021123,-0.8793305815831374,382,0.41361256544502617
首板,0.0,2.5,8,100000,16,25,100,2,3,0.0015,1.0,113,113,0.3805309734513274,-0.01690033591317526,-0.01931250000000001,-0.8867538548021123,-0.8793305815831374,382,0.41361256544502617
首板,0.0,2.5,8,103000,16,25,100,2,3,0.0015,1.0,113,113,0.3805309734513274,-0.01690033591317526,-0.01931250000000001,-0.8867538548021123,-0.8793305815831374,382,0.41361256544502617
一进二,-0.5,1.8,0,103000,22,25,100,2,3,0.0015,1.0,71,71,0.38028169014084506,-0.01996741099752806,-0.025786854179134233,-0.8036220156663824,-0.8600042761146551,129,0.3798449612403101
一进二,-0.5,1.8,0,103000,22,25,100,1,3,0.0015,1.0,71,71,0.38028169014084506,-0.02097668012130368,-0.026954545454545398,-0.826462024992775,-0.8948266537378983,104,0.38461538461538464
一进二,-0.5,1.8,1,103000,22,25,100,2,3,0.0015,1.0,79,79,0.379746835443038,-0.012048213635057047,-0.02559638554216853,-0.6954948148310542,-0.7596554984417828,159,0.39622641509433965
一进二,-0.5,1.8,3,103000,22,25,100,2,3,0.0015,1.0,79,79,0.379746835443038,-0.012048213635057047,-0.02559638554216853,-0.6954948148310542,-0.7596554984417828,160,0.40625
一进二,-0.5,1.8,5,103000,22,25,100,2,3,0.0015,1.0,79,79,0.379746835443038,-0.012048213635057047,-0.02559638554216853,-0.6954948148310542,-0.7596554984417828,160,0.40625
首板,0.3,1.8,2,100000,22,20,120,2,3,0.0015,1.0,116,116,0.3793103448275862,-0.010858537357187701,-0.013163414233247989,-0.7706770865950937,-0.8439414796728401,440,0.42954545454545456
首板,0.3,1.8,2,103000,22,20,120,2,3,0.0015,1.0,116,116,0.3793103448275862,-0.010858537357187701,-0.013163414233247989,-0.7706770865950937,-0.8439414796728401,440,0.42954545454545456
首板,0.3,1.8,5,100000,22,20,120,2,3,0.0015,1.0,116,116,0.3793103448275862,-0.010858537357187701,-0.013163414233247989,-0.7706770865950937,-0.8439414796728401,440,0.42954545454545456
首板,0.3,1.8,5,103000,22,20,120,2,3,0.0015,1.0,116,116,0.3793103448275862,-0.010858537357187701,-0.013163414233247989,-0.7706770865950937,-0.8439414796728401,440,0.42954545454545456
首板,0.3,1.8,8,100000,22,20,120,2,3,0.0015,1.0,116,116,0.3793103448275862,-0.010858537357187701,-0.013163414233247989,-0.7706770865950937,-0.8439414796728401,440,0.42954545454545456
首板,0.3,1.8,8,103000,22,20,120,2,3,0.0015,1.0,116,116,0.3793103448275862,-0.010858537357187701,-0.013163414233247989,-0.7706770865950937,-0.8439414796728401,440,0.42954545454545456
首板,0.3,1.8,2,100000,22,25,100,2,3,0.0015,1.0,111,111,0.3783783783783784,-0.012329201030283291,-0.012950735991388074,-0.7958239956560447,-0.7925928858040777,400,0.43
首板,0.3,1.8,2,103000,22,25,100,2,3,0.0015,1.0,111,111,0.3783783783783784,-0.012329201030283291,-0.012950735991388074,-0.7958239956560447,-0.7925928858040777,400,0.43
首板,0.3,1.8,5,100000,22,25,100,2,3,0.0015,1.0,111,111,0.3783783783783784,-0.012329201030283291,-0.012950735991388074,-0.7958239956560447,-0.7925928858040777,400,0.43
首板,0.3,1.8,5,103000,22,25,100,2,3,0.0015,1.0,111,111,0.3783783783783784,-0.012329201030283291,-0.012950735991388074,-0.7958239956560447,-0.7925928858040777,400,0.43
首板,0.3,1.8,8,100000,22,25,100,2,3,0.0015,1.0,111,111,0.3783783783783784,-0.012329201030283291,-0.012950735991388074,-0.7958239956560447,-0.7925928858040777,400,0.43
首板,0.3,1.8,8,103000,22,25,100,2,3,0.0015,1.0,111,111,0.3783783783783784,-0.012329201030283291,-0.012950735991388074,-0.7958239956560447,-0.7925928858040777,400,0.43
二进三,-1.0,2.0,1,100000,10,20,120,1,3,0.0015,1.0,37,37,0.3783783783783784,-0.021234327050445246,-0.03904693366708384,-0.6698537804339779,-0.7257666888346126,49,0.42857142857142855
二进三,-1.0,2.0,2,100000,10,20,120,1,3,0.0015,1.0,37,37,0.3783783783783784,-0.021234327050445246,-0.03904693366708384,-0.6698537804339779,-0.7257666888346126,49,0.42857142857142855
二进三,-1.0,2.0,1,100000,10,20,120,2,3,0.0015,1.0,37,37,0.3783783783783784,-0.021690336059560892,-0.03904693366708384,-0.6756565286821761,-0.730586695158036,53,0.41509433962264153
二进三,-1.0,2.0,2,100000,10,20,120,2,3,0.0015,1.0,37,37,0.3783783783783784,-0.021690336059560892,-0.03904693366708384,-0.6756565286821761,-0.730586695158036,53,0.41509433962264153
二进三,-2.0,2.2,2,100000,8,20,120,2,3,0.0015,1.0,37,37,0.3783783783783784,-0.029629197940240194,-0.04910919777984629,-0.7343656182475038,-0.7112977061723538,53,0.4528301886792453
全部,0.3,1.8,1,100000,22,20,120,2,3,0.0015,1.0,119,119,0.37815126050420167,-0.00830647370700849,-0.013225900392250023,-0.7135494241839556,-0.8712050064919163,475,0.42947368421052634
全部,0.3,1.8,3,100000,22,20,120,2,3,0.0015,1.0,119,119,0.37815126050420167,-0.008594260733699578,-0.013913920236972466,-0.7233962518480912,-0.8712050064919163,475,0.42947368421052634
全部,0.3,1.8,5,100000,22,20,120,2,3,0.0015,1.0,119,119,0.37815126050420167,-0.008594260733699578,-0.013913920236972466,-0.7233962518480912,-0.8712050064919163,475,0.42947368421052634
首板,0.3,1.8,2,100000,25,25,100,2,3,0.0015,1.0,119,119,0.37815126050420167,-0.016327103916527513,-0.018449152542372838,-0.887725874815047,-0.8785761732786544,451,0.4190687361419069
首板,0.3,1.8,2,103000,25,25,100,2,3,0.0015,1.0,119,119,0.37815126050420167,-0.016327103916527513,-0.018449152542372838,-0.887725874815047,-0.8785761732786544,451,0.4190687361419069
首板,0.3,1.8,5,100000,25,25,100,2,3,0.0015,1.0,119,119,0.37815126050420167,-0.016327103916527513,-0.018449152542372838,-0.887725874815047,-0.8785761732786544,451,0.4190687361419069
首板,0.3,1.8,5,103000,25,25,100,2,3,0.0015,1.0,119,119,0.37815126050420167,-0.016327103916527513,-0.018449152542372838,-0.887725874815047,-0.8785761732786544,451,0.4190687361419069
首板,0.3,1.8,8,100000,25,25,100,2,3,0.0015,1.0,119,119,0.37815126050420167,-0.016327103916527513,-0.018449152542372838,-0.887725874815047,-0.8785761732786544,451,0.4190687361419069
首板,0.3,1.8,8,103000,25,25,100,2,3,0.0015,1.0,119,119,0.37815126050420167,-0.016327103916527513,-0.018449152542372838,-0.887725874815047,-0.8785761732786544,451,0.4190687361419069
全部,0.0,2.0,1,103000,22,25,100,2,3,0.0015,1.0,127,127,0.3779527559055118,-0.004422335834880417,-0.018944185911651923,-0.6030426310069972,-0.859292214000799,562,0.4395017793594306
全部,0.0,2.0,3,103000,22,25,100,2,3,0.0015,1.0,127,127,0.3779527559055118,-0.004422335834880417,-0.018944185911651923,-0.6030426310069972,-0.859292214000799,562,0.4395017793594306
全部,0.0,2.0,5,103000,22,25,100,2,3,0.0015,1.0,127,127,0.3779527559055118,-0.004422335834880417,-0.018944185911651923,-0.6030426310069972,-0.859292214000799,562,0.4395017793594306
首板,0.0,2.5,2,100000,22,20,120,2,3,0.0015,1.0,127,127,0.3779527559055118,-0.005696770108609111,-0.013225900392250023,-0.6154936463409015,-0.7493275822126473,566,0.4169611307420495
首板,0.0,2.5,2,103000,22,20,120,2,3,0.0015,1.0,127,127,0.3779527559055118,-0.005696770108609111,-0.013225900392250023,-0.6154936463409015,-0.7493275822126473,566,0.4169611307420495
首板,0.0,2.5,5,100000,22,20,120,2,3,0.0015,1.0,127,127,0.3779527559055118,-0.005696770108609111,-0.013225900392250023,-0.6154936463409015,-0.7493275822126473,566,0.4169611307420495
首板,0.0,2.5,5,103000,22,20,120,2,3,0.0015,1.0,127,127,0.3779527559055118,-0.005696770108609111,-0.013225900392250023,-0.6154936463409015,-0.7493275822126473,566,0.4169611307420495
首板,0.0,2.5,8,100000,22,20,120,2,3,0.0015,1.0,127,127,0.3779527559055118,-0.005696770108609111,-0.013225900392250023,-0.6154936463409015,-0.7493275822126473,566,0.4169611307420495
首板,0.0,2.5,8,103000,22,20,120,2,3,0.0015,1.0,127,127,0.3779527559055118,-0.005696770108609111,-0.013225900392250023,-0.6154936463409015,-0.7493275822126473,566,0.4169611307420495
一进二,-2.0,2.5,0,103000,22,20,120,1,3,0.0015,1.0,96,96,0.375,-0.030501582791879756,-0.026275465498356965,-0.9616149566439971,-0.958510890573877,165,0.37575757575757573
一进二,-0.5,1.8,1,103000,16,30,90,1,3,0.0015,1.0,64,64,0.375,-0.016289766691966714,-0.026961009462589447,-0.7158233139689978,-0.8236192875879115,96,0.375
一进二,-0.5,1.8,3,103000,16,30,90,1,3,0.0015,1.0,64,64,0.375,-0.016289766691966714,-0.026961009462589447,-0.7158233139689978,-0.8236192875879115,97,0.38144329896907214
一进二,-0.5,1.8,5,103000,16,30,90,1,3,0.0015,1.0,64,64,0.375,-0.016289766691966714,-0.026961009462589447,-0.7158233139689978,-0.8236192875879115,97,0.38144329896907214
一进二,-0.5,1.8,1,103000,12,30,90,2,3,0.0015,1.0,56,56,0.375,-0.01721696592726477,-0.024689837770620005,-0.6837143133884487,-0.7482314458436654,101,0.38613861386138615
一进二,-0.5,1.8,3,103000,12,30,90,2,3,0.0015,1.0,56,56,0.375,-0.01721696592726477,-0.024689837770620005,-0.6837143133884487,-0.7482314458436654,103,0.39805825242718446
一进二,-0.5,1.8,5,103000,12,30,90,2,3,0.0015,1.0,56,56,0.375,-0.01721696592726477,-0.024689837770620005,-0.6837143133884487,-0.7482314458436654,103,0.39805825242718446
二进三,-2.0,2.2,2,103000,10,20,120,1,3,0.0015,1.0,56,56,0.375,-0.022274154947648006,-0.04638611137271781,-0.8052932762341506,-0.8524390119243278,82,0.43902439024390244
二进三,-2.0,2.2,2,103000,10,20,120,2,3,0.0015,1.0,56,56,0.375,-0.02517648122473753,-0.04638611137271781,-0.8285726048907647,-0.8508656108084651,90,0.43333333333333335
二进三,-2.0,2.2,0,103000,10,25,100,1,3,0.0015,1.0,40,40,0.375,-0.02595264185426998,-0.03245220775441915,-0.7435307868721441,-0.7595781065945477,53,0.4339622641509434
二进三,-2.0,2.2,0,103000,10,25,100,2,3,0.0015,1.0,40,40,0.375,-0.0262204364908765,-0.037722498706032476,-0.7463535459961028,-0.7622242452282376,56,0.42857142857142855
二进三,-2.0,2.2,1,100000,10,20,120,1,3,0.0015,1.0,40,40,0.375,-0.02958237724821866,-0.056787896592244425,-0.7786820227340803,-0.8161639960444197,56,0.4107142857142857
二进三,-2.0,2.2,0,100000,10,20,120,2,3,0.0015,1.0,40,40,0.375,-0.036902056905864754,-0.056787896592244425,-0.8312056307584252,-0.8167086496720125,58,0.39655172413793105
二进三,-2.0,2.2,0,100000,8,25,100,1,3,0.0015,1.0,32,32,0.375,-0.027559274662925404,-0.03664175179834367,-0.6720679939267167,-0.69889938173414,38,0.4473684210526316
二进三,-2.0,2.2,0,100000,8,25,100,2,3,0.0015,1.0,32,32,0.375,-0.028257920679404185,-0.04354494223756261,-0.6796009890397121,-0.7058160273921115,40,0.45
一进二,0.3,1.8,0,100000,12,20,120,1,3,0.0015,1.0,24,24,0.375,-0.023432807875636657,-0.035596269928915236,-0.491473876579134,-0.6150683088752728,31,0.3870967741935484
一进二,0.3,1.8,0,100000,12,20,120,2,3,0.0015,1.0,24,24,0.375,-0.026739589518431157,-0.035596269928915236,-0.5250306283646788,-0.6150683088752728,33,0.42424242424242425
全部,-0.5,1.8,1,103000,22,25,100,1,3,0.0015,1.0,134,134,0.373134328358209,-0.009562415037432877,-0.023733594067376962,-0.8351149093714276,-0.8945740514675696,389,0.4138817480719794
全部,-0.5,1.8,3,103000,22,25,100,1,3,0.0015,1.0,134,134,0.373134328358209,-0.009562415037432877,-0.023733594067376962,-0.8351149093714276,-0.8945740514675696,389,0.4138817480719794
全部,-0.5,1.8,5,103000,22,25,100,1,3,0.0015,1.0,134,134,0.373134328358209,-0.009562415037432877,-0.023733594067376962,-0.8351149093714276,-0.8945740514675696,389,0.4138817480719794
一进二,-2.0,2.5,1,100000,22,20,120,1,3,0.0015,1.0,67,67,0.373134328358209,-0.0328393860178707,-0.029218550106609953,-0.9130480648718943,-0.921725835971157,107,0.37383177570093457
一进二,-2.0,2.5,3,100000,22,20,120,1,3,0.0015,1.0,67,67,0.373134328358209,-0.0328393860178707,-0.029218550106609953,-0.9130480648718943,-0.921725835971157,107,0.37383177570093457
一进二,-2.0,2.5,5,100000,22,20,120,1,3,0.0015,1.0,67,67,0.373134328358209,-0.0328393860178707,-0.029218550106609953,-0.9130480648718943,-0.921725835971157,107,0.37383177570093457
一进二,-2.0,2.5,0,100000,22,20,120,1,3,0.0015,1.0,67,67,0.373134328358209,-0.03323784936709915,-0.029218550106609953,-0.9155608483475518,-0.9236725444575035,107,0.37383177570093457
首板,0.3,1.8,2,100000,16,20,120,1,3,0.0015,1.0,102,102,0.37254901960784315,-0.012333672662821463,-0.020135647891569408,-0.795787877547433,-0.8094503732385829,210,0.38095238095238093
首板,0.3,1.8,2,103000,16,20,120,1,3,0.0015,1.0,102,102,0.37254901960784315,-0.012333672662821463,-0.020135647891569408,-0.795787877547433,-0.8094503732385829,210,0.38095238095238093
首板,0.3,1.8,5,100000,16,20,120,1,3,0.0015,1.0,102,102,0.37254901960784315,-0.012333672662821463,-0.020135647891569408,-0.795787877547433,-0.8094503732385829,210,0.38095238095238093
首板,0.3,1.8,5,103000,16,20,120,1,3,0.0015,1.0,102,102,0.37254901960784315,-0.012333672662821463,-0.020135647891569408,-0.795787877547433,-0.8094503732385829,210,0.38095238095238093
首板,0.3,1.8,8,100000,16,20,120,1,3,0.0015,1.0,102,102,0.37254901960784315,-0.012333672662821463,-0.020135647891569408,-0.795787877547433,-0.8094503732385829,210,0.38095238095238093
首板,0.3,1.8,8,103000,16,20,120,1,3,0.0015,1.0,102,102,0.37254901960784315,-0.012333672662821463,-0.020135647891569408,-0.795787877547433,-0.8094503732385829,210,0.38095238095238093
一进二,-0.5,1.8,0,100000,16,20,120,1,3,0.0015,1.0,51,51,0.37254901960784315,-0.021969653916365538,-0.028325633383010362,-0.7408249415282628,-0.849170811328688,73,0.3698630136986301
一进二,-0.5,1.8,0,100000,16,20,120,2,3,0.0015,1.0,51,51,0.37254901960784315,-0.023156937400078167,-0.029218550106609953,-0.7540755324848004,-0.8383333867828989,82,0.3902439024390244
一进二,-0.5,1.8,1,100000,16,20,120,1,3,0.0015,1.0,51,51,0.37254901960784315,-0.023322322702438423,-0.028325633383010362,-0.7569907820010562,-0.849170811328688,73,0.3698630136986301
一进二,-0.5,1.8,3,100000,16,20,120,1,3,0.0015,1.0,51,51,0.37254901960784315,-0.023322322702438423,-0.028325633383010362,-0.7569907820010562,-0.849170811328688,73,0.3698630136986301
一进二,-0.5,1.8,5,100000,16,20,120,1,3,0.0015,1.0,51,51,0.37254901960784315,-0.023322322702438423,-0.028325633383010362,-0.7569907820010562,-0.849170811328688,73,0.3698630136986301
一进二,-0.5,1.8,1,100000,16,20,120,2,3,0.0015,1.0,51,51,0.37254901960784315,-0.02349015790614568,-0.029218550106609953,-0.7574762873831817,-0.8383333867828989,87,0.3793103448275862
一进二,-0.5,1.8,3,100000,16,20,120,2,3,0.0015,1.0,51,51,0.37254901960784315,-0.02349015790614568,-0.029218550106609953,-0.7574762873831817,-0.8383333867828989,87,0.3793103448275862
一进二,-0.5,1.8,5,100000,16,20,120,2,3,0.0015,1.0,51,51,0.37254901960784315,-0.02349015790614568,-0.029218550106609953,-0.7574762873831817,-0.8383333867828989,87,0.3793103448275862
二进三,-2.0,2.2,0,103000,12,20,120,1,3,0.0015,1.0,51,51,0.37254901960784315,-0.025493596568389856,-0.04067727717923603,-0.8122823851281161,-0.8385083129962099,71,0.39436619718309857
二进三,-2.0,2.2,0,103000,12,20,120,2,3,0.0015,1.0,51,51,0.37254901960784315,-0.027567864938669234,-0.04067727717923603,-0.8284095405554514,-0.8370067492862303,78,0.3974358974358974
二进三,-2.0,2.2,0,100000,10,25,100,1,3,0.0015,1.0,35,35,0.37142857142857144,-0.03083095808637791,-0.05555405405405395,-0.746221477241955,-0.7669856290637032,44,0.4318181818181818
二进三,-2.0,2.2,0,100000,10,25,100,2,3,0.0015,1.0,35,35,0.37142857142857144,-0.03113700909964251,-0.05555405405405395,-0.7490146220090932,-0.7695502388020506,47,0.425531914893617
一进二,-0.5,1.8,0,103000,22,30,90,1,3,0.0015,1.0,62,62,0.3709677419354839,-0.026640127279216528,-0.028772091744810158,-0.8459348575012954,-0.9103404448613495,90,0.36666666666666664
首板,0.3,1.8,2,100000,16,30,90,1,3,0.0015,1.0,89,89,0.3707865168539326,-0.010434650326793712,-0.026573746312684443,-0.7211858579849251,-0.7252193428837258,170,0.38235294117647056
首板,0.3,1.8,2,103000,16,30,90,1,3,0.0015,1.0,89,89,0.3707865168539326,-0.010434650326793712,-0.026573746312684443,-0.7211858579849251,-0.7252193428837258,170,0.38235294117647056
首板,0.3,1.8,5,100000,16,30,90,1,3,0.0015,1.0,89,89,0.3707865168539326,-0.010434650326793712,-0.026573746312684443,-0.7211858579849251,-0.7252193428837258,170,0.38235294117647056
首板,0.3,1.8,5,103000,16,30,90,1,3,0.0015,1.0,89,89,0.3707865168539326,-0.010434650326793712,-0.026573746312684443,-0.7211858579849251,-0.7252193428837258,170,0.38235294117647056
首板,0.3,1.8,8,100000,16,30,90,1,3,0.0015,1.0,89,89,0.3707865168539326,-0.010434650326793712,-0.026573746312684443,-0.7211858579849251,-0.7252193428837258,170,0.38235294117647056
首板,0.3,1.8,8,103000,16,30,90,1,3,0.0015,1.0,89,89,0.3707865168539326,-0.010434650326793712,-0.026573746312684443,-0.7211858579849251,-0.7252193428837258,170,0.38235294117647056
一进二,-0.5,1.8,1,103000,16,20,120,1,3,0.0015,1.0,81,81,0.37037037037037035,-0.01388418369889854,-0.025827200851452015,-0.7680167210619409,-0.8233575655672976,130,0.4076923076923077
一进二,-0.5,1.8,3,103000,16,20,120,1,3,0.0015,1.0,81,81,0.37037037037037035,-0.01388418369889854,-0.025827200851452015,-0.7680167210619409,-0.8233575655672976,131,0.4122137404580153
一进二,-0.5,1.8,5,103000,16,20,120,1,3,0.0015,1.0,81,81,0.37037037037037035,-0.01388418369889854,-0.025827200851452015,-0.7680167210619409,-0.8233575655672976,131,0.4122137404580153
一进二,-0.5,1.8,1,103000,12,20,120,1,3,0.0015,1.0,73,73,0.3698630136986301,-0.019796098179937185,-0.02604545454545454,-0.822892476853159,-0.8600033163308207,111,0.3963963963963964
一进二,-0.5,1.8,3,103000,12,20,120,1,3,0.0015,1.0,73,73,0.3698630136986301,-0.019796098179937185,-0.02604545454545454,-0.822892476853159,-0.8600033163308207,112,0.4017857142857143
一进二,-0.5,1.8,5,103000,12,20,120,1,3,0.0015,1.0,73,73,0.3698630136986301,-0.019796098179937185,-0.02604545454545454,-0.822892476853159,-0.8600033163308207,112,0.4017857142857143
一进二,-0.5,1.8,1,103000,12,20,120,2,3,0.0015,1.0,73,73,0.3698630136986301,-0.021168445845088684,-0.025827200851452015,-0.836100165069285,-0.8518645717438874,132,0.4015151515151515
一进二,-0.5,1.8,3,103000,12,20,120,2,3,0.0015,1.0,73,73,0.3698630136986301,-0.021168445845088684,-0.025827200851452015,-0.836100165069285,-0.8518645717438874,133,0.40601503759398494
一进二,-0.5,1.8,5,103000,12,20,120,2,3,0.0015,1.0,73,73,0.3698630136986301,-0.021168445845088684,-0.025827200851452015,-0.836100165069285,-0.8518645717438874,133,0.40601503759398494
一进二,-1.0,2.0,1,103000,22,20,120,1,3,0.0015,1.0,92,92,0.3695652173913043,-0.02074957192854197,-0.02635291683997082,-0.8959263514086757,-0.9207536735767335,167,0.39520958083832336
一进二,-1.0,2.0,3,103000,22,20,120,1,3,0.0015,1.0,92,92,0.3695652173913043,-0.02074957192854197,-0.02635291683997082,-0.8959263514086757,-0.9207536735767335,168,0.39880952380952384
一进二,-1.0,2.0,5,103000,22,20,120,1,3,0.0015,1.0,92,92,0.3695652173913043,-0.02074957192854197,-0.02635291683997082,-0.8959263514086757,-0.9207536735767335,168,0.39880952380952384
二进三,-2.0,2.2,0,103000,12,25,100,2,3,0.0015,1.0,46,46,0.3695652173913043,-0.02028721395990064,-0.03907079394801102,-0.7167026355961933,-0.7355518457269574,66,0.42424242424242425
二进三,-2.0,2.2,0,103000,12,25,100,1,3,0.0015,1.0,46,46,0.3695652173913043,-0.020700753406351708,-0.0338005029963977,-0.7310770957127581,-0.7726502617530632,61,0.4262295081967213
二进三,-2.0,2.2,0,103000,10,20,120,2,3,0.0015,1.0,46,46,0.3695652173913043,-0.03140900943224327,-0.048001212912856916,-0.8310258866448835,-0.8276349634220788,69,0.391304347826087
二进三,-2.0,2.2,0,103000,10,20,120,1,3,0.0015,1.0,46,46,0.3695652173913043,-0.031540857068442264,-0.048001212912856916,-0.8325825486258487,-0.8292228640416525,63,0.3968253968253968
全部,-1.0,2.0,1,103000,16,20,120,2,3,0.0015,1.0,133,133,0.3684210526315789,-0.006930982674063323,-0.02025709313586327,-0.7284619304057329,-0.7326651416932577,701,0.41512125534950073
全部,-1.0,2.0,3,103000,16,20,120,2,3,0.0015,1.0,133,133,0.3684210526315789,-0.0069400206141821625,-0.02025709313586327,-0.7287848370740808,-0.7326651416932577,702,0.41595441595441596
全部,-1.0,2.0,5,103000,16,20,120,2,3,0.0015,1.0,133,133,0.3684210526315789,-0.0069400206141821625,-0.02025709313586327,-0.7287848370740808,-0.7326651416932577,702,0.41595441595441596
全部,-1.0,2.0,1,103000,16,25,100,1,3,0.0015,1.0,133,133,0.3684210526315789,-0.013180972014667574,-0.026923728813559367,-0.8973174538820519,-0.91667782743253,371,0.39892183288409705
全部,-1.0,2.0,3,103000,16,25,100,1,3,0.0015,1.0,133,133,0.3684210526315789,-0.01319904789490525,-0.026923728813559367,-0.8975621757116821,-0.91667782743253,371,0.39892183288409705
全部,-1.0,2.0,5,103000,16,25,100,1,3,0.0015,1.0,133,133,0.3684210526315789,-0.01319904789490525,-0.026923728813559367,-0.8975621757116821,-0.91667782743253,371,0.39892183288409705
全部,0.3,1.8,1,100000,16,20,120,2,3,0.0015,1.0,106,106,0.36792452830188677,-0.009662845419960915,-0.016386229654646756,-0.7461480222542005,-0.8483749933152609,347,0.41786743515850144
全部,0.3,1.8,3,100000,16,20,120,2,3,0.0015,1.0,106,106,0.36792452830188677,-0.009985927082000906,-0.017583621592714538,-0.7548742629676005,-0.8483749933152609,347,0.41786743515850144
全部,0.3,1.8,5,100000,16,20,120,2,3,0.0015,1.0,106,106,0.36792452830188677,-0.009985927082000906,-0.017583621592714538,-0.7548742629676005,-0.8483749933152609,347,0.41786743515850144
一进二,0.0,2.0,0,103000,12,25,100,1,3,0.0015,1.0,41,41,0.36585365853658536,-0.017886257772084607,-0.023558823529411688,-0.5844371782261635,-0.7613294721784315,54,0.37037037037037035
二进三,-2.0,2.2,2,100000,10,20,120,2,3,0.0015,1.0,41,41,0.36585365853658536,-0.03576599525198868,-0.05555405405405395,-0.8301775710129009,-0.8154300491205246,62,0.41935483870967744
一进二,-1.0,2.0,1,103000,12,30,90,1,3,0.0015,1.0,63,63,0.36507936507936506,-0.019163939967289708,-0.029218550106609953,-0.7740091235802458,-0.8369747790064515,98,0.3673469387755102
一进二,-1.0,2.0,3,103000,12,30,90,1,3,0.0015,1.0,63,63,0.36507936507936506,-0.019163939967289708,-0.029218550106609953,-0.7740091235802458,-0.8369747790064515,99,0.37373737373737376
一进二,-1.0,2.0,5,103000,12,30,90,1,3,0.0015,1.0,63,63,0.36507936507936506,-0.019163939967289708,-0.029218550106609953,-0.7740091235802458,-0.8369747790064515,99,0.37373737373737376
首板,0.3,1.8,2,100000,16,25,100,2,3,0.0015,1.0,96,96,0.3645833333333333,-0.013456394606070144,-0.021976368839181526,-0.7861480237434467,-0.8211745562427555,273,0.4065934065934066
首板,0.3,1.8,2,103000,16,25,100,2,3,0.0015,1.0,96,96,0.3645833333333333,-0.013456394606070144,-0.021976368839181526,-0.7861480237434467,-0.8211745562427555,273,0.4065934065934066
首板,0.3,1.8,5,100000,16,25,100,2,3,0.0015,1.0,96,96,0.3645833333333333,-0.013456394606070144,-0.021976368839181526,-0.7861480237434467,-0.8211745562427555,273,0.4065934065934066
首板,0.3,1.8,5,103000,16,25,100,2,3,0.0015,1.0,96,96,0.3645833333333333,-0.013456394606070144,-0.021976368839181526,-0.7861480237434467,-0.8211745562427555,273,0.4065934065934066
首板,0.3,1.8,8,100000,16,25,100,2,3,0.0015,1.0,96,96,0.3645833333333333,-0.013456394606070144,-0.021976368839181526,-0.7861480237434467,-0.8211745562427555,273,0.4065934065934066
首板,0.3,1.8,8,103000,16,25,100,2,3,0.0015,1.0,96,96,0.3645833333333333,-0.013456394606070144,-0.021976368839181526,-0.7861480237434467,-0.8211745562427555,273,0.4065934065934066
首板,-1.0,2.0,2,100000,16,25,100,1,3,0.0015,1.0,129,129,0.3643410852713178,-0.009785640664781284,-0.025665707710011365,-0.8080316847241023,-0.814726586249007,341,0.40175953079178883
首板,-1.0,2.0,2,103000,16,25,100,1,3,0.0015,1.0,129,129,0.3643410852713178,-0.009785640664781284,-0.025665707710011365,-0.8080316847241023,-0.814726586249007,341,0.40175953079178883
首板,-1.0,2.0,5,100000,16,25,100,1,3,0.0015,1.0,129,129,0.3643410852713178,-0.009785640664781284,-0.025665707710011365,-0.8080316847241023,-0.814726586249007,341,0.40175953079178883
首板,-1.0,2.0,5,103000,16,25,100,1,3,0.0015,1.0,129,129,0.3643410852713178,-0.009785640664781284,-0.025665707710011365,-0.8080316847241023,-0.814726586249007,341,0.40175953079178883
首板,-1.0,2.0,8,100000,16,25,100,1,3,0.0015,1.0,129,129,0.3643410852713178,-0.009785640664781284,-0.025665707710011365,-0.8080316847241023,-0.814726586249007,341,0.40175953079178883
首板,-1.0,2.0,8,103000,16,25,100,1,3,0.0015,1.0,129,129,0.3643410852713178,-0.009785640664781284,-0.025665707710011365,-0.8080316847241023,-0.814726586249007,341,0.40175953079178883
一进二,-1.0,2.0,1,103000,22,30,90,1,3,0.0015,1.0,77,77,0.36363636363636365,-0.02047208663470858,-0.026954545454545398,-0.8407768041142306,-0.9011745083134733,124,0.3629032258064516
一进二,-1.0,2.0,3,103000,22,30,90,1,3,0.0015,1.0,77,77,0.36363636363636365,-0.02047208663470858,-0.026954545454545398,-0.8407768041142306,-0.9011745083134733,125,0.368
一进二,-1.0,2.0,5,103000,22,30,90,1,3,0.0015,1.0,77,77,0.36363636363636365,-0.02047208663470858,-0.026954545454545398,-0.8407768041142306,-0.9011745083134733,125,0.368
一进二,-1.0,2.0,0,100000,16,20,120,1,3,0.0015,1.0,55,55,0.36363636363636365,-0.026118773806975974,-0.032577616346826266,-0.8161330409980272,-0.8986857773890304,82,0.36585365853658536
一进二,-1.0,2.0,1,100000,16,20,120,1,3,0.0015,1.0,55,55,0.36363636363636365,-0.02737306668133447,-0.032577616346826266,-0.8276015979840678,-0.8986857773890304,82,0.36585365853658536
一进二,-1.0,2.0,3,100000,16,20,120,1,3,0.0015,1.0,55,55,0.36363636363636365,-0.02737306668133447,-0.032577616346826266,-0.8276015979840678,-0.8986857773890304,82,0.36585365853658536
一进二,-1.0,2.0,5,100000,16,20,120,1,3,0.0015,1.0,55,55,0.36363636363636365,-0.02737306668133447,-0.032577616346826266,-0.8276015979840678,-0.8986857773890304,82,0.36585365853658536
一进二,-1.0,2.0,0,103000,16,20,120,2,3,0.0015,1.0,80,80,0.3625,-0.023359465511343745,-0.03089808322671811,-0.8880475038350334,-0.9141768415442084,149,0.40268456375838924
首板,0.5,1.5,2,100000,22,30,90,2,3,0.0015,1.0,94,94,0.3617021276595745,-0.011343815746739242,-0.024018059859359286,-0.719802537839229,-0.7734172224619409,255,0.45098039215686275
首板,0.5,1.5,2,103000,22,30,90,2,3,0.0015,1.0,94,94,0.3617021276595745,-0.011343815746739242,-0.024018059859359286,-0.719802537839229,-0.7734172224619409,255,0.45098039215686275
首板,0.5,1.5,5,100000,22,30,90,2,3,0.0015,1.0,94,94,0.3617021276595745,-0.011343815746739242,-0.024018059859359286,-0.719802537839229,-0.7734172224619409,255,0.45098039215686275
首板,0.5,1.5,5,103000,22,30,90,2,3,0.0015,1.0,94,94,0.3617021276595745,-0.011343815746739242,-0.024018059859359286,-0.719802537839229,-0.7734172224619409,255,0.45098039215686275
首板,0.5,1.5,8,100000,22,30,90,2,3,0.0015,1.0,94,94,0.3617021276595745,-0.011343815746739242,-0.024018059859359286,-0.719802537839229,-0.7734172224619409,255,0.45098039215686275
首板,0.5,1.5,8,103000,22,30,90,2,3,0.0015,1.0,94,94,0.3617021276595745,-0.011343815746739242,-0.024018059859359286,-0.719802537839229,-0.7734172224619409,255,0.45098039215686275
首板,0.3,1.8,2,100000,25,25,100,1,3,0.0015,1.0,119,119,0.36134453781512604,-0.02422122301559307,-0.025047880690737767,-0.9590479352411794,-0.9537986391780009,286,0.3776223776223776
首板,0.3,1.8,2,103000,25,25,100,1,3,0.0015,1.0,119,119,0.36134453781512604,-0.02422122301559307,-0.025047880690737767,-0.9590479352411794,-0.9537986391780009,286,0.3776223776223776
首板,0.3,1.8,5,100000,25,25,100,1,3,0.0015,1.0,119,119,0.36134453781512604,-0.02422122301559307,-0.025047880690737767,-0.9590479352411794,-0.9537986391780009,286,0.3776223776223776
首板,0.3,1.8,5,103000,25,25,100,1,3,0.0015,1.0,119,119,0.36134453781512604,-0.02422122301559307,-0.025047880690737767,-0.9590479352411794,-0.9537986391780009,286,0.3776223776223776
首板,0.3,1.8,8,100000,25,25,100,1,3,0.0015,1.0,119,119,0.36134453781512604,-0.02422122301559307,-0.025047880690737767,-0.9590479352411794,-0.9537986391780009,286,0.3776223776223776
首板,0.3,1.8,8,103000,25,25,100,1,3,0.0015,1.0,119,119,0.36134453781512604,-0.02422122301559307,-0.025047880690737767,-0.9590479352411794,-0.9537986391780009,286,0.3776223776223776
二进三,-1.0,2.0,0,100000,10,20,120,1,3,0.0015,1.0,36,36,0.3611111111111111,-0.02990003896145431,-0.04730049386056889,-0.7474565019006139,-0.7257666888346126,47,0.40425531914893614
二进三,-1.0,2.0,0,100000,10,20,120,2,3,0.0015,1.0,36,36,0.3611111111111111,-0.030368714887489837,-0.04730049386056889,-0.7518952816119683,-0.730586695158036,51,0.39215686274509803
二进三,-2.0,2.2,0,100000,8,20,120,1,3,0.0015,1.0,36,36,0.3611111111111111,-0.03156659048992266,-0.038513810181181385,-0.7438401530403058,-0.7218397482095122,46,0.41304347826086957
首板,0.0,2.0,2,100000,16,25,100,2,3,0.0015,1.0,111,111,0.36036036036036034,-0.01889249966620282,-0.022608179419525032,-0.9009607681616274,-0.8928057038898162,365,0.4054794520547945
首板,0.0,2.0,2,103000,16,25,100,2,3,0.0015,1.0,111,111,0.36036036036036034,-0.01889249966620282,-0.022608179419525032,-0.9009607681616274,-0.8928057038898162,365,0.4054794520547945
首板,0.0,2.0,5,100000,16,25,100,2,3,0.0015,1.0,111,111,0.36036036036036034,-0.01889249966620282,-0.022608179419525032,-0.9009607681616274,-0.8928057038898162,365,0.4054794520547945
首板,0.0,2.0,5,103000,16,25,100,2,3,0.0015,1.0,111,111,0.36036036036036034,-0.01889249966620282,-0.022608179419525032,-0.9009607681616274,-0.8928057038898162,365,0.4054794520547945
首板,0.0,2.0,8,100000,16,25,100,2,3,0.0015,1.0,111,111,0.36036036036036034,-0.01889249966620282,-0.022608179419525032,-0.9009607681616274,-0.8928057038898162,365,0.4054794520547945
首板,0.0,2.0,8,103000,16,25,100,2,3,0.0015,1.0,111,111,0.36036036036036034,-0.01889249966620282,-0.022608179419525032,-0.9009607681616274,-0.8928057038898162,365,0.4054794520547945
一进二,-0.5,1.8,1,103000,16,25,100,1,3,0.0015,1.0,75,75,0.36,-0.012416467972463622,-0.025827200851452015,-0.6990845101910528,-0.8054970611465062,114,0.38596491228070173
一进二,-0.5,1.8,3,103000,16,25,100,1,3,0.0015,1.0,75,75,0.36,-0.012416467972463622,-0.025827200851452015,-0.6990845101910528,-0.8054970611465062,115,0.391304347826087
一进二,-0.5,1.8,5,103000,16,25,100,1,3,0.0015,1.0,75,75,0.36,-0.012416467972463622,-0.025827200851452015,-0.6990845101910528,-0.8054970611465062,115,0.391304347826087
首板,0.3,1.8,2,100000,16,30,90,2,3,0.0015,1.0,89,89,0.3595505617977528,-0.013909523584931143,-0.02434047517621879,-0.7768013787042044,-0.784032751527061,232,0.4224137931034483
首板,0.3,1.8,2,103000,16,30,90,2,3,0.0015,1.0,89,89,0.3595505617977528,-0.013909523584931143,-0.02434047517621879,-0.7768013787042044,-0.784032751527061,232,0.4224137931034483
首板,0.3,1.8,5,100000,16,30,90,2,3,0.0015,1.0,89,89,0.3595505617977528,-0.013909523584931143,-0.02434047517621879,-0.7768013787042044,-0.784032751527061,232,0.4224137931034483
首板,0.3,1.8,5,103000,16,30,90,2,3,0.0015,1.0,89,89,0.3595505617977528,-0.013909523584931143,-0.02434047517621879,-0.7768013787042044,-0.784032751527061,232,0.4224137931034483
首板,0.3,1.8,8,100000,16,30,90,2,3,0.0015,1.0,89,89,0.3595505617977528,-0.013909523584931143,-0.02434047517621879,-0.7768013787042044,-0.784032751527061,232,0.4224137931034483
首板,0.3,1.8,8,103000,16,30,90,2,3,0.0015,1.0,89,89,0.3595505617977528,-0.013909523584931143,-0.02434047517621879,-0.7768013787042044,-0.784032751527061,232,0.4224137931034483
一进二,-1.0,2.0,1,103000,22,20,120,2,3,0.0015,1.0,92,92,0.358695652173913,-0.01878943588545731,-0.02635291683997082,-0.8700918647040059,-0.8917879975386362,214,0.4205607476635514
一进二,-1.0,2.0,3,103000,22,20,120,2,3,0.0015,1.0,92,92,0.358695652173913,-0.01878943588545731,-0.02635291683997082,-0.8700918647040059,-0.8917879975386362,215,0.4232558139534884
一进二,-1.0,2.0,5,103000,22,20,120,2,3,0.0015,1.0,92,92,0.358695652173913,-0.01878943588545731,-0.02635291683997082,-0.8700918647040059,-0.8917879975386362,215,0.4232558139534884
一进二,-2.0,2.5,0,103000,22,25,100,1,3,0.0015,1.0,92,92,0.358695652173913,-0.031917714029669704,-0.028062510599903667,-0.9601794180047428,-0.9642417852881663,150,0.35333333333333333
一进二,-0.5,1.8,1,103000,12,25,100,1,3,0.0015,1.0,67,67,0.3582089552238806,-0.01759498796277751,-0.02604545454545454,-0.7553181940460418,-0.8181405735620456,97,0.3711340206185567
一进二,-0.5,1.8,3,103000,12,25,100,1,3,0.0015,1.0,67,67,0.3582089552238806,-0.01759498796277751,-0.02604545454545454,-0.7553181940460418,-0.8181405735620456,98,0.37755102040816324
一进二,-0.5,1.8,5,103000,12,25,100,1,3,0.0015,1.0,67,67,0.3582089552238806,-0.01759498796277751,-0.02604545454545454,-0.7553181940460418,-0.8181405735620456,98,0.37755102040816324
一进二,-0.5,1.8,1,103000,12,25,100,2,3,0.0015,1.0,67,67,0.3582089552238806,-0.018846346256940073,-0.025827200851452015,-0.769786013823452,-0.8046760829435825,116,0.3793103448275862
一进二,-0.5,1.8,3,103000,12,25,100,2,3,0.0015,1.0,67,67,0.3582089552238806,-0.018846346256940073,-0.025827200851452015,-0.769786013823452,-0.8046760829435825,118,0.3898305084745763
一进二,-0.5,1.8,5,103000,12,25,100,2,3,0.0015,1.0,67,67,0.3582089552238806,-0.018846346256940073,-0.025827200851452015,-0.769786013823452,-0.8046760829435825,118,0.3898305084745763
一进二,-0.5,1.8,1,103000,16,20,120,2,3,0.0015,1.0,81,81,0.35802469135802467,-0.014131996094191567,-0.02604545454545454,-0.7695770294109789,-0.8159918568169362,158,0.4240506329113924
一进二,-0.5,1.8,3,103000,16,20,120,2,3,0.0015,1.0,81,81,0.35802469135802467,-0.014131996094191567,-0.02604545454545454,-0.7695770294109789,-0.8159918568169362,159,0.4276729559748428
一进二,-0.5,1.8,5,103000,16,20,120,2,3,0.0015,1.0,81,81,0.35802469135802467,-0.014131996094191567,-0.02604545454545454,-0.7695770294109789,-0.8159918568169362,159,0.4276729559748428
一进二,-1.0,2.0,0,103000,22,25,100,1,3,0.0015,1.0,81,81,0.35802469135802467,-0.024989646020761196,-0.028255852842809348,-0.9019352909549443,-0.9405675120960787,123,0.35772357723577236
一进二,-1.0,2.0,0,103000,22,25,100,2,3,0.0015,1.0,81,81,0.35802469135802467,-0.02568719748377849,-0.026954545454545398,-0.9024166569167462,-0.9195554100488931,154,0.37012987012987014
一进二,-1.0,2.0,0,103000,22,30,90,1,3,0.0015,1.0,70,70,0.35714285714285715,-0.029092851678598507,-0.028290743112909855,-0.8979841226270233,-0.9406309692510938,105,0.3523809523809524
一进二,-1.0,2.0,0,103000,12,20,120,1,3,0.0015,1.0,70,70,0.35714285714285715,-0.030256427003396213,-0.03476930462731387,-0.9112431257427193,-0.9411686117784123,104,0.36538461538461536
首板,0.0,2.0,2,100000,16,20,120,1,3,0.0015,1.0,115,115,0.3565217391304348,-0.012521478982018466,-0.022608179419525032,-0.8323808267809094,-0.8426856948230449,255,0.3803921568627451
首板,0.0,2.0,2,103000,16,20,120,1,3,0.0015,1.0,115,115,0.3565217391304348,-0.012521478982018466,-0.022608179419525032,-0.8323808267809094,-0.8426856948230449,255,0.3803921568627451
首板,0.0,2.0,5,100000,16,20,120,1,3,0.0015,1.0,115,115,0.3565217391304348,-0.012521478982018466,-0.022608179419525032,-0.8323808267809094,-0.8426856948230449,255,0.3803921568627451
首板,0.0,2.0,5,103000,16,20,120,1,3,0.0015,1.0,115,115,0.3565217391304348,-0.012521478982018466,-0.022608179419525032,-0.8323808267809094,-0.8426856948230449,255,0.3803921568627451
首板,0.0,2.0,8,100000,16,20,120,1,3,0.0015,1.0,115,115,0.3565217391304348,-0.012521478982018466,-0.022608179419525032,-0.8323808267809094,-0.8426856948230449,255,0.3803921568627451
首板,0.0,2.0,8,103000,16,20,120,1,3,0.0015,1.0,115,115,0.3565217391304348,-0.012521478982018466,-0.022608179419525032,-0.8323808267809094,-0.8426856948230449,255,0.3803921568627451
首板,0.0,2.0,2,100000,16,20,120,2,3,0.0015,1.0,115,115,0.3565217391304348,-0.015533034797697498,-0.020180914933326133,-0.864987732163136,-0.8640991113826308,399,0.40350877192982454
首板,0.0,2.0,2,103000,16,20,120,2,3,0.0015,1.0,115,115,0.3565217391304348,-0.015533034797697498,-0.020180914933326133,-0.864987732163136,-0.8640991113826308,399,0.40350877192982454
首板,0.0,2.0,5,100000,16,20,120,2,3,0.0015,1.0,115,115,0.3565217391304348,-0.015533034797697498,-0.020180914933326133,-0.864987732163136,-0.8640991113826308,399,0.40350877192982454
首板,0.0,2.0,5,103000,16,20,120,2,3,0.0015,1.0,115,115,0.3565217391304348,-0.015533034797697498,-0.020180914933326133,-0.864987732163136,-0.8640991113826308,399,0.40350877192982454
首板,0.0,2.0,8,100000,16,20,120,2,3,0.0015,1.0,115,115,0.3565217391304348,-0.015533034797697498,-0.020180914933326133,-0.864987732163136,-0.8640991113826308,399,0.40350877192982454
首板,0.0,2.0,8,103000,16,20,120,2,3,0.0015,1.0,115,115,0.3565217391304348,-0.015533034797697498,-0.020180914933326133,-0.864987732163136,-0.8640991113826308,399,0.40350877192982454
首板,0.0,2.0,2,100000,16,30,90,1,3,0.0015,1.0,104,104,0.3557692307692308,-0.015391804413772251,-0.030864256182805472,-0.8536840837805543,-0.8349290938303671,214,0.38317757009345793
首板,0.0,2.0,2,103000,16,30,90,1,3,0.0015,1.0,104,104,0.3557692307692308,-0.015391804413772251,-0.030864256182805472,-0.8536840837805543,-0.8349290938303671,214,0.38317757009345793
首板,0.0,2.0,5,100000,16,30,90,1,3,0.0015,1.0,104,104,0.3557692307692308,-0.015391804413772251,-0.030864256182805472,-0.8536840837805543,-0.8349290938303671,214,0.38317757009345793
首板,0.0,2.0,5,103000,16,30,90,1,3,0.0015,1.0,104,104,0.3557692307692308,-0.015391804413772251,-0.030864256182805472,-0.8536840837805543,-0.8349290938303671,214,0.38317757009345793
首板,0.0,2.0,8,100000,16,30,90,1,3,0.0015,1.0,104,104,0.3557692307692308,-0.015391804413772251,-0.030864256182805472,-0.8536840837805543,-0.8349290938303671,214,0.38317757009345793
首板,0.0,2.0,8,103000,16,30,90,1,3,0.0015,1.0,104,104,0.3557692307692308,-0.015391804413772251,-0.030864256182805472,-0.8536840837805543,-0.8349290938303671,214,0.38317757009345793
全部,-1.0,2.0,1,100000,12,25,100,1,3,0.0015,1.0,121,121,0.35537190082644626,-0.01321909881459242,-0.029218550106609953,-0.883029823044012,-0.8963776928842407,285,0.4
全部,-1.0,2.0,3,100000,12,25,100,1,3,0.0015,1.0,121,121,0.35537190082644626,-0.01323896734410987,-0.029218550106609953,-0.8833085963779335,-0.8963776928842407,285,0.4
全部,-1.0,2.0,5,100000,12,25,100,1,3,0.0015,1.0,121,121,0.35537190082644626,-0.01323896734410987,-0.029218550106609953,-0.8833085963779335,-0.8963776928842407,285,0.4
首板,0.3,1.8,2,100000,22,30,90,2,3,0.0015,1.0,107,107,0.35514018691588783,-0.01308462796556525,-0.014774876929656233,-0.7978947790083738,-0.7719886336858559,343,0.4489795918367347
首板,0.3,1.8,2,103000,22,30,90,2,3,0.0015,1.0,107,107,0.35514018691588783,-0.01308462796556525,-0.014774876929656233,-0.7978947790083738,-0.7719886336858559,343,0.4489795918367347
首板,0.3,1.8,5,100000,22,30,90,2,3,0.0015,1.0,107,107,0.35514018691588783,-0.01308462796556525,-0.014774876929656233,-0.7978947790083738,-0.7719886336858559,343,0.4489795918367347
首板,0.3,1.8,5,103000,22,30,90,2,3,0.0015,1.0,107,107,0.35514018691588783,-0.01308462796556525,-0.014774876929656233,-0.7978947790083738,-0.7719886336858559,343,0.4489795918367347
首板,0.3,1.8,8,100000,22,30,90,2,3,0.0015,1.0,107,107,0.35514018691588783,-0.01308462796556525,-0.014774876929656233,-0.7978947790083738,-0.7719886336858559,343,0.4489795918367347
首板,0.3,1.8,8,103000,22,30,90,2,3,0.0015,1.0,107,107,0.35514018691588783,-0.01308462796556525,-0.014774876929656233,-0.7978947790083738,-0.7719886336858559,343,0.4489795918367347
一进二,-0.5,1.8,0,103000,22,30,90,2,3,0.0015,1.0,62,62,0.3548387096774194,-0.02445558505470925,-0.02764008941877788,-0.8141378410156399,-0.8642683365427246,112,0.38392857142857145
一进二,-0.5,1.8,0,100000,12,20,120,1,3,0.0015,1.0,48,48,0.3541666666666667,-0.02866416834476539,-0.03308977150720571,-0.7968795762344723,-0.8640753261461679,68,0.35294117647058826
一进二,-0.5,1.8,1,100000,12,20,120,1,3,0.0015,1.0,48,48,0.3541666666666667,-0.030101378929967837,-0.03308977150720571,-0.809549052945395,-0.8640753261461679,68,0.35294117647058826
一进二,-0.5,1.8,3,100000,12,20,120,1,3,0.0015,1.0,48,48,0.3541666666666667,-0.030101378929967837,-0.03308977150720571,-0.809549052945395,-0.8640753261461679,68,0.35294117647058826
一进二,-0.5,1.8,5,100000,12,20,120,1,3,0.0015,1.0,48,48,0.3541666666666667,-0.030101378929967837,-0.03308977150720571,-0.809549052945395,-0.8640753261461679,68,0.35294117647058826
一进二,-0.5,1.8,0,100000,12,20,120,2,3,0.0015,1.0,48,48,0.3541666666666667,-0.0320071745954015,-0.03308977150720571,-0.8233132768091684,-0.8580415894051429,75,0.37333333333333335
一进二,-0.5,1.8,1,100000,12,20,120,2,3,0.0015,1.0,48,48,0.3541666666666667,-0.032361221383098236,-0.03308977150720571,-0.825756580826216,-0.8580415894051429,80,0.3625
一进二,-0.5,1.8,3,100000,12,20,120,2,3,0.0015,1.0,48,48,0.3541666666666667,-0.032361221383098236,-0.03308977150720571,-0.825756580826216,-0.8580415894051429,80,0.3625
一进二,-0.5,1.8,5,100000,12,20,120,2,3,0.0015,1.0,48,48,0.3541666666666667,-0.032361221383098236,-0.03308977150720571,-0.825756580826216,-0.8580415894051429,80,0.3625
首板,0.3,1.8,2,100000,16,20,120,2,3,0.0015,1.0,102,102,0.35294117647058826,-0.01541768820406725,-0.0203847520075936,-0.8408515080115434,-0.8545696481831291,302,0.40728476821192056
首板,0.3,1.8,2,103000,16,20,120,2,3,0.0015,1.0,102,102,0.35294117647058826,-0.01541768820406725,-0.0203847520075936,-0.8408515080115434,-0.8545696481831291,302,0.40728476821192056
首板,0.3,1.8,5,100000,16,20,120,2,3,0.0015,1.0,102,102,0.35294117647058826,-0.01541768820406725,-0.0203847520075936,-0.8408515080115434,-0.8545696481831291,302,0.40728476821192056
首板,0.3,1.8,5,103000,16,20,120,2,3,0.0015,1.0,102,102,0.35294117647058826,-0.01541768820406725,-0.0203847520075936,-0.8408515080115434,-0.8545696481831291,302,0.40728476821192056
首板,0.3,1.8,8,100000,16,20,120,2,3,0.0015,1.0,102,102,0.35294117647058826,-0.01541768820406725,-0.0203847520075936,-0.8408515080115434,-0.8545696481831291,302,0.40728476821192056
首板,0.3,1.8,8,103000,16,20,120,2,3,0.0015,1.0,102,102,0.35294117647058826,-0.01541768820406725,-0.0203847520075936,-0.8408515080115434,-0.8545696481831291,302,0.40728476821192056
一进二,-0.5,1.8,1,103000,22,30,90,2,3,0.0015,1.0,68,68,0.35294117647058826,-0.01644276344032662,-0.024689837770620005,-0.7290322172886929,-0.7993425063215525,137,0.38686131386861317
一进二,-0.5,1.8,3,103000,22,30,90,2,3,0.0015,1.0,68,68,0.35294117647058826,-0.01644276344032662,-0.024689837770620005,-0.7290322172886929,-0.7993425063215525,138,0.39855072463768115
一进二,-0.5,1.8,5,103000,22,30,90,2,3,0.0015,1.0,68,68,0.35294117647058826,-0.01644276344032662,-0.024689837770620005,-0.7290322172886929,-0.7993425063215525,138,0.39855072463768115
二进三,-2.0,2.2,2,100000,8,20,120,1,3,0.0015,1.0,37,37,0.35135135135135137,-0.03045191315497734,-0.03904693366708384,-0.742279984722712,-0.7198993628574217,50,0.44
一进二,-1.0,2.0,0,100000,22,20,120,2,3,0.0015,1.0,57,57,0.3508771929824561,-0.02740455306579054,-0.0354670192529048,-0.8365961328695158,-0.8920464166653003,103,0.39805825242718446
一进二,-1.0,2.0,1,100000,22,20,120,2,3,0.0015,1.0,57,57,0.3508771929824561,-0.02770269772911411,-0.0354670192529048,-0.8388557555381064,-0.8920464166653003,106,0.3867924528301887
一进二,-1.0,2.0,3,100000,22,20,120,2,3,0.0015,1.0,57,57,0.3508771929824561,-0.02770269772911411,-0.0354670192529048,-0.8388557555381064,-0.8920464166653003,106,0.3867924528301887
一进二,-1.0,2.0,5,100000,22,20,120,2,3,0.0015,1.0,57,57,0.3508771929824561,-0.02770269772911411,-0.0354670192529048,-0.8388557555381064,-0.8920464166653003,106,0.3867924528301887
一进二,-2.0,2.5,3,103000,22,25,100,2,3,0.0015,1.0,97,97,0.35051546391752575,-0.024599610654806016,-0.02559638554216853,-0.9284124746588306,-0.9269754441937292,235,0.39148936170212767
一进二,-2.0,2.5,5,103000,22,25,100,2,3,0.0015,1.0,97,97,0.35051546391752575,-0.024599610654806016,-0.02559638554216853,-0.9284124746588306,-0.9269754441937292,235,0.39148936170212767
一进二,-2.0,2.5,1,103000,22,25,100,1,3,0.0015,1.0,97,97,0.35051546391752575,-0.028316411664733254,-0.026878632828489624,-0.9520236810532742,-0.956918070303825,178,0.3707865168539326
一进二,-2.0,2.5,3,103000,22,25,100,1,3,0.0015,1.0,97,97,0.35051546391752575,-0.028341196119079762,-0.026878632828489624,-0.9521380223215369,-0.956918070303825,178,0.37640449438202245
一进二,-2.0,2.5,5,103000,22,25,100,1,3,0.0015,1.0,97,97,0.35051546391752575,-0.028341196119079762,-0.026878632828489624,-0.9521380223215369,-0.956918070303825,178,0.37640449438202245
一进二,-2.0,2.5,0,103000,12,20,120,1,3,0.0015,1.0,80,80,0.35,-0.03919115987836116,-0.03476930462731387,-0.9677549186224974,-0.964354926418625,125,0.352
二进三,-2.0,2.2,0,100000,10,20,120,1,3,0.0015,1.0,40,40,0.35,-0.03780017695924766,-0.056787896592244425,-0.8371340314165567,-0.8231462137139687,53,0.39622641509433965
一进二,-1.0,2.0,1,103000,12,30,90,2,3,0.0015,1.0,63,63,0.3492063492063492,-0.01978374901281041,-0.028325633383010362,-0.7781112198060692,-0.822427612422758,118,0.3898305084745763
一进二,-1.0,2.0,3,103000,12,30,90,2,3,0.0015,1.0,63,63,0.3492063492063492,-0.01978374901281041,-0.028325633383010362,-0.7781112198060692,-0.822427612422758,120,0.4
一进二,-1.0,2.0,5,103000,12,30,90,2,3,0.0015,1.0,63,63,0.3492063492063492,-0.01978374901281041,-0.028325633383010362,-0.7781112198060692,-0.822427612422758,120,0.4
首板,0.0,2.5,2,100000,16,20,120,2,3,0.0015,1.0,118,118,0.3474576271186441,-0.012625214825536309,-0.019128342955825967,-0.828340201035396,-0.8272103743390429,419,0.4081145584725537
首板,0.0,2.5,2,103000,16,20,120,2,3,0.0015,1.0,118,118,0.3474576271186441,-0.012625214825536309,-0.019128342955825967,-0.828340201035396,-0.8272103743390429,419,0.4081145584725537
首板,0.0,2.5,5,100000,16,20,120,2,3,0.0015,1.0,118,118,0.3474576271186441,-0.012625214825536309,-0.019128342955825967,-0.828340201035396,-0.8272103743390429,419,0.4081145584725537
首板,0.0,2.5,5,103000,16,20,120,2,3,0.0015,1.0,118,118,0.3474576271186441,-0.012625214825536309,-0.019128342955825967,-0.828340201035396,-0.8272103743390429,419,0.4081145584725537
首板,0.0,2.5,8,100000,16,20,120,2,3,0.0015,1.0,118,118,0.3474576271186441,-0.012625214825536309,-0.019128342955825967,-0.828340201035396,-0.8272103743390429,419,0.4081145584725537
首板,0.0,2.5,8,103000,16,20,120,2,3,0.0015,1.0,118,118,0.3474576271186441,-0.012625214825536309,-0.019128342955825967,-0.828340201035396,-0.8272103743390429,419,0.4081145584725537
一进二,-1.0,2.0,1,103000,16,30,90,1,3,0.0015,1.0,72,72,0.3472222222222222,-0.023424854478075137,-0.03089808322671811,-0.8572498150578748,-0.9113988565750866,113,0.36283185840707965
一进二,-1.0,2.0,3,103000,16,30,90,1,3,0.0015,1.0,72,72,0.3472222222222222,-0.023424854478075137,-0.03089808322671811,-0.8572498150578748,-0.9113988565750866,114,0.3684210526315789
一进二,-1.0,2.0,5,103000,16,30,90,1,3,0.0015,1.0,72,72,0.3472222222222222,-0.023424854478075137,-0.03089808322671811,-0.8572498150578748,-0.9113988565750866,114,0.3684210526315789
全部,-1.0,2.0,1,103000,12,25,100,1,3,0.0015,1.0,124,124,0.3467741935483871,-0.011699394496922906,-0.02425470489703413,-0.8711394227887865,-0.8858441471630961,302,0.40728476821192056
全部,-1.0,2.0,3,103000,12,25,100,1,3,0.0015,1.0,124,124,0.3467741935483871,-0.011718782336210093,-0.02425470489703413,-0.8714465343419624,-0.8858441471630961,302,0.40728476821192056
全部,-1.0,2.0,5,103000,12,25,100,1,3,0.0015,1.0,124,124,0.3467741935483871,-0.011718782336210093,-0.02425470489703413,-0.8714465343419624,-0.8858441471630961,302,0.40728476821192056
首板,0.0,2.5,2,100000,16,25,100,1,3,0.0015,1.0,113,113,0.34513274336283184,-0.01664684513497596,-0.03104781651824834,-0.8942112723306175,-0.8806511171844976,248,0.3790322580645161
首板,0.0,2.5,2,103000,16,25,100,1,3,0.0015,1.0,113,113,0.34513274336283184,-0.01664684513497596,-0.03104781651824834,-0.8942112723306175,-0.8806511171844976,248,0.3790322580645161
首板,0.0,2.5,5,100000,16,25,100,1,3,0.0015,1.0,113,113,0.34513274336283184,-0.01664684513497596,-0.03104781651824834,-0.8942112723306175,-0.8806511171844976,248,0.3790322580645161
首板,0.0,2.5,5,103000,16,25,100,1,3,0.0015,1.0,113,113,0.34513274336283184,-0.01664684513497596,-0.03104781651824834,-0.8942112723306175,-0.8806511171844976,248,0.3790322580645161
首板,0.0,2.5,8,100000,16,25,100,1,3,0.0015,1.0,113,113,0.34513274336283184,-0.01664684513497596,-0.03104781651824834,-0.8942112723306175,-0.8806511171844976,248,0.3790322580645161
首板,0.0,2.5,8,103000,16,25,100,1,3,0.0015,1.0,113,113,0.34513274336283184,-0.01664684513497596,-0.03104781651824834,-0.8942112723306175,-0.8806511171844976,248,0.3790322580645161
一进二,-1.0,2.0,1,103000,22,25,100,2,3,0.0015,1.0,87,87,0.3448275862068966,-0.020413215583851646,-0.025827200851452015,-0.8667543118846219,-0.8943063747230774,189,0.4021164021164021
一进二,-1.0,2.0,3,103000,22,25,100,2,3,0.0015,1.0,87,87,0.3448275862068966,-0.020413215583851646,-0.025827200851452015,-0.8667543118846219,-0.8943063747230774,190,0.4105263157894737
一进二,-1.0,2.0,5,103000,22,25,100,2,3,0.0015,1.0,87,87,0.3448275862068966,-0.020413215583851646,-0.025827200851452015,-0.8667543118846219,-0.8943063747230774,190,0.4105263157894737
一进二,-1.0,2.0,1,103000,22,25,100,1,3,0.0015,1.0,87,87,0.3448275862068966,-0.022606831718931138,-0.026878632828489624,-0.8964386384057415,-0.9330609760416736,148,0.3716216216216216
一进二,-1.0,2.0,3,103000,22,25,100,1,3,0.0015,1.0,87,87,0.3448275862068966,-0.022606831718931138,-0.026878632828489624,-0.8964386384057415,-0.9330609760416736,149,0.37583892617449666
一进二,-1.0,2.0,5,103000,22,25,100,1,3,0.0015,1.0,87,87,0.3448275862068966,-0.022606831718931138,-0.026878632828489624,-0.8964386384057415,-0.9330609760416736,149,0.37583892617449666
一进二,-1.0,2.0,1,103000,16,20,120,1,3,0.0015,1.0,87,87,0.3448275862068966,-0.02312010308523175,-0.028325633383010362,-0.9058449668640086,-0.9283061505839219,148,0.3918918918918919
一进二,-1.0,2.0,3,103000,16,20,120,1,3,0.0015,1.0,87,87,0.3448275862068966,-0.02312010308523175,-0.028325633383010362,-0.9058449668640086,-0.9283061505839219,149,0.3959731543624161
一进二,-1.0,2.0,5,103000,16,20,120,1,3,0.0015,1.0,87,87,0.3448275862068966,-0.02312010308523175,-0.028325633383010362,-0.9058449668640086,-0.9283061505839219,149,0.3959731543624161
一进二,-2.0,2.5,1,103000,22,30,90,1,3,0.0015,1.0,87,87,0.3448275862068966,-0.027750198023802644,-0.027869168356997986,-0.9303794546141229,-0.9361217862445147,151,0.3576158940397351
一进二,-2.0,2.5,3,103000,22,30,90,1,3,0.0015,1.0,87,87,0.3448275862068966,-0.027777831266005075,-0.027869168356997986,-0.9305453802547582,-0.9361217862445147,151,0.36423841059602646
一进二,-2.0,2.5,5,103000,22,30,90,1,3,0.0015,1.0,87,87,0.3448275862068966,-0.027777831266005075,-0.027869168356997986,-0.9305453802547582,-0.9361217862445147,151,0.36423841059602646
一进二,-0.5,1.8,0,103000,12,20,120,1,3,0.0015,1.0,64,64,0.34375,-0.02951849874698398,-0.03734643848288627,-0.8844680312327614,-0.9114645661766337,91,0.37362637362637363
一进二,-0.5,1.8,0,103000,12,20,120,2,3,0.0015,1.0,64,64,0.34375,-0.030362437628329565,-0.03308977150720571,-0.8860184161550488,-0.9001921609954446,105,0.38095238095238093
一进二,-2.0,2.5,1,100000,16,20,120,1,3,0.0015,1.0,64,64,0.34375,-0.03683635890834698,-0.03476930462731387,-0.9263785449757709,-0.9337259390706083,100,0.35
一进二,-2.0,2.5,3,100000,16,20,120,1,3,0.0015,1.0,64,64,0.34375,-0.03683635890834698,-0.03476930462731387,-0.9263785449757709,-0.9337259390706083,100,0.35
一进二,-2.0,2.5,5,100000,16,20,120,1,3,0.0015,1.0,64,64,0.34375,-0.03683635890834698,-0.03476930462731387,-0.9263785449757709,-0.9337259390706083,100,0.35
一进二,-2.0,2.5,0,100000,16,20,120,1,3,0.0015,1.0,64,64,0.34375,-0.03725350022707051,-0.03476930462731387,-0.9285060971155387,-0.9353742003894816,100,0.35
一进二,-2.0,2.5,0,100000,22,20,120,2,3,0.0015,1.0,67,67,0.34328358208955223,-0.02972336580396997,-0.028325633383010362,-0.8949334384815979,-0.9166824102403524,130,0.3923076923076923
一进二,-2.0,2.5,1,100000,22,20,120,2,3,0.0015,1.0,67,67,0.34328358208955223,-0.03294210134288267,-0.030490472728794293,-0.9153217713509845,-0.9240311307247095,132,0.3787878787878788
一进二,-2.0,2.5,3,100000,22,20,120,2,3,0.0015,1.0,67,67,0.34328358208955223,-0.03296004232849171,-0.030490472728794293,-0.9154224687034239,-0.9240311307247095,133,0.37593984962406013
一进二,-2.0,2.5,5,100000,22,20,120,2,3,0.0015,1.0,67,67,0.34328358208955223,-0.03296004232849171,-0.030490472728794293,-0.9154224687034239,-0.9240311307247095,133,0.37593984962406013
一进二,-2.0,2.5,1,103000,12,30,90,2,3,0.0015,1.0,70,70,0.34285714285714286,-0.02519040147173346,-0.028334309602633556,-0.8684766657395454,-0.8692779401734974,146,0.3767123287671233
一进二,-2.0,2.5,3,103000,12,30,90,2,3,0.0015,1.0,70,70,0.34285714285714286,-0.02628392613797177,-0.028334309602633556,-0.8777635527331478,-0.8692779401734974,147,0.38095238095238093
一进二,-2.0,2.5,5,103000,12,30,90,2,3,0.0015,1.0,70,70,0.34285714285714286,-0.02628392613797177,-0.028334309602633556,-0.8777635527331478,-0.8692779401734974,147,0.38095238095238093
一进二,-1.0,2.0,0,103000,22,30,90,2,3,0.0015,1.0,70,70,0.34285714285714286,-0.028182094402646952,-0.027605199148677373,-0.8859508419216571,-0.9162975039193605,131,0.3893129770992366
首板,0.0,2.0,2,100000,16,25,100,1,3,0.0015,1.0,111,111,0.34234234234234234,-0.019222593753311572,-0.03104781651824834,-0.91611704657134,-0.9053648058773951,240,0.375
首板,0.0,2.0,2,103000,16,25,100,1,3,0.0015,1.0,111,111,0.34234234234234234,-0.019222593753311572,-0.03104781651824834,-0.91611704657134,-0.9053648058773951,240,0.375
首板,0.0,2.0,5,100000,16,25,100,1,3,0.0015,1.0,111,111,0.34234234234234234,-0.019222593753311572,-0.03104781651824834,-0.91611704657134,-0.9053648058773951,240,0.375
首板,0.0,2.0,5,103000,16,25,100,1,3,0.0015,1.0,111,111,0.34234234234234234,-0.019222593753311572,-0.03104781651824834,-0.91611704657134,-0.9053648058773951,240,0.375
首板,0.0,2.0,8,100000,16,25,100,1,3,0.0015,1.0,111,111,0.34234234234234234,-0.019222593753311572,-0.03104781651824834,-0.91611704657134,-0.9053648058773951,240,0.375
首板,0.0,2.0,8,103000,16,25,100,1,3,0.0015,1.0,111,111,0.34234234234234234,-0.019222593753311572,-0.03104781651824834,-0.91611704657134,-0.9053648058773951,240,0.375
二进三,-2.0,2.2,2,100000,10,20,120,1,3,0.0015,1.0,41,41,0.34146341463414637,-0.03664220993821591,-0.05555405405405395,-0.8361420792147812,-0.8219125202075734,57,0.42105263157894735
一进二,-0.5,1.8,0,100000,22,30,90,1,3,0.0015,1.0,44,44,0.3409090909090909,-0.026335560493219726,-0.03308977150720571,-0.7401849635021007,-0.8487983705273906,59,0.3559322033898305
一进二,-0.5,1.8,1,100000,22,30,90,1,3,0.0015,1.0,44,44,0.3409090909090909,-0.027903426586167845,-0.03308977150720571,-0.7563907221010364,-0.8487983705273906,60,0.35
一进二,-0.5,1.8,3,100000,22,30,90,1,3,0.0015,1.0,44,44,0.3409090909090909,-0.027903426586167845,-0.03308977150720571,-0.7563907221010364,-0.8487983705273906,60,0.35
一进二,-0.5,1.8,5,100000,22,30,90,1,3,0.0015,1.0,44,44,0.3409090909090909,-0.027903426586167845,-0.03308977150720571,-0.7563907221010364,-0.8487983705273906,60,0.35
一进二,-2.0,2.5,1,103000,22,25,100,2,3,0.0015,1.0,97,97,0.3402061855670103,-0.024915833405925007,-0.02559638554216853,-0.9305919151492608,-0.9270424021594317,234,0.38461538461538464
一进二,-1.0,2.0,0,100000,12,20,120,1,3,0.0015,1.0,53,53,0.33962264150943394,-0.03308760763212468,-0.03900000000000009,-0.864878010539923,-0.9134645616029544,77,0.35064935064935066
一进二,-1.0,2.0,1,100000,12,20,120,1,3,0.0015,1.0,53,53,0.33962264150943394,-0.03438923231306274,-0.03900000000000009,-0.8733061383808444,-0.9134645616029544,77,0.35064935064935066
一进二,-1.0,2.0,3,100000,12,20,120,1,3,0.0015,1.0,53,53,0.33962264150943394,-0.03438923231306274,-0.03900000000000009,-0.8733061383808444,-0.9134645616029544,77,0.35064935064935066
一进二,-1.0,2.0,5,100000,12,20,120,1,3,0.0015,1.0,53,53,0.33962264150943394,-0.03438923231306274,-0.03900000000000009,-0.8733061383808444,-0.9134645616029544,77,0.35064935064935066
一进二,-0.5,1.8,0,103000,16,30,90,1,3,0.0015,1.0,59,59,0.3389830508474576,-0.03030902192649487,-0.037305626598465536,-0.8654856781759901,-0.9217182156916552,82,0.35365853658536583
一进二,-2.0,2.5,1,100000,12,20,120,1,3,0.0015,1.0,59,59,0.3389830508474576,-0.04414353565327259,-0.041882571732199836,-0.941883127432179,-0.9391945277093414,92,0.33695652173913043
一进二,-2.0,2.5,3,100000,12,20,120,1,3,0.0015,1.0,59,59,0.3389830508474576,-0.04414353565327259,-0.041882571732199836,-0.941883127432179,-0.9391945277093414,92,0.33695652173913043
一进二,-2.0,2.5,5,100000,12,20,120,1,3,0.0015,1.0,59,59,0.3389830508474576,-0.04414353565327259,-0.041882571732199836,-0.941883127432179,-0.9391945277093414,92,0.33695652173913043
一进二,-2.0,2.5,0,100000,12,20,120,1,3,0.0015,1.0,59,59,0.3389830508474576,-0.044596027931209974,-0.041882571732199836,-0.9435626198647529,-0.9407067831309504,92,0.33695652173913043
全部,-1.0,2.0,1,100000,12,20,120,1,3,0.0015,1.0,124,124,0.3387096774193548,-0.017913588182293865,-0.0322381765113523,-0.9342557426446949,-0.9419986372845782,301,0.40863787375415284
全部,-1.0,2.0,3,100000,12,20,120,1,3,0.0015,1.0,124,124,0.3387096774193548,-0.017913588182293865,-0.0322381765113523,-0.9342557426446949,-0.9419986372845782,301,0.40863787375415284
全部,-1.0,2.0,5,100000,12,20,120,1,3,0.0015,1.0,124,124,0.3387096774193548,-0.017913588182293865,-0.0322381765113523,-0.9342557426446949,-0.9419986372845782,301,0.40863787375415284
全部,-1.0,2.0,1,103000,12,20,120,1,3,0.0015,1.0,127,127,0.33858267716535434,-0.01954813437992765,-0.02495058626465657,-0.9533401271063626,-0.9542339238141437,315,0.4222222222222222
全部,-1.0,2.0,3,103000,12,20,120,1,3,0.0015,1.0,127,127,0.33858267716535434,-0.01954813437992765,-0.02495058626465657,-0.9533401271063626,-0.9542339238141437,315,0.4222222222222222
全部,-1.0,2.0,5,103000,12,20,120,1,3,0.0015,1.0,127,127,0.33858267716535434,-0.01954813437992765,-0.02495058626465657,-0.9533401271063626,-0.9542339238141437,315,0.4222222222222222
一进二,-0.5,1.8,0,103000,16,25,100,2,3,0.0015,1.0,68,68,0.3382352941176471,-0.024367089094015606,-0.03112388865401436,-0.8457158362288629,-0.886382914397421,114,0.37719298245614036
一进二,-0.5,1.8,0,103000,16,25,100,1,3,0.0015,1.0,68,68,0.3382352941176471,-0.02459563398569161,-0.03308977150720571,-0.8554044282333568,-0.9123673067134349,95,0.3684210526315789
一进二,-1.0,2.0,1,103000,12,20,120,1,3,0.0015,1.0,80,80,0.3375,-0.023584031797515212,-0.028772091744810158,-0.894326747293658,-0.9209640100076858,128,0.390625
一进二,-1.0,2.0,3,103000,12,20,120,1,3,0.0015,1.0,80,80,0.3375,-0.023584031797515212,-0.028772091744810158,-0.894326747293658,-0.9209640100076858,129,0.3953488372093023
一进二,-1.0,2.0,5,103000,12,20,120,1,3,0.0015,1.0,80,80,0.3375,-0.023584031797515212,-0.028772091744810158,-0.894326747293658,-0.9209640100076858,129,0.3953488372093023
一进二,-2.0,2.5,0,103000,22,25,100,2,3,0.0015,1.0,92,92,0.33695652173913043,-0.028306245748891793,-0.02579937886984804,-0.9426342532902655,-0.9427857440562806,195,0.35384615384615387
一进二,-2.0,2.5,1,103000,22,20,120,1,3,0.0015,1.0,101,101,0.33663366336633666,-0.029965067011888218,-0.027869168356997986,-0.964770819854415,-0.9620792536634067,197,0.38071065989847713
一进二,-2.0,2.5,3,103000,22,20,120,1,3,0.0015,1.0,101,101,0.33663366336633666,-0.029965067011888218,-0.027869168356997986,-0.964770819854415,-0.9620792536634067,197,0.38578680203045684
一进二,-2.0,2.5,5,103000,22,20,120,1,3,0.0015,1.0,101,101,0.33663366336633666,-0.029965067011888218,-0.027869168356997986,-0.964770819854415,-0.9620792536634067,197,0.38578680203045684
一进二,-2.0,2.5,0,103000,16,20,120,1,3,0.0015,1.0,90,90,0.3333333333333333,-0.03543928037436908,-0.03476930462731387,-0.9704971554074221,-0.968111362117507,145,0.3724137931034483
一进二,-2.0,2.5,0,103000,22,30,90,1,3,0.0015,1.0,81,81,0.3333333333333333,-0.036654389234869515,-0.028325633383010362,-0.9592700571407944,-0.9626294798210987,129,0.3333333333333333
一进二,-0.5,1.8,1,103000,16,25,100,2,3,0.0015,1.0,75,75,0.3333333333333333,-0.014687122654143542,-0.02604545454545454,-0.7395792130986261,-0.7944511053613659,138,0.391304347826087
一进二,-0.5,1.8,3,103000,16,25,100,2,3,0.0015,1.0,75,75,0.3333333333333333,-0.014687122654143542,-0.02604545454545454,-0.7395792130986261,-0.7944511053613659,139,0.4028776978417266
一进二,-0.5,1.8,5,103000,16,25,100,2,3,0.0015,1.0,75,75,0.3333333333333333,-0.014687122654143542,-0.02604545454545454,-0.7395792130986261,-0.7944511053613659,139,0.4028776978417266
一进二,-2.0,2.5,1,100000,22,25,100,1,3,0.0015,1.0,63,63,0.3333333333333333,-0.037427920739770595,-0.032577616346826266,-0.9213267091538772,-0.9303987366357815,98,0.3469387755102041
一进二,-2.0,2.5,3,100000,22,25,100,1,3,0.0015,1.0,63,63,0.3333333333333333,-0.037466080931383476,-0.032577616346826266,-0.9215142100720642,-0.9303987366357815,98,0.3469387755102041
一进二,-2.0,2.5,5,100000,22,25,100,1,3,0.0015,1.0,63,63,0.3333333333333333,-0.037466080931383476,-0.032577616346826266,-0.9215142100720642,-0.9303987366357815,98,0.3469387755102041
一进二,-2.0,2.5,0,100000,22,25,100,1,3,0.0015,1.0,63,63,0.3333333333333333,-0.03778526691456462,-0.032577616346826266,-0.9232833440772794,-0.9321297467555655,98,0.3469387755102041
一进二,-0.5,1.8,0,100000,22,25,100,1,3,0.0015,1.0,48,48,0.3333333333333333,-0.027414863675787274,-0.03308977150720571,-0.7774505497419699,-0.8704854038826207,67,0.3582089552238806
一进二,-0.5,1.8,1,100000,22,25,100,1,3,0.0015,1.0,48,48,0.3333333333333333,-0.028852074260989718,-0.03308977150720571,-0.7913318967025668,-0.8704854038826207,67,0.3582089552238806
一进二,-0.5,1.8,3,100000,22,25,100,1,3,0.0015,1.0,48,48,0.3333333333333333,-0.028852074260989718,-0.03308977150720571,-0.7913318967025668,-0.8704854038826207,67,0.3582089552238806
一进二,-0.5,1.8,5,100000,22,25,100,1,3,0.0015,1.0,48,48,0.3333333333333333,-0.028852074260989718,-0.03308977150720571,-0.7913318967025668,-0.8704854038826207,67,0.3582089552238806
一进二,-2.0,2.5,1,103000,12,25,100,2,3,0.0015,1.0,82,82,0.32926829268292684,-0.026171118714117918,-0.028062510599903667,-0.9120351957111462,-0.9103222594504539,171,0.38011695906432746
一进二,-2.0,2.5,3,103000,12,25,100,2,3,0.0015,1.0,82,82,0.32926829268292684,-0.027104615380418917,-0.028062510599903667,-0.9182464068353046,-0.9103222594504539,172,0.38372093023255816
一进二,-2.0,2.5,5,103000,12,25,100,2,3,0.0015,1.0,82,82,0.32926829268292684,-0.027104615380418917,-0.028062510599903667,-0.9182464068353046,-0.9103222594504539,172,0.38372093023255816
一进二,-2.0,2.5,1,103000,12,30,90,1,3,0.0015,1.0,70,70,0.32857142857142857,-0.029253593970548365,-0.03349932644458847,-0.9011680805281801,-0.8946065025868758,115,0.3565217391304348
一进二,-2.0,2.5,3,103000,12,30,90,1,3,0.0015,1.0,70,70,0.32857142857142857,-0.02928793814299996,-0.03349932644458847,-0.90140362521492,-0.8946065025868758,115,0.3652173913043478
一进二,-2.0,2.5,5,103000,12,30,90,1,3,0.0015,1.0,70,70,0.32857142857142857,-0.02928793814299996,-0.03349932644458847,-0.90140362521492,-0.8946065025868758,115,0.3652173913043478
一进二,-1.0,2.0,0,103000,12,20,120,2,3,0.0015,1.0,70,70,0.32857142857142857,-0.03347748642244293,-0.03402231779986553,-0.9257886482945002,-0.9358214530114687,125,0.376
一进二,-0.5,1.8,1,103000,16,30,90,2,3,0.0015,1.0,64,64,0.328125,-0.017859947697117455,-0.026961009462589447,-0.7366942661888018,-0.805016418966642,119,0.3865546218487395
一进二,-0.5,1.8,3,103000,16,30,90,2,3,0.0015,1.0,64,64,0.328125,-0.017859947697117455,-0.026961009462589447,-0.7366942661888018,-0.805016418966642,120,0.4
一进二,-0.5,1.8,5,103000,16,30,90,2,3,0.0015,1.0,64,64,0.328125,-0.017859947697117455,-0.026961009462589447,-0.7366942661888018,-0.805016418966642,120,0.4
一进二,-1.0,2.0,0,100000,16,20,120,2,3,0.0015,1.0,55,55,0.32727272727272727,-0.029197686101216327,-0.03696099290780147,-0.8434073023117221,-0.8965462498754826,96,0.3854166666666667
一进二,-1.0,2.0,1,100000,16,20,120,2,3,0.0015,1.0,55,55,0.32727272727272727,-0.02950667238866075,-0.03696099290780147,-0.845572737044975,-0.8965462498754826,99,0.37373737373737376
一进二,-1.0,2.0,3,100000,16,20,120,2,3,0.0015,1.0,55,55,0.32727272727272727,-0.02950667238866075,-0.03696099290780147,-0.845572737044975,-0.8965462498754826,99,0.37373737373737376
一进二,-1.0,2.0,5,100000,16,20,120,2,3,0.0015,1.0,55,55,0.32727272727272727,-0.02950667238866075,-0.03696099290780147,-0.845572737044975,-0.8965462498754826,99,0.37373737373737376
一进二,-0.5,1.8,0,103000,12,30,90,1,3,0.0015,1.0,52,52,0.3269230769230769,-0.031761069978611785,-0.04044128586609996,-0.8459157354478491,-0.8968894756273488,69,0.34782608695652173
一进二,-2.0,2.5,1,103000,12,20,120,1,3,0.0015,1.0,89,89,0.3258426966292135,-0.032052904859761505,-0.032577616346826266,-0.9596954787785669,-0.9556297304082314,151,0.37748344370860926
一进二,-2.0,2.5,3,103000,12,20,120,1,3,0.0015,1.0,89,89,0.3258426966292135,-0.032052904859761505,-0.032577616346826266,-0.9596954787785669,-0.9556297304082314,151,0.3841059602649007
一进二,-2.0,2.5,5,103000,12,20,120,1,3,0.0015,1.0,89,89,0.3258426966292135,-0.032052904859761505,-0.032577616346826266,-0.9596954787785669,-0.9556297304082314,151,0.3841059602649007
一进二,-2.0,2.5,0,103000,12,20,120,2,3,0.0015,1.0,80,80,0.325,-0.03618540078688289,-0.02878076796443335,-0.9579700598506374,-0.9575300636827491,159,0.3710691823899371
一进二,-1.0,2.0,1,103000,22,30,90,2,3,0.0015,1.0,77,77,0.3246753246753247,-0.020971952139586653,-0.026954545454545398,-0.8382967034362754,-0.8796592451992757,161,0.39751552795031053
一进二,-1.0,2.0,3,103000,22,30,90,2,3,0.0015,1.0,77,77,0.3246753246753247,-0.020971952139586653,-0.026954545454545398,-0.8382967034362754,-0.8796592451992757,162,0.4074074074074074
一进二,-1.0,2.0,5,103000,22,30,90,2,3,0.0015,1.0,77,77,0.3246753246753247,-0.020971952139586653,-0.026954545454545398,-0.8382967034362754,-0.8796592451992757,162,0.4074074074074074
首板,-0.5,1.8,2,100000,25,25,100,1,3,0.0015,1.0,136,136,0.3235294117647059,-0.017059605390572653,-0.02530143175430366,-0.9367368499982751,-0.9409425677378933,385,0.38961038961038963
首板,-0.5,1.8,2,103000,25,25,100,1,3,0.0015,1.0,136,136,0.3235294117647059,-0.017059605390572653,-0.02530143175430366,-0.9367368499982751,-0.9409425677378933,385,0.38961038961038963
首板,-0.5,1.8,5,100000,25,25,100,1,3,0.0015,1.0,136,136,0.3235294117647059,-0.017059605390572653,-0.02530143175430366,-0.9367368499982751,-0.9409425677378933,385,0.38961038961038963
首板,-0.5,1.8,5,103000,25,25,100,1,3,0.0015,1.0,136,136,0.3235294117647059,-0.017059605390572653,-0.02530143175430366,-0.9367368499982751,-0.9409425677378933,385,0.38961038961038963
首板,-0.5,1.8,8,100000,25,25,100,1,3,0.0015,1.0,136,136,0.3235294117647059,-0.017059605390572653,-0.02530143175430366,-0.9367368499982751,-0.9409425677378933,385,0.38961038961038963
首板,-0.5,1.8,8,103000,25,25,100,1,3,0.0015,1.0,136,136,0.3235294117647059,-0.017059605390572653,-0.02530143175430366,-0.9367368499982751,-0.9409425677378933,385,0.38961038961038963
一进二,-2.0,2.5,0,103000,22,20,120,2,3,0.0015,1.0,96,96,0.3229166666666667,-0.02736087253984602,-0.02579937886984804,-0.9465427923434716,-0.9438882473340441,214,0.37850467289719625
一进二,-0.5,1.8,0,103000,16,30,90,2,3,0.0015,1.0,59,59,0.3220338983050847,-0.02936666246573619,-0.03696099290780147,-0.8510231767860856,-0.8912050083680207,99,0.3838383838383838
一进二,-1.0,2.0,1,103000,16,20,120,2,3,0.0015,1.0,87,87,0.3218390804597701,-0.023476982433333047,-0.029218550106609953,-0.9075108734454966,-0.9217172328244879,183,0.4262295081967213
一进二,-1.0,2.0,3,103000,16,20,120,2,3,0.0015,1.0,87,87,0.3218390804597701,-0.023476982433333047,-0.029218550106609953,-0.9075108734454966,-0.9217172328244879,184,0.42934782608695654
一进二,-1.0,2.0,5,103000,16,20,120,2,3,0.0015,1.0,87,87,0.3218390804597701,-0.023476982433333047,-0.029218550106609953,-0.9075108734454966,-0.9217172328244879,184,0.42934782608695654
一进二,-2.0,2.5,3,103000,22,30,90,2,3,0.0015,1.0,87,87,0.3218390804597701,-0.02621570424820788,-0.025786854179134233,-0.9180050594489884,-0.9184565682092813,200,0.38
一进二,-2.0,2.5,5,103000,22,30,90,2,3,0.0015,1.0,87,87,0.3218390804597701,-0.02621570424820788,-0.025786854179134233,-0.9180050594489884,-0.9184565682092813,200,0.38
一进二,-0.5,1.8,0,100000,16,30,90,1,3,0.0015,1.0,44,44,0.3181818181818182,-0.02807203235469159,-0.03798049645390078,-0.7594019102619255,-0.859981840517194,57,0.3333333333333333
一进二,-0.5,1.8,1,100000,16,30,90,1,3,0.0015,1.0,44,44,0.3181818181818182,-0.029639898447639704,-0.03798049645390078,-0.7744090269177463,-0.859981840517194,58,0.3275862068965517
一进二,-0.5,1.8,3,100000,16,30,90,1,3,0.0015,1.0,44,44,0.3181818181818182,-0.029639898447639704,-0.03798049645390078,-0.7744090269177463,-0.859981840517194,58,0.3275862068965517
一进二,-0.5,1.8,5,100000,16,30,90,1,3,0.0015,1.0,44,44,0.3181818181818182,-0.029639898447639704,-0.03798049645390078,-0.7744090269177463,-0.859981840517194,58,0.3275862068965517
一进二,-2.0,2.5,0,100000,22,25,100,2,3,0.0015,1.0,63,63,0.31746031746031744,-0.03610413625331726,-0.029218550106609953,-0.9153539146418077,-0.9239272525518507,118,0.3559322033898305
一进二,-2.0,2.5,1,100000,22,25,100,2,3,0.0015,1.0,63,63,0.31746031746031744,-0.038265992834145064,-0.032577616346826266,-0.926367489409708,-0.930192981195639,120,0.3416666666666667
一进二,-2.0,2.5,3,100000,22,25,100,2,3,0.0015,1.0,63,63,0.31746031746031744,-0.039481020241076525,-0.032577616346826266,-0.931566694621105,-0.930192981195639,121,0.33884297520661155
一进二,-2.0,2.5,5,100000,22,25,100,2,3,0.0015,1.0,63,63,0.31746031746031744,-0.039481020241076525,-0.032577616346826266,-0.931566694621105,-0.930192981195639,121,0.33884297520661155
一进二,-1.0,2.0,1,103000,16,25,100,1,3,0.0015,1.0,82,82,0.3170731707317073,-0.02563611682507769,-0.028772091744810158,-0.9095050621979288,-0.941506728799364,133,0.3609022556390977
一进二,-1.0,2.0,3,103000,16,25,100,1,3,0.0015,1.0,82,82,0.3170731707317073,-0.02563611682507769,-0.028772091744810158,-0.9095050621979288,-0.941506728799364,134,0.3656716417910448
一进二,-1.0,2.0,5,103000,16,25,100,1,3,0.0015,1.0,82,82,0.3170731707317073,-0.02563611682507769,-0.028772091744810158,-0.9095050621979288,-0.941506728799364,134,0.3656716417910448
一进二,-2.0,2.5,1,103000,22,20,120,2,3,0.0015,1.0,101,101,0.31683168316831684,-0.0252092371747076,-0.026878632828489624,-0.9411400654536136,-0.937619134723293,264,0.3977272727272727
一进二,-2.0,2.5,3,103000,22,20,120,2,3,0.0015,1.0,101,101,0.31683168316831684,-0.02522113862060667,-0.026878632828489624,-0.9412100602996105,-0.937619134723293,265,0.4
一进二,-2.0,2.5,5,103000,22,20,120,2,3,0.0015,1.0,101,101,0.31683168316831684,-0.02522113862060667,-0.026878632828489624,-0.9412100602996105,-0.937619134723293,265,0.4
一进二,-2.0,2.5,0,103000,12,25,100,2,3,0.0015,1.0,76,76,0.3157894736842105,-0.036205378462272744,-0.02878076796443335,-0.9492292988975886,-0.9509338911177683,143,0.34965034965034963
一进二,-2.0,2.5,1,100000,22,30,90,1,3,0.0015,1.0,57,57,0.3157894736842105,-0.038600858921462575,-0.032577616346826266,-0.9076842166916377,-0.9165525859930228,87,0.3333333333333333
一进二,-2.0,2.5,3,100000,22,30,90,1,3,0.0015,1.0,57,57,0.3157894736842105,-0.038643035975350494,-0.032577616346826266,-0.9079042315651393,-0.9165525859930228,87,0.3333333333333333
一进二,-2.0,2.5,5,100000,22,30,90,1,3,0.0015,1.0,57,57,0.3157894736842105,-0.038643035975350494,-0.032577616346826266,-0.9079042315651393,-0.9165525859930228,87,0.3333333333333333
一进二,-2.0,2.5,0,100000,22,30,90,1,3,0.0015,1.0,57,57,0.3157894736842105,-0.03899582048307704,-0.032577616346826266,-0.9099801456360066,-0.9186279551908489,86,0.3372093023255814
一进二,-2.0,2.5,1,103000,12,20,120,2,3,0.0015,1.0,89,89,0.3146067415730337,-0.029362450383558406,-0.02834298582225675,-0.9476014321639682,-0.9406725488911724,193,0.39378238341968913
一进二,-2.0,2.5,3,103000,12,20,120,2,3,0.0015,1.0,89,89,0.3146067415730337,-0.02937595651879218,-0.02834298582225675,-0.9476637433050594,-0.9406725488911724,194,0.39690721649484534
一进二,-2.0,2.5,5,103000,12,20,120,2,3,0.0015,1.0,89,89,0.3146067415730337,-0.02937595651879218,-0.02834298582225675,-0.9476637433050594,-0.9406725488911724,194,0.39690721649484534
一进二,-2.0,2.5,0,103000,16,25,100,1,3,0.0015,1.0,86,86,0.313953488372093,-0.03718387181863225,-0.0371333097531335,-0.9693937966593867,-0.9725161427651148,132,0.3409090909090909
一进二,-1.0,2.0,1,103000,12,20,120,2,3,0.0015,1.0,80,80,0.3125,-0.026934379288780397,-0.03089808322671811,-0.917250516235806,-0.9252096243991766,153,0.40522875816993464
一进二,-1.0,2.0,3,103000,12,20,120,2,3,0.0015,1.0,80,80,0.3125,-0.026934379288780397,-0.03089808322671811,-0.917250516235806,-0.9252096243991766,154,0.4090909090909091
一进二,-1.0,2.0,5,103000,12,20,120,2,3,0.0015,1.0,80,80,0.3125,-0.026934379288780397,-0.03089808322671811,-0.917250516235806,-0.9252096243991766,154,0.4090909090909091
一进二,-2.0,2.5,1,103000,16,30,90,1,3,0.0015,1.0,80,80,0.3125,-0.032261061524679654,-0.03349932644458847,-0.9410918070756581,-0.9459505794056332,132,0.3484848484848485
一进二,-2.0,2.5,3,103000,16,30,90,1,3,0.0015,1.0,80,80,0.3125,-0.032291112675574794,-0.03349932644458847,-0.941232202121337,-0.9459505794056332,132,0.3560606060606061
一进二,-2.0,2.5,5,103000,16,30,90,1,3,0.0015,1.0,80,80,0.3125,-0.032291112675574794,-0.03349932644458847,-0.941232202121337,-0.9459505794056332,132,0.3560606060606061
一进二,-2.0,2.5,0,100000,16,20,120,2,3,0.0015,1.0,64,64,0.3125,-0.03357427524691964,-0.03089808322671811,-0.9110410467348278,-0.9294557139162004,120,0.375
一进二,-1.0,2.0,0,103000,16,30,90,1,3,0.0015,1.0,64,64,0.3125,-0.034489497073666546,-0.03815281329923281,-0.9138162766903877,-0.9498446295715636,94,0.3404255319148936
一进二,-2.0,2.5,1,100000,16,20,120,2,3,0.0015,1.0,64,64,0.3125,-0.03694388901421887,-0.03402231779986553,-0.9283036726804277,-0.9356778122953526,122,0.36065573770491804
一进二,-2.0,2.5,3,100000,16,20,120,2,3,0.0015,1.0,64,64,0.3125,-0.03696267098352834,-0.03402231779986553,-0.9283889322619742,-0.9356778122953526,123,0.35772357723577236
一进二,-2.0,2.5,5,100000,16,20,120,2,3,0.0015,1.0,64,64,0.3125,-0.03696267098352834,-0.03402231779986553,-0.9283889322619742,-0.9356778122953526,123,0.35772357723577236
一进二,-0.5,1.8,0,100000,22,25,100,2,3,0.0015,1.0,48,48,0.3125,-0.03214649135544915,-0.03798049645390078,-0.819029180115332,-0.8647362124007799,77,0.36363636363636365
一进二,-1.0,2.0,0,100000,22,30,90,1,3,0.0015,1.0,48,48,0.3125,-0.03238127827549411,-0.03798049645390078,-0.8295194167195316,-0.9007873357412239,68,0.3382352941176471
一进二,-0.5,1.8,1,100000,22,25,100,2,3,0.0015,1.0,48,48,0.3125,-0.032500538143145886,-0.03798049645390078,-0.8215317265614226,-0.8647362124007799,80,0.35
一进二,-0.5,1.8,3,100000,22,25,100,2,3,0.0015,1.0,48,48,0.3125,-0.032500538143145886,-0.03798049645390078,-0.8215317265614226,-0.8647362124007799,81,0.35802469135802467
一进二,-0.5,1.8,5,100000,22,25,100,2,3,0.0015,1.0,48,48,0.3125,-0.032500538143145886,-0.03798049645390078,-0.8215317265614226,-0.8647362124007799,81,0.35802469135802467
一进二,-1.0,2.0,1,100000,22,30,90,1,3,0.0015,1.0,48,48,0.3125,-0.033818488860696556,-0.03798049645390078,-0.8401530090461686,-0.9007873357412239,69,0.3333333333333333
一进二,-1.0,2.0,3,100000,22,30,90,1,3,0.0015,1.0,48,48,0.3125,-0.033818488860696556,-0.03798049645390078,-0.8401530090461686,-0.9007873357412239,69,0.3333333333333333
一进二,-1.0,2.0,5,100000,22,30,90,1,3,0.0015,1.0,48,48,0.3125,-0.033818488860696556,-0.03798049645390078,-0.8401530090461686,-0.9007873357412239,69,0.3333333333333333
一进二,-2.0,2.5,1,103000,22,30,90,2,3,0.0015,1.0,87,87,0.3103448275862069,-0.026568274441984226,-0.025786854179134233,-0.9205013476304226,-0.9184565682092813,199,0.37185929648241206
一进二,-0.5,1.8,0,100000,12,30,90,1,3,0.0015,1.0,42,42,0.30952380952380953,-0.030901081429286676,-0.04044128586609996,-0.7750931824239629,-0.8494962482856223,54,0.3333333333333333
一进二,-0.5,1.8,1,100000,12,30,90,1,3,0.0015,1.0,42,42,0.30952380952380953,-0.03254360781237518,-0.04044128586609996,-0.7891215683173313,-0.8494962482856223,55,0.32727272727272727
一进二,-0.5,1.8,3,100000,12,30,90,1,3,0.0015,1.0,42,42,0.30952380952380953,-0.03254360781237518,-0.04044128586609996,-0.7891215683173313,-0.8494962482856223,55,0.32727272727272727
一进二,-0.5,1.8,5,100000,12,30,90,1,3,0.0015,1.0,42,42,0.30952380952380953,-0.03254360781237518,-0.04044128586609996,-0.7891215683173313,-0.8494962482856223,55,0.32727272727272727
一进二,-2.0,2.5,0,103000,22,30,90,2,3,0.0015,1.0,81,81,0.30864197530864196,-0.032153203272255106,-0.025811903560561844,-0.9397145818554755,-0.9396790426385881,165,0.3575757575757576
一进二,-2.0,2.5,3,103000,16,25,100,2,3,0.0015,1.0,91,91,0.3076923076923077,-0.028399691525022253,-0.027869168356997986,-0.9420352543973208,-0.9408716842789807,202,0.38613861386138615
一进二,-2.0,2.5,5,103000,16,25,100,2,3,0.0015,1.0,91,91,0.3076923076923077,-0.028399691525022253,-0.027869168356997986,-0.9420352543973208,-0.9408716842789807,202,0.38613861386138615
一进二,-2.0,2.5,1,103000,16,25,100,1,3,0.0015,1.0,91,91,0.3076923076923077,-0.032816501431943035,-0.029218550106609953,-0.9623278379553465,-0.9661710303678595,155,0.3548387096774194
一进二,-2.0,2.5,3,103000,16,25,100,1,3,0.0015,1.0,91,91,0.3076923076923077,-0.03284292002613657,-0.029218550106609953,-0.962417621475236,-0.9661710303678595,155,0.36129032258064514
一进二,-2.0,2.5,5,103000,16,25,100,1,3,0.0015,1.0,91,91,0.3076923076923077,-0.03284292002613657,-0.029218550106609953,-0.962417621475236,-0.9661710303678595,155,0.36129032258064514
一进二,-0.5,1.8,0,103000,12,30,90,2,3,0.0015,1.0,52,52,0.3076923076923077,-0.03268016834280229,-0.04120238095238099,-0.8475752259461463,-0.8803452412570625,82,0.3780487804878049
一进二,-1.0,2.0,1,103000,12,25,100,1,3,0.0015,1.0,75,75,0.30666666666666664,-0.025394239507854837,-0.029218550106609953,-0.8918260651796832,-0.9187346340488253,115,0.3565217391304348
一进二,-1.0,2.0,3,103000,12,25,100,1,3,0.0015,1.0,75,75,0.30666666666666664,-0.025394239507854837,-0.029218550106609953,-0.8918260651796832,-0.9187346340488253,116,0.3620689655172414
一进二,-1.0,2.0,5,103000,12,25,100,1,3,0.0015,1.0,75,75,0.30666666666666664,-0.025394239507854837,-0.029218550106609953,-0.8918260651796832,-0.9187346340488253,116,0.3620689655172414
一进二,-1.0,2.0,1,103000,12,25,100,2,3,0.0015,1.0,75,75,0.30666666666666664,-0.026845645996710174,-0.029218550106609953,-0.9007966597248076,-0.9153809471420419,136,0.38235294117647056
一进二,-1.0,2.0,3,103000,12,25,100,2,3,0.0015,1.0,75,75,0.30666666666666664,-0.026845645996710174,-0.029218550106609953,-0.9007966597248076,-0.9153809471420419,138,0.391304347826087
一进二,-1.0,2.0,5,103000,12,25,100,2,3,0.0015,1.0,75,75,0.30666666666666664,-0.026845645996710174,-0.029218550106609953,-0.9007966597248076,-0.9153809471420419,138,0.391304347826087
一进二,-1.0,2.0,0,103000,16,25,100,2,3,0.0015,1.0,75,75,0.30666666666666664,-0.029747804079417677,-0.03696099290780147,-0.9160839797716879,-0.9343563112518357,133,0.3684210526315789
一进二,-1.0,2.0,0,103000,16,25,100,1,3,0.0015,1.0,75,75,0.30666666666666664,-0.02989188637733335,-0.037305626598465536,-0.9209622347060964,-0.9520988633370168,110,0.34545454545454546
一进二,-1.0,2.0,1,103000,16,30,90,2,3,0.0015,1.0,72,72,0.3055555555555556,-0.025752908496856027,-0.03089808322671811,-0.8768810849370505,-0.9083740190597612,138,0.391304347826087
一进二,-1.0,2.0,3,103000,16,30,90,2,3,0.0015,1.0,72,72,0.3055555555555556,-0.025752908496856027,-0.03089808322671811,-0.8768810849370505,-0.9083740190597612,139,0.4028776978417266
一进二,-1.0,2.0,5,103000,16,30,90,2,3,0.0015,1.0,72,72,0.3055555555555556,-0.025752908496856027,-0.03089808322671811,-0.8768810849370505,-0.9083740190597612,139,0.4028776978417266
一进二,-2.0,2.5,0,100000,12,20,120,2,3,0.0015,1.0,59,59,0.3050847457627119,-0.04222206258359868,-0.0354670192529048,-0.9352781394262045,-0.9372485456300661,111,0.36036036036036034
一进二,-2.0,2.5,1,100000,12,20,120,2,3,0.0015,1.0,59,59,0.3050847457627119,-0.04587723683965208,-0.03696099290780147,-0.9478375191016634,-0.9427833060507869,113,0.34513274336283184
一进二,-2.0,2.5,3,100000,12,20,120,2,3,0.0015,1.0,59,59,0.3050847457627119,-0.04589761050127591,-0.03696099290780147,-0.9478995494937363,-0.9427833060507869,114,0.34210526315789475
一进二,-2.0,2.5,5,100000,12,20,120,2,3,0.0015,1.0,59,59,0.3050847457627119,-0.04589761050127591,-0.03696099290780147,-0.9478995494937363,-0.9427833060507869,114,0.34210526315789475
一进二,-1.0,2.0,1,103000,16,25,100,2,3,0.0015,1.0,82,82,0.3048780487804878,-0.02621569298479256,-0.028772091744810158,-0.9115379519375106,-0.9298298151978488,161,0.391304347826087
一进二,-1.0,2.0,3,103000,16,25,100,2,3,0.0015,1.0,82,82,0.3048780487804878,-0.02621569298479256,-0.028772091744810158,-0.9115379519375106,-0.9298298151978488,162,0.4012345679012346
一进二,-1.0,2.0,5,103000,16,25,100,2,3,0.0015,1.0,82,82,0.3048780487804878,-0.02621569298479256,-0.028772091744810158,-0.9115379519375106,-0.9298298151978488,162,0.4012345679012346
一进二,-2.0,2.5,1,103000,12,25,100,1,3,0.0015,1.0,82,82,0.3048780487804878,-0.031925977233495585,-0.03089808322671811,-0.9462981705717551,-0.9439522026645218,134,0.3582089552238806
一进二,-2.0,2.5,3,103000,12,25,100,1,3,0.0015,1.0,82,82,0.3048780487804878,-0.03195529542949085,-0.03089808322671811,-0.9464261573664834,-0.9439522026645218,134,0.3656716417910448
一进二,-2.0,2.5,5,103000,12,25,100,1,3,0.0015,1.0,82,82,0.3048780487804878,-0.03195529542949085,-0.03089808322671811,-0.9464261573664834,-0.9439522026645218,134,0.3656716417910448
一进二,-2.0,2.5,0,103000,12,25,100,1,3,0.0015,1.0,76,76,0.3026315789473684,-0.04213029937148625,-0.03923734177215199,-0.9683240089075867,-0.9669402411789305,113,0.3185840707964602
一进二,-2.0,2.5,0,103000,16,25,100,2,3,0.0015,1.0,86,86,0.3023255813953488,-0.033464679011367425,-0.028334309602633556,-0.9565531625089935,-0.9566678963888774,169,0.35502958579881655
一进二,-1.0,2.0,0,100000,12,20,120,2,3,0.0015,1.0,53,53,0.3018867924528302,-0.038035867540645474,-0.03900000000000009,-0.8936875769817726,-0.9141264588187423,89,0.3707865168539326
一进二,-1.0,2.0,1,100000,12,20,120,2,3,0.0015,1.0,53,53,0.3018867924528302,-0.03835651368799347,-0.03900000000000009,-0.8951577133085522,-0.9141264588187423,92,0.358695652173913
一进二,-1.0,2.0,3,100000,12,20,120,2,3,0.0015,1.0,53,53,0.3018867924528302,-0.03835651368799347,-0.03900000000000009,-0.8951577133085522,-0.9141264588187423,92,0.358695652173913
一进二,-1.0,2.0,5,100000,12,20,120,2,3,0.0015,1.0,53,53,0.3018867924528302,-0.03835651368799347,-0.03900000000000009,-0.8951577133085522,-0.9141264588187423,92,0.358695652173913
一进二,-2.0,2.5,0,103000,16,30,90,1,3,0.0015,1.0,73,73,0.3013698630136986,-0.04194931530832992,-0.037305626598465536,-0.9628102043542923,-0.9658776342154132,112,0.32142857142857145
一进二,-0.5,1.8,0,103000,12,25,100,1,3,0.0015,1.0,60,60,0.3,-0.03201068316053481,-0.04044128586609996,-0.883655579389681,-0.9189208394435955,80,0.3375
一进二,-0.5,1.8,0,103000,12,25,100,2,3,0.0015,1.0,60,60,0.3,-0.03347487100201315,-0.04120238095238099,-0.8891185219091783,-0.9072240959172791,94,0.35106382978723405
一进二,-2.0,2.5,1,100000,16,25,100,1,3,0.0015,1.0,60,60,0.3,-0.04192078522570695,-0.03798049645390078,-0.9333880018299472,-0.9410692094103602,91,0.31868131868131866
一进二,-2.0,2.5,3,100000,16,25,100,1,3,0.0015,1.0,60,60,0.3,-0.04196085342690047,-0.03798049645390078,-0.9335467572434405,-0.9410692094103602,91,0.31868131868131866
一进二,-2.0,2.5,5,100000,16,25,100,1,3,0.0015,1.0,60,60,0.3,-0.04196085342690047,-0.03798049645390078,-0.9335467572434405,-0.9410692094103602,91,0.31868131868131866
一进二,-2.0,2.5,0,100000,16,25,100,1,3,0.0015,1.0,60,60,0.3,-0.04229599870924068,-0.03798049645390078,-0.9350446677776327,-0.9425348407789135,91,0.31868131868131866
一进二,-1.0,2.0,0,103000,12,30,90,1,3,0.0015,1.0,57,57,0.2982456140350877,-0.03649370032490984,-0.041882571732199836,-0.9023288530319953,-0.9339367824753406,80,0.3375
一进二,-2.0,2.5,1,100000,22,30,90,2,3,0.0015,1.0,57,57,0.2982456140350877,-0.03964803628191603,-0.032577616346826266,-0.9140462507945452,-0.9205553486880356,106,0.3584905660377358
一进二,-2.0,2.5,3,100000,22,30,90,2,3,0.0015,1.0,57,57,0.2982456140350877,-0.04099096131062975,-0.032577616346826266,-0.9201154609467661,-0.9205553486880356,107,0.35514018691588783
一进二,-2.0,2.5,5,100000,22,30,90,2,3,0.0015,1.0,57,57,0.2982456140350877,-0.04099096131062975,-0.032577616346826266,-0.9201154609467661,-0.9205553486880356,107,0.35514018691588783
一进二,-0.5,1.8,0,100000,16,25,100,1,3,0.0015,1.0,47,47,0.2978723404255319,-0.030061429443825376,-0.03900000000000009,-0.7980647849631498,-0.8824820380951263,64,0.328125
一进二,-0.5,1.8,1,100000,16,25,100,1,3,0.0015,1.0,47,47,0.2978723404255319,-0.03152921897764915,-0.03900000000000009,-0.8106603352115966,-0.8824820380951263,64,0.328125
一进二,-0.5,1.8,3,100000,16,25,100,1,3,0.0015,1.0,47,47,0.2978723404255319,-0.03152921897764915,-0.03900000000000009,-0.8106603352115966,-0.8824820380951263,64,0.328125
一进二,-0.5,1.8,5,100000,16,25,100,1,3,0.0015,1.0,47,47,0.2978723404255319,-0.03152921897764915,-0.03900000000000009,-0.8106603352115966,-0.8824820380951263,64,0.328125
一进二,-1.0,2.0,0,103000,16,30,90,2,3,0.0015,1.0,64,64,0.296875,-0.033694741950315465,-0.0371333097531335,-0.9050228127818342,-0.9302947275119929,114,0.38596491228070173
一进二,-2.0,2.5,1,103000,16,25,100,2,3,0.0015,1.0,91,91,0.2967032967032967,-0.028736764127863378,-0.027869168356997986,-0.9437999572974686,-0.9409259004490399,201,0.3781094527363184
一进二,-1.0,2.0,0,100000,22,25,100,1,3,0.0015,1.0,54,54,0.2962962962962963,-0.0340221602004738,-0.04044128586609996,-0.8717595906827472,-0.9253693738654737,78,0.3333333333333333
一进二,-1.0,2.0,1,100000,22,25,100,1,3,0.0015,1.0,54,54,0.2962962962962963,-0.03529968072065375,-0.04044128586609996,-0.8797584853735128,-0.9253693738654737,78,0.3333333333333333
一进二,-1.0,2.0,3,100000,22,25,100,1,3,0.0015,1.0,54,54,0.2962962962962963,-0.03529968072065375,-0.04044128586609996,-0.8797584853735128,-0.9253693738654737,78,0.3333333333333333
一进二,-1.0,2.0,5,100000,22,25,100,1,3,0.0015,1.0,54,54,0.2962962962962963,-0.03529968072065375,-0.04044128586609996,-0.8797584853735128,-0.9253693738654737,78,0.3333333333333333
一进二,-0.5,1.8,0,100000,22,30,90,2,3,0.0015,1.0,44,44,0.29545454545454547,-0.03308210272852653,-0.03798049645390078,-0.8025169988738717,-0.8523944427294698,68,0.36764705882352944
一进二,-0.5,1.8,1,100000,22,30,90,2,3,0.0015,1.0,44,44,0.29545454545454547,-0.03346833558783206,-0.03798049645390078,-0.8052478832393536,-0.8523944427294698,72,0.3611111111111111
一进二,-0.5,1.8,3,100000,22,30,90,2,3,0.0015,1.0,44,44,0.29545454545454547,-0.03346833558783206,-0.03798049645390078,-0.8052478832393536,-0.8523944427294698,73,0.3698630136986301
一进二,-0.5,1.8,5,100000,22,30,90,2,3,0.0015,1.0,44,44,0.29545454545454547,-0.03346833558783206,-0.03798049645390078,-0.8052478832393536,-0.8523944427294698,73,0.3698630136986301
一进二,-2.0,2.5,1,103000,16,20,120,1,3,0.0015,1.0,95,95,0.29473684210526313,-0.03491064354772213,-0.03453055326176707,-0.9737495788627998,-0.9717440043435905,172,0.37790697674418605
一进二,-2.0,2.5,3,103000,16,20,120,1,3,0.0015,1.0,95,95,0.29473684210526313,-0.03491064354772213,-0.03453055326176707,-0.9737495788627998,-0.9717440043435905,172,0.38372093023255816
一进二,-2.0,2.5,5,103000,16,20,120,1,3,0.0015,1.0,95,95,0.29473684210526313,-0.03491064354772213,-0.03453055326176707,-0.9737495788627998,-0.9717440043435905,172,0.38372093023255816
一进二,-2.0,2.5,0,103000,12,30,90,2,3,0.0015,1.0,65,65,0.2923076923076923,-0.0377352120743485,-0.029218550106609953,-0.9304493102632898,-0.9325667263778006,122,0.36065573770491804
一进二,-2.0,2.5,0,103000,12,30,90,1,3,0.0015,1.0,65,65,0.2923076923076923,-0.04412285916531049,-0.03947468354430389,-0.9546679737956872,-0.9516583224121415,96,0.3125
一进二,-1.0,2.0,0,100000,16,30,90,1,3,0.0015,1.0,48,48,0.2916666666666667,-0.03397304414850998,-0.04044128586609996,-0.8421288343138482,-0.9081254964291512,66,0.3181818181818182
一进二,-1.0,2.0,1,100000,16,30,90,1,3,0.0015,1.0,48,48,0.2916666666666667,-0.035410254733712426,-0.04044128586609996,-0.851975924133313,-0.9081254964291512,67,0.31343283582089554
一进二,-1.0,2.0,3,100000,16,30,90,1,3,0.0015,1.0,48,48,0.2916666666666667,-0.035410254733712426,-0.04044128586609996,-0.851975924133313,-0.9081254964291512,67,0.31343283582089554
一进二,-1.0,2.0,5,100000,16,30,90,1,3,0.0015,1.0,48,48,0.2916666666666667,-0.035410254733712426,-0.04044128586609996,-0.851975924133313,-0.9081254964291512,67,0.31343283582089554
一进二,-2.0,2.5,0,103000,16,20,120,2,3,0.0015,1.0,90,90,0.28888888888888886,-0.03368082277127851,-0.02878076796443335,-0.9650451332697755,-0.9633093660813712,187,0.37967914438502676
一进二,-0.5,1.8,0,100000,12,25,100,1,3,0.0015,1.0,45,45,0.28888888888888886,-0.03279029289518675,-0.041882571732199836,-0.8112345504492027,-0.8736814265675108,60,0.31666666666666665
一进二,-0.5,1.8,1,100000,12,25,100,1,3,0.0015,1.0,45,45,0.28888888888888886,-0.03432331751940269,-0.041882571732199836,-0.8230086469313534,-0.8736814265675108,60,0.31666666666666665
一进二,-0.5,1.8,3,100000,12,25,100,1,3,0.0015,1.0,45,45,0.28888888888888886,-0.03432331751940269,-0.041882571732199836,-0.8230086469313534,-0.8736814265675108,60,0.31666666666666665
一进二,-0.5,1.8,5,100000,12,25,100,1,3,0.0015,1.0,45,45,0.28888888888888886,-0.03432331751940269,-0.041882571732199836,-0.8230086469313534,-0.8736814265675108,60,0.31666666666666665
一进二,-0.5,1.8,0,100000,12,25,100,2,3,0.0015,1.0,45,45,0.28888888888888886,-0.03635616622919859,-0.041882571732199836,-0.8358001223388793,-0.8680741074841993,67,0.34328358208955223
一进二,-0.5,1.8,1,100000,12,25,100,2,3,0.0015,1.0,45,45,0.28888888888888886,-0.03673381613607511,-0.041882571732199836,-0.8380707526015438,-0.8680741074841993,71,0.323943661971831
一进二,-0.5,1.8,3,100000,12,25,100,2,3,0.0015,1.0,45,45,0.28888888888888886,-0.03673381613607511,-0.041882571732199836,-0.8380707526015438,-0.8680741074841993,72,0.3333333333333333
一进二,-0.5,1.8,5,100000,12,25,100,2,3,0.0015,1.0,45,45,0.28888888888888886,-0.03673381613607511,-0.041882571732199836,-0.8380707526015438,-0.8680741074841993,72,0.3333333333333333
一进二,-2.0,2.5,3,103000,16,30,90,2,3,0.0015,1.0,80,80,0.2875,-0.031954153814605715,-0.02878076796443335,-0.9393152681585287,-0.9396494313136982,171,0.38011695906432746
一进二,-2.0,2.5,5,103000,16,30,90,2,3,0.0015,1.0,80,80,0.2875,-0.031954153814605715,-0.02878076796443335,-0.9393152681585287,-0.9396494313136982,171,0.38011695906432746
一进二,-2.0,2.5,1,100000,16,30,90,1,3,0.0015,1.0,56,56,0.2857142857142857,-0.042680868152645726,-0.03798049645390078,-0.9244699414618729,-0.9317257803711733,82,0.3048780487804878
一进二,-2.0,2.5,3,100000,16,30,90,1,3,0.0015,1.0,56,56,0.2857142857142857,-0.04272379836821021,-0.03798049645390078,-0.9246499511598824,-0.9317257803711733,82,0.3048780487804878
一进二,-2.0,2.5,5,100000,16,30,90,1,3,0.0015,1.0,56,56,0.2857142857142857,-0.04272379836821021,-0.03798049645390078,-0.9246499511598824,-0.9317257803711733,82,0.3048780487804878
一进二,-2.0,2.5,0,100000,16,30,90,1,3,0.0015,1.0,56,56,0.2857142857142857,-0.04308288259928901,-0.03798049645390078,-0.9263484029919921,-0.9334237864041874,81,0.30864197530864196
一进二,-2.0,2.5,0,100000,12,25,100,2,3,0.0015,1.0,56,56,0.2857142857142857,-0.04435181731731734,-0.04044128586609996,-0.9323441997789688,-0.9346156978714252,101,0.33663366336633666
一进二,-2.0,2.5,1,100000,12,25,100,2,3,0.0015,1.0,56,56,0.2857142857142857,-0.04678390597074863,-0.04237473910350997,-0.9411471138306147,-0.9400010731660451,103,0.32038834951456313
一进二,-2.0,2.5,1,100000,12,25,100,1,3,0.0015,1.0,56,56,0.2857142857142857,-0.04720042467125275,-0.043135834189791,-0.9418204358013773,-0.9401779193601705,84,0.30952380952380953
一进二,-2.0,2.5,3,100000,12,25,100,1,3,0.0015,1.0,56,56,0.2857142857142857,-0.047243354886817246,-0.043135834189791,-0.9419590943167342,-0.9401779193601705,84,0.30952380952380953
一进二,-2.0,2.5,5,100000,12,25,100,1,3,0.0015,1.0,56,56,0.2857142857142857,-0.047243354886817246,-0.043135834189791,-0.9419590943167342,-0.9401779193601705,84,0.30952380952380953
一进二,-2.0,2.5,0,100000,12,25,100,1,3,0.0015,1.0,56,56,0.2857142857142857,-0.047602439117896043,-0.043135834189791,-0.9432673838814062,-0.941665717454182,84,0.30952380952380953
一进二,-2.0,2.5,3,100000,12,25,100,2,3,0.0015,1.0,56,56,0.2857142857142857,-0.04815081180354652,-0.04237473910350997,-0.9453027270240886,-0.9400010731660451,104,0.3173076923076923
一进二,-2.0,2.5,5,100000,12,25,100,2,3,0.0015,1.0,56,56,0.2857142857142857,-0.04815081180354652,-0.04237473910350997,-0.9453027270240886,-0.9400010731660451,104,0.3173076923076923
一进二,-0.5,1.8,0,100000,12,30,90,2,3,0.0015,1.0,42,42,0.2857142857142857,-0.03638189166167389,-0.04044128586609996,-0.8171325741683493,-0.8530757226585935,60,0.36666666666666664
一进二,-0.5,1.8,1,100000,12,30,90,2,3,0.0015,1.0,42,42,0.2857142857142857,-0.03678651656189873,-0.04044128586609996,-0.8196613477403116,-0.8530757226585935,64,0.34375
一进二,-0.5,1.8,3,100000,12,30,90,2,3,0.0015,1.0,42,42,0.2857142857142857,-0.03678651656189873,-0.04044128586609996,-0.8196613477403116,-0.8530757226585935,65,0.35384615384615387
一进二,-0.5,1.8,5,100000,12,30,90,2,3,0.0015,1.0,42,42,0.2857142857142857,-0.03678651656189873,-0.04044128586609996,-0.8196613477403116,-0.8530757226585935,66,0.36363636363636365
一进二,-2.0,2.5,0,100000,16,25,100,2,3,0.0015,1.0,60,60,0.2833333333333333,-0.040530811514930945,-0.03476930462731387,-0.9283308881280906,-0.9355898595405363,109,0.3394495412844037
一进二,-2.0,2.5,1,100000,16,25,100,2,3,0.0015,1.0,60,60,0.2833333333333333,-0.04280076092480014,-0.03798049645390078,-0.9376559870834659,-0.9408949980502551,111,0.32432432432432434
一进二,-2.0,2.5,3,100000,16,25,100,2,3,0.0015,1.0,60,60,0.2833333333333333,-0.04407653970207817,-0.03798049645390078,-0.9420581093832016,-0.9408949980502551,112,0.32142857142857145
一进二,-2.0,2.5,5,100000,16,25,100,2,3,0.0015,1.0,60,60,0.2833333333333333,-0.04407653970207817,-0.03798049645390078,-0.9420581093832016,-0.9408949980502551,112,0.32142857142857145
一进二,-1.0,2.0,0,100000,12,30,90,1,3,0.0015,1.0,46,46,0.2826086956521739,-0.03701851904636252,-0.04237473910350997,-0.8539960743370529,-0.9012452561483162,62,0.3225806451612903
一进二,-1.0,2.0,1,100000,12,30,90,1,3,0.0015,1.0,46,46,0.2826086956521739,-0.038518217048312896,-0.04237473910350997,-0.8631029543917407,-0.9012452561483162,63,0.31746031746031744
一进二,-1.0,2.0,3,100000,12,30,90,1,3,0.0015,1.0,46,46,0.2826086956521739,-0.038518217048312896,-0.04237473910350997,-0.8631029543917407,-0.9012452561483162,63,0.31746031746031744
一进二,-1.0,2.0,5,100000,12,30,90,1,3,0.0015,1.0,46,46,0.2826086956521739,-0.038518217048312896,-0.04237473910350997,-0.8631029543917407,-0.9012452561483162,63,0.31746031746031744
一进二,-1.0,2.0,0,103000,12,30,90,2,3,0.0015,1.0,57,57,0.2807017543859649,-0.03724910795030655,-0.04340476190476189,-0.9028608851056172,-0.923336842647345,97,0.38144329896907214
一进二,-2.0,2.5,0,100000,22,30,90,2,3,0.0015,1.0,57,57,0.2807017543859649,-0.03803619839637778,-0.029218550106609953,-0.9054456089872855,-0.9147472749044157,102,0.3627450980392157
一进二,-1.0,2.0,0,100000,22,25,100,2,3,0.0015,1.0,54,54,0.2777777777777778,-0.038269910047256814,-0.04237473910350997,-0.8959626879901923,-0.9218519321780306,91,0.3516483516483517
一进二,-1.0,2.0,1,100000,22,25,100,2,3,0.0015,1.0,54,54,0.2777777777777778,-0.03858461830298725,-0.04237473910350997,-0.8974013630517126,-0.9218519321780306,93,0.3333333333333333
一进二,-1.0,2.0,3,100000,22,25,100,2,3,0.0015,1.0,54,54,0.2777777777777778,-0.03858461830298725,-0.04237473910350997,-0.8974013630517126,-0.9218519321780306,94,0.3404255319148936
一进二,-1.0,2.0,5,100000,22,25,100,2,3,0.0015,1.0,54,54,0.2777777777777778,-0.03858461830298725,-0.04237473910350997,-0.8974013630517126,-0.9218519321780306,94,0.3404255319148936
一进二,-0.5,1.8,0,100000,16,25,100,2,3,0.0015,1.0,47,47,0.2765957446808511,-0.03489373005284176,-0.041882571732199836,-0.8357920840225176,-0.8772653807777188,72,0.3472222222222222
一进二,-0.5,1.8,1,100000,16,25,100,2,3,0.0015,1.0,47,47,0.2765957446808511,-0.035255309750915016,-0.041882571732199836,-0.8380628254426608,-0.8772653807777188,76,0.32894736842105265
一进二,-0.5,1.8,3,100000,16,25,100,2,3,0.0015,1.0,47,47,0.2765957446808511,-0.035255309750915016,-0.041882571732199836,-0.8380628254426608,-0.8772653807777188,77,0.33766233766233766
一进二,-0.5,1.8,5,100000,16,25,100,2,3,0.0015,1.0,47,47,0.2765957446808511,-0.035255309750915016,-0.041882571732199836,-0.8380628254426608,-0.8772653807777188,77,0.33766233766233766
一进二,-2.0,2.5,1,103000,16,30,90,2,3,0.0015,1.0,80,80,0.275,-0.03233757390033749,-0.02878076796443335,-0.9411627794546084,-0.9396494313136982,170,0.37058823529411766
一进二,-2.0,2.5,0,103000,16,30,90,2,3,0.0015,1.0,73,73,0.273972602739726,-0.03804858033247953,-0.02834298582225675,-0.9494657454348463,-0.9494359546846366,143,0.35664335664335667
一进二,-2.0,2.5,1,103000,16,20,120,2,3,0.0015,1.0,95,95,0.2736842105263158,-0.03067985334163217,-0.029218550106609953,-0.9603389857360716,-0.9579665114036799,226,0.39823008849557523
一进二,-2.0,2.5,3,103000,16,20,120,2,3,0.0015,1.0,95,95,0.2736842105263158,-0.030692506457798547,-0.029218550106609953,-0.9603861496788602,-0.9579665114036799,227,0.4008810572687225
一进二,-2.0,2.5,5,103000,16,20,120,2,3,0.0015,1.0,95,95,0.2736842105263158,-0.030692506457798547,-0.029218550106609953,-0.9603861496788602,-0.9579665114036799,227,0.4008810572687225
一进二,-0.5,1.8,0,100000,16,30,90,2,3,0.0015,1.0,44,44,0.2727272727272727,-0.03481857458999839,-0.04044128586609996,-0.8171236219922451,-0.8633119330093096,64,0.359375
一进二,-0.5,1.8,1,100000,16,30,90,2,3,0.0015,1.0,44,44,0.2727272727272727,-0.03520480744930392,-0.04044128586609996,-0.8196525193589523,-0.8633119330093096,68,0.3382352941176471
一进二,-0.5,1.8,3,100000,16,30,90,2,3,0.0015,1.0,44,44,0.2727272727272727,-0.03520480744930392,-0.04044128586609996,-0.8196525193589523,-0.8633119330093096,69,0.34782608695652173
一进二,-0.5,1.8,5,100000,16,30,90,2,3,0.0015,1.0,44,44,0.2727272727272727,-0.03520480744930392,-0.04044128586609996,-0.8196525193589523,-0.8633119330093096,70,0.35714285714285715
一进二,-1.0,2.0,0,100000,22,30,90,2,3,0.0015,1.0,48,48,0.2708333333333333,-0.038664251997239794,-0.04044128586609996,-0.8710610207613707,-0.903146939306871,79,0.3670886075949367
一进二,-1.0,2.0,1,100000,22,30,90,2,3,0.0015,1.0,48,48,0.2708333333333333,-0.03901829878493653,-0.04044128586609996,-0.872844047353513,-0.903146939306871,82,0.35365853658536583
一进二,-1.0,2.0,3,100000,22,30,90,2,3,0.0015,1.0,48,48,0.2708333333333333,-0.03901829878493653,-0.04044128586609996,-0.872844047353513,-0.903146939306871,83,0.3614457831325301
一进二,-1.0,2.0,5,100000,22,30,90,2,3,0.0015,1.0,48,48,0.2708333333333333,-0.03901829878493653,-0.04044128586609996,-0.872844047353513,-0.903146939306871,83,0.3614457831325301
一进二,-1.0,2.0,0,100000,16,25,100,1,3,0.0015,1.0,52,52,0.2692307692307692,-0.03617326657004659,-0.04237473910350997,-0.8771050404113034,-0.9284802050171888,74,0.3108108108108108
一进二,-1.0,2.0,1,100000,16,25,100,1,3,0.0015,1.0,52,52,0.2692307692307692,-0.03749992249484885,-0.04237473910350997,-0.8847705168785843,-0.9284802050171888,74,0.3108108108108108
一进二,-1.0,2.0,3,100000,16,25,100,1,3,0.0015,1.0,52,52,0.2692307692307692,-0.03749992249484885,-0.04237473910350997,-0.8847705168785843,-0.9284802050171888,74,0.3108108108108108
一进二,-1.0,2.0,5,100000,16,25,100,1,3,0.0015,1.0,52,52,0.2692307692307692,-0.03749992249484885,-0.04237473910350997,-0.8847705168785843,-0.9284802050171888,74,0.3108108108108108
一进二,-2.0,2.5,1,100000,12,30,90,2,3,0.0015,1.0,52,52,0.2692307692307692,-0.048109053941690814,-0.04237473910350997,-0.933613205438508,-0.934017651094735,91,0.34065934065934067
一进二,-2.0,2.5,1,100000,12,30,90,1,3,0.0015,1.0,52,52,0.2692307692307692,-0.04842510162684421,-0.043135834189791,-0.9340313155232706,-0.930693177006603,75,0.30666666666666664
一进二,-2.0,2.5,3,100000,12,30,90,1,3,0.0015,1.0,52,52,0.2692307692307692,-0.04847133416668289,-0.043135834189791,-0.9341885377365268,-0.930693177006603,75,0.30666666666666664
一进二,-2.0,2.5,5,100000,12,30,90,1,3,0.0015,1.0,52,52,0.2692307692307692,-0.04847133416668289,-0.043135834189791,-0.9341885377365268,-0.930693177006603,75,0.30666666666666664
一进二,-2.0,2.5,0,100000,12,30,90,1,3,0.0015,1.0,52,52,0.2692307692307692,-0.04885804026169082,-0.043135834189791,-0.9356719820126199,-0.9324168642814137,74,0.3108108108108108
一进二,-2.0,2.5,3,100000,12,30,90,2,3,0.0015,1.0,52,52,0.2692307692307692,-0.04958110637701162,-0.04237473910350997,-0.9383007892990203,-0.934017651094735,92,0.33695652173913043
一进二,-2.0,2.5,5,100000,12,30,90,2,3,0.0015,1.0,52,52,0.2692307692307692,-0.04958110637701162,-0.04237473910350997,-0.9383007892990203,-0.934017651094735,93,0.34408602150537637
一进二,-1.0,2.0,0,103000,12,25,100,1,3,0.0015,1.0,67,67,0.26865671641791045,-0.03803576031681321,-0.04340476190476189,-0.9402851877418089,-0.9579375580803525,94,0.3191489361702128
一进二,-1.0,2.0,0,103000,12,25,100,2,3,0.0015,1.0,67,67,0.26865671641791045,-0.03927630345410287,-0.047863636363636386,-0.9427828659291414,-0.9518694933415417,112,0.3482142857142857
一进二,-2.0,2.5,1,100000,16,30,90,2,3,0.0015,1.0,56,56,0.26785714285714285,-0.04374674510882157,-0.03798049645390078,-0.9296751706328054,-0.935000723071477,98,0.336734693877551
一进二,-2.0,2.5,3,100000,16,30,90,2,3,0.0015,1.0,56,56,0.26785714285714285,-0.045113650941619454,-0.03798049645390078,-0.9346408198603727,-0.935000723071477,99,0.3333333333333333
一进二,-2.0,2.5,5,100000,16,30,90,2,3,0.0015,1.0,56,56,0.26785714285714285,-0.045113650941619454,-0.03798049645390078,-0.9346408198603727,-0.935000723071477,100,0.34
一进二,-1.0,2.0,0,100000,12,30,90,2,3,0.0015,1.0,46,46,0.2608695652173913,-0.04191980490440535,-0.04237473910350997,-0.8806482343331179,-0.9035939688601248,71,0.36619718309859156
一进二,-1.0,2.0,1,100000,12,30,90,2,3,0.0015,1.0,46,46,0.2608695652173913,-0.042289245030697586,-0.04237473910350997,-0.8822986845946277,-0.9035939688601248,73,0.3424657534246575
一进二,-1.0,2.0,3,100000,12,30,90,2,3,0.0015,1.0,46,46,0.2608695652173913,-0.042289245030697586,-0.04237473910350997,-0.8822986845946277,-0.9035939688601248,74,0.35135135135135137
一进二,-1.0,2.0,5,100000,12,30,90,2,3,0.0015,1.0,46,46,0.2608695652173913,-0.042289245030697586,-0.04237473910350997,-0.8822986845946277,-0.9035939688601248,75,0.36
一进二,-1.0,2.0,0,100000,12,25,100,1,3,0.0015,1.0,51,51,0.2549019607843137,-0.03932095632099739,-0.04340476190476189,-0.8922774896769836,-0.9271381994305541,70,0.3
一进二,-1.0,2.0,1,100000,12,25,100,1,3,0.0015,1.0,51,51,0.2549019607843137,-0.04067362510707028,-0.04340476190476189,-0.8989965965520019,-0.9271381994305541,70,0.3
一进二,-1.0,2.0,3,100000,12,25,100,1,3,0.0015,1.0,51,51,0.2549019607843137,-0.04067362510707028,-0.04340476190476189,-0.8989965965520019,-0.9271381994305541,70,0.3
一进二,-1.0,2.0,5,100000,12,25,100,1,3,0.0015,1.0,51,51,0.2549019607843137,-0.04067362510707028,-0.04340476190476189,-0.8989965965520019,-0.9271381994305541,70,0.3
一进二,-1.0,2.0,0,100000,12,25,100,2,3,0.0015,1.0,51,51,0.2549019607843137,-0.04237447435511974,-0.04340476190476189,-0.9057920893390388,-0.9239038424102396,80,0.3375
一进二,-1.0,2.0,1,100000,12,25,100,2,3,0.0015,1.0,51,51,0.2549019607843137,-0.042707694861187265,-0.04340476190476189,-0.9070948389876753,-0.9239038424102396,82,0.3170731707317073
一进二,-1.0,2.0,3,100000,12,25,100,2,3,0.0015,1.0,51,51,0.2549019607843137,-0.042707694861187265,-0.04340476190476189,-0.9070948389876753,-0.9239038424102396,83,0.3253012048192771
一进二,-1.0,2.0,5,100000,12,25,100,2,3,0.0015,1.0,51,51,0.2549019607843137,-0.042707694861187265,-0.04340476190476189,-0.9070948389876753,-0.9239038424102396,83,0.3253012048192771
一进二,-2.0,2.5,0,100000,16,30,90,2,3,0.0015,1.0,56,56,0.25,-0.04210612440389871,-0.03476930462731387,-0.922638378484296,-0.9302487279396668,95,0.3473684210526316
一进二,-1.0,2.0,0,100000,16,25,100,2,3,0.0015,1.0,52,52,0.25,-0.04058439141093663,-0.043135834189791,-0.9002992791177732,-0.925109380981806,85,0.3411764705882353
一进二,-1.0,2.0,1,100000,16,25,100,2,3,0.0015,1.0,52,52,0.25,-0.04091120383034901,-0.043135834189791,-0.9016779858334497,-0.925109380981806,87,0.3218390804597701
一进二,-1.0,2.0,3,100000,16,25,100,2,3,0.0015,1.0,52,52,0.25,-0.04091120383034901,-0.043135834189791,-0.9016779858334497,-0.925109380981806,88,0.32954545454545453
一进二,-1.0,2.0,5,100000,16,25,100,2,3,0.0015,1.0,52,52,0.25,-0.04091120383034901,-0.043135834189791,-0.9016779858334497,-0.925109380981806,88,0.32954545454545453
一进二,-2.0,2.5,0,100000,12,30,90,2,3,0.0015,1.0,52,52,0.25,-0.046342231644081584,-0.04044128586609996,-0.926970458076892,-0.9291937851134564,88,0.3522727272727273
一进二,-1.0,2.0,0,100000,16,30,90,2,3,0.0015,1.0,48,48,0.25,-0.040256017870255664,-0.04237473910350997,-0.8805978571688928,-0.9103105743910975,75,0.36
一进二,-1.0,2.0,1,100000,16,30,90,2,3,0.0015,1.0,48,48,0.25,-0.040610064657952395,-0.04237473910350997,-0.8822490040686417,-0.9103105743910975,77,0.33766233766233766
一进二,-1.0,2.0,3,100000,16,30,90,2,3,0.0015,1.0,48,48,0.25,-0.040610064657952395,-0.04237473910350997,-0.8822490040686417,-0.9103105743910975,78,0.34615384615384615
一进二,-1.0,2.0,5,100000,16,30,90,2,3,0.0015,1.0,48,48,0.25,-0.040610064657952395,-0.04237473910350997,-0.8822490040686417,-0.9103105743910975,79,0.35443037974683544
